,ID,Solubility,SMILEScurated,SD,Group,Dataset,Composition,Error,Charge,IONIZABLE,SMILES_standard
0,A-5,-2.177077944,ClC1=CC=C(C=O)C=C1,0.0,G1,A,mono-constituent,,Uncharged,Non-ionizable,O=Cc1ccc(Cl)cc1
1,A-10,-3.123150304,CC1=CC=CC(C=C)=C1,0.0,G1,A,,,Uncharged,Non-ionizable,C=Cc1cccc(C)c1
2,A-12,-2.664548539,CC12CC(O)C3C(CCC4=CC(=O)C=CC34C)C1CC(O)C2(O)C(=O)CO,0.0,G1,A,mono-constituent,,Uncharged,Non-ionizable,CC12C=CC(=O)C=C1CCC1C2C(O)CC2(C)C1CC(O)C2(O)C(=O)CO
3,A-14,-4.396652185,FC1=CC=C(C=C1)C(=O)C1=CC=C(F)C=C1,0.431512648,G3,A,mono-constituent,,Uncharged,Non-ionizable,O=C(c1ccc(F)cc1)c1ccc(F)cc1
4,A-15,-4.595502564,O=C(OCCCOCCCOC(=O)C1=CC=CC=C1)C1=CC=CC=C1,0.118551282,G3,A,,,Uncharged,Non-ionizable,O=C(OCCCOCCCOC(=O)c1ccccc1)c1ccccc1
5,A-18,-2.394649969,CC(=O)OC(C)(C)CC1=CC=CC=C1,0.0,G1,A,mono-constituent,,Uncharged,Non-ionizable,CC(=O)OC(C)(C)Cc1ccccc1
6,A-21,-3.43023888,CC(C)(C)C1=CC=C(OCC2CO2)C=C1,0.0,G1,A,mono-constituent,,Uncharged,Non-ionizable,CC(C)(C)c1ccc(OCC2CO2)cc1
7,A-22,-3.544059701,COCCCCC(=O)C1=CC=C(C=C1)C(F)(F)F,0.0,G1,A,mono-constituent,,Uncharged,Non-ionizable,COCCCCC(=O)c1ccc(C(F)(F)F)cc1
8,A-23,-2.320601166,CC(C)=CCCC(C)=CCO,0.071632869,G5,A,mono-constituent,,Uncharged,Non-ionizable,CC(C)=CCCC(C)=CCO
9,A-26,-3.411513885,FC(F)(F)C1=CC=CC(Cl)=C1,0.0,G1,A,mono-constituent,,Uncharged,Non-ionizable,FC(F)(F)c1cccc(Cl)c1
10,A-27,-3.513468741,CCC(C)(CCC(C)C)C(=O)OCC1CO1,0.0,G1,A,,,Uncharged,Non-ionizable,CCC(C)(CCC(C)C)C(=O)OCC1CO1
11,A-29,-4.287342935,CC(C)=C1CCC(C)=CC1,0.131230591,G5,A,mono-constituent,,Uncharged,Non-ionizable,CC1=CCC(=C(C)C)CC1
12,A-34,-3.512942193,ClCC1=CC=C(Cl)C=C1Cl,0.0,G1,A,mono-constituent,,Uncharged,Non-ionizable,ClCc1ccc(Cl)cc1Cl
13,A-36,-4.292313455,CC1(C)C2CC1C(=C)CC2,1.247787366,G4,A,mono-constituent,,Uncharged,Non-ionizable,C=C1CCC2CC1C2(C)C
14,A-39,-4.63414462,CCCCCCCCCCCCOC(=O)C(C)O,0.106537413,G3,A,mono-constituent,,Uncharged,Non-ionizable,CCCCCCCCCCCCOC(=O)C(C)O
15,A-47,-2.563625713,C=CC(=O)OCCOC1=CC=CC=C1,0.227965978,G3,A,mono-constituent,,Uncharged,Non-ionizable,C=CC(=O)OCCOc1ccccc1
16,A-54,-4.451139225,CC(=C)C1=CC(=CC=C1)C(C)=C,0.0,G1,A,mono-constituent,,Uncharged,Non-ionizable,C=C(C)c1cccc(C(=C)C)c1
17,A-55,-4.203848464,[Mo],0.0,G1,A,mono-constituent,,Uncharged,Non-ionizable,[Mo]
18,A-56,-4.581332511,CC(C)(C)CCCCCC(=O)OC=C,0.0,G1,A,UVCB,,Uncharged,Non-ionizable,C=COC(=O)CCCCCC(C)(C)C
19,A-58,-4.472021768,CC1=CC=C(C=C1)C(C)(C)C,0.048455006,G3,A,mono-constituent,,Uncharged,Non-ionizable,Cc1ccc(C(C)(C)C)cc1
20,A-70,-2.593688492,CC12OC1CC1CC2C1(C)C,0.0,G1,A,mono-constituent,,Uncharged,Non-ionizable,CC1(C)C2CC3OC3(C)C1C2
21,A-74,-1.835797234,C(OCC1CCC(COCC2CO2)CC1)C1CO1,0.0,G1,A,multi-constituent,,Uncharged,Non-ionizable,C1CC(COCC2CO2)CCC1COCC1CO1
22,A-79,-2.622959195,C=COC(=O)C1=CC=CC=C1,0.0,G1,A,mono-constituent,,Uncharged,Non-ionizable,C=COC(=O)c1ccccc1
23,A-80,-3.739816376,COC(=O)C1=CC=C(C=C1)C(C)(C)C,0.0,G1,A,mono-constituent,Non Valid pH,Uncharged,Non-ionizable,COC(=O)c1ccc(C(C)(C)C)cc1
24,A-81,-2.826535469,CC1=CC=CC(CC(C)(C)CO)=C1,0.0,G1,A,mono-constituent,,Uncharged,Non-ionizable,Cc1cccc(CC(C)(C)CO)c1
25,A-83,-3.754953216,CC(C)=CCCC(C)=CCOC(C)=O,0.0,G1,A,multi-constituent,,Uncharged,Non-ionizable,CC(=O)OCC=C(C)CCC=C(C)C
26,A-86,-2.695999804,CC1(C)C2CC1C(CCO)=CC2,0.0,G1,A,mono-constituent,,Uncharged,Non-ionizable,CC1(C)C2CC=C(CCO)C1C2
27,A-89,-1.647141463,CC1CC(=O)CC(C)(C)C1,0.0,G1,A,mono-constituent,,Uncharged,Non-ionizable,CC1CC(=O)CC(C)(C)C1
28,A-91,-3.951518842,C=CC(=O)OCCOC1=CC=CC=C1C1=CC=CC=C1,0.0,G1,A,mono-constituent,,Uncharged,Non-ionizable,C=CC(=O)OCCOc1ccccc1-c1ccccc1
29,A-101,-5.47300058,CCCCCCCCCCCCCCCCCC(=O)OCC(COC(=O)CCCCCCCCCCCCCCCCC)OC(=O)CCCCCCCCCCCCCCCCC,0.0,G1,A,mono-constituent,,Uncharged,Non-ionizable,CCCCCCCCCCCCCCCCCC(=O)OCC(COC(=O)CCCCCCCCCCCCCCCCC)OC(=O)CCCCCCCCCCCCCCCCC
30,A-106,-3.823043168,CCOC(=O)CC(C)CC(C)(C)C,0.025392856,G5,A,mono-constituent,,Uncharged,Non-ionizable,CCOC(=O)CC(C)CC(C)(C)C
31,A-113,-2.979987205,CC(C)C1CCC(C)CC1OC(=O)C(C)O,0.0,G1,A,mono-constituent,,Uncharged,Non-ionizable,CC1CCC(C(C)C)C(OC(=O)C(C)O)C1
32,A-114,-3.178447129,CC12CC(O)C3C(CCC4=CC(=O)C=CC34C)C1CCC2(O)C(=O)CO,0.015046519,G3,A,mono-constituent,,Uncharged,Non-ionizable,CC12C=CC(=O)C=C1CCC1C2C(O)CC2(C)C1CCC2(O)C(=O)CO
33,A-116,-4.229152992,O,0.0,G1,A,mono-constituent,,Uncharged,Non-ionizable,O
34,A-117,-2.95264717,CC(=C)C(=O)OCCOC1=CC=CC=C1,0.0,G1,A,mono-constituent,Non Valid pH,Uncharged,Non-ionizable,C=C(C)C(=O)OCCOc1ccccc1
35,A-118,-4.151088918,CCCCOCCOCCOCC1=CC2=C(OCO2)C=C1CCC,0.129092083,G5,A,mono-constituent,,Uncharged,Non-ionizable,CCCCOCCOCCOCc1cc2c(cc1CCC)OCO2
36,A-119,-0.175874376,CF,0.0,G1,A,mono-constituent,,Uncharged,Non-ionizable,CF
37,A-122,-3.988526528,C(COC1=CC=CC=C1)OC1=CC=CC=C1,0.0,G1,A,mono-constituent,,Uncharged,Non-ionizable,c1ccc(OCCOc2ccccc2)cc1
38,A-129,-4.021753515,CCCCCCC=CC1CC(=O)OC1=O,0.0,G1,A,,,Uncharged,Non-ionizable,CCCCCCC=CC1CC(=O)OC1=O
39,A-135,-4.772570424,CC1=CCC2CC1C2(C)C,0.0731444,G5,A,mono-constituent,,Uncharged,Non-ionizable,CC1=CCC2CC1C2(C)C
40,A-139,-4.909505216,C[Si](C)(C)O[Si](C)(C)C,0.166247392,G3,A,mono-constituent,,Uncharged,Non-ionizable,C[Si](C)(C)O[Si](C)(C)C
41,A-140,-2.759957367,FC(=C)C(F)(F)F,0.0,G1,A,mono-constituent,,Uncharged,Non-ionizable,C=C(F)C(F)(F)F
42,A-141,-1.886030361,O=C1OC2=CC=CC=C2C=C1,0.640507101,G4,A,mono-constituent,,Uncharged,Non-ionizable,O=c1ccc2ccccc2o1
43,A-142,-3.84649653,CC(=C)C1CCC(C)=CC1,0.730589006,G4,A,mono-constituent,,Uncharged,Non-ionizable,C=C(C)C1CC=C(C)CC1
44,A-144,-4.139133643,S=[W]=S,0.0,G1,A,mono-constituent,,Uncharged,Non-ionizable,[S-2].[S-2].[W+4]
45,A-146,-3.088778192,CC(=O)OC1CC2CCC1(C)C2(C)C,0.0,G1,A,mono-constituent,,Uncharged,Non-ionizable,CC(=O)OC1CC2CCC1(C)C2(C)C
46,A-148,-4.135942613,CCCC(=O)OC(C)(C)CC1=CC=CC=C1,0.0,G1,A,mono-constituent,,Uncharged,Non-ionizable,CCCC(=O)OC(C)(C)Cc1ccccc1
47,A-153,-0.070052651,CCCOCC(C)OCC(C)O,0.0,G1,A,mono-constituent,,Uncharged,Non-ionizable,CCCOCC(C)OCC(C)O
48,A-156,-4.170824759,CC1(C)CC(CC(C)(CN=C=O)C1)N=C=O,0.0,G1,A,mono-constituent,Unstable,Uncharged,Non-ionizable,CC1(C)CC(N=C=O)CC(C)(CN=C=O)C1
49,A-167,-4.216916663,O=C(OC1=CC=CC=C1)OC1=CC=CC=C1,0.0,G1,A,mono-constituent,,Uncharged,Non-ionizable,O=C(Oc1ccccc1)Oc1ccccc1
50,A-168,-4.151910976,CCCCC(CC)C(=O)OC=C,0.0,G1,A,mono-constituent,,Uncharged,Non-ionizable,C=COC(=O)C(CC)CCCC
51,A-170,-2.965977173,C1CC=CCCC=C1,0.0,G1,A,mono-constituent,,Uncharged,Non-ionizable,C1=CCCC=CCC1
52,A-171,-3.256981001,CO[Si](CCCN=C=O)(OC)OC,0.0,G1,A,mono-constituent,Unstable,Uncharged,Non-ionizable,CO[Si](CCCN=C=O)(OC)OC
53,A-172,-3.32858345,CCO[Si](CCCCl)(OCC)OCC,0.0,G1,A,mono-constituent,,Uncharged,Non-ionizable,CCO[Si](CCCCl)(OCC)OCC
54,A-176,-4.387683254,CCCCOC(=O)C1=CC=CC=C1C(=O)OCCCC,0.057297264,G5,A,mono-constituent,,Uncharged,Non-ionizable,CCCCOC(=O)c1ccccc1C(=O)OCCCC
55,A-182,-4.425503245,CCCCCCCCCC=CCC1CC(=O)OC1=O,0.0,G1,A,multi-constituent,,Uncharged,Non-ionizable,CCCCCCCCCC=CCC1CC(=O)OC1=O
56,A-183,-4.425503245,CC(C)CC(C)CC(C)C=C(C)C1CC(=O)OC1=O,0.150514998,G3,A,,,Uncharged,Non-ionizable,CC(=CC(C)CC(C)CC(C)C)C1CC(=O)OC1=O
57,A-184,-5.345705158,CCCCCCCCC=CCCCCCCCC(=O)OCC(O)COB(OCC(O)COC(=O)CCCCCCCC=CCCCCCCCC)OCC(O)COC(=O)CCCCCCCC=CCCCCCCCC,0.0,G1,A,,Multi-constituent Substances,Uncharged,Non-ionizable,CCCCCCCCC=CCCCCCCCC(=O)OCC(O)COB(OCC(O)COC(=O)CCCCCCCC=CCCCCCCCC)OCC(O)COC(=O)CCCCCCCC=CCCCCCCCC
58,A-189,-5.676541809,CCO[Si](CCCSSCCC[Si](OCC)(OCC)OCC)(OCC)OCC,0.0,G1,A,mono-constituent,Non Valid pH,Uncharged,Non-ionizable,CCO[Si](CCCSSCCC[Si](OCC)(OCC)OCC)(OCC)OCC
59,A-191,-5.49192521,COC1=CC=C(C=CC(=O)OCCC(C)C)C=C1,0.0,G1,A,mono-constituent,,Uncharged,Non-ionizable,COc1ccc(C=CC(=O)OCCC(C)C)cc1
60,A-193,-5.365156254,C1CC=CCCC=CCCC=C1,0.198970004,G3,A,mono-constituent,,Uncharged,Non-ionizable,C1=CCCC=CCCC=CCC1
61,A-195,-6.102526939,CC(CCN(CCC(C)CC(C)(C)C)C(=S)S[Zn]SC(=S)N(CCC(C)CC(C)(C)C)CCC(C)CC(C)(C)C)CC(C)(C)C,0.0,G1,A,,,Uncharged,Non-ionizable,CC(CCN(CCC(C)CC(C)(C)C)C(=S)[S-])CC(C)(C)C.CC(CCN(CCC(C)CC(C)(C)C)C(=S)[S-])CC(C)(C)C.[Zn+2]
62,A-196,-6.656649109,BrCC1=CC=C(C=C1)C1=CC=CC=C1C#N,0.0,G1,A,mono-constituent,Non Valid pH,Uncharged,Non-ionizable,N#Cc1ccccc1-c1ccc(CBr)cc1
63,A-199,-7.555881514,COC1CC(OC2C(C)OC(CC2OC)OC2C(C)C=CC=C3COC4C(O)C(C)=CC(C(=O)OC5CC(CC=C2C)OC2(C5)OC(C5CCCCC5)C(C)C=C2)C34O)OC(C)C1O,0.0,G1,A,mono-constituent,,Uncharged,Non-ionizable,COC1CC(OC2C(C)OC(OC3C(C)=CCC4CC(CC5(C=CC(C)C(C6CCCCC6)O5)O4)OC(=O)C4C=C(C)C(O)C5OCC(=CC=CC3C)C45O)CC2OC)OC(C)C1O
64,A-201,-6.183335848,C1=CC=C(C=C1)C1=CC=C(C=C1)C1=CC=CC=C1,0.461832076,G3,A,,,Uncharged,Non-ionizable,c1ccc(-c2ccc(-c3ccccc3)cc2)cc1
65,A-203,-6.178796616,C1=CC2=C3C(C=CC4=CC=CC(C=C2)=C34)=C1,0.058820019,G5,A,mono-constituent,Non Valid pH,Uncharged,Non-ionizable,c1cc2ccc3cccc4ccc(c1)c2c34
66,A-204,-6.40319542,CCCCOC(=O)C1=CC=C(C=C1)C(=O)OCCCC,0.688111365,G4,A,mono-constituent,,Uncharged,Non-ionizable,CCCCOC(=O)c1ccc(C(=O)OCCCC)cc1
67,A-208,-6.587338232,CCC(CC)CC1(CCCCC1)C#N,0.0,G1,A,mono-constituent,,Uncharged,Non-ionizable,CCC(CC)CC1(C#N)CCCCC1
68,A-212,-7.252394502,CC(C)CCCCCCCOC(=O)CCCCCCCCC(=O)OCCCCCCCC(C)C,0.275453734,G3,A,UVCB,,Uncharged,Non-ionizable,CC(C)CCCCCCCOC(=O)CCCCCCCCC(=O)OCCCCCCCC(C)C
69,A-215,-2.155833357,FC1(F)OC2=CC=CC(C=O)=C2O1,0.0,G1,A,mono-constituent,,Uncharged,Non-ionizable,O=Cc1cccc2c1OC(F)(F)O2
70,A-222,-4.400250091,O=[V]=O,1.528905422,G4,A,mono-constituent,,Uncharged,Non-ionizable,[O-2].[O-2].[V+4]
71,A-227,-1.825456144,CCCCC(CC)C(=O)O[Co]OB(O[Co])O[Co](OC(=O)C(CC)CCCC)OC(=O)C(CC)CCCC,0.0,G1,A,,,Uncharged,Non-ionizable,CCCCC(CC)C(=O)[O-].CCCCC(CC)C(=O)[O-].CCCCC(CC)C(=O)[O-].[Co+2].[Co+3].[Co+].[O-]B([O-])[O-]
72,A-234,-3.297212067,CC(C)=CCCC(C)=CC=CC(C)=O,0.0,G1,A,mono-constituent,,Uncharged,Non-ionizable,CC(=O)C=CC=C(C)CCC=C(C)C
73,A-241,-1.768326879,O=[Ca],0.866267647,G4,A,mono-constituent,,Uncharged,Non-ionizable,[Ca+2].[O-2]
74,A-247,-1.17595802,CCC1=C(O)C(=O)C=CO1,0.0,G1,A,mono-constituent,,Uncharged,Non-ionizable,CCc1occc(=O)c1O
75,A-249,-2.211401723,COC(=O)CC1=CC=CC=C1,0.0,G1,A,mono-constituent,,Uncharged,Non-ionizable,COC(=O)Cc1ccccc1
76,A-256,-3.122388733,CCCCCCCl,0.227965978,G3,A,mono-constituent,,Uncharged,Non-ionizable,CCCCCCCl
77,A-257,-2.268475684,CC(=C)C(=O)OCC(F)(F)F,0.0,G1,A,mono-constituent,,Uncharged,Non-ionizable,C=C(C)C(=O)OCC(F)(F)F
78,A-262,-2.153696327,CCCCCCC(C)=O,0.051848164,G3,A,mono-constituent,,Uncharged,Non-ionizable,CCCCCCC(C)=O
79,A-266,-3.526422567,CC1CC(=O)C=C2CCC3C4CCC(O)C4(C)CCC3C12C,0.0,G1,A,mono-constituent,,Uncharged,Non-ionizable,CC1CC(=O)C=C2CCC3C4CCC(O)C4(C)CCC3C21C
80,A-270,-4.536378597,CC(C)(O)C(=O)C1=CC=C(CC2=CC=C(C=C2)C(=O)C(C)(C)O)C=C1,0.0,G1,A,,,Uncharged,Non-ionizable,CC(C)(O)C(=O)c1ccc(Cc2ccc(C(=O)C(C)(C)O)cc2)cc1
81,A-273,-4.493085819,C=CC(=O)OCC1CCC2C3CC(CC3COC(=O)C=C)C12,0.0,G1,A,UVCB,,Uncharged,Non-ionizable,C=CC(=O)OCC1CC2CC1C1CCC(COC(=O)C=C)C21
82,A-278,-4.283204614,CCCCC(CC)COC(=O)C=C,0.508852307,G2,A,mono-constituent,,Uncharged,Non-ionizable,C=CC(=O)OCC(CC)CCCC
83,A-284,-3.338049828,CC(=O)OC1CC2CC1C1CCCC21,0.0,G1,A,multi-constituent,,Uncharged,Non-ionizable,CC(=O)OC1CC2CC1C1CCCC21
84,A-293,-2.595175443,CCCCC(CC)COC(=O)OOC(=O)OCC(CC)CCCC,0.0,G1,A,mono-constituent,Unstable,Uncharged,Non-ionizable,CCCCC(CC)COC(=O)OOC(=O)OCC(CC)CCCC
85,A-295,-3.243750947,CC(CCC=C(C)C)CC=O,0.0,G1,A,mono-constituent,,Uncharged,Non-ionizable,CC(C)=CCCC(C)CC=O
86,A-296,-0.288092629,CC(C)C12CCC(C)(O1)C(O)C2,0.0,G1,A,,,Uncharged,Non-ionizable,CC(C)C12CCC(C)(O1)C(O)C2
87,A-297,-3.302656786,CC(C)C1=CC=C(CCC=O)C=C1,0.0,G1,A,mono-constituent,,Uncharged,Non-ionizable,CC(C)c1ccc(CCC=O)cc1
88,A-298,-2.197764187,CCCCBr,0.086117907,G3,A,mono-constituent,,Uncharged,Non-ionizable,CCCCBr
89,A-301,-3.384192904,CCCOC(C)OCCC1=CC=CC=C1,0.0,G1,A,mono-constituent,,Uncharged,Non-ionizable,CCCOC(C)OCCc1ccccc1
90,A-304,-3.339761604,COC(OC)C(C)(C)CC=C(C)C,0.0,G1,A,mono-constituent,,Uncharged,Non-ionizable,COC(OC)C(C)(C)CC=C(C)C
91,A-305,-3.296613578,COC(C)(C)C1CCC(C)=CC1,0.0,G1,A,mono-constituent,,Uncharged,Non-ionizable,COC(C)(C)C1CC=C(C)CC1
92,A-311,-2.302767888,CCC(C)=CCCC(C)(O)C#C,0.0,G1,A,,,Uncharged,Non-ionizable,C#CC(C)(O)CCC=C(C)CC
93,A-314,-3.477980722,CO[Si](CCCOC(=O)C(C)=C)(OC)OC,2.210895308,G4,A,mono-constituent,Prediction Estimation,Uncharged,Non-ionizable,C=C(C)C(=O)OCCC[Si](OC)(OC)OC
94,A-320,-2.365667988,CC1=CC(=O)N(N1)C1=CC=C(C)C=C1,0.0,G1,A,mono-constituent,Non Valid pH,Uncharged,Non-ionizable,Cc1ccc(-n2[nH]c(C)cc2=O)cc1
95,A-321,-2.267384667,OB(O)C1=CC=C(C=O)C=C1,0.0,G1,A,,Non Valid pH,Uncharged,Non-ionizable,O=Cc1ccc(B(O)O)cc1
96,A-322,-2.337666283,CC(=O)CC(C)(C)C1=CC=CC=C1,0.0,G1,A,mono-constituent,Non Valid pH,Uncharged,Non-ionizable,CC(=O)CC(C)(C)c1ccccc1
97,A-323,-2.250522404,CCCCCOC(=O)CC,0.485261202,G3,A,mono-constituent,,Uncharged,Non-ionizable,CCCCCOC(=O)CC
98,A-324,-2.160954298,FC(F)=C(F)Cl,0.373978233,G3,A,mono-constituent,,Uncharged,Non-ionizable,FC(F)=C(F)Cl
99,A-326,-1.459377408,CCCCCCCCCCCCOCCO,0.0,G1,A,,,Uncharged,Non-ionizable,CCCCCCCCCCCCOCCO
100,A-331,-3.176796415,CC=C1CC2CC1C=C2,0.476851793,G3,A,mono-constituent,,Uncharged,Non-ionizable,CC=C1CC2C=CC1C2
101,A-339,-4.596065772,CCCC[Sn](CCCC)(CCCC)CCCC,0.980202819,G2,A,mono-constituent,,Uncharged,Non-ionizable,CCC[CH2][Sn]([CH2]CCC)([CH2]CCC)[CH2]CCC
102,A-342,-3.994369951,CO,2.247217478,G4,A,mono-constituent,Unstable,Uncharged,Non-ionizable,CO
103,A-348,-4.45076092,CCC(C)(OOC(C)(C)C)OOC(C)(C)C,0.0,G1,A,mono-constituent,Unstable,Uncharged,Non-ionizable,CCC(C)(OOC(C)(C)C)OOC(C)(C)C
104,A-349,-4.360607869,S(C1=CC=CC=C1)C1=CC=CC=C1,0.0,G1,A,mono-constituent,,Uncharged,Non-ionizable,c1ccc(Sc2ccccc2)cc1
105,A-352,-4.553119611,ClC1=C2C(=O)OC(=O)C2=C(Cl)C(Cl)=C1Cl,1.967868338,G4,A,mono-constituent,Unstable,Uncharged,Non-ionizable,O=C1OC(=O)c2c(Cl)c(Cl)c(Cl)c(Cl)c21
106,A-356,1.233668218,CCO,0.096862849,G5,A,mono-constituent,,Uncharged,Non-ionizable,CCO
107,A-359,-2.245531528,COC1=CC=C(OC)C=C1,0.0224182,G3,A,mono-constituent,,Uncharged,Non-ionizable,COc1ccc(OC)cc1
108,A-360,-2.418090055,C(CC1=CC=CC=C1)OC1CCCCC1,0.0,G1,A,mono-constituent,,Uncharged,Non-ionizable,c1ccc(CCOC2CCCCC2)cc1
109,A-363,-3.396366501,CC=CC(=O)C1C(C)C=CCC1(C)C,0.0,G1,A,mono-constituent,,Uncharged,Non-ionizable,CC=CC(=O)C1C(C)C=CCC1(C)C
110,A-364,-3.557960056,O=C(OCC1CO1)C1=CC=C(C=C1)C(=O)OCC1CO1,0.0,G1,A,mono-constituent,,Uncharged,Non-ionizable,O=C(OCC1CO1)c1ccc(C(=O)OCC2CO2)cc1
111,A-365,-3.301742894,CCCCCC=CCCC=O,0.0,G1,A,mono-constituent,,Uncharged,Non-ionizable,CCCCCC=CCCC=O
112,A-369,-2.043101387,CC(F)(F)F,0.0,G1,A,mono-constituent,,Uncharged,Non-ionizable,CC(F)(F)F
113,A-370,-1.469930479,CC(C)(O)C(=O)C1=CC=C(OCCO)C=C1,0.0,G1,A,mono-constituent,,Uncharged,Non-ionizable,CC(C)(O)C(=O)c1ccc(OCCO)cc1
114,A-371,-0.98322259,CN=C=S,0.014618336,G5,A,mono-constituent,,Uncharged,Non-ionizable,CN=C=S
115,A-373,-3.533758505,O=C1CCCCCCCCCCC(=O)OCCO1,0.0,G1,A,mono-constituent,,Uncharged,Non-ionizable,O=C1CCCCCCCCCCC(=O)OCCO1
116,A-374,-3.324378497,CC(C)CCCCCCCO,0.213177472,G3,A,UVCB,,Uncharged,Non-ionizable,CC(C)CCCCCCCO
117,A-377,-2.409651238,CCOC(=O)C1OC1C1=CC=CC=C1,0.0,G1,A,multi-constituent,,Uncharged,Non-ionizable,CCOC(=O)C1OC1c1ccccc1
118,A-378,-2.286983634,CC(C)CCCC(C)(C)O,0.0,G1,A,mono-constituent,,Uncharged,Non-ionizable,CC(C)CCCC(C)(C)O
119,A-379,-2.344979827,CCC(=O)OCC1=CC=CC=C1,0.435201953,G3,A,mono-constituent,,Uncharged,Non-ionizable,CCC(=O)OCc1ccccc1
120,A-381,-2.352215179,CC(=O)OC1(CCCCC1)C#C,0.0,G1,A,mono-constituent,,Uncharged,Non-ionizable,C#CC1(OC(C)=O)CCCCC1
121,A-384,-0.931218902,CSC,0.225565451,G5,A,mono-constituent,,Uncharged,Non-ionizable,CSC
122,A-390,-2.454265074,CC=CC=C,0.277547224,G3,A,,Multi-constituent Substances,Uncharged,Non-ionizable,C=CC=CC
123,A-391,-3.677346846,CC(C)C1=CC=CC(=C1)C(C)CC=O,0.0,G1,A,mono-constituent,,Uncharged,Non-ionizable,CC(C)c1cccc(C(C)CC=O)c1
124,A-397,-2.436880918,FC1CC(F)(F)C(F)(F)C1(F)F,0.0,G1,A,mono-constituent,,Uncharged,Non-ionizable,FC1CC(F)(F)C(F)(F)C1(F)F
125,A-398,-3.922851514,CCCC[Sn](CCCC)(CCCC)O[Sn](CCCC)(CCCC)CCCC,0.0,G1,A,mono-constituent,,Uncharged,Non-ionizable,CCC[CH2][Sn+]([CH2]CCC)[CH2]CCC.CCC[CH2][Sn+]([CH2]CCC)[CH2]CCC.[O-2]
126,A-400,-3.006984006,CCCCC,0.421426337,G5,A,UVCB,,Uncharged,Non-ionizable,CCCCC
127,A-403,-2.277035079,CC1=CC=C(C=O)C=C1C,0.0,G1,A,mono-constituent,,Uncharged,Non-ionizable,Cc1ccc(C=O)cc1C
128,A-409,-1.219958563,CCCCOC(C)=O,0.148206266,G5,A,mono-constituent,,Uncharged,Non-ionizable,CCCCOC(C)=O
129,A-415,-3.502355132,O=[Pb],0.0,G1,A,mono-constituent,,Uncharged,Non-ionizable,[O-2].[Pb+2]
130,A-421,-4.412762427,CC12CCCC(C)(C)C3C(CCC13)C2=C,0.0,G1,A,mono-constituent,,Uncharged,Non-ionizable,C=C1C2CCC3C2C(C)(C)CCCC13C
131,A-425,-4.567302938,CC(COC(=O)C1=CC=CC=C1)OC(=O)C1=CC=CC=C1,0.0,G1,A,multi-constituent,,Uncharged,Non-ionizable,CC(COC(=O)c1ccccc1)OC(=O)c1ccccc1
132,A-427,-4.446203904,CCC(C)(C)C1CCCCC1OC(C)=O,0.0,G1,A,multi-constituent,,Uncharged,Non-ionizable,CCC(C)(C)C1CCCCC1OC(C)=O
133,A-429,-4.420023997,N#CC(=C1CCCCC1)C1=CC=CC=C1,0.0,G1,A,mono-constituent,,Uncharged,Non-ionizable,N#CC(=C1CCCCC1)c1ccccc1
134,A-445,-3.052101177,FC1=CC=C2OC(CCC2=C1)C1CO1,0.0,G1,A,,Multi-constituent Substances,Uncharged,Non-ionizable,Fc1ccc2c(c1)CCC(C1CO1)O2
135,A-447,-2.351909504,CC(C)=CCCC(C)=CCO,0.418162058,G3,A,mono-constituent,,Uncharged,Non-ionizable,CC(C)=CCCC(C)=CCO
136,A-451,-1.314975067,COC1=CC=CC=C1OC,0.0,G1,A,mono-constituent,,Uncharged,Non-ionizable,COc1ccccc1OC
137,A-454,-2.778562332,CCCCOCCOP(=O)(OCCOCCCC)OCCOCCCC,0.109781166,G3,A,mono-constituent,,Uncharged,Non-ionizable,CCCCOCCOP(=O)(OCCOCCCC)OCCOCCCC
138,A-457,-2.245085326,CCCCCCOC,0.0,G1,A,mono-constituent,,Uncharged,Non-ionizable,CCCCCCOC
139,A-461,-3.7709815,CC1CC2C3CCC4=CC(=O)C=CC4(C)C3(F)C(O)CC2(C)C1(O)C(=O)CO,0.0,G1,A,mono-constituent,,Uncharged,Non-ionizable,CC1CC2C3CCC4=CC(=O)C=CC4(C)C3(F)C(O)CC2(C)C1(O)C(=O)CO
140,A-463,-3.459862901,CC(C)C1=CC=C(C=C1)C(C)CC=O,0.0,G1,A,,,Uncharged,Non-ionizable,CC(C)c1ccc(C(C)CC=O)cc1
141,A-465,-2.371197393,CC1CC(C)=CC(C)C1CO,0.0,G1,A,multi-constituent,,Uncharged,Non-ionizable,CC1=CC(C)C(CO)C(C)C1
142,A-466,-2.409128664,CCC(C)=CCCC(C)(O)C=C,0.0,G1,A,multi-constituent,,Uncharged,Non-ionizable,C=CC(C)(O)CCC=C(C)CC
143,A-467,-2.762296476,O=C(OCC1CO1)C1=CC=C(C(=O)OCC2CO2)C(=C1)C(=O)OCC1CO1,0.0,G1,A,mono-constituent,,Uncharged,Non-ionizable,O=C(OCC1CO1)c1ccc(C(=O)OCC2CO2)c(C(=O)OCC2CO2)c1
144,A-468,-2.433237945,CC1CC(C)(CO1)C1=CC=CC=C1,0.0,G1,A,multi-constituent,Non Valid pH,Uncharged,Non-ionizable,CC1CC(C)(c2ccccc2)CO1
145,A-469,-3.423291255,CCCCC(CC)C(=O)OCC,0.0,G1,A,mono-constituent,,Uncharged,Non-ionizable,CCCCC(CC)C(=O)OCC
146,A-475,-2.41045076,CCOC1=CC=CC=C1OCC,0.0,G1,A,mono-constituent,,Uncharged,Non-ionizable,CCOc1ccccc1OCC
147,A-476,-1.939465074,CC=CC,0.050567463,G3,A,mono-constituent,Non Valid pH,Uncharged,Non-ionizable,CC=CC
148,A-477,0.625274489,OCC(O)C(O)C(O)CO,0.0,G1,A,,,Uncharged,Non-ionizable,OCC(O)C(O)C(O)CO
149,A-478,-2.025733236,CC(=C)C=C,0.0,G1,A,mono-constituent,,Uncharged,Non-ionizable,C=CC(=C)C
150,A-482,-3.393259787,CC(C)CCCC(C)CCO,0.0,G1,A,mono-constituent,,Uncharged,Non-ionizable,CC(C)CCCC(C)CCO
151,A-485,-1.28038684,CC(=O)C1=CC=CC=C1,0.05962319,G5,A,mono-constituent,,Uncharged,Non-ionizable,CC(=O)c1ccccc1
152,A-487,-3.431863898,CCCCCC(O)C(C)=CCC,0.0,G1,A,mono-constituent,,Uncharged,Non-ionizable,CCC=C(C)C(O)CCCCC
153,A-488,-2.361047779,CCCCOC(=O)CCC,0.04952611,G3,A,mono-constituent,,Uncharged,Non-ionizable,CCCCOC(=O)CCC
154,A-492,-2.419967647,O=CC1CCC2C3CCC(C3)C12,0.0,G1,A,multi-constituent,,Uncharged,Non-ionizable,O=CC1CCC2C3CCC(C3)C12
155,A-493,-2.497713585,CC(C)C1=CC=CC=C1C(C)C,0.0,G1,A,,,Uncharged,Non-ionizable,CC(C)c1ccccc1C(C)C
156,A-495,-0.475507957,[Re],0.0,G1,A,mono-constituent,,Uncharged,Non-ionizable,[Re]
157,A-496,-2.340367591,CCC(O)C1=CC=CC=C1,0.0,G1,A,mono-constituent,,Uncharged,Non-ionizable,CCC(O)c1ccccc1
158,A-497,-2.482107917,CC(=O)C1=CC=CC(=C1)C(F)(F)F,0.0,G1,A,mono-constituent,,Uncharged,Non-ionizable,CC(=O)c1cccc(C(F)(F)F)c1
159,A-499,-3.496323842,CC(=O)OC1CC2CCC1(C)C2(C)C,0.0,G1,A,mono-constituent,,Uncharged,Non-ionizable,CC(=O)OC1CC2CCC1(C)C2(C)C
160,A-503,-3.34190657,CCC=CCCC=CC=C,0.120516033,G3,A,UVCB,,Uncharged,Non-ionizable,C=CC=CCCC=CCC
161,A-504,0.846685164,OCC=CCO,0.0,G1,A,mono-constituent,,Uncharged,Non-ionizable,OCC=CCO
162,A-506,-0.603011426,CCOCCOCCOCCOC(=O)C(C)=C,0.0,G1,A,mono-constituent,,Uncharged,Non-ionizable,C=C(C)C(=O)OCCOCCOCCOCC
163,A-514,-2.977604072,CC(C)C,0.265370444,G5,A,mono-constituent,,Uncharged,Non-ionizable,CC(C)C
164,A-515,-2.977604072,CCCC,0.256788365,G5,A,mono-constituent,,Uncharged,Non-ionizable,CCCC
165,A-516,-2.691382006,CC,0.599586986,G4,A,mono-constituent,,Uncharged,Non-ionizable,CC
166,A-519,-3.46576061,CC1(C)C2CC1C(CCC=O)=CC2,0.0,G1,A,mono-constituent,,Uncharged,Non-ionizable,CC1(C)C2CC=C(CCC=O)C1C2
167,A-521,-2.474006642,COC1=CC=C(COC(C)=O)C=C1,0.007756083,G3,A,mono-constituent,,Uncharged,Non-ionizable,COc1ccc(COC(C)=O)cc1
168,A-526,-3.539328096,CC(C)(C)C1CCC(CC1)OC(=O)C=C,0.539431241,G4,A,mono-constituent,,Uncharged,Non-ionizable,C=CC(=O)OC1CCC(C(C)(C)C)CC1
169,A-533,-4.578730408,BrC1=CC=C(Br)C(C=C)=C1,0.0,G1,A,,,Uncharged,Non-ionizable,C=Cc1cc(Br)ccc1Br
170,A-541,-4.008053211,O1[Pb]2O[Pb]1O[Pb]O2,0.0,G1,A,,,Uncharged,Non-ionizable,[O-2].[O-2].[O-2].[O-2].[Pb+2].[Pb+3].[Pb+3]
171,A-543,-4.544220436,CC(=C)C(=O)OC1CC2CCC1(C)C2(C)C,0.033587413,G3,A,mono-constituent,,Uncharged,Non-ionizable,C=C(C)C(=O)OC1CC2CCC1(C)C2(C)C
172,A-545,-4.47086065,CCCCCCCCCOC(C)=O,0.0,G1,A,mono-constituent,,Uncharged,Non-ionizable,CCCCCCCCCOC(C)=O
173,A-547,-5.405053261,CCCCCCCCCCCCCCCCCCCCCCCCCCCCCC,0.597257171,G2,A,,Multi-constituent Substances,Uncharged,Non-ionizable,CCCCCCCCCCCCCCCCCCCCCCCCCCCCCC
174,A-550,-5.041697833,CCCCCCCCCCCCCC,0.597257171,G2,A,,Multi-constituent Substances,Uncharged,Non-ionizable,CCCCCCCCCCCCCC
175,A-551,-4.311225605,C1=CC2=CC=CC=C2C=C1,0.718951863,G4,A,mono-constituent,,Uncharged,Non-ionizable,c1ccc2ccccc2c1
176,A-554,-4.346837785,CC(=C)C1CCC(C)=CC1,0.174266418,G5,A,mono-constituent,Non Valid pH,Uncharged,Non-ionizable,C=C(C)C1CC=C(C)CC1
177,A-555,-4.509709484,CCC=CCCOC(=O)CC=CCC,0.066265832,G5,A,mono-constituent,,Uncharged,Non-ionizable,CCC=CCCOC(=O)CC=CCC
178,A-556,-4.702513826,CCC12CCC3C(CCC4=C3CC=C(C4)OC)C1CCC2O,0.0,G1,A,,,Uncharged,Non-ionizable,CCC12CCC3C4=C(CCC3C1CCC2O)CC(OC)=CC4
179,A-557,-4.660234439,CCCCCCCCCCCC(=O)OCC(O)CO,0.389075625,G3,A,UVCB,,Uncharged,Non-ionizable,CCCCCCCCCCCC(=O)OCC(O)CO
180,A-560,-4.613478878,CC1CCC2C(C)(C)C3CC12CC(C(C)=O)=C3C,0.0,G1,A,mono-constituent,,Uncharged,Non-ionizable,CC(=O)C1=C(C)C2CC3(C1)C(C)CCC3C2(C)C
181,A-563,-2.39990224,CCOC(=O)C1=CC=CC=C1,0.06465483,G5,A,mono-constituent,,Uncharged,Non-ionizable,CCOC(=O)c1ccccc1
182,A-566,-2.411668206,CC(C)=CCCC(C)=CC=O,0.211683186,G5,A,multi-constituent,,Uncharged,Non-ionizable,CC(C)=CCCC(C)=CC=O
183,A-568,-3.451515538,CCCCCCC1CCCC1=O,0.0,G1,A,mono-constituent,,Uncharged,Non-ionizable,CCCCCCC1CCCC1=O
184,A-569,-3.489215864,CC(C)C(=O)C(C)(C)CC=C(C)C,0.0,G1,A,,Non Valid pH,Uncharged,Non-ionizable,CC(C)=CCC(C)(C)C(=O)C(C)C
185,A-584,-2.478578955,CCCCCCCCC(O)CO,0.0,G1,A,multi-constituent,,Uncharged,Non-ionizable,CCCCCCCCC(O)CO
186,A-586,-2.427057806,CCC(C)C1CCCCC1=O,0.0,G1,A,multi-constituent,,Uncharged,Non-ionizable,CCC(C)C1CCCCC1=O
187,A-587,-2.588667606,COC1=CC(C=O)=CC=C1OC(=O)C(C)C,0.0,G1,A,mono-constituent,Non Valid pH,Uncharged,Non-ionizable,COc1cc(C=O)ccc1OC(=O)C(C)C
188,A-588,-2.206298299,CC1=CC=CC=C1,0.023134699,G5,A,mono-constituent,,Uncharged,Non-ionizable,Cc1ccccc1
189,A-596,-3.700359651,CC12CCC3C(CCC4=CC(=O)C=CC34C)C1CCC2O,0.0,G1,A,mono-constituent,,Uncharged,Non-ionizable,CC12C=CC(=O)C=C1CCC1C2CCC2(C)C(O)CCC12
190,A-597,-3.351339264,CCC1=CC=C(CC(C)(C)C#N)C=C1,0.0,G1,A,,Non Valid pH,Uncharged,Non-ionizable,CCc1ccc(CC(C)(C)C#N)cc1
191,A-599,-3.43464733,ClCCCCCCCl,0.0,G1,A,mono-constituent,,Uncharged,Non-ionizable,ClCCCCCCCl
192,A-600,-3.558592794,CCC(=O)OC1C=CC2C3CCC(C3)C12,0.0,G1,A,multi-constituent,,Uncharged,Non-ionizable,CCC(=O)OC1C=CC2C3CCC(C3)C12
193,A-601,-2.331841643,CCOC1=CC=CC=C1,0.57398886,G2,A,mono-constituent,,Uncharged,Non-ionizable,CCOc1ccccc1
194,A-602,-4.676528089,CN1C(=O)N(C(=O)C=C1C(F)(F)F)C1=CC=C(Cl)C(=C1)C(=O)OC(C)(C)C(=O)OCC=C,0.0,G1,A,mono-constituent,,Uncharged,Non-ionizable,C=CCOC(=O)C(C)(C)OC(=O)c1cc(-n2c(=O)cc(C(F)(F)F)n(C)c2=O)ccc1Cl
195,A-606,-2.536373209,C=CCOC(=O)COC1=CC=CC=C1,0.0,G1,A,mono-constituent,,Uncharged,Non-ionizable,C=CCOC(=O)COc1ccccc1
196,A-617,0.957840099,NC(N)=O,0.029394044,G3,A,mono-constituent,,Uncharged,Non-ionizable,NC(N)=O
197,A-618,-2.392751997,O=C1NC2=CC=CC=C2N1,0.0,G1,A,mono-constituent,,Uncharged,Non-ionizable,O=c1[nH]c2ccccc2[nH]1
198,A-620,-2.621433551,CC(CCOC(=O)C=C)CCOC(=O)C=C,0.0,G1,A,mono-constituent,,Uncharged,Non-ionizable,C=CC(=O)OCCC(C)CCOC(=O)C=C
199,A-624,-3.560504415,CC(=O)OC1CCC2CCCCC2C1,0.0,G1,A,multi-constituent,,Uncharged,Non-ionizable,CC(=O)OC1CCC2CCCCC2C1
200,A-626,-2.104914482,C1CC=CC1,0.2621169,G3,A,mono-constituent,,Uncharged,Non-ionizable,C1=CCCC1
201,A-638,-3.333093505,C,0.86869123,G4,A,UVCB,Cosolvent Buffer,Uncharged,Non-ionizable,C
202,A-639,-2.423907212,FC(F)(F)C(F)(F)F,0.912496394,G2,A,mono-constituent,,Uncharged,Non-ionizable,FC(F)(F)C(F)(F)F
203,A-640,-3.538303545,CC(C)=CCCC(C)=CCCC=O,0.0,G1,A,multi-constituent,,Uncharged,Non-ionizable,CC(C)=CCCC(C)=CCCC=O
204,A-645,-2.494851361,CC(=C)C(=O)OC1=CC=CC=C1,0.0,G1,A,mono-constituent,,Uncharged,Non-ionizable,C=C(C)C(=O)Oc1ccccc1
205,A-647,-2.465007757,CC1=C(C=O)C(C)(C)CC=C1,0.0,G1,A,mono-constituent,,Uncharged,Non-ionizable,CC1=C(C=O)C(C)(C)CC=C1
206,A-649,-3.548153643,CC(=O)CC(C)(C)C1CCCCC1,0.0,G1,A,mono-constituent,,Uncharged,Non-ionizable,CC(=O)CC(C)(C)C1CCCCC1
207,A-652,-2.488009121,CC(C)C1CCC(C)CC1O,0.081283066,G5,A,multi-constituent,,Uncharged,Non-ionizable,CC1CCC(C(C)C)C(O)C1
208,A-657,0.577623585,CO[Si](C)(OC)C=C,0.0,G1,A,mono-constituent,,Uncharged,Non-ionizable,C=C[Si](C)(OC)OC
209,A-665,-2.772789495,CCC(COC(=O)C=C)(COC(=O)C=C)COC(=O)C=C,0.0,G1,A,mono-constituent,,Uncharged,Non-ionizable,C=CC(=O)OCC(CC)(COC(=O)C=C)COC(=O)C=C
210,A-666,-2.454057846,CC(C)CC(=O)CC(C)C,0.357211482,G5,A,mono-constituent,,Uncharged,Non-ionizable,CC(C)CC(=O)CC(C)C
211,A-667,-2.55201324,COC1=CC=C(CC=C)C=C1OC,0.0,G1,A,mono-constituent,,Uncharged,Non-ionizable,C=CCc1ccc(OC)c(OC)c1
212,A-673,-3.721988672,CCCCCC1=C(CCC1CC(=O)OC)OC(C)=O,0.0,G1,A,,,Uncharged,Non-ionizable,CCCCCC1=C(OC(C)=O)CCC1CC(=O)OC
213,A-674,-3.335193031,C=CC1CCC=CC1,0.0,G1,A,mono-constituent,,Uncharged,Non-ionizable,C=CC1CC=CCC1
214,A-677,-4.807173711,CCCCOC(=O)C1=CC=C(C(=O)OCCCC)C(=C1)C(=O)OCCCC,0.0,G1,A,mono-constituent,,Uncharged,Non-ionizable,CCCCOC(=O)c1ccc(C(=O)OCCCC)c(C(=O)OCCCC)c1
215,A-680,-4.606388779,CO[Si](CCCOC(=O)C=C)(OC)OC,0.0,G1,A,mono-constituent,,Uncharged,Non-ionizable,C=CC(=O)OCCC[Si](OC)(OC)OC
216,A-683,-4.480440668,CCCCCCCCCCCO,0.0,G1,A,mono-constituent,,Uncharged,Non-ionizable,CCCCCCCCCCCO
217,A-686,-2.340733519,O[B]O,0.0,G1,A,,,Uncharged,Non-ionizable,O[B]O
218,A-689,-4.583092455,CC1(C)C2CCC1(C)C(C2)OC(=O)C=C,0.280533145,G3,A,mono-constituent,,Uncharged,Non-ionizable,C=CC(=O)OC1CC2CCC1(C)C2(C)C
219,A-691,-4.659958513,CCCCC(CC)COC(=O)OOC(C)(C)C,0.0,G1,A,mono-constituent,Unstable,Uncharged,Non-ionizable,CCCCC(CC)COC(=O)OOC(C)(C)C
220,A-692,-4.632799679,CO[Si](OC)(C1CCCC1)C1CCCC1,0.526119809,G2,A,mono-constituent,,Uncharged,Non-ionizable,CO[Si](OC)(C1CCCC1)C1CCCC1
221,A-693,-4.598598509,CC1CC(CC(C)(C)C1)OC(=O)C(C)=C,0.0,G1,A,,,Uncharged,Non-ionizable,C=C(C)C(=O)OC1CC(C)CC(C)(C)C1
222,A-697,-4.50210133,CCCC=O,0.0,G1,A,UVCB,Cosolvent Buffer,Uncharged,Non-ionizable,CCCC=O
223,A-705,-2.491877231,CC(C)C1CCC(C)CC1=O,0.10505924,G5,A,mono-constituent,,Uncharged,Non-ionizable,CC1CCC(C(C)C)C(=O)C1
224,A-708,-3.382657059,CC1=CC(C)=CC(C)=C1,0.007091152,G3,A,mono-constituent,,Uncharged,Non-ionizable,Cc1cc(C)cc(C)c1
225,A-709,-3.597416499,CC(=O)OC(C)(C)CCCC(=C)C=C,0.187667695,G3,A,UVCB,,Uncharged,Non-ionizable,C=CC(=C)CCCC(C)(C)OC(C)=O
226,A-724,-3.554059535,CC(C)CCOC(=O)CC(C)C,0.0,G1,A,mono-constituent,,Uncharged,Non-ionizable,CC(C)CCOC(=O)CC(C)C
227,A-725,-3.518198523,CCCCCC(CO)CCC,0.157677981,G5,A,mono-constituent,,Uncharged,Non-ionizable,CCCCCC(CO)CCC
228,A-743,-1.416495791,FC(F)C(F)(F)F,0.036404115,G3,A,mono-constituent,,Uncharged,Non-ionizable,FC(F)C(F)(F)F
229,A-749,-3.669517691,CCCCC(CC)C(=O)OOC(C)(C)C,0.0,G1,A,mono-constituent,Unstable,Uncharged,Non-ionizable,CCCCC(CC)C(=O)OOC(C)(C)C
230,A-750,-3.558040393,CC1C2CC(CC1C=O)C2(C)C,0.0,G1,A,mono-constituent,Non Valid pH,Uncharged,Non-ionizable,CC1C(C=O)CC2CC1C2(C)C
231,A-752,-1.555639677,CC(C)(O)CCC1=CC=CC=C1,0.0,G1,A,mono-constituent,,Uncharged,Non-ionizable,CC(C)(O)CCc1ccccc1
232,A-758,-2.548488397,CC(=O)C1=CC2=CC=CC=C2O1,0.0,G1,A,mono-constituent,,Uncharged,Non-ionizable,CC(=O)c1cc2ccccc2o1
233,A-761,-3.698734262,CCC(O)COC1CCCCC1C(C)(C)C,0.0,G1,A,multi-constituent,Non Valid pH,Uncharged,Non-ionizable,CCC(O)COC1CCCCC1C(C)(C)C
234,A-773,-2.664780194,OC1(CCCCC1)C(=O)C1=CC=CC=C1,0.0,G1,A,mono-constituent,,Uncharged,Non-ionizable,O=C(c1ccccc1)C1(O)CCCCC1
235,A-779,-2.622338856,ClC1=NC(Cl)=NC(Cl)=N1,0.057267988,G3,A,mono-constituent,Unstable,Uncharged,Non-ionizable,Clc1nc(Cl)nc(Cl)n1
236,A-789,-2.560404377,CC(C)C1CCC(C)CC1O,0.0,G1,A,multi-constituent,,Uncharged,Non-ionizable,CC1CCC(C(C)C)C(O)C1
237,A-791,-2.820459609,CC12CCC3C(CCC4=CC(=O)C=CC34C)C1CCC2=O,0.015229805,G3,A,,,Uncharged,Non-ionizable,CC12C=CC(=O)C=C1CCC1C2CCC2(C)C(=O)CCC12
238,A-792,-3.67528009,CC(C)(C)C(=O)OCCC1=CC=CC=C1,0.0,G1,A,mono-constituent,,Uncharged,Non-ionizable,CC(C)(C)C(=O)OCCc1ccccc1
239,A-793,-3.597623767,CC(OC(C)=O)C1CCCCC1,0.0,G1,A,mono-constituent,,Uncharged,Non-ionizable,CC(=O)OC(C)C1CCCCC1
240,A-794,-3.655044576,CC(=O)CCC1=C(C)CCCC1(C)C,0.0,G1,A,mono-constituent,,Uncharged,Non-ionizable,CC(=O)CCC1=C(C)CCCC1(C)C
241,A-803,-1.382910122,CCCCCCO,0.275210101,G5,A,mono-constituent,,Uncharged,Non-ionizable,CCCCCCO
242,A-808,-2.570623543,CC(C)C1CCC(C)CC1O,0.045117587,G5,A,multi-constituent,,Uncharged,Non-ionizable,CC1CCC(C(C)C)C(O)C1
243,A-811,-3.589641142,CCC(C)=CCCC(C)=CC#N,0.0,G1,A,multi-constituent,,Uncharged,Non-ionizable,CCC(C)=CCCC(C)=CC#N
244,A-812,-2.643261824,CCCCCCC1(C)CCC(=O)O1,0.0,G1,A,multi-constituent,,Uncharged,Non-ionizable,CCCCCCC1(C)CCC(=O)O1
245,A-813,-0.323526854,COC(C)(C)C,0.088868539,G5,A,mono-constituent,,Uncharged,Non-ionizable,COC(C)(C)C
246,A-818,-3.72590382,CC1CCC2(O)C(C)(C)C3CCC2(C)C1C3,0.0,G1,A,,,Uncharged,Non-ionizable,CC1CCC2(O)C(C)(C)C3CCC2(C)C1C3
247,A-819,-4.588176842,CCC(C)(C1=CC=CC=C1)C1=CC=CC=C1,0.107421924,G3,A,,Multi-constituent Substances,Uncharged,Non-ionizable,CCC(C)(c1ccccc1)c1ccccc1
248,A-825,-1.516963539,CC1=C2NN=NC2=CC=C1,0.0,G1,A,,,Uncharged,Non-ionizable,Cc1cccc2nn[nH]c12
249,A-830,-1.686157925,COC(=O)C1=CC=CC=C1C(=O)OC,0.132125129,G5,A,mono-constituent,,Uncharged,Non-ionizable,COC(=O)c1ccccc1C(=O)OC
250,A-832,-1.629032231,CCCCCC1CCCC(=O)O1,0.0,G1,A,mono-constituent,,Uncharged,Non-ionizable,CCCCCC1CCCC(=O)O1
251,A-833,-1.663024463,CCOC(=O)CC(=O)C(F)(F)F,0.150512232,G3,A,mono-constituent,,Uncharged,Non-ionizable,CCOC(=O)CC(=O)C(F)(F)F
252,A-841,-2.733020622,O[Si](O)(C1=CC=CC=C1)C1=CC=CC=C1,0.0,G1,A,mono-constituent,,Uncharged,Non-ionizable,O[Si](O)(c1ccccc1)c1ccccc1
253,A-842,-3.624481304,CCCCCOC(=O)CCCC,0.0,G1,A,mono-constituent,,Uncharged,Non-ionizable,CCCCCOC(=O)CCCC
254,A-848,-3.704897417,CCC=CCCOC(=O)C1=CC=CC=C1,0.0,G1,A,mono-constituent,,Uncharged,Non-ionizable,CCC=CCCOC(=O)c1ccccc1
255,A-857,-4.6529288,CC1(C)C2CCC3(C2)C11OC1CCC3(C)C,0.0,G1,A,mono-constituent,,Uncharged,Non-ionizable,CC1(C)CCC2OC23C(C)(C)C2CCC13C2
256,A-861,-4.730940692,CC(O)CSCCCCCCCCC(C)(C)C,0.0,G1,A,UVCB,,Uncharged,Non-ionizable,CC(O)CSCCCCCCCCC(C)(C)C
257,A-867,-4.50074592,CCC(C)(C)C1=CC=CC=C1,0.17547296,G3,A,mono-constituent,,Uncharged,Non-ionizable,CCC(C)(C)c1ccccc1
258,A-868,-4.653202091,CC(CCC=O)C1C(C)=CCCC1(C)C,0.44371487,G3,A,,,Uncharged,Non-ionizable,CC1=CCCC(C)(C)C1C(C)CCC=O
259,A-870,-4.471540428,CC1(C)C2CCC(C2)C1=C,0.019754271,G3,A,mono-constituent,,Uncharged,Non-ionizable,C=C1C2CCC(C2)C1(C)C
260,A-871,-4.680367049,CC(CC1CCCC1=O)C1CCC(C)=CC1,0.0,G1,A,multi-constituent,,Uncharged,Non-ionizable,CC1=CCC(C(C)CC2CCCC2=O)CC1
261,A-874,-4.626748523,CCCCCCCCCC(=O)OC,0.197001436,G5,A,mono-constituent,,Uncharged,Non-ionizable,CCCCCCCCCC(=O)OC
262,A-877,-4.74017718,COC1(C)CCC23CC1C(C)(C)C2CCC3C,0.0,G1,A,mono-constituent,,Uncharged,Non-ionizable,COC1(C)CCC23CC1C(C)(C)C2CCC3C
263,A-883,-4.683590383,COC1CCCCCCCCCCC1,0.0,G1,A,mono-constituent,,Uncharged,Non-ionizable,COC1CCCCCCCCCCC1
264,A-884,-4.734296245,CCOC1(C)CCC2C(=C)C1CCC2(C)C,0.0,G1,A,multi-constituent,,Uncharged,Non-ionizable,C=C1C2CCC(C)(OCC)C1CCC2(C)C
265,A-885,-4.860377549,CCN(CC)C(=S)SSC(=S)N(CC)CC,0.930188775,G2,A,mono-constituent,,Uncharged,Non-ionizable,CCN(CC)C(=S)SSC(=S)N(CC)CC
266,A-887,-4.70181183,CC1=CC(=CC(C)=C1CC#N)C(C)(C)C,0.0,G1,A,mono-constituent,,Uncharged,Non-ionizable,Cc1cc(C(C)(C)C)cc(C)c1CC#N
267,A-888,-7.231973426,CC(C)(C1=CC=CC=C1)C1=CC=C(OP2OCC3(CO2)COP(OC2=CC=C(C=C2C(C)(C)C2=CC=CC=C2)C(C)(C)C2=CC=CC=C2)OC3)C(=C1)C(C)(C)C1=CC=CC=C1,0.0,G1,A,mono-constituent,Below LoD Below LoQ,Uncharged,Non-ionizable,CC(C)(c1ccccc1)c1ccc(OP2OCC3(CO2)COP(Oc2ccc(C(C)(C)c4ccccc4)cc2C(C)(C)c2ccccc2)OC3)c(C(C)(C)c2ccccc2)c1
268,A-890,-4.794038183,CCCC[Sn](=O)CCCC,0.097759905,G3,A,mono-constituent,,Uncharged,Non-ionizable,CCC[CH2][Sn+2][CH2]CCC.[O-2]
269,A-893,-0.586560326,O=C1CCC2CCCCC2O1,0.0,G1,A,multi-constituent,,Uncharged,Non-ionizable,O=C1CCC2CCCCC2O1
270,A-895,-2.576720352,COC(=O)C1=CC=C(C)C=C1,0.02243331,G5,A,mono-constituent,,Uncharged,Non-ionizable,COC(=O)c1ccc(C)cc1
271,A-896,-2.744685443,CC1CC(C)(C)OC(CC2=CC=CC=C2)O1,0.0,G1,A,mono-constituent,,Uncharged,Non-ionizable,CC1CC(C)(C)OC(Cc2ccccc2)O1
272,A-906,-3.587759138,CC(C)CCCC(C)CC#N,0.0,G1,A,,Non Valid pH,Uncharged,Non-ionizable,CC(C)CCCC(C)CC#N
273,A-909,-3.697448425,CC(C)=CCCC(C)=CCCC(C)=O,0.321643949,G3,A,multi-constituent,,Uncharged,Non-ionizable,CC(=O)CCC=C(C)CCC=C(C)C
274,A-914,-2.610551759,CCCCCC(=O)OCC=C,0.15546314,G5,A,mono-constituent,,Uncharged,Non-ionizable,C=CCOC(=O)CCCCC
275,A-917,-2.722633923,FC1=CC=C(C=C1)C(=O)CCCCl,0.0,G1,A,mono-constituent,Unstable,Uncharged,Non-ionizable,O=C(CCCCl)c1ccc(F)cc1
276,A-922,-4.943737963,CC(C)[Si](OC(=O)C=C)(C(C)C)C(C)C,0.0,G1,A,mono-constituent,Unstable,Uncharged,Non-ionizable,C=CC(=O)O[Si](C(C)C)(C(C)C)C(C)C
277,A-924,-1.729316846,CC(C)OC(=O)CCC(=O)OC(C)C,0.0,G1,A,mono-constituent,,Uncharged,Non-ionizable,CC(C)OC(=O)CCC(=O)OC(C)C
278,A-929,-1.485022741,NC(=O)C(F)(F)F,0.0,G1,A,mono-constituent,,Uncharged,Non-ionizable,NC(=O)C(F)(F)F
279,A-930,-2.656892778,CCC(C)(C)C1CCC(=O)CC1,0.0,G1,A,mono-constituent,,Uncharged,Non-ionizable,CCC(C)(C)C1CCC(=O)CC1
280,A-935,-3.651887666,CCCCCCC#CC(=O)OC,0.0,G1,A,mono-constituent,,Uncharged,Non-ionizable,CCCCCCC#CC(=O)OC
281,A-936,-3.631238037,CCCCCCCCCCO,0.406681305,G5,A,UVCB,Multi-constituent Substances,Uncharged,Non-ionizable,CCCCCCCCCCO
282,A-939,-2.877472795,O=P(C1=CC=CC=C1)(C1=CC=CC=C1)C1=CC=CC=C1,0.0,G1,A,mono-constituent,,Uncharged,Non-ionizable,O=P(c1ccccc1)(c1ccccc1)c1ccccc1
283,A-940,-2.672402404,COC1=CC=C(OC)C(Cl)=C1,0.0,G1,A,mono-constituent,,Uncharged,Non-ionizable,COc1ccc(OC)c(Cl)c1
284,A-944,-2.71429469,OCCOC1=CC2=CC=CC=C2C=C1,0.0,G1,A,mono-constituent,,Uncharged,Non-ionizable,OCCOc1ccc2ccccc2c1
285,A-950,-3.613249563,CCCCOC1=CC=CC=C1,0.0,G1,A,mono-constituent,,Uncharged,Non-ionizable,CCCCOc1ccccc1
286,A-951,-3.937488879,O=C(OCCOCCOC(=O)C1=CC=CC=C1)C1=CC=CC=C1,0.018444614,G5,A,mono-constituent,,Uncharged,Non-ionizable,O=C(OCCOCCOC(=O)c1ccccc1)c1ccccc1
287,A-954,-3.702452078,ClC1=CC=C(Cl)C(Cl)=C1,0.124041556,G5,A,mono-constituent,,Uncharged,Non-ionizable,Clc1ccc(Cl)c(Cl)c1
288,A-960,0.88436592,COC,0.444404931,G3,A,mono-constituent,,Uncharged,Non-ionizable,COC
289,A-967,-2.790216782,BrCCCCBr,0.0,G1,A,mono-constituent,,Uncharged,Non-ionizable,BrCCCCBr
290,A-969,-3.567368139,C1CCC2=CC=CC=C2C1,0.352069764,G5,A,mono-constituent,,Uncharged,Non-ionizable,c1ccc2c(c1)CCCC2
291,A-971,-3.86815387,CCCCOC(=O)CCCCC(=O)OCCCC,0.0,G1,A,mono-constituent,,Uncharged,Non-ionizable,CCCCOC(=O)CCCCC(=O)OCCCC
292,A-972,-3.956081947,CCOP(=O)(C(=O)C1=C(C)C=C(C)C=C1C)C1=CC=CC=C1,0.0,G1,A,mono-constituent,Non Valid pH,Uncharged,Non-ionizable,CCOP(=O)(C(=O)c1c(C)cc(C)cc1C)c1ccccc1
293,A-976,-2.819336696,C=CC(=O)OCCCCCCOC(=O)C=C,0.01050419,G3,A,mono-constituent,,Uncharged,Non-ionizable,C=CC(=O)OCCCCCCOC(=O)C=C
294,A-986,-2.647537233,CC1=CCC(CC#N)C1(C)C,0.0,G1,A,multi-constituent,,Uncharged,Non-ionizable,CC1=CCC(CC#N)C1(C)C
295,A-990,-3.021359064,CC(=O)OC(C)(C)C1CCC(C)=CC1,0.0,G1,A,,Cosolvent Buffer,Uncharged,Non-ionizable,CC(=O)OC(C)(C)C1CC=C(C)CC1
296,A-991,-2.87422578,C=CCOC1=NC(OCC=C)=NC(OCC=C)=N1,0.526719677,G4,A,mono-constituent,,Uncharged,Non-ionizable,C=CCOc1nc(OCC=C)nc(OCC=C)n1
297,A-994,-1.69697299,CC(O)C(C)CC1=CC=CC=C1,0.0,G1,A,multi-constituent,,Uncharged,Non-ionizable,CC(O)C(C)Cc1ccccc1
298,A-995,-2.816496397,CCCCC(C(=O)OCC)C(=O)OCC,0.0,G1,A,mono-constituent,,Uncharged,Non-ionizable,CCCCC(C(=O)OCC)C(=O)OCC
299,A-997,-3.727695225,FC(F)(F)C1=CC=C(Cl)C=C1,0.0,G1,A,mono-constituent,,Uncharged,Non-ionizable,FC(F)(F)c1ccc(Cl)cc1
300,A-999,-3.903732091,CC=COC1CCC(CC1)OC=CC,0.023371702,G3,A,,,Uncharged,Non-ionizable,CC=COC1CCC(OC=CC)CC1
301,A-1000,-3.8838495,O=C1CCCCCCCCCOCCCCCO1,0.0,G1,A,mono-constituent,,Uncharged,Non-ionizable,O=C1CCCCCCCCCOCCCCCO1
302,A-1002,-6.451104534,CCCCCCCCCCC(C)CCCCCCCC,0.0,G1,A,,,Uncharged,Non-ionizable,CCCCCCCCCCC(C)CCCCCCCC
303,A-1005,-3.791782061,CC(CC1=CC=C(C=C1)C(C)(C)C)C=O,0.067349287,G3,A,mono-constituent,,Uncharged,Non-ionizable,CC(C=O)Cc1ccc(C(C)(C)C)cc1
304,A-1009,-2.51054501,CCC(C)(C)Cl,0.500659021,G2,A,mono-constituent,,Uncharged,Non-ionizable,CCC(C)(C)Cl
305,A-1013,-2.776432949,CC(C)(C)OOC(=O)C1=CC=CC=C1,0.0,G1,A,mono-constituent,,Uncharged,Non-ionizable,CC(C)(C)OOC(=O)c1ccccc1
306,A-1014,-1.314722844,CC(F)F,0.028995974,G3,A,mono-constituent,,Uncharged,Non-ionizable,CC(F)F
307,A-1015,-2.694289782,CCC(C)(O)CCCC(C)C,0.051152522,G3,A,mono-constituent,,Uncharged,Non-ionizable,CCC(C)(O)CCCC(C)C
308,A-1016,-2.750681924,COC1=CC=C2NC(=S)NC2=C1,0.0,G1,A,mono-constituent,,Uncharged,Non-ionizable,COc1ccc2[nH]c(=S)[nH]c2c1
309,A-1018,-2.667770969,FC(F)(F)Br,0.0,G1,A,mono-constituent,,Uncharged,Non-ionizable,FC(F)(F)Br
310,A-1021,-3.919173798,C(OC1=CC2=CC=CC(OCC3CO3)=C2C=C1)C1CO1,0.0,G1,A,mono-constituent,,Uncharged,Non-ionizable,c1cc(OCC2CO2)c2ccc(OCC3CO3)cc2c1
311,A-1022,-3.746150762,CC(C)=CCCC(C)=CCOC=O,0.0,G1,A,mono-constituent,,Uncharged,Non-ionizable,CC(C)=CCCC(C)=CCOC=O
312,A-1023,-4.566123099,[Pb],0.0,G1,A,,Cosolvent Buffer,Uncharged,Non-ionizable,[Pb]
313,A-1024,-3.802676912,CC1CC=C(C)C(C=CC(C)=O)C1(C)C,0.0,G1,A,multi-constituent,,Uncharged,Non-ionizable,CC(=O)C=CC1C(C)=CCC(C)C1(C)C
314,A-1025,-3.095972537,CO[SiH](CC1CCCCC1)OC,0.0,G1,A,,,Uncharged,Non-ionizable,CO[SiH](CC1CCCCC1)OC
315,A-1028,-4.08795879,CC1=CC=CC2=C1NC(=S)N2,0.0,G1,A,multi-constituent,,Uncharged,Non-ionizable,Cc1cccc2[nH]c(=S)[nH]c12
316,A-1030,-2.858808721,O=S(CC1=CC=CC=C1)CC1=CC=CC=C1,0.0,G1,A,mono-constituent,,Uncharged,Non-ionizable,[O-][S+](Cc1ccccc1)Cc1ccccc1
317,A-1032,-2.713250998,CC(C)(N=NC(C)(C)C#N)C#N,0.020957076,G3,A,mono-constituent,,Uncharged,Non-ionizable,CC(C)(C#N)N=NC(C)(C)C#N
318,A-1033,-2.653206406,CCC(C)COC(=O)C=C,0.0,G1,A,mono-constituent,,Uncharged,Non-ionizable,C=CC(=O)OCC(C)CC
319,A-1034,-2.732588375,ClC1=NC2=CC=CC=C2S1,0.0,G1,A,mono-constituent,,Uncharged,Non-ionizable,Clc1nc2ccccc2s1
320,A-1050,-3.803181261,CCC(=O)OC1C(C)CCCC1(C)C,0.0,G1,A,,,Uncharged,Non-ionizable,CCC(=O)OC1C(C)CCCC1(C)C
321,A-1051,-3.796856222,COC(=O)C1=CC=C(C=C1)C(=O)OC,0.182252105,G5,A,mono-constituent,,Uncharged,Non-ionizable,COC(=O)c1ccc(C(=O)OC)cc1
322,A-1052,-3.769441651,CCCCCCCC1CCCC1=O,0.0,G1,A,mono-constituent,,Uncharged,Non-ionizable,CCCCCCCC1CCCC1=O
323,A-1053,-3.86327488,O=C(CC1=CC=CC=C1)OCC1=CC=CC=C1,0.0,G1,A,mono-constituent,,Uncharged,Non-ionizable,O=C(Cc1ccccc1)OCc1ccccc1
324,A-1056,-2.830299065,CN(C)C(=S)SC(=S)N(C)C,0.0,G1,A,mono-constituent,,Uncharged,Non-ionizable,CN(C)C(=S)SC(=S)N(C)C
325,A-1058,-2.706734458,CC(CCO)CCC=C(C)C,0.00500856,G3,A,mono-constituent,,Uncharged,Non-ionizable,CC(C)=CCCC(C)CCO
326,A-1059,-2.701095244,CCC(=O)C(C)CC=C(C)C,0.0,G1,A,mono-constituent,,Uncharged,Non-ionizable,CCC(=O)C(C)CC=C(C)C
327,A-1062,-1.445011049,S1C=CC=C1,0.057505525,G3,A,mono-constituent,,Uncharged,Non-ionizable,c1ccsc1
328,A-1066,-0.691340871,ClC(Cl)(Cl)C=O,1.220978419,G2,A,mono-constituent,,Uncharged,Non-ionizable,O=CC(Cl)(Cl)Cl
329,A-1067,-0.468101062,CCC(C)CO,0.0,G1,A,mono-constituent,,Uncharged,Non-ionizable,CCC(C)CO
330,A-1068,-0.468101062,CC(C)CCO,0.226090118,G5,A,mono-constituent,,Uncharged,Non-ionizable,CC(C)CCO
331,A-1070,-1.653826526,S1C=NC2=CC=CC=C12,0.0781736,G3,A,mono-constituent,,Uncharged,Non-ionizable,c1ccc2scnc2c1
332,A-1074,-3.739643636,O=[Mo]=O,0.0,G1,A,mono-constituent,,Uncharged,Non-ionizable,[Mo+4].[O-2].[O-2]
333,A-1076,-2.735417906,O=C1NC2=CC=CC=C2C(=O)O1,0.0,G1,A,mono-constituent,Unstable,Uncharged,Non-ionizable,O=c1[nH]c2ccccc2c(=O)o1
334,A-1077,-2.849722352,OC(C(=O)C1=CC=CC=C1)C1=CC=CC=C1,0.485138824,G3,A,mono-constituent,Non Valid pH,Uncharged,Non-ionizable,O=C(c1ccccc1)C(O)c1ccccc1
335,A-1080,-2.637593121,CCCCCCCCO,0.261376444,G5,A,mono-constituent,,Uncharged,Non-ionizable,CCCCCCCCO
336,A-1082,-3.715606233,O=[Te]=O,1.57395916,G4,A,mono-constituent,,Uncharged,Non-ionizable,O=[Te]=O
337,A-1088,-3.81577692,CC(C)=CCCC(C)(OC(C)=O)C=C,0.0,G1,A,mono-constituent,,Uncharged,Non-ionizable,C=CC(C)(CCC=C(C)C)OC(C)=O
338,A-1094,-4.645140005,CCCCC(CC)COC(C)=O,0.0,G1,A,mono-constituent,,Uncharged,Non-ionizable,CCCCC(CC)COC(C)=O
339,A-1095,-4.63242095,CCCCCCCCC(C)C#N,0.0,G1,A,mono-constituent,,Uncharged,Non-ionizable,CCCCCCCCC(C)C#N
340,A-1097,-4.458990177,CC(C)CCCC=C,0.521201924,G2,A,UVCB,Non Valid pH,Uncharged,Non-ionizable,C=CCCCC(C)C
341,A-1099,-4.958733139,CCCCOCCOC(=O)CCCCC(=O)OCCOCCCC,0.711698199,G2,A,mono-constituent,,Uncharged,Non-ionizable,CCCCOCCOC(=O)CCCCC(=O)OCCOCCCC
342,A-1100,-4.692503939,CC(C1=CC=CC=C1)C1=CC=CC=C1,0.154027347,G5,A,mono-constituent,,Uncharged,Non-ionizable,CC(c1ccccc1)c1ccccc1
343,A-1101,-4.692503939,CC1=CC=CC=C1CC1=CC=CC=C1,0.0,G1,A,mono-constituent,,Uncharged,Non-ionizable,Cc1ccccc1Cc1ccccc1
344,A-1105,-4.995753937,CC(=O)OC1(CCC2C3CCC4=CC(=O)CCC4C3CCC12C)C(C)=O,0.0,G1,A,mono-constituent,Non Valid pH,Uncharged,Non-ionizable,CC(=O)OC1(C(C)=O)CCC2C3CCC4=CC(=O)CCC4C3CCC21C
345,A-1107,-4.820796026,O=C(OCC1=CC=CC=C1)C=CC1=CC=CC=C1,0.0,G1,A,mono-constituent,,Uncharged,Non-ionizable,O=C(C=Cc1ccccc1)OCc1ccccc1
346,A-1110,-5.493585254,O=C1NC(=NC(=N1)C1=CC=CC=C1)C1=CC=CC=C1,0.0,G1,A,mono-constituent,,Uncharged,Non-ionizable,O=c1nc(-c2ccccc2)nc(-c2ccccc2)[nH]1
347,A-1112,-4.810584984,CC(C)C(=O)OC(C)(CCC=C(C)C)C=C,0.0,G1,A,mono-constituent,Unstable,Uncharged,Non-ionizable,C=CC(C)(CCC=C(C)C)OC(=O)C(C)C
348,A-1113,-5.010576791,CC1=CC(C)=C(C(=O)P(=O)(C2=CC=CC=C2)C2=CC=CC=C2)C(C)=C1,0.254956884,G3,A,mono-constituent,,Uncharged,Non-ionizable,Cc1cc(C)c(C(=O)P(=O)(c2ccccc2)c2ccccc2)c(C)c1
349,A-1114,-5.02063787,CCCCC(CC)C(=O)OCC(C)(C)COC(=O)C(CC)CCCC,1.265739459,G2,A,mono-constituent,,Uncharged,Non-ionizable,CCCCC(CC)C(=O)OCC(C)(C)COC(=O)C(CC)CCCC
350,A-1116,-4.765268274,CCOC(=O)C1C(C=C(C)C)C1(C)C,0.0,G1,A,mono-constituent,,Uncharged,Non-ionizable,CCOC(=O)C1C(C=C(C)C)C1(C)C
351,A-1120,-4.870866208,CC(=O)C1=CC(=CC2=C1CCC2(C)C)C(C)(C)C,0.0,G1,A,mono-constituent,,Uncharged,Non-ionizable,CC(=O)c1cc(C(C)(C)C)cc2c1CCC2(C)C
352,A-1126,-4.805974161,CCCCC(CC)COC(=O)C(C)=C,0.282135457,G5,A,mono-constituent,,Uncharged,Non-ionizable,C=C(C)C(=O)OCC(CC)CCCC
353,A-1127,-4.680882096,CCCCC(CC)CCl,0.754291048,G2,A,mono-constituent,,Uncharged,Non-ionizable,CCCCC(CC)CCl
354,A-1129,-4.81481019,CCCCCCCCCCCCO,0.055575226,G3,A,multi-constituent,Multi-constituent Substances,Uncharged,Non-ionizable,CCCCCCCCCCCCO
355,A-1132,-4.960875455,C=CC(=O)OCCCCCCCCCCOC(=O)C=C,0.0,G1,A,mono-constituent,,Uncharged,Non-ionizable,C=CC(=O)OCCCCCCCCCCOC(=O)C=C
356,A-1133,-5.006428958,CC1CC(=O)CC2CCC3C4CCC(O)C4(C)CCC3C12C,0.0,G1,A,mono-constituent,,Uncharged,Non-ionizable,CC1CC(=O)CC2CCC3C4CCC(O)C4(C)CCC3C12C
357,A-1137,-5.394292294,CCCCC(CC)COC(=O)CS[Sn](C)(SCC(=O)OCC(CC)CCCC)SCC(=O)OCC(CC)CCCC,0.195463383,G5,A,mono-constituent,,Uncharged,Non-ionizable,CCCCC(CC)COC(=O)C[S][Sn]([CH3])([S]CC(=O)OCC(CC)CCCC)[S]CC(=O)OCC(CC)CCCC
358,A-1139,-4.886549003,ClC(=O)OCCOCCOC(Cl)=O,0.0,G1,A,mono-constituent,Unstable,Uncharged,Non-ionizable,O=C(Cl)OCCOCCOC(=O)Cl
359,A-1141,-2.825873142,OCC1=CC=CC(OC2=CC=CC=C2)=C1,0.041686585,G3,A,mono-constituent,,Uncharged,Non-ionizable,OCc1cccc(Oc2ccccc2)c1
360,A-1144,-2.73434753,COC(=O)C=CC1=CC=CC=C1,0.035763211,G5,A,mono-constituent,,Uncharged,Non-ionizable,COC(=O)C=Cc1ccccc1
361,A-1148,-2.778226795,COC1=CC=C(C=CC)C=C1OC,0.0,G1,A,mono-constituent,,Uncharged,Non-ionizable,CC=Cc1ccc(OC)c(OC)c1
362,A-1153,-3.04954214,CC(C)(COCCCOC(=O)C=C)COCCCOC(=O)C=C,0.0,G1,A,,,Uncharged,Non-ionizable,C=CC(=O)OCCCOCC(C)(C)COCCCOC(=O)C=C
363,A-1154,-1.602059991,CCCCCOC=O,0.0,G1,A,mono-constituent,,Uncharged,Non-ionizable,CCCCCOC=O
364,A-1155,-2.825819918,COC(=O)C1=CC(=CC=C1)C(=O)OC,0.0,G1,A,mono-constituent,,Uncharged,Non-ionizable,COC(=O)c1cccc(C(=O)OC)c1
365,A-1156,-2.555269616,C=CC1=CC=CC=C1,0.10480843,G5,A,mono-constituent,,Uncharged,Non-ionizable,C=Cc1ccccc1
366,A-1157,-3.755421034,CCCCCCOC(=O)C(C)=C,0.0,G1,A,mono-constituent,,Uncharged,Non-ionizable,C=C(C)C(=O)OCCCCCC
367,A-1161,-3.843268562,CCCCCC(CO)CC1=CC=CC=C1,0.0,G1,A,multi-constituent,,Uncharged,Non-ionizable,CCCCCC(CO)Cc1ccccc1
368,A-1163,-3.725525503,CCCCCCCCCC=O,0.0,G1,A,mono-constituent,,Uncharged,Non-ionizable,CCCCCCCCCC=O
369,A-1165,-3.830500177,CC(C)=CCCC(C)=CCOC(C)=O,0.0,G1,A,mono-constituent,,Uncharged,Non-ionizable,CC(=O)OCC=C(C)CCC=C(C)C
370,A-1167,-3.79357605,CC(CCC=C(C)CCC=O)C=C,0.0,G1,A,multi-constituent,,Uncharged,Non-ionizable,C=CC(C)CCC=C(C)CCC=O
371,A-1168,-0.647983703,COC(=O)C(F)(F)F,0.0,G1,A,mono-constituent,,Uncharged,Non-ionizable,COC(=O)C(F)(F)F
372,A-1172,-1.716017996,CC(=O)CCC1=CC=CC=C1,0.0,G1,A,mono-constituent,,Uncharged,Non-ionizable,CC(=O)CCc1ccccc1
373,A-1174,-2.792724534,CC(=O)OCC=CC1=CC=CC=C1,0.021112999,G3,A,mono-constituent,,Uncharged,Non-ionizable,CC(=O)OCC=Cc1ccccc1
374,A-1177,-6.692582562,CC(=O)OC1=CC=C(C=C1C1C(=O)OC2=CC=C(C=C12)C(C)(C)CC(C)(C)C)C(C)(C)CC(C)(C)C,0.0,G1,A,mono-constituent,,Uncharged,Non-ionizable,CC(=O)Oc1ccc(C(C)(C)CC(C)(C)C)cc1C1C(=O)Oc2ccc(C(C)(C)CC(C)(C)C)cc21
375,A-1181,-2.749344685,CCC(C)CCCC(C)(C)O,0.0,G1,A,mono-constituent,,Uncharged,Non-ionizable,CCC(C)CCCC(C)(C)O
376,A-1186,-3.112109244,CC12CC(O)C3C(CCC4=CC(=O)CCC34C)C1CCC2(O)C(=O)CO,0.029004622,G3,A,mono-constituent,,Uncharged,Non-ionizable,CC12CCC(=O)C=C1CCC1C2C(O)CC2(C)C1CCC2(O)C(=O)CO
377,A-1193,-3.842746406,CC(CO)CCC1CC=C(C)C1(C)C,0.0,G1,A,multi-constituent,,Uncharged,Non-ionizable,CC1=CCC(CCC(C)CO)C1(C)C
378,A-1197,-3.103262125,CC(C)(C)C1CCC(O)CC1,0.16902609,G5,A,multi-constituent,,Uncharged,Non-ionizable,CC(C)(C)C1CCC(O)CC1
379,A-1203,-1.45340682,CCCCl,1.412541584,G4,A,mono-constituent,,Uncharged,Non-ionizable,CCCCl
380,A-1206,-2.796418719,CC(=O)C1=CC2=CC=CC=C2C=C1,0.0,G1,A,mono-constituent,,Uncharged,Non-ionizable,CC(=O)c1ccc2ccccc2c1
381,A-1209,-1.621664713,CC(Cl)CCl,0.007897134,G3,A,mono-constituent,,Uncharged,Non-ionizable,CC(Cl)CCl
382,A-1212,-3.760107067,CC(C)CCOCCC(C)C,0.430853533,G3,A,mono-constituent,,Uncharged,Non-ionizable,CC(C)CCOCCC(C)C
383,A-1214,-3.775545726,CC1=CC=C(Cl)C(Cl)=C1,0.008177137,G3,A,mono-constituent,,Uncharged,Non-ionizable,Cc1ccc(Cl)c(Cl)c1
384,A-1222,-3.002154647,CC(C)COP(=O)(OCC(C)C)OCC(C)C,0.0,G1,A,mono-constituent,,Uncharged,Non-ionizable,CC(C)COP(=O)(OCC(C)C)OCC(C)C
385,A-1225,-1.756647676,COC(=O)C1=CC=CC=C1C,0.0,G1,A,mono-constituent,,Uncharged,Non-ionizable,COC(=O)c1ccccc1C
386,A-1226,-2.32906904,CC(C)=C,0.0,G1,A,mono-constituent,,Uncharged,Non-ionizable,C=C(C)C
387,A-1227,-0.817681412,CC(=O)OCC(OC(C)=O)C=C,0.0,G1,A,,,Uncharged,Non-ionizable,C=CC(COC(C)=O)OC(C)=O
388,A-1233,-3.791936142,CC1=C(Cl)C=CC=C1Cl,0.0,G1,A,mono-constituent,,Uncharged,Non-ionizable,Cc1c(Cl)cccc1Cl
389,A-1234,-3.845829997,O=C1CCCCCCCCCCC1,0.119119583,G3,A,mono-constituent,,Uncharged,Non-ionizable,O=C1CCCCCCCCCCC1
390,A-1235,-1.772080431,CC(C)=CCCC(C)(O)C#C,0.0,G1,A,mono-constituent,Non Valid pH,Uncharged,Non-ionizable,C#CC(C)(O)CCC=C(C)C
391,A-1243,-2.204723233,CCCC1CC(C)(CCO1)OC(C)=O,0.0,G1,A,,,Uncharged,Non-ionizable,CCCC1CC(C)(OC(C)=O)CCO1
392,A-1254,-3.808969481,CC1=CC=C(Cl)C=C1Cl,0.247425011,G3,A,mono-constituent,,Uncharged,Non-ionizable,Cc1ccc(Cl)cc1Cl
393,A-1255,-4.156442533,COC1OC(COS(=O)(=O)C2=CC=C(C)C=C2)C2OC(C)(C)OC12,0.0,G1,A,,,Uncharged,Non-ionizable,COC1OC(COS(=O)(=O)c2ccc(C)cc2)C2OC(C)(C)OC12
394,A-1256,-2.689083393,COC1=CC=CC=C1C,0.0,G1,A,mono-constituent,,Uncharged,Non-ionizable,COc1ccccc1C
395,A-1263,-2.749354496,ClC1=CC=C(C=C1)C#N,0.0,G1,A,mono-constituent,,Uncharged,Non-ionizable,N#Cc1ccc(Cl)cc1
396,A-1269,-2.785256582,CC(C)C1=CC=C(C=O)C=C1,0.307196863,G3,A,mono-constituent,,Uncharged,Non-ionizable,CC(C)c1ccc(C=O)cc1
397,A-1270,-2.969024542,CC(=C)C(=O)OCCCCOC(=O)C(C)=C,0.0,G1,A,mono-constituent,,Uncharged,Non-ionizable,C=C(C)C(=O)OCCCCOC(=O)C(=C)C
398,A-1274,-1.84670557,CCC(=O)C1=CC=CC(Cl)=C1,0.0,G1,A,mono-constituent,,Uncharged,Non-ionizable,CCC(=O)c1cccc(Cl)c1
399,A-1275,-1.796392183,C(OC1=CC=CC=C1)C1CO1,0.0,G1,A,mono-constituent,,Uncharged,Non-ionizable,c1ccc(OCC2CO2)cc1
400,A-1277,-4.0179592,O=C1CCCCCCCCCCOCCCCO1,0.0,G1,A,mono-constituent,,Uncharged,Non-ionizable,O=C1CCCCCCCCCCOCCCCO1
401,A-1280,-3.806483007,CC(C)CCCC(C)CC=O,0.0,G1,A,mono-constituent,Non Valid pH,Uncharged,Non-ionizable,CC(C)CCCC(C)CC=O
402,A-1287,-4.054976729,CC12CCC3C(CCC4=C3CCC(=O)C4)C1CCC2=O,0.009241703,G3,A,mono-constituent,,Uncharged,Non-ionizable,CC12CCC3C4=C(CCC3C1CCC2=O)CC(=O)CC4
403,A-1288,-1.710756249,CCCBr,0.014259394,G5,A,mono-constituent,,Uncharged,Non-ionizable,CCCBr
404,A-1289,-2.779325494,COC1=CC=C(Cl)C=C1,0.0,G1,A,mono-constituent,,Uncharged,Non-ionizable,COc1ccc(Cl)cc1
405,A-1290,-3.203737155,CC1CC2C3CC(F)C4=CC(=O)C=CC4(C)C3C(O)CC2(C)C1C(=O)CO,0.062858802,G5,A,mono-constituent,,Uncharged,Non-ionizable,CC1CC2C3CC(F)C4=CC(=O)C=CC4(C)C3C(O)CC2(C)C1C(=O)CO
406,A-1294,-3.400175355,ClCCOP(=O)(OCCCl)OCC(CCl)(CCl)COP(=O)(OCCCl)OCCCl,0.0,G1,A,mono-constituent,,Uncharged,Non-ionizable,O=P(OCCCl)(OCCCl)OCC(CCl)(CCl)COP(=O)(OCCCl)OCCCl
407,A-1298,-1.91532641,CCC1=C2NC=C(CCO)C2=CC=C1,0.0,G1,A,,Non Valid pH,Uncharged,Non-ionizable,CCc1cccc2c(CCO)c[nH]c12
408,A-1302,-3.976401784,CCOC(C)OC(C)(CCC=C(C)C)C=C,0.0,G1,A,mono-constituent,,Uncharged,Non-ionizable,C=CC(C)(CCC=C(C)C)OC(C)OCC
409,A-1304,-3.882202908,O=C(C1=CC=CC=C1)C1=CC=CC=C1,0.379151454,G3,A,mono-constituent,,Uncharged,Non-ionizable,O=C(c1ccccc1)c1ccccc1
410,A-1305,-3.920758898,CCCC(=O)OC(C)C1CCCCC1,0.0,G1,A,mono-constituent,,Uncharged,Non-ionizable,CCCC(=O)OC(C)C1CCCCC1
411,A-1306,-4.122768724,CCC1(CC=C2CCCC3=CC(OC)=CC=C23)C(O)CCC1=O,0.0,G1,A,mono-constituent,,Uncharged,Non-ionizable,CCC1(CC=C2CCCc3cc(OC)ccc32)C(=O)CCC1O
412,A-1308,-3.758607848,CCC(C)C1=CC=CC=C1,0.264323878,G5,A,,,Uncharged,Non-ionizable,CCC(C)c1ccccc1
413,A-1311,-3.931170339,CC(=O)OC(C)(C)C1CCC(C)=CC1,0.0,G1,A,mono-constituent,,Uncharged,Non-ionizable,CC(=O)OC(C)(C)C1CC=C(C)CC1
414,A-1312,-3.985352266,CC(C)=CCCC(C)=CCCC(C)(O)C=C,0.106254362,G3,A,multi-constituent,,Uncharged,Non-ionizable,C=CC(C)(O)CCC=C(C)CCC=C(C)C
415,A-1313,-4.043662925,CC(=C)C(=O)OCCCCCCOC(=O)C(C)=C,0.0,G1,A,mono-constituent,,Uncharged,Non-ionizable,C=C(C)C(=O)OCCCCCCOC(=O)C(=C)C
416,A-1325,-2.015948507,CCCCOCCOCCOC(=O)C(C)=C,0.030943495,G3,A,mono-constituent,,Uncharged,Non-ionizable,C=C(C)C(=O)OCCOCCOCCCC
417,A-1328,-2.884634649,CC(=O)C1=CC=CC2=CC=CC=C12,0.0,G1,A,mono-constituent,,Uncharged,Non-ionizable,CC(=O)c1cccc2ccccc12
418,A-1334,-0.602799636,CCCCCO,0.010101693,G3,A,mono-constituent,,Uncharged,Non-ionizable,CCCCCO
419,A-1336,-1.758481787,CC(=C)C(=O)OCC=C,0.00804341,G3,A,mono-constituent,,Uncharged,Non-ionizable,C=CCOC(=O)C(=C)C
420,A-1337,-3.314476262,FC(F)(I)C(F)(F)C(F)(F)C(F)(F)I,0.0,G1,A,mono-constituent,,Uncharged,Non-ionizable,FC(F)(I)C(F)(F)C(F)(F)C(F)(F)I
421,A-1341,-3.933735783,CC(C)CCOCCC1=CC=CC=C1,0.0,G1,A,mono-constituent,,Uncharged,Non-ionizable,CC(C)CCOCCc1ccccc1
422,A-1346,-1.706753006,ClCC=CCl,0.173794953,G5,A,mono-constituent,Non Valid pH,Uncharged,Non-ionizable,ClC=CCCl
423,A-1349,-2.998795888,CCCCCC1COCCC1OC(C)=O,0.0,G1,A,multi-constituent,,Uncharged,Non-ionizable,CCCCCC1COCCC1OC(C)=O
424,A-1354,-3.016846171,CCO[Si](CC(C)C)(OCC)OCC,0.195918705,G3,A,mono-constituent,Unstable,Uncharged,Non-ionizable,CCO[Si](CC(C)C)(OCC)OCC
425,A-1357,-3.045838317,CCOC(=O)C(C)(C)C1=CC=CC=C1,0.0,G1,A,mono-constituent,,Uncharged,Non-ionizable,CCOC(=O)C(C)(C)c1ccccc1
426,A-1361,-1.559422096,S=C=S,0.13050191,G5,A,mono-constituent,,Uncharged,Non-ionizable,S=C=S
427,A-1362,-1.811798351,COC(=O)C1=CC=CC=C1,0.019100825,G3,A,mono-constituent,,Uncharged,Non-ionizable,COC(=O)c1ccccc1
428,A-1363,-2.918005419,CCCCCCCC(OC)OC,0.0,G1,A,mono-constituent,,Uncharged,Non-ionizable,CCCCCCCC(OC)OC
429,A-1366,-3.8931862,C=CCCCCCCCCC=O,0.0,G1,A,mono-constituent,,Uncharged,Non-ionizable,C=CCCCCCCCCC=O
430,A-1377,-1.869107387,COC1=CC=CC(=C1)C(C)=O,0.072145199,G3,A,mono-constituent,,Uncharged,Non-ionizable,COc1cccc(C(C)=O)c1
431,A-1381,-1.769197233,N1C=NC2=CC=CC=C12,0.0,G1,A,mono-constituent,,Uncharged,Non-ionizable,c1ccc2[nH]cnc2c1
432,A-1383,-3.020394269,ClCCCN1C(=O)NC2=CC=CC=C12,0.0,G1,A,mono-constituent,,Uncharged,Non-ionizable,O=c1[nH]c2ccccc2n1CCCCl
433,A-1390,-3.329074326,CCCCC(CC)COC(=O)CCCCCCCCC(=O)OCC(CC)CCCC,0.0,G1,A,mono-constituent,,Uncharged,Non-ionizable,CCCCC(CC)COC(=O)CCCCCCCCC(=O)OCC(CC)CCCC
434,A-1392,-2.573579366,[AsH3],0.76249522,G4,A,mono-constituent,,Uncharged,Non-ionizable,[AsH3]
435,A-1397,-4.225003779,CC12CCC3C(CCC4=CC(=O)CCC34C)C1CCC21CCC(=O)O1,0.0,G1,A,mono-constituent,,Uncharged,Non-ionizable,CC12CCC(=O)C=C1CCC1C2CCC2(C)C1CCC21CCC(=O)O1
436,A-1399,-4.226234297,CCC(COC(=O)C(C)=C)(COC(=O)C(C)=C)COC(=O)C(C)=C,0.094632852,G3,A,mono-constituent,,Uncharged,Non-ionizable,C=C(C)C(=O)OCC(CC)(COC(=O)C(=C)C)COC(=O)C(=C)C
437,A-1401,-3.930174452,COC1CC(C)CCC1C(C)C,0.0,G1,A,,,Uncharged,Non-ionizable,COC1CC(C)CCC1C(C)C
438,A-1404,-4.670405271,CC1=CCC2C(C1)C2(C)C,0.38752079,G5,A,multi-constituent,Multi-constituent Substances,Uncharged,Non-ionizable,CC1=CCC2C(C1)C2(C)C
439,A-1405,-4.883187113,O=C1CCCCCCCCCCC=CCC1,0.0,G1,A,mono-constituent,,Uncharged,Non-ionizable,O=C1CCC=CCCCCCCCCCC1
440,A-1406,-4.448167715,O=[Zn],0.0,G1,A,mono-constituent,,Uncharged,Non-ionizable,[O-2].[Zn+2]
441,A-1407,-4.843927714,CC1=CC=CC=C1OC1=CC=CC=C1C,0.0,G1,A,,,Uncharged,Non-ionizable,Cc1ccccc1Oc1ccccc1C
442,A-1409,-4.782393555,CC(C)C1=CC=CC2=CC=CC=C12,0.0,G1,A,multi-constituent,,Uncharged,Non-ionizable,CC(C)c1cccc2ccccc12
443,A-1420,-4.941791315,CC1CC2=C(CC1(C)C(C)=O)C(C)(C)CCC2,0.0,G1,A,multi-constituent,,Uncharged,Non-ionizable,CC(=O)C1(C)CC2=C(CCCC2(C)C)CC1C
444,A-1423,-5.082600349,CCCCCCOC(=O)CCCCC(=O)OCCCCCC,0.0,G1,A,mono-constituent,Non Valid pH,Uncharged,Non-ionizable,CCCCCCOC(=O)CCCCC(=O)OCCCCCC
445,A-1425,-5.394286712,CCCCC(CC)COC(=O)CS[Sn](CCCC)(CCCC)SCC(=O)OCC(CC)CCCC,0.0,G1,A,mono-constituent,Non Valid pH,Uncharged,Non-ionizable,CCCCC(CC)COC(=O)C[S][Sn]([CH2]CCC)([CH2]CCC)[S]CC(=O)OCC(CC)CCCC
446,A-1429,-5.022602512,CC1CCC2=C1CC(CCC2C)C(C)(C)OC(C)=O,0.0,G1,A,,,Uncharged,Non-ionizable,CC(=O)OC(C)(C)C1CCC(C)C2=C(C1)C(C)CC2
447,A-1432,-4.953059619,CC(C)CCCC(C)CCCC(C)(O)C#C,0.159379381,G3,A,mono-constituent,Non Valid pH,Uncharged,Non-ionizable,C#CC(C)(O)CCCC(C)CCCC(C)C
448,A-1433,-4.798650645,[Gd],0.0,G1,A,mono-constituent,,Uncharged,Non-ionizable,[Gd]
449,A-1436,-4.954296793,FC(F)=C(F)OC(F)(F)C(F)(F)F,0.0,G1,A,mono-constituent,,Uncharged,Non-ionizable,FC(F)=C(F)OC(F)(F)C(F)(F)F
450,A-1440,-4.688326948,CC(=C)CC(C)(C)C,0.0,G1,A,mono-constituent,,Uncharged,Non-ionizable,C=C(C)CC(C)(C)C
451,A-1445,-5.130514687,O,0.0,G1,A,UVCB,Multi-constituent Substances,Uncharged,Non-ionizable,O
452,A-1447,-5.114568529,CC(C)(C)OOC(C)(C)C#CC(C)(C)OOC(C)(C)C,0.0,G1,A,mono-constituent,Unstable,Uncharged,Non-ionizable,CC(C)(C)OOC(C)(C)C#CC(C)(C)OOC(C)(C)C
453,A-1452,-5.189881345,CCCCOC(=O)CCC(C)(OOC(C)(C)C)OOC(C)(C)C,0.0,G1,A,mono-constituent,Non Valid pH,Uncharged,Non-ionizable,CCCCOC(=O)CCC(C)(OOC(C)(C)C)OOC(C)(C)C
454,A-1453,-5.023776406,ClC1=C(Cl)C(=O)C2=CC=CC=C2C1=O,0.793620271,G4,A,mono-constituent,,Uncharged,Non-ionizable,O=C1C(Cl)=C(Cl)C(=O)c2ccccc21
455,A-1455,-5.438370605,CC1(C)C2CCC1(C)C(=O)C2,0.014908115,G3,A,,Multi-constituent Substances,Uncharged,Non-ionizable,CC12CCC(CC1=O)C2(C)C
456,A-1457,-4.786382933,O=[Cd],0.0,G1,A,mono-constituent,,Uncharged,Non-ionizable,[Cd+2].[O-2]
457,A-1461,-5.043933097,ClC1=CC=CC=C1C(Cl)(Cl)Cl,0.0,G1,A,mono-constituent,,Uncharged,Non-ionizable,Clc1ccccc1C(Cl)(Cl)Cl
458,A-1462,-4.985758302,CCCCCCCCCCOC(C)=O,0.0,G1,A,mono-constituent,Non Valid pH,Uncharged,Non-ionizable,CCCCCCCCCCOC(C)=O
459,A-1466,-3.662354453,CCCCC(C#N)C1=CC=CC=C1,0.0,G1,A,mono-constituent,,Uncharged,Non-ionizable,CCCCC(C#N)c1ccccc1
460,A-1467,-4.333192393,FC(F)(F)C(Cl)(Cl)Cl,0.0,G1,A,mono-constituent,,Uncharged,Non-ionizable,FC(F)(F)C(Cl)(Cl)Cl
461,A-1468,-5.000794033,CC(C)CCCCCCCCCCO,0.313980408,G5,A,UVCB,,Uncharged,Non-ionizable,CC(C)CCCCCCCCCCO
462,A-1472,-4.87307926,O=[Zr],0.740463459,G4,A,,,Uncharged,Non-ionizable,[O-2].[Zr+2]
463,A-1473,-5.155961214,CC(C)OC(=O)CCCCCCCCC(=O)OC(C)C,0.0,G1,A,mono-constituent,,Uncharged,Non-ionizable,CC(C)OC(=O)CCCCCCCCC(=O)OC(C)C
464,A-1475,-5.156094631,CCCCCCC(O)CCCCCCCCCCCO,0.150514998,G3,A,mono-constituent,,Uncharged,Non-ionizable,CCCCCCC(O)CCCCCCCCCCCO
465,A-1476,-5.089686144,ClC1=C(Cl)C(=O)C(Cl)=C(Cl)C1=O,1.048443072,G2,A,mono-constituent,,Uncharged,Non-ionizable,O=C1C(Cl)=C(Cl)C(=O)C(Cl)=C1Cl
466,A-1481,-2.870073641,CCC(=O)OCCC(C)C,0.0,G1,A,mono-constituent,,Uncharged,Non-ionizable,CCC(=O)OCCC(C)C
467,A-1482,-3.059278372,CC(=C)C1CC(CCC1(C)C=C)C(C)(C)O,0.0,G1,A,mono-constituent,,Uncharged,Non-ionizable,C=CC1(C)CCC(C(C)(C)O)CC1C(=C)C
468,A-1484,-1.821931715,CCCCCC(O)C=C,0.0,G1,A,mono-constituent,,Uncharged,Non-ionizable,C=CC(O)CCCCC
469,A-1485,-2.888798283,FC(F)=C(F)C(F)(F)F,0.050496066,G5,A,mono-constituent,,Uncharged,Non-ionizable,FC(F)=C(F)C(F)(F)F
470,A-1488,-4.875700653,CCC12CCC3C(CCC4=CC(OC)=CC=C34)C1CCC2O,0.0,G1,A,mono-constituent,,Uncharged,Non-ionizable,CCC12CCC3c4ccc(OC)cc4CCC3C1CCC2O
471,A-1489,-3.097609749,CC(C)(C1CCC(O)CC1)C1CCC(O)CC1,0.0,G1,A,mono-constituent,,Uncharged,Non-ionizable,CC(C)(C1CCC(O)CC1)C1CCC(O)CC1
472,A-1490,1.582313338,COCCOCCO[Si](CCCOCC1CO1)(OCCOCCOC)OCCOCCOC,0.0,G1,A,mono-constituent,,Uncharged,Non-ionizable,COCCOCCO[Si](CCCOCC1CO1)(OCCOCCOC)OCCOCCOC
473,A-1495,-1.723390854,CC(F)(F)Cl,0.066312783,G3,A,mono-constituent,,Uncharged,Non-ionizable,CC(F)(F)Cl
474,A-1497,-1.437441792,FCF,0.194414763,G5,A,mono-constituent,,Uncharged,Non-ionizable,FCF
475,A-1503,-3.653340518,C[Si](C)(C)C,0.0,G1,A,mono-constituent,,Uncharged,Non-ionizable,C[Si](C)(C)C
476,A-1505,-4.524775941,ClC1=CC(C2=NC3=CC=C4C(=O)C5=CC=CC=C5C(=O)C4=C3N2)=C(Cl)C=C1C1=NC2=CC=C3C(=O)C4=CC=CC=C4C(=O)C3=C2N1,0.0,G1,A,,Prediction Estimation,Uncharged,Non-ionizable,O=C1c2ccccc2C(=O)c2c1ccc1nc(-c3cc(Cl)c(-c4nc5ccc6c(c5[nH]4)C(=O)c4ccccc4C6=O)cc3Cl)[nH]c21
477,A-1506,-3.989167832,CC(CCOC(C)=O)CC(C)(C)C,0.0,G1,A,mono-constituent,,Uncharged,Non-ionizable,CC(=O)OCCC(C)CC(C)(C)C
478,A-1508,-4.028793779,ClC(=O)C1=CC=C(C=C1)C(Cl)=O,0.051331171,G3,A,mono-constituent,Unstable,Uncharged,Non-ionizable,O=C(Cl)c1ccc(C(=O)Cl)cc1
479,A-1509,-0.952455004,CC(=C)C(=O)OCC1CCCO1,0.0,G1,A,mono-constituent,,Uncharged,Non-ionizable,C=C(C)C(=O)OCC1CCCO1
480,A-1510,-3.156500662,CC12CCC3C(CCC4=CC(=O)CCC34)C1CCC2=O,0.536356806,G4,A,mono-constituent,,Uncharged,Non-ionizable,CC12CCC3C4CCC(=O)C=C4CCC3C1CCC2=O
481,A-1511,-2.968204541,CC(=C)C(=O)OCC1=CC=CC=C1,0.0,G1,A,mono-constituent,,Uncharged,Non-ionizable,C=C(C)C(=O)OCc1ccccc1
482,A-1513,-0.798209708,CCOC(=O)OCC,0.0,G1,A,mono-constituent,,Uncharged,Non-ionizable,CCOC(=O)OCC
483,A-1515,-3.005248988,CC=CC(=O)C1=C(C)C=CCC1(C)C,0.0,G1,A,mono-constituent,,Uncharged,Non-ionizable,CC=CC(=O)C1=C(C)C=CCC1(C)C
484,A-1517,-1.90265366,CC(=C)C1CC=C(C)C(=O)C1,0.0,G1,A,mono-constituent,,Uncharged,Non-ionizable,C=C(C)C1CC=C(C)C(=O)C1
485,A-1519,-2.213096942,CC12CCC3C(CCC4=CC(=O)CCC34C)C1C(O)CC2=O,0.363625997,G3,A,,,Uncharged,Non-ionizable,CC12CCC(=O)C=C1CCC1C2CCC2(C)C(=O)CC(O)C12
486,A-1521,-3.049218023,[Pb],0.0,G1,A,mono-constituent,,Uncharged,Non-ionizable,[Pb]
487,A-1523,-2.932852123,CCCC(=O)OCCC(C)C,0.0,G1,A,mono-constituent,Non Valid pH,Uncharged,Non-ionizable,CCCC(=O)OCCC(C)C
488,A-1528,-3.046658418,CCCCCC(C=O)=CC1=CC=CC=C1,0.0,G1,A,mono-constituent,,Uncharged,Non-ionizable,CCCCCC(C=O)=Cc1ccccc1
489,A-1532,-1.940151412,ClCCCBr,0.451026763,G5,A,mono-constituent,,Uncharged,Non-ionizable,ClCCCBr
490,A-1533,1.037167298,OC(O)C(Cl)(Cl)Cl,0.47518564,G5,A,mono-constituent,,Uncharged,Non-ionizable,OC(O)C(Cl)(Cl)Cl
491,A-1540,-3.107028976,CC(C)OC(=O)CCCCC(=O)OC(C)C,0.0,G1,A,mono-constituent,,Uncharged,Non-ionizable,CC(C)OC(=O)CCCCC(=O)OC(C)C
492,A-1541,-4.016533711,CCCCCC1(C)CCC(C)(C)C1=O,0.0,G1,A,mono-constituent,Non Valid pH,Uncharged,Non-ionizable,CCCCCC1(C)CCC(C)(C)C1=O
493,A-1542,-3.989117726,OC1CCCCCCCCCCC1,0.162799094,G3,A,mono-constituent,,Uncharged,Non-ionizable,OC1CCCCCCCCCCC1
494,A-1543,-4.287064023,OCCC(F)(F)C(F)(F)C(F)(F)C(F)(F)C(F)(F)C(F)(F)F,0.0,G1,A,mono-constituent,,Uncharged,Non-ionizable,OCCC(F)(F)C(F)(F)C(F)(F)C(F)(F)C(F)(F)C(F)(F)F
495,A-1545,-4.030164126,CC(CCCC(C)(C)OC(C)=O)C=C,0.0,G1,A,mono-constituent,,Uncharged,Non-ionizable,C=CC(C)CCCC(C)(C)OC(C)=O
496,A-1547,-4.19123514,CC(C)COC(=O)C1CCCCC1C(=O)OCC(C)C,0.0,G1,A,mono-constituent,Non Valid pH,Uncharged,Non-ionizable,CC(C)COC(=O)C1CCCCC1C(=O)OCC(C)C
497,A-1549,-4.030447085,CC1CC(CC(C)(C)C1)OC(=O)C=C,0.0,G1,A,mono-constituent,,Uncharged,Non-ionizable,C=CC(=O)OC1CC(C)CC(C)(C)C1
498,A-1550,-4.014709735,O=C(C1CCCCC1)C1=CC=CC=C1,0.0,G1,A,mono-constituent,,Uncharged,Non-ionizable,O=C(c1ccccc1)C1CCCCC1
499,A-1553,-4.376704974,ClCC(CCl)OP(=O)(OC(CCl)CCl)OC(CCl)CCl,0.206290267,G3,A,mono-constituent,,Uncharged,Non-ionizable,O=P(OC(CCl)CCl)(OC(CCl)CCl)OC(CCl)CCl
500,A-1554,-4.003482074,ClC1=CC=CC(Cl)=C1Cl,0.116476053,G5,A,mono-constituent,,Uncharged,Non-ionizable,Clc1cccc(Cl)c1Cl
501,A-1562,-1.94099707,CC(C)C1(O)CCC(C)=CC1,0.32998735,G3,A,multi-constituent,,Uncharged,Non-ionizable,CC1=CCC(O)(C(C)C)CC1
502,A-1576,-2.93204037,CC(C)(C)OOC(C)(C)C,0.116479815,G3,A,mono-constituent,Non Valid pH,Uncharged,Non-ionizable,CC(C)(C)OOC(C)(C)C
503,A-1577,-3.013046764,CCOC(=O)C=CC1=CC=CC=C1,0.008723382,G3,A,mono-constituent,,Uncharged,Non-ionizable,CCOC(=O)C=Cc1ccccc1
504,A-1579,-1.947289546,O=C1NSC2=CC=CC=C12,0.235013061,G5,A,mono-constituent,,Uncharged,Non-ionizable,O=c1[nH]sc2ccccc12
505,A-1587,-4.097612213,CC1(C)C2CCC3(C2)C1C(=O)CCC3(C)C,0.078803927,G3,A,multi-constituent,,Uncharged,Non-ionizable,CC1(C)C2CCC3(C2)C1C(=O)CCC3(C)C
506,A-1588,-4.116871778,CCCCC(CC)C(=O)OOC(C)(C)CC,0.0,G1,A,mono-constituent,Unstable,Uncharged,Non-ionizable,CCCCC(CC)C(=O)OOC(C)(C)CC
507,A-1591,-4.125654352,COC1(CCCCCCCCCCC1)OC,0.0,G1,A,mono-constituent,,Uncharged,Non-ionizable,COC1(OC)CCCCCCCCCCC1
508,A-1600,-2.930311379,CCCCCCCC(C)=O,0.173328719,G3,A,mono-constituent,,Uncharged,Non-ionizable,CCCCCCCC(C)=O
509,A-1608,-3.187166345,CCCCCC1CC(=O)C=C(C)C1C(=O)OCC,0.0,G1,A,multi-constituent,,Uncharged,Non-ionizable,CCCCCC1CC(=O)C=C(C)C1C(=O)OCC
510,A-1612,-2.81916776,CC1=CC=CC=C1C,0.032173366,G5,A,mono-constituent,,Uncharged,Non-ionizable,Cc1ccccc1C
511,A-1614,-2.81916776,CC1=CC=C(C)C=C1,0.032173366,G5,A,mono-constituent,,Uncharged,Non-ionizable,Cc1ccc(C)cc1
512,A-1619,-3.079764438,CC(C)C(=O)OCCC1=CC=CC=C1,0.039108444,G5,A,mono-constituent,,Uncharged,Non-ionizable,CC(C)C(=O)OCCc1ccccc1
513,A-1620,-3.079863818,CC(=O)C=CC1=C(C)CCCC1(C)C,0.083044578,G5,A,mono-constituent,,Uncharged,Non-ionizable,CC(=O)C=CC1=C(C)CCCC1(C)C
514,A-1624,-4.274778498,CCOC(=O)CCSP(=S)(OC(C)C)OC(C)C,0.0,G1,A,mono-constituent,,Uncharged,Non-ionizable,CCOC(=O)CCSP(=S)(OC(C)C)OC(C)C
515,A-1626,-4.090187913,O=CCCC=C1CC2CC1C1CCCC21,0.0,G1,A,multi-constituent,,Uncharged,Non-ionizable,O=CCCC=C1CC2CC1C1CCCC21
516,A-1628,-4.055960832,CC(CCOC=O)CCC=C(C)C,0.0,G1,A,multi-constituent,,Uncharged,Non-ionizable,CC(C)=CCCC(C)CCOC=O
517,A-1629,-4.365622838,CCCSP(=O)(OCC)OC1=CC=C(Br)C=C1Cl,0.120166078,G3,A,,,Uncharged,Non-ionizable,CCCSP(=O)(OCC)Oc1ccc(Br)cc1Cl
518,A-1634,-4.027084465,CCCCCCCCC(C)C=O,0.247425011,G3,A,mono-constituent,,Uncharged,Non-ionizable,CCCCCCCCC(C)C=O
519,A-1635,-4.154195657,COC(=O)C1CC(=O)C(CC1=O)C(=O)OC,0.0,G1,A,,,Uncharged,Non-ionizable,COC(=O)C1CC(=O)C(C(=O)OC)CC1=O
520,A-1639,-1.229848644,OCC1OC(C(O)C1O)N1C=NC2=C1NC=NC2=O,0.0,G1,A,,,Uncharged,Non-ionizable,O=c1nc[nH]c2c1ncn2C1OC(CO)C(O)C1O
521,A-1643,-2.832869038,CC1=CC(C)=CC=C1,0.075181238,G5,A,mono-constituent,,Uncharged,Non-ionizable,Cc1cccc(C)c1
522,A-1647,-3.874596884,CC(=O)OC1C2(C)CCC(C2)C1(C)C,0.0,G1,A,mono-constituent,,Uncharged,Non-ionizable,CC(=O)OC1C2(C)CCC(C2)C1(C)C
523,A-1648,-3.602667578,O=[Si]=O,0.406944361,G5,A,mono-constituent,,Uncharged,Non-ionizable,O=[Si]=O
524,A-1651,-3.164147933,CC1=C(C=CC(C)(O)C=C)C(C)(C)CCC1,0.0,G1,A,mono-constituent,Non Valid pH,Uncharged,Non-ionizable,C=CC(C)(O)C=CC1=C(C)CCCC1(C)C
525,A-1652,-3.009132774,CCCCCC#CC(=O)OC,0.0,G1,A,mono-constituent,Non Valid pH,Uncharged,Non-ionizable,CCCCCC#CC(=O)OC
526,A-1668,-4.09593873,CC(CCOC(C)=O)CCC=C(C)C,0.0,G1,A,mono-constituent,,Uncharged,Non-ionizable,CC(=O)OCCC(C)CCC=C(C)C
527,A-1669,-4.197937601,FC(F)(F)C(F)(F)C(F)(F)C(F)(F)C=C,0.0,G1,A,mono-constituent,,Uncharged,Non-ionizable,C=CC(F)(F)C(F)(F)C(F)(F)C(F)(F)F
528,A-1670,-4.188747793,O=C(CC1=CC=CC=C1)OCCC1=CC=CC=C1,0.075206544,G3,A,mono-constituent,,Uncharged,Non-ionizable,O=C(Cc1ccccc1)OCCc1ccccc1
529,A-1672,-4.492785524,CCC(COCC(CC)(COC(=O)C=C)COC(=O)C=C)(COC(=O)C=C)COC(=O)C=C,0.0,G1,A,,,Uncharged,Non-ionizable,C=CC(=O)OCC(CC)(COCC(CC)(COC(=O)C=C)COC(=O)C=C)COC(=O)C=C
530,A-1674,-2.451419462,C=CC(=O)OCCN1C(=O)N(CCOC(=O)C=C)C(=O)N(CCOC(=O)C=C)C1=O,0.0,G1,A,mono-constituent,,Uncharged,Non-ionizable,C=CC(=O)OCCn1c(=O)n(CCOC(=O)C=C)c(=O)n(CCOC(=O)C=C)c1=O
531,A-1677,-2.988795303,CC(C)C1=CC=C(C=C1)C#N,0.0,G1,A,mono-constituent,,Uncharged,Non-ionizable,CC(C)c1ccc(C#N)cc1
532,A-1678,-3.221135687,C=CCOC(=O)C1=CC=CC=C1C(=O)OCC=C,0.286250599,G5,A,mono-constituent,,Uncharged,Non-ionizable,C=CCOC(=O)c1ccccc1C(=O)OCC=C
533,A-1685,-1.991659848,CC1CC(O)CC(C)(C)C1,0.046952251,G3,A,mono-constituent,,Uncharged,Non-ionizable,CC1CC(O)CC(C)(C)C1
534,A-1690,-1.968818258,O=CC=CC1=CC=CC=C1,0.118825276,G5,A,mono-constituent,,Uncharged,Non-ionizable,O=CC=Cc1ccccc1
535,A-1693,-3.074152207,CC12CCC(C)(CCC1)C2=NO,0.0,G1,A,mono-constituent,,Uncharged,Non-ionizable,CC12CCCC(C)(CC1)C2=NO
536,A-1700,-3.137855765,CC=CC(=O)C1C(C)=CCCC1(C)C,0.0,G1,A,mono-constituent,,Uncharged,Non-ionizable,CC=CC(=O)C1C(C)=CCCC1(C)C
537,A-1702,-3.013011871,CCCCCCCCCO,0.43522046,G5,A,mono-constituent,,Uncharged,Non-ionizable,CCCCCCCCCO
538,A-1703,-3.262691733,CCCOC(=O)C1CCCCC1C(=O)OCCC,0.0,G1,A,mono-constituent,,Uncharged,Non-ionizable,CCCOC(=O)C1CCCCC1C(=O)OCCC
539,A-1705,-4.261695179,O=C1CCCCCCCCCCCC(=O)OCCO1,0.167767963,G5,A,mono-constituent,,Uncharged,Non-ionizable,O=C1CCCCCCCCCCCC(=O)OCCO1
540,A-1708,-3.972930257,CC(C)=CCC=C(C)C=C,0.0,G1,A,multi-constituent,,Uncharged,Non-ionizable,C=CC(C)=CCC=C(C)C
541,A-1710,-4.210096102,CC(CC(=O)OOC(C)(C)C)CC(C)(C)C,0.0,G1,A,mono-constituent,Unstable,Uncharged,Non-ionizable,CC(CC(=O)OOC(C)(C)C)CC(C)(C)C
542,A-1713,-4.343077858,CCCCOC(=O)CSCSCC(=O)OCCCC,0.0,G1,A,mono-constituent,,Uncharged,Non-ionizable,CCCCOC(=O)CSCSCC(=O)OCCCC
543,A-1714,-4.200866126,COC(=O)C1CC2(CCC1(C)C=C2)C(C)C,0.0,G1,A,multi-constituent,,Uncharged,Non-ionizable,COC(=O)C1CC2(C(C)C)C=CC1(C)CC2
544,A-1715,-3.845934801,CC1CCCCC1,0.028967401,G3,A,mono-constituent,,Uncharged,Non-ionizable,CC1CCCCC1
545,A-1718,-1.26048469,O=C(OCC1CCC2OC2C1)C1CCC2OC2C1,0.0,G1,A,mono-constituent,,Uncharged,Non-ionizable,O=C(OCC1CCC2OC2C1)C1CCC2OC2C1
546,A-1720,0.185260351,COC(=O)OC,0.040157834,G3,A,mono-constituent,,Uncharged,Non-ionizable,COC(=O)OC
547,A-1723,-3.088564823,CC(=C)C(=O)OC1CCCCC1,0.006751235,G3,A,mono-constituent,,Uncharged,Non-ionizable,C=C(C)C(=O)OC1CCCCC1
548,A-1726,-3.117444335,CCC(=O)OCCC1=CC=CC=C1,0.0,G1,A,mono-constituent,,Uncharged,Non-ionizable,CCC(=O)OCCc1ccccc1
549,A-1727,-3.117444335,CCCC(=O)OCC1=CC=CC=C1,0.158343549,G3,A,mono-constituent,,Uncharged,Non-ionizable,CCCC(=O)OCc1ccccc1
550,A-1730,-3.069830648,CCC=CCCOC(=O)OC,0.0,G1,A,,,Uncharged,Non-ionizable,CCC=CCCOC(=O)OC
551,A-1734,-2.847721205,C1CC2CC1C=C2,0.0,G1,A,mono-constituent,,Uncharged,Non-ionizable,C1=CC2CCC1C2
552,A-1740,-3.158832906,CC(C)(C)C1=CC=C(CCC=O)C=C1,0.0,G1,A,mono-constituent,,Uncharged,Non-ionizable,CC(C)(C)c1ccc(CCC=O)cc1
553,A-1744,-0.845760907,NNC(N)=S,0.056971676,G3,A,mono-constituent,,Uncharged,Non-ionizable,NNC(N)=S
554,A-1746,-3.119596868,CCCCC(CC)C1OCCO1,0.0,G1,A,mono-constituent,,Uncharged,Non-ionizable,CCCCC(CC)C1OCCO1
555,A-1747,-4.100435339,CCC(C)(C)OOC(C)(C)CC,0.0,G1,A,mono-constituent,Non Valid pH,Uncharged,Non-ionizable,CCC(C)(C)OOC(C)(C)CC
556,A-1748,-4.187455475,CCC(=O)C=CC1=C(C)CCCC1(C)C,0.420773745,G3,A,mono-constituent,Unstable,Uncharged,Non-ionizable,CCC(=O)C=CC1=C(C)CCCC1(C)C
557,A-1749,-4.333139569,CC(C)C(OC(=O)C(C)C)C(C)(C)COC(=O)C(C)C,0.0,G1,A,mono-constituent,,Uncharged,Non-ionizable,CC(C)C(=O)OCC(C)(C)C(OC(=O)C(C)C)C(C)C
558,A-1750,-4.173484214,CCC(=O)OC1CCC(CC1)C(C)C,0.0,G1,A,multi-constituent,,Uncharged,Non-ionizable,CCC(=O)OC1CCC(C(C)C)CC1
559,A-1751,-4.246128199,CCCCCCCC[Si](OC)(OC)OC,0.0,G1,A,mono-constituent,,Uncharged,Non-ionizable,CCCCCCCC[Si](OC)(OC)OC
560,A-1753,-4.304855444,CCC1(C)OOC(C)(CC)OOC(C)(CC)OO1,0.0,G1,A,mono-constituent,Non Valid pH,Uncharged,Non-ionizable,CCC1(C)OOC(C)(CC)OOC(C)(CC)OO1
561,A-1756,-4.437962659,OC12COC(OC1C1OC(OCC1O2)C1=CC=CC=C1)C1=CC=CC=C1,0.0,G1,A,,,Uncharged,Non-ionizable,OC12COC(c3ccccc3)OC1C1OC(c3ccccc3)OCC1O2
562,A-1762,-1.997252193,C=CCCCCCC=O,0.0,G1,A,mono-constituent,Non Valid pH,Uncharged,Non-ionizable,C=CCCCCCC=O
563,A-1769,-0.988291129,CC(C)OC(Cl)=O,0.0,G1,A,mono-constituent,,Uncharged,Non-ionizable,CC(C)OC(=O)Cl
564,A-1772,-2.113595388,CC(=O)OC(=C)C1=CC=CC=C1,0.0,G1,A,mono-constituent,,Uncharged,Non-ionizable,C=C(OC(C)=O)c1ccccc1
565,A-1773,-2.179887223,CCOC(=O)CC1(C)OCC(C)O1,0.0,G1,A,multi-constituent,,Uncharged,Non-ionizable,CCOC(=O)CC1(C)OCC(C)O1
566,A-1775,-3.072159801,ClC1=CC(Cl)=CC=C1,0.033737427,G5,A,mono-constituent,,Uncharged,Non-ionizable,Clc1cccc(Cl)c1
567,A-1776,-1.042878011,CC1=CC=CC=C1CCO,0.0,G1,A,mono-constituent,,Uncharged,Non-ionizable,Cc1ccccc1CCO
568,A-1780,-2.09612479,CC1(C)C2CC1C(=C)C(O)C2,0.0,G1,A,mono-constituent,,Uncharged,Non-ionizable,C=C1C(O)CC2CC1C2(C)C
569,A-1781,-2.068094275,CC(C)C1CCC(O)CC1,0.0,G1,A,multi-constituent,,Uncharged,Non-ionizable,CC(C)C1CCC(O)CC1
570,A-1787,-2.552747282,C=CC(=O)OCCCOCC(COCCCOC(=O)C=C)OCCCOC(=O)C=C,0.0,G1,A,UVCB,,Uncharged,Non-ionizable,C=CC(=O)OCCCOCC(COCCCOC(=O)C=C)OCCCOC(=O)C=C
571,A-1790,-1.336426377,C#C,0.813213188,G2,A,mono-constituent,,Uncharged,Non-ionizable,C#C
572,A-1791,-2.048500068,CCC(=O)C1=CC=CC=C1,0.110900034,G3,A,mono-constituent,,Uncharged,Non-ionizable,CCC(=O)c1ccccc1
573,A-1792,-3.130955276,CC(C)(C)C1=CC=C(C=O)C=C1,0.05121235,G5,A,mono-constituent,,Uncharged,Non-ionizable,CC(C)(C)c1ccc(C=O)cc1
574,A-1794,-4.321905689,CCC(=O)CCC1C(C)=CCCC1(C)C,0.0,G1,A,multi-constituent,Cosolvent Buffer,Uncharged,Non-ionizable,CCC(=O)CCC1C(C)=CCCC1(C)C
575,A-1796,-4.134294434,CCOC1CC(C)CC(C)(C)C1,0.0,G1,A,multi-constituent,,Uncharged,Non-ionizable,CCOC1CC(C)CC(C)(C)C1
576,A-1797,-4.170655467,CC(C)CCCCCOC(=O)C=C,0.0,G1,A,UVCB,,Uncharged,Non-ionizable,C=CC(=O)OCCCCCC(C)C
577,A-1801,-4.080623481,S=[Cd],0.0,G1,A,mono-constituent,,Uncharged,Non-ionizable,[Cd+2].[S-2]
578,A-1803,-4.57167099,O,0.0,G1,A,,Multi-constituent Substances,Uncharged,Non-ionizable,O
579,A-1806,-3.104157036,CC(CCC=C(C)C)CC#N,0.0,G1,A,mono-constituent,Non Valid pH,Uncharged,Non-ionizable,CC(C)=CCCC(C)CC#N
580,A-1815,-3.081326924,CC1=CC=CC=C1CCl,0.0,G1,A,mono-constituent,,Uncharged,Non-ionizable,Cc1ccccc1CCl
581,A-1816,-3.008082322,CC(=C)C1=CC=CC=C1,0.338530636,G5,A,mono-constituent,,Uncharged,Non-ionizable,C=C(C)c1ccccc1
582,A-1819,-3.529803064,CCCCCCCCCCCCCCCCCC,0.318191353,G5,A,,Cosolvent Buffer,Uncharged,Non-ionizable,CCCCCCCCCCCCCCCCCC
583,A-1823,-2.000357955,FC1=CC(F)=CC=C1,0.0,G1,A,mono-constituent,,Uncharged,Non-ionizable,Fc1cccc(F)c1
584,A-1826,-3.174187371,CCC=CCCOC(=O)C(C)C,0.0,G1,A,mono-constituent,,Uncharged,Non-ionizable,CCC=CCCOC(=O)C(C)C
585,A-1829,-3.265342251,CC1C(C)(C)C2=C(C(=O)CCC2)C1(C)C,0.179068265,G3,A,mono-constituent,,Uncharged,Non-ionizable,CC1C(C)(C)C2=C(C(=O)CCC2)C1(C)C
586,A-1832,-3.451790553,CC(C)(C1=CC=C(OCCO)C=C1)C1=CC=C(OCCO)C=C1,0.398297095,G3,A,mono-constituent,,Uncharged,Non-ionizable,CC(C)(c1ccc(OCCO)cc1)c1ccc(OCCO)cc1
587,A-1839,-4.383890265,CC(C)COC(=O)C1=CC=CC=C1C(=O)OCC(C)C,0.222786888,G5,A,mono-constituent,,Uncharged,Non-ionizable,CC(C)COC(=O)c1ccccc1C(=O)OCC(C)C
588,A-1844,-4.313551537,CCCCOC(=O)C=CC(=O)OCCCC,0.0,G1,A,mono-constituent,,Uncharged,Non-ionizable,CCCCOC(=O)C=CC(=O)OCCCC
589,A-1850,-2.261313265,CC(=C)C(=O)OCCOC(=O)C(C)=C,0.0,G1,A,mono-constituent,,Uncharged,Non-ionizable,C=C(C)C(=O)OCCOC(=O)C(=C)C
590,A-1855,-3.51623781,CC1=CC=CC(C)=C1C,0.120516033,G3,A,,Multi-constituent Substances,Uncharged,Non-ionizable,Cc1cccc(C)c1C
591,A-1859,-2.082970342,N#CC=CC1=CC=CC=C1,0.0,G1,A,mono-constituent,,Uncharged,Non-ionizable,N#CC=Cc1ccccc1
592,A-1861,-3.258677936,CC(=O)C=CC1C(C)=CCCC1(C)C,0.288377063,G3,A,mono-constituent,,Uncharged,Non-ionizable,CC(=O)C=CC1C(C)=CCCC1(C)C
593,A-1863,0.151494188,CCOC=O,0.037614298,G3,A,mono-constituent,,Uncharged,Non-ionizable,CCOC=O
594,A-1867,-3.322422536,CCCCOCCOC(=O)C1=CC=CC=C1,0.0,G1,A,mono-constituent,,Uncharged,Non-ionizable,CCCCOCCOC(=O)c1ccccc1
595,A-1869,-2.967623739,S=[Zn],1.978948405,G4,A,mono-constituent,,Uncharged,Non-ionizable,[S-2].[Zn+2]
596,A-1873,-3.545270972,CCCCOC(=O)CC(O)(CC(=O)OCCCC)C(=O)OCCCC,0.0,G1,A,mono-constituent,,Uncharged,Non-ionizable,CCCCOC(=O)CC(O)(CC(=O)OCCCC)C(=O)OCCCC
597,A-1874,-3.250398558,CC1C=C(C)CCC1COC(C)=O,0.0,G1,A,multi-constituent,,Uncharged,Non-ionizable,CC(=O)OCC1CCC(C)=CC1C
598,A-1875,-3.286478485,CCCCC(CC)COC(=O)CC#N,0.0,G1,A,mono-constituent,,Uncharged,Non-ionizable,CCCCC(CC)COC(=O)CC#N
599,A-1881,-3.148706476,CCCCCCCCC=O,0.016675651,G5,A,mono-constituent,Non Valid pH,Uncharged,Non-ionizable,CCCCCCCCC=O
600,A-1885,0.999830658,OCC(F)(F)F,0.0,G1,A,mono-constituent,,Uncharged,Non-ionizable,OCC(F)(F)F
601,A-1886,0.52929557,C[Si]1O[Si](C)O[Si](C)O[Si](C)O[Si](C)O1,0.0,G1,A,mono-constituent,Prediction Estimation,Uncharged,Non-ionizable,C[Si]1O[Si](C)O[Si](C)O[Si](C)O[Si](C)O1
602,A-1887,0.75396452,CCOCCOCCOC(C)=O,0.0,G1,A,mono-constituent,,Uncharged,Non-ionizable,CCOCCOCCOC(C)=O
603,A-1890,0.645223339,CC(=C)O[Si](OC(C)=C)(OC(C)=C)C=C,0.0,G1,A,,,Uncharged,Non-ionizable,C=C[Si](OC(=C)C)(OC(=C)C)OC(=C)C
604,A-1892,1.045169179,OCCCCO,0.5,G3,A,mono-constituent,,Uncharged,Non-ionizable,OCCCCO
605,A-1893,0.652738306,C[Si]1(C)O[Si](C)(C)O[Si](C)(C)O1,2.897940009,G2,A,mono-constituent,,Uncharged,Non-ionizable,C[Si]1(C)O[Si](C)(C)O[Si](C)(C)O1
606,A-1896,1.035768664,OCC(O)CO,0.146345139,G5,A,mono-constituent,,Uncharged,Non-ionizable,OCC(O)CO
607,A-1900,0.878663433,C[Si](O)(O)O,0.0,G1,A,multi-constituent,,Uncharged,Non-ionizable,C[Si](O)(O)O
608,A-1901,-0.479234017,CCC(C)=NO[Si](C)(ON=C(C)CC)ON=C(C)CC,0.0,G1,A,mono-constituent,,Uncharged,Non-ionizable,CCC(C)=NO[Si](C)(ON=C(C)CC)ON=C(C)CC
609,A-1902,0.468342293,OO,0.0,G1,A,mono-constituent,,Uncharged,Non-ionizable,OO
610,A-1913,-3.20690949,ClCC1=CC=CC=C1Cl,0.0,G1,A,mono-constituent,,Uncharged,Non-ionizable,ClCc1ccccc1Cl
611,A-1914,-3.068746,N#CCC1=CC=CC=C1,0.0,G1,A,mono-constituent,,Uncharged,Non-ionizable,N#CCc1ccccc1
612,A-1921,-3.543437239,CCCCCCCCCCCCOS(=O)(=O)C1=CC=CC=C1,0.451544994,G3,A,,,Uncharged,Non-ionizable,CCCCCCCCCCCCOS(=O)(=O)c1ccccc1
613,A-1922,-3.301824028,CCCCCCCCCCCCCO,0.0,G1,A,UVCB,,Uncharged,Non-ionizable,CCCCCCCCCCCCCO
614,A-1925,-4.321140283,CCOC(=O)OC1CCCCC1C(C)(C)C,0.0,G1,A,multi-constituent,,Uncharged,Non-ionizable,CCOC(=O)OC1CCCCC1C(C)(C)C
615,A-1927,-4.296805043,CCCCCC(=O)OC(=O)CCCCC,0.0,G1,A,mono-constituent,Non Valid pH,Uncharged,Non-ionizable,CCCCCC(=O)OC(=O)CCCCC
616,A-1930,-4.20182067,CCCCCCCCCC(C)=O,0.0,G1,A,mono-constituent,,Uncharged,Non-ionizable,CCCCCCCCCC(C)=O
617,A-1931,-4.29093415,CC(C)(C)OOC(C)(C)C1=CC=CC=C1,0.0,G1,A,mono-constituent,Unstable,Uncharged,Non-ionizable,CC(C)(C)OOC(C)(C)c1ccccc1
618,A-1934,-4.02327315,C=CCCCCC=C,0.0,G1,A,mono-constituent,,Uncharged,Non-ionizable,C=CCCCCC=C
619,A-1939,-4.297335855,CC(=O)OC1CCCCC1C(C)(C)C,0.0,G1,A,mono-constituent,,Uncharged,Non-ionizable,CC(=O)OC1CCCCC1C(C)(C)C
620,A-1949,-5.335685932,CC12CCC(CC1)C(C)(C)O2,1.624800909,G2,A,,Multi-constituent Substances,Uncharged,Non-ionizable,CC12CCC(CC1)C(C)(C)O2
621,A-1953,-4.984746452,CCCCCCCCCCCCO,0.225952116,G5,A,mono-constituent,,Uncharged,Non-ionizable,CCCCCCCCCCCCO
622,A-1958,-5.379201886,CC(=C)C(=O)OCCOC1=CC=C(C=C1)C(C)(C)C1=CC=C(OCCOC(=O)C(C)=C)C=C1,0.0,G1,A,,,Uncharged,Non-ionizable,C=C(C)C(=O)OCCOc1ccc(C(C)(C)c2ccc(OCCOC(=O)C(=C)C)cc2)cc1
623,A-1959,-5.099487786,CC12CCC3C(C)(C)CCCC3(C)C1CCO2,0.25911692,G3,A,mono-constituent,Sanofi Overlap,Uncharged,Non-ionizable,CC1(C)CCCC2(C)C1CCC1(C)OCCC12
624,A-1960,-5.099487786,CC12CCC3C(C)(C)CCCC3(C)C1CCO2,0.0,G1,A,,,Uncharged,Non-ionizable,CC1(C)CCCC2(C)C1CCC1(C)OCCC12
625,A-1961,-5.172056518,CCCCCC(=CC1=CC=CC=C1)C(OCC)OCC,0.0,G1,A,multi-constituent,,Uncharged,Non-ionizable,CCCCCC(=Cc1ccccc1)C(OCC)OCC
626,A-1974,-4.875401753,[TeH2],0.0,G1,A,mono-constituent,,Uncharged,Non-ionizable,[TeH2]
627,A-1978,-5.142612081,CCCC(=O)OCCC(C)CCC=C(C)C,0.0,G1,A,multi-constituent,,Uncharged,Non-ionizable,CCCC(=O)OCCC(C)CCC=C(C)C
628,A-1982,-5.217950889,CC(C1=CC=C(OC#N)C=C1)C1=CC=C(OC#N)C=C1,0.0,G1,A,,,Uncharged,Non-ionizable,CC(c1ccc(OC#N)cc1)c1ccc(OC#N)cc1
629,A-1984,-5.415041201,CCCCCCCC[Sn](Cl)(Cl)CCCCCCCC,0.0,G1,A,mono-constituent,Unstable,Uncharged,Non-ionizable,CCCCCCC[CH2][Sn]([Cl])([Cl])[CH2]CCCCCCC
630,A-1986,-5.061459548,CCCCCCCCCCCC=O,0.0,G1,A,mono-constituent,,Uncharged,Non-ionizable,CCCCCCCCCCCC=O
631,A-1994,-5.420152134,CCCCC(CC)C(=O)OCCOCCOCCOC(=O)C(CC)CCCC,0.05378232,G3,A,mono-constituent,,Uncharged,Non-ionizable,CCCCC(CC)C(=O)OCCOCCOCCOC(=O)C(CC)CCCC
632,A-1995,-5.827328879,CC(C)(O)C(=O)C1=CC=C(C=C1)C1(C)CC(C)(C)C2=CC(=CC=C12)C(=O)C(C)(C)O,0.147638833,G3,A,,Multi-constituent Substances,Uncharged,Non-ionizable,CC(C)(O)C(=O)c1ccc(C2(C)CC(C)(C)c3cc(C(=O)C(C)(C)O)ccc32)cc1
633,A-2001,-5.284725265,COC1=CC=C(C=C1)C(=O)CSC1=CC=CC(OC)=C1,0.048983507,G5,A,mono-constituent,,Uncharged,Non-ionizable,COc1ccc(C(=O)CSc2cccc(OC)c2)cc1
634,A-2005,-5.393383395,CC1(C)COP(=S)(OP2(=S)OCC(C)(C)CO2)OC1,0.0,G1,A,mono-constituent,,Uncharged,Non-ionizable,CC1(C)COP(=S)(OP2(=S)OCC(C)(C)CO2)OC1
635,A-2007,-5.010343937,CC(C)C1CCC(C)=CC1,0.0,G1,A,mono-constituent,,Uncharged,Non-ionizable,CC1=CCC(C(C)C)CC1
636,A-2009,-5.199912698,CC(C)CCCCCCCOC(=O)C=C,0.0,G1,A,UVCB,,Uncharged,Non-ionizable,C=CC(=O)OCCCCCCCC(C)C
637,A-2011,-5.151636178,CCCCCCCCCC(C)C=O,0.0,G1,A,mono-constituent,,Uncharged,Non-ionizable,CCCCCCCCCC(C)C=O
638,A-2015,-4.834987719,[Y],0.0,G1,A,mono-constituent,,Uncharged,Non-ionizable,[Y]
639,A-2016,-5.517335043,O=C1C2=CC=CC(SC3=CC=CC=C3)=C2C(=O)C2=C(SC3=CC=CC=C3)C=CC=C12,0.0,G1,A,mono-constituent,,Uncharged,Non-ionizable,O=C1c2cccc(Sc3ccccc3)c2C(=O)c2c(Sc3ccccc3)cccc21
640,A-2025,-5.456575257,CCCCC(CC)COC(=O)C=CC(=O)OCC(CC)CCCC,0.962237628,G2,A,mono-constituent,,Uncharged,Non-ionizable,CCCCC(CC)COC(=O)C=CC(=O)OCC(CC)CCCC
641,A-2026,-5.422780359,CC(C)(COC(=O)C1=CC=CC=C1)COC(=O)C1=CC=CC=C1,0.009401782,G3,A,mono-constituent,,Uncharged,Non-ionizable,CC(C)(COC(=O)c1ccccc1)COC(=O)c1ccccc1
642,A-2030,-5.335319968,CCOCOC1CCCCCCCCCCC1,0.0,G1,A,mono-constituent,,Uncharged,Non-ionizable,CCOCOC1CCCCCCCCCCC1
643,A-2033,-5.444898911,CC(C)CCOC(=O)C1=CC=CC=C1C(=O)OCCC(C)C,0.0,G1,A,mono-constituent,,Uncharged,Non-ionizable,CC(C)CCOC(=O)c1ccccc1C(=O)OCCC(C)C
644,A-2036,-5.738072007,O=P(OC1=CC=CC=C1)(OC1=CC=CC=C1)OC1=CC(OP(=O)(OC2=CC=CC=C2)OC2=CC=CC=C2)=CC=C1,1.447812781,G4,A,,,Uncharged,Non-ionizable,O=P(Oc1ccccc1)(Oc1ccccc1)Oc1cccc(OP(=O)(Oc2ccccc2)Oc2ccccc2)c1
645,A-2037,-5.21042762,N1C2=C(C=CC=C2)C2=C1C=CC=C2,0.128850356,G5,A,mono-constituent,,Uncharged,Non-ionizable,c1ccc2c(c1)[nH]c1ccccc12
646,A-2039,-5.512605542,O=C(OC1CCCCC1)C1=CC=CC=C1C(=O)OC1CCCCC1,0.297802771,G3,A,mono-constituent,,Uncharged,Non-ionizable,O=C(OC1CCCCC1)c1ccccc1C(=O)OC1CCCCC1
647,A-2041,-5.566810733,CC(=O)OC1(CCC2C3CCC4=CC(=O)CCC4(C)C3CCC12C)C(C)=O,0.0,G1,A,mono-constituent,,Uncharged,Non-ionizable,CC(=O)OC1(C(C)=O)CCC2C3CCC4=CC(=O)CCC4(C)C3CCC21C
648,A-2043,-5.621635269,CCOC(=O)C(=CC1=CC=C(C=C(C(=O)OCC)C(=O)OCC)C=C1)C(=O)OCC,0.0,G1,A,mono-constituent,,Uncharged,Non-ionizable,CCOC(=O)C(=Cc1ccc(C=C(C(=O)OCC)C(=O)OCC)cc1)C(=O)OCC
649,A-2045,-5.401939627,O=C(OCCC1=CC=CC=C1)C=CC1=CC=CC=C1,0.140749156,G3,A,mono-constituent,,Uncharged,Non-ionizable,O=C(C=Cc1ccccc1)OCCc1ccccc1
650,A-2055,-5.426641039,CC1CCC2C(C)(C)C3CC12CCC3(C)OC(C)=O,0.0,G1,A,mono-constituent,,Uncharged,Non-ionizable,CC(=O)OC1(C)CCC23CC1C(C)(C)C2CCC3C
651,A-2060,-5.633055848,O=C1N2C3=CC=CC=C3N=C2C2=C3C1=CC=C1C(=O)N4C5=CC=CC=C5N=C4C(C=C2)=C31,1.062469368,G2,A,mono-constituent,,Uncharged,Non-ionizable,O=c1c2ccc3c(=O)n4c5ccccc5nc4c4ccc(c2c34)c2nc3ccccc3n12
652,A-2063,-5.469558378,CC(C)(C1=CC=C(OC#N)C=C1)C1=CC=C(OC#N)C=C1,0.0,G1,A,mono-constituent,Non Valid pH,Uncharged,Non-ionizable,CC(C)(c1ccc(OC#N)cc1)c1ccc(OC#N)cc1
653,A-2065,-5.289969947,CCCCCCCCCCCC#N,0.0,G1,A,mono-constituent,,Uncharged,Non-ionizable,CCCCCCCCCCCC#N
654,A-2073,-5.52363608,ClC1=CC=C(C=C1)S(=O)(=O)C1=CC=C(Cl)C=C1,0.0,G1,A,mono-constituent,Non Valid pH,Uncharged,Non-ionizable,O=S(=O)(c1ccc(Cl)cc1)c1ccc(Cl)cc1
655,A-2079,-5.451794109,CC(CO)C1CCCCCCCCCCC1,0.0,G1,A,mono-constituent,,Uncharged,Non-ionizable,CC(CO)C1CCCCCCCCCCC1
656,A-2083,-5.397515352,COC(=O)CCCCCCCCC=C,0.0,G1,A,mono-constituent,,Uncharged,Non-ionizable,C=CCCCCCCCCC(=O)OC
657,A-2088,-6.481477027,FC(F)(F)C(F)(F)C(F)(F)C(F)(F)C(F)(F)C(F)(F)C(F)(F)C(F)(F)C(F)(F)C(F)(F)C(F)(F)C(F)(F)CCOC(=O)C=C,0.0,G1,A,,Multi-constituent Substances,Uncharged,Non-ionizable,C=CC(=O)OCCC(F)(F)C(F)(F)C(F)(F)C(F)(F)C(F)(F)C(F)(F)C(F)(F)C(F)(F)C(F)(F)C(F)(F)C(F)(F)C(F)(F)F
658,A-2093,-5.175698148,O=[Y],0.0,G1,A,,,Uncharged,Non-ionizable,[O-2].[Y+2]
659,A-2095,-5.496890424,CC(CCCC(C)C=O)CCC=C(C)C,0.0,G1,A,mono-constituent,,Uncharged,Non-ionizable,CC(C)=CCCC(C)CCCC(C)C=O
660,A-2097,-5.560732278,O=C1CCCCCCCCCCC=CCCC1,0.24405832,G3,A,multi-constituent,,Uncharged,Non-ionizable,O=C1CCCC=CCCCCCCCCCC1
661,A-2098,-5.683242448,COC1=CCC2=C(CCC3C4CCC(O)(C#N)C4(C)CCC23)C1,0.0,G1,A,,,Uncharged,Non-ionizable,COC1=CCC2=C(CCC3C2CCC2(C)C3CCC2(O)C#N)C1
662,A-2099,-5.645384837,CC12CCC3C(CO1)(CCC1C(C)(C)CCCC31C)O2,0.0,G1,A,multi-constituent,,Uncharged,Non-ionizable,CC12CCC3C(CCC4C(C)(C)CCCC43C)(CO1)O2
663,A-2100,-5.354573108,CC(C)C1CCC(C)CC1,0.172613446,G3,A,mono-constituent,,Uncharged,Non-ionizable,CC1CCC(C(C)C)CC1
664,A-2110,-5.629397555,O=C1CCCCCCCC=CCCCCCCO1,0.0,G1,A,mono-constituent,,Uncharged,Non-ionizable,O=C1CCCCCCCC=CCCCCCCO1
665,A-2115,-5.832680461,CCCCCCCC(=O)SCCC[Si](OCC)(OCC)OCC,1.358996621,G2,A,mono-constituent,Unstable,Uncharged,Non-ionizable,CCCCCCCC(=O)SCCC[Si](OCC)(OCC)OCC
666,A-2118,-5.671591194,CC1(C)CCC(=CC2=CC=C(Cl)C=C2)C1=O,0.0,G1,A,,,Uncharged,Non-ionizable,CC1(C)CCC(=Cc2ccc(Cl)cc2)C1=O
667,A-2122,-5.609857774,CC(C)C1=CC=C(C=C1)C1=CC=CC=C1,0.139142192,G5,A,,,Uncharged,Non-ionizable,CC(C)c1ccc(-c2ccccc2)cc1
668,A-2129,-5.999481603,CC(C)(C1=CC=C(OCCOC(=O)C=C)C=C1)C1=CC=C(OCCOC(=O)C=C)C=C1,0.0,G1,A,,,Uncharged,Non-ionizable,C=CC(=O)OCCOc1ccc(C(C)(C)c2ccc(OCCOC(=O)C=C)cc2)cc1
669,A-2132,-6.806302611,CCCCCCCCCCCCCCCCCCCCCCCCCCCCCCCCCCCCCCCCCCCCCCCCCCCCCCCCCCCCCCCCCCCCCCCCCC,0.597257171,G2,A,,Multi-constituent Substances,Uncharged,Non-ionizable,CCCCCCCCCCCCCCCCCCCCCCCCCCCCCCCCCCCCCCCCCCCCCCCCCCCCCCCCCCCCCCCCCCCCCCCCCC
670,A-2135,-6.364408865,CCCCCCCCCCCC(CCC)(CCC)CCCCCCCC,0.597257171,G2,A,,Multi-constituent Substances,Uncharged,Non-ionizable,CCCCCCCCCCCC(CCC)(CCC)CCCCCCCC
671,A-2136,-5.767784581,CCCCC(CC)COC(=O)C1=CC=CC=C1,0.0,G1,A,mono-constituent,,Uncharged,Non-ionizable,CCCCC(CC)COC(=O)c1ccccc1
672,A-2138,-6.269131018,CCCCCCCCCCCCCCCCCCCC,0.597257171,G2,A,,Multi-constituent Substances,Uncharged,Non-ionizable,CCCCCCCCCCCCCCCCCCCC
673,A-2142,-5.791792689,CC=C(C)C(=O)OCCC(C)CCC=C(C)C,0.0,G1,A,multi-constituent,,Uncharged,Non-ionizable,CC=C(C)C(=O)OCCC(C)CCC=C(C)C
674,A-2143,-6.058168846,CC(=C)C(=O)OCCC(F)(F)C(F)(F)C(F)(F)C(F)(F)C(F)(F)C(F)(F)F,0.477121255,G3,A,mono-constituent,,Uncharged,Non-ionizable,C=C(C)C(=O)OCCC(F)(F)C(F)(F)C(F)(F)C(F)(F)C(F)(F)C(F)(F)F
675,A-2147,-5.787142557,CCCCCCCCCCCCCCO,0.301618495,G5,A,multi-constituent,Multi-constituent Substances,Uncharged,Non-ionizable,CCCCCCCCCCCCCCO
676,A-2149,-6.137134395,CC(C)C1=CC=C(OP(=O)(OC2=CC=C(C=C2)C(C)C)OC2=CC=C(C=C2)C(C)C)C=C1,0.023076062,G3,A,,,Uncharged,Non-ionizable,CC(C)c1ccc(OP(=O)(Oc2ccc(C(C)C)cc2)Oc2ccc(C(C)C)cc2)cc1
677,A-2150,-6.010780355,CCCCCCCC[Sn](Cl)(Cl)Cl,0.0,G1,A,mono-constituent,,Uncharged,Non-ionizable,CCCCCCC[CH2][Sn]([Cl])([Cl])[Cl]
678,A-2152,-5.29793824,[Cu],1.278596348,G4,A,mono-constituent,,Uncharged,Non-ionizable,[Cu]
679,A-2157,-5.903789723,O=C1CCCCCCCCCCCCCCO1,0.724816861,G4,A,mono-constituent,,Uncharged,Non-ionizable,O=C1CCCCCCCCCCCCCCO1
680,A-2158,-6.000481949,CC1=CC=C2OC(C=CC3=NC4=CC(C)=CC=C4O3)=NC2=C1,0.0,G1,A,mono-constituent,,Uncharged,Non-ionizable,Cc1ccc2oc(C=Cc3nc4cc(C)ccc4o3)nc2c1
681,A-2169,-5.984242497,CCC1=CC=C2C(=O)C3=CC=CC=C3C(=O)C2=C1,0.0,G1,A,mono-constituent,,Uncharged,Non-ionizable,CCc1ccc2c(c1)C(=O)c1ccccc1C2=O
682,A-2172,-6.01184247,CC(C)(CC(=C)C1=CC=CC=C1)C1=CC=CC=C1,0.0,G1,A,mono-constituent,,Uncharged,Non-ionizable,C=C(CC(C)(C)c1ccccc1)c1ccccc1
683,A-2175,-6.421608413,CCCCC(CC)COC(=O)C=CC1=CC=C(OC)C=C1,0.364819412,G3,A,,,Uncharged,Non-ionizable,CCCCC(CC)COC(=O)C=Cc1ccc(OC)cc1
684,A-2177,-5.92315685,CCCCCCCCCCC1CO1,0.0,G1,A,mono-constituent,,Uncharged,Non-ionizable,CCCCCCCCCCC1CO1
685,A-2178,-5.984684801,CCCCCCCCCCCCC1CO1,0.321726338,G3,A,mono-constituent,,Uncharged,Non-ionizable,CCCCCCCCCCCCC1CO1
686,A-2179,-5.94156112,C1CC2C3CC(C2C1)C1(CCCO1)C3,0.0,G1,A,multi-constituent,Prediction Estimation,Uncharged,Non-ionizable,C1CC2C3CC(C2C1)C1(CCCO1)C3
687,A-2180,-5.954482552,C[Si](C)(O[Si](C)(C)C=C)C=C,0.0,G1,A,mono-constituent,,Uncharged,Non-ionizable,C=C[Si](C)(C)O[Si](C)(C)C=C
688,A-2187,-6.354159334,FC(F)(F)C(F)(F)C(F)(F)C(F)(F)C(F)(F)C(F)(F)CCOC(=O)C=C,0.0,G1,A,mono-constituent,,Uncharged,Non-ionizable,C=CC(=O)OCCC(F)(F)C(F)(F)C(F)(F)C(F)(F)C(F)(F)C(F)(F)F
689,A-2188,-6.382029914,CC(C)CCCCCCCOP(OCCCCCCCC(C)C)OC1=CC=CC=C1,0.321780564,G3,A,,,Uncharged,Non-ionizable,CC(C)CCCCCCCOP(OCCCCCCCC(C)C)Oc1ccccc1
690,A-2190,-5.961394278,O=[Ti],0.102223995,G5,A,,Cosolvent Buffer,Uncharged,Non-ionizable,[O-2].[Ti+2]
691,A-2193,-6.117146249,CC1=CC=C2C(=O)C3=CC=CC=C3C(=O)C2=C1,0.0,G1,A,mono-constituent,,Uncharged,Non-ionizable,Cc1ccc2c(c1)C(=O)c1ccccc1C2=O
692,A-2201,-6.211736201,COC(=O)C1=CC2=CC=C(C=C2C=C1)C(=O)OC,0.044865714,G3,A,mono-constituent,,Uncharged,Non-ionizable,COC(=O)c1ccc2cc(C(=O)OC)ccc2c1
693,A-2210,-6.230113619,CC(C)C1=C(C(C)C)C2=CC=CC=C2C=C1,0.047760796,G5,A,,,Uncharged,Non-ionizable,CC(C)c1ccc2ccccc2c1C(C)C
694,A-2214,-6.478515993,CCCCCCCC[Sn](=O)CCCCCCCC,0.448668829,G3,A,mono-constituent,,Uncharged,Non-ionizable,CCCCCCC[CH2][Sn+2][CH2]CCCCCCC.[O-2]
695,A-2221,-6.480660768,CC1CC(C)(C)CC(C1)(OOC(C)(C)C)OOC(C)(C)C,0.460307841,G5,A,mono-constituent,,Uncharged,Non-ionizable,CC1CC(C)(C)CC(OOC(C)(C)C)(OOC(C)(C)C)C1
696,A-2225,-6.337261665,CC1=CCCC(=C)C2CC(C)(C)C2CC1,0.014322591,G3,A,mono-constituent,,Uncharged,Non-ionizable,C=C1CCC=C(C)CCC2C1CC2(C)C
697,A-2229,-6.474168897,CC(C)(C1=CC=CC=C1)C(C)(C)C1=CC=CC=C1,0.0,G1,A,mono-constituent,Non Valid pH,Uncharged,Non-ionizable,CC(C)(c1ccccc1)C(C)(C)c1ccccc1
698,A-2231,-6.477673979,C(OC1=CC2=CC=CC=C2C=C1)C1=CC=CC=C1,0.230365419,G3,A,mono-constituent,,Uncharged,Non-ionizable,c1ccc(COc2ccc3ccccc3c2)cc1
699,A-2232,-6.680445321,CN1C(=O)C=C2C3=CC=CC=C3C(=O)C3=C(Br)C=CC1=C23,0.0,G1,A,mono-constituent,,Uncharged,Non-ionizable,Cn1c(=O)cc2c3c(c(Br)ccc31)C(=O)c1ccccc1-2
700,A-2238,-6.591929049,C1CC=CC(C1)C1=CC=C(C=C1)C1CCC=CC1,0.058880076,G3,A,UVCB,,Uncharged,Non-ionizable,C1=CC(c2ccc(C3CC=CCC3)cc2)CCC1
701,A-2240,-6.785897843,CCCCCCCCC=CCCCCCCCCO,0.0,G1,A,UVCB,Cosolvent Buffer,Uncharged,Non-ionizable,CCCCCCCCC=CCCCCCCCCO
702,A-2243,-6.554121251,[Hg],0.0,G1,A,mono-constituent,,Uncharged,Non-ionizable,[Hg]
703,A-2245,-6.649738161,CCCCCCCCCCCCCC(=O)OC,0.0,G1,A,mono-constituent,,Uncharged,Non-ionizable,CCCCCCCCCCCCCC(=O)OC
704,A-2253,-6.798351882,CC1=CC=C(C=C1)C(=O)OOC(=O)C1=CC=C(C)C=C1,0.0,G1,A,mono-constituent,Unstable,Uncharged,Non-ionizable,Cc1ccc(C(=O)OOC(=O)c2ccc(C)cc2)cc1
705,A-2257,-6.978908353,CCCCC(CC)COC(=O)C1=CC=CC=C1C(=O)OCC(CC)CCCC,0.613829359,G4,A,mono-constituent,,Uncharged,Non-ionizable,CCCCC(CC)COC(=O)c1ccccc1C(=O)OCC(CC)CCCC
706,A-2258,-6.602799271,CC(C)C1=CC=CC=C1C(C)C,0.0,G1,A,multi-constituent,Multi-constituent Substances,Uncharged,Non-ionizable,CC(C)c1ccccc1C(C)C
707,A-2259,-6.602799271,CC(C)C1=CC(=CC=C1)C(C)C,0.0,G1,A,mono-constituent,,Uncharged,Non-ionizable,CC(C)c1cccc(C(C)C)c1
708,A-2264,-3.009726571,CC(=O)OC1=CCC2C3CCC(C3)C12,0.0,G1,A,,,Uncharged,Non-ionizable,CC(=O)OC1=CCC2C3CCC(C3)C12
709,A-2267,-6.953686491,C[Si]1(C)O[Si](C)(C)O[Si](C)(C)O[Si](C)(C)O1,0.408190598,G5,A,mono-constituent,,Uncharged,Non-ionizable,C[Si]1(C)O[Si](C)(C)O[Si](C)(C)O[Si](C)(C)O1
710,A-2268,-7.516526119,CCCCCCCC(=O)OCCCOC(=O)CCCCCCC,0.0,G1,A,mono-constituent,,Uncharged,Non-ionizable,CCCCCCCC(=O)OCCCOC(=O)CCCCCCC
711,A-2269,-4.77931051,CC1(C)CCCC(C1)C(=O)CCC=C,0.0,G1,A,,Non Valid pH,Uncharged,Non-ionizable,C=CCCC(=O)C1CCCC(C)(C)C1
712,A-2270,-6.813503151,CCN1C2=C(C=CC=C2)C2=C1C=CC=C2,0.0,G1,A,mono-constituent,,Uncharged,Non-ionizable,CCn1c2ccccc2c2ccccc21
713,A-2273,-7.025125555,C(SC1=NN=C(C2=CC=CC=C2)C(=N1)C1=CC=CC=C1)C=CCSC1=NN=C(C2=CC=CC=C2)C(=N1)C1=CC=CC=C1,0.0,G1,A,mono-constituent,Others,Uncharged,Non-ionizable,C(=CCSc1nnc(-c2ccccc2)c(-c2ccccc2)n1)CSc1nnc(-c2ccccc2)c(-c2ccccc2)n1
714,A-2277,-7.044345696,C[Si](O[Si](C)(C)C)O[Si](C)(C)C,0.0,G1,A,mono-constituent,,Uncharged,Non-ionizable,C[Si](O[Si](C)(C)C)O[Si](C)(C)C
715,A-2283,-2.468825327,O=C1N(CC2CO2)C(=O)N(CC2CO2)C(=O)N1CC1CO1,0.0,G1,A,,,Uncharged,Non-ionizable,O=c1n(CC2CO2)c(=O)n(CC2CO2)c(=O)n1CC1CO1
716,A-2288,-4.800973789,O=C(OCCCC1=CC=CC=C1)C1=CC=CC=C1,0.0,G1,A,mono-constituent,,Uncharged,Non-ionizable,O=C(OCCCc1ccccc1)c1ccccc1
717,A-2289,-2.528127071,CCCCCC(C)CO,0.0,G1,A,mono-constituent,,Uncharged,Non-ionizable,CCCCCC(C)CO
718,A-2297,-4.172504242,CCC1(CC=C2CCCC3=CC(OC)=CC=C23)C(=O)CCC1=O,0.0,G1,A,mono-constituent,,Uncharged,Non-ionizable,CCC1(CC=C2CCCc3cc(OC)ccc32)C(=O)CCC1=O
719,A-2298,-7.627539949,CCCCCCCCCCCCCCCCCC,0.0,G1,A,mono-constituent,,Uncharged,Non-ionizable,CCCCCCCCCCCCCCCCCC
720,A-2299,-3.524243771,CC(C)C1OC2(CCCC2)OCC1(C)C,0.0,G1,A,,Non Valid pH,Uncharged,Non-ionizable,CC(C)C1OC2(CCCC2)OCC1(C)C
721,A-2304,-7.830038235,CCCCCCCCCCCCCCCC(=O)OC,0.0,G1,A,mono-constituent,,Uncharged,Non-ionizable,CCCCCCCCCCCCCCCC(=O)OC
722,A-2307,-4.461779562,OCCOC(=O)CC(CP1(=O)OC2=CC=CC=C2C2=CC=CC=C12)C(=O)OCCO,0.0,G1,A,mono-constituent,,Uncharged,Non-ionizable,O=C(CC(CP1(=O)Oc2ccccc2-c2ccccc21)C(=O)OCCO)OCCO
723,A-2318,-8.997839085,CCCCCCCCCCCCCCCCCC(=O)OC,0.0,G1,A,mono-constituent,,Uncharged,Non-ionizable,CCCCCCCCCCCCCCCCCC(=O)OC
724,A-2319,-9.419539808,CC(C)CCCCCCCOC(=O)C1=CC=CC=C1C(=O)OCCCCCCCC(C)C,0.0,G1,A,multi-constituent,Prediction Estimation,Uncharged,Non-ionizable,CC(C)CCCCCCCOC(=O)c1ccccc1C(=O)OCCCCCCCC(C)C
725,A-2320,-2.303614127,O=[V](=O)O[V](=O)=O,0.0,G1,A,mono-constituent,,Uncharged,Non-ionizable,[O-2].[O-2].[O-2].[O-2].[O-2].[V+5].[V+5]
726,A-2321,-2.687445856,CCC(COCCOC(=O)C=C)(COCCOC(=O)C=C)COCCOC(=O)C=C,0.912447327,G2,A,UVCB,,Uncharged,Non-ionizable,C=CC(=O)OCCOCC(CC)(COCCOC(=O)C=C)COCCOC(=O)C=C
727,A-2336,-5.449126022,CC(=O)C1CCC(C)=CCCC=C(C)CC=C1C,0.0,G1,A,,,Uncharged,Non-ionizable,CC(=O)C1CCC(C)=CCCC=C(C)CC=C1C
728,A-2337,-2.696191526,CCC(C)(N=NC(C)(CC)C#N)C#N,0.0,G1,A,mono-constituent,,Uncharged,Non-ionizable,CCC(C)(C#N)N=NC(C)(C#N)CC
729,A-2345,-2.550925455,ClC(=C)C=C,0.0,G1,A,mono-constituent,,Uncharged,Non-ionizable,C=CC(=C)Cl
730,A-2346,-3.91989545,C=CS(=O)(=O)CS(=O)(=O)C=C,0.0,G1,A,mono-constituent,Non Valid pH,Uncharged,Non-ionizable,C=CS(=O)(=O)CS(=O)(=O)C=C
731,A-2347,-3.670339628,FC(F)(F)F,0.0,G1,A,mono-constituent,,Uncharged,Non-ionizable,FC(F)(F)F
732,A-2352,-0.041921413,COS(C)(=O)=O,0.150514998,G3,A,mono-constituent,,Uncharged,Non-ionizable,COS(C)(=O)=O
733,A-2355,-6.079851689,CCCCCCC=CCCCCCCCC1=CC=CC(OCC2CO2)=C1,0.0,G1,A,,Multi-constituent Substances,Uncharged,Non-ionizable,CCCCCCC=CCCCCCCCc1cccc(OCC2CO2)c1
734,A-2357,-6.287739939,COC(C)COC(C)COCCC[Si](C)(O[Si](C)(C)C)O[Si](C)(C)O[Si](C)(C)C,0.0,G1,A,,,Uncharged,Non-ionizable,COC(C)COC(C)COCCC[Si](C)(O[Si](C)(C)C)O[Si](C)(C)O[Si](C)(C)C
735,A-2359,-7.133803789,CCCCCCCCCCCCCCCCOC(=O)OC1=C(Cl)C=C(C=C1Cl)C(=O)OCC,0.0,G1,A,mono-constituent,,Uncharged,Non-ionizable,CCCCCCCCCCCCCCCCOC(=O)Oc1c(Cl)cc(C(=O)OCC)cc1Cl
736,A-2367,-4.341502278,C1CCC(CC1)C1=CC=CC=C1,0.0,G1,A,mono-constituent,Non Valid pH,Uncharged,Non-ionizable,c1ccc(C2CCCCC2)cc1
737,A-2372,0.404025656,CCCCC1=CC=C2N=NNC2=C1,0.0,G1,A,mono-constituent,,Uncharged,Non-ionizable,CCCCc1ccc2nn[nH]c2c1
738,A-2377,-3.772570424,CC1=CCC2CC1C2(C)C,0.698272432,G4,A,multi-constituent,,Uncharged,Non-ionizable,CC1=CCC2CC1C2(C)C
739,A-2378,-4.799620032,CC(C)(C1=CC=C(OCC2CO2)C=C1)C1=CC=C(OCC2CO2)C=C1,0.092741092,G5,A,mono-constituent,Non Valid pH,Uncharged,Non-ionizable,CC(C)(c1ccc(OCC2CO2)cc1)c1ccc(OCC2CO2)cc1
740,A-2380,-3.850854284,CC(C)C1CC2=C(C)CC1C(C2)C=O,0.0,G1,A,multi-constituent,,Uncharged,Non-ionizable,CC1=C2CC(C=O)C(C1)C(C(C)C)C2
741,A-2385,-5.387355317,ClC1=CC=C(OC2=CC=CC(Cl)=C2)C=C1,0.332758964,G5,A,mono-constituent,,Uncharged,Non-ionizable,Clc1ccc(Oc2cccc(Cl)c2)cc1
742,A-2387,-7.323686796,CCCCC(CC)C(=O)OCC(COCC(COC(=O)CCCCCC(C)C)(COC(=O)C(CC)CCCC)COC(=O)C(CC)CCCC)(COC(=O)CCCCCC(C)C)COC(=O)CCCCCC(C)C,0.0,G1,A,,Multi-constituent Substances,Uncharged,Non-ionizable,CCCCC(CC)C(=O)OCC(COCC(COC(=O)CCCCCC(C)C)(COC(=O)C(CC)CCCC)COC(=O)C(CC)CCCC)(COC(=O)CCCCCC(C)C)COC(=O)CCCCCC(C)C
743,A-2392,-3.992340979,CCC(=O)C=CC1C(C)=CCCC1(C)C,0.0,G1,A,multi-constituent,,Uncharged,Non-ionizable,CCC(=O)C=CC1C(C)=CCCC1(C)C
744,A-2393,-3.992340979,CC(=O)C(C)=CC1C(C)=CCCC1(C)C,0.059049656,G3,A,,,Uncharged,Non-ionizable,CC(=O)C(C)=CC1C(C)=CCCC1(C)C
745,A-2394,-3.97511656,CC(C)C1CCC(C)CC1OC(C)=O,0.0,G1,A,mono-constituent,,Uncharged,Non-ionizable,CC(=O)OC1CC(C)CCC1C(C)C
746,A-2401,-4.177624494,O=C(OCC1=CC=CC=C1)C1=CC=CC=C1,0.0,G1,A,mono-constituent,,Uncharged,Non-ionizable,O=C(OCc1ccccc1)c1ccccc1
747,A-2402,-4.192879941,O=S(=O)(C1=CC=CC=C1)C1=CC=CC=C1,0.0,G1,A,mono-constituent,,Uncharged,Non-ionizable,O=S(=O)(c1ccccc1)c1ccccc1
748,A-2404,1.045169179,COCC(C)O,0.0,G1,A,mono-constituent,,Uncharged,Non-ionizable,COCC(C)O
749,A-2409,-1.170241174,[Mo],0.0,G1,A,,,Uncharged,Non-ionizable,[Mo]
750,A-2412,-4.92245094,CC(CCCC(C)(C)O)CC=O,0.0,G1,A,UVCB,Cosolvent Buffer,Uncharged,Non-ionizable,CC(CC=O)CCCC(C)(C)O
751,A-2413,-7.094152366,CCCCCCCCCCCCCCCCCCOC(=O)C=CC(=O)OCCCCCCCCCCCCCCCCCC,0.0,G1,A,UVCB,Multi-constituent Substances,Uncharged,Non-ionizable,CCCCCCCCCCCCCCCCCCOC(=O)C=CC(=O)OCCCCCCCCCCCCCCCCCC
752,A-2417,-3.427044449,CCOC(=O)CN=C(C1=CC=CC=C1)C1=CC=CC=C1,0.0,G1,A,mono-constituent,,Uncharged,Non-ionizable,CCOC(=O)CN=C(c1ccccc1)c1ccccc1
753,A-2418,-7.801238331,CC1=CC(=C(OP2OCC3(CO2)COP(OC2=C(C=C(C)C=C2C(C)(C)C)C(C)(C)C)OC3)C(=C1)C(C)(C)C)C(C)(C)C,0.707486674,G2,A,mono-constituent,,Uncharged,Non-ionizable,Cc1cc(C(C)(C)C)c(OP2OCC3(CO2)COP(Oc2c(C(C)(C)C)cc(C)cc2C(C)(C)C)OC3)c(C(C)(C)C)c1
754,A-2428,-5.412894457,CC[Pb](CC)(CC)CC,0.380562295,G5,A,mono-constituent,,Uncharged,Non-ionizable,C[CH2][Pb]([CH2]C)([CH2]C)[CH2]C
755,A-2434,-6.2013011,C1=CC=C(C=C1)P(C1=CC=CC=C1)C1=CC=CC=C1,0.131620717,G3,A,mono-constituent,,Uncharged,Non-ionizable,c1ccc(P(c2ccccc2)c2ccccc2)cc1
756,A-2436,-5.964586446,CC(CCC=C(C)C)C=C,0.0,G1,A,mono-constituent,Non Valid pH,Uncharged,Non-ionizable,C=CC(C)CCC=C(C)C
757,A-2438,-6.654998171,CCCCC(CC)COC(=O)CSCC(=O)OCC(CC)CCCC,0.0,G1,A,mono-constituent,,Uncharged,Non-ionizable,CCCCC(CC)COC(=O)CSCC(=O)OCC(CC)CCCC
758,A-2442,-7.985818524,CC(C)=CCCC1=CC=C2C(=O)C3=CC=CC=C3C(=O)C2=C1,0.0,G1,A,mono-constituent,,Uncharged,Non-ionizable,CC(C)=CCCc1ccc2c(c1)C(=O)c1ccccc1C2=O
759,A-2443,-4.780941415,CCCCCCCCCOC(=O)C1=CC=CC=C1C(=O)OCCCCCCCC,0.0,G1,A,multi-constituent,,Uncharged,Non-ionizable,CCCCCCCCCOC(=O)c1ccccc1C(=O)OCCCCCCCC
760,A-2448,-7.312033591,C1=CC=C(C=C1)P(C1=CC=CC=C1)C1=CC=CC=C1,0.0,G1,A,,Multi-constituent Substances,Uncharged,Non-ionizable,c1ccc(P(c2ccccc2)c2ccccc2)cc1
761,A-2451,-4.975624785,CC(C)=CCCC1=CCCC(COC(C)=O)C1,0.0,G1,A,multi-constituent,,Uncharged,Non-ionizable,CC(=O)OCC1CCC=C(CCC=C(C)C)C1
762,A-2455,-4.726791601,CCCCCCCCCCCCCCCC(=O)OCC(O)CO,0.0,G1,A,UVCB,,Uncharged,Non-ionizable,CCCCCCCCCCCCCCCC(=O)OCC(O)CO
763,A-2457,-4.045663238,CCCCC(CC)COC(=O)CS[Sn](C)(C)SCC(=O)OCC(CC)CCCC,0.0,G1,A,mono-constituent,,Uncharged,Non-ionizable,CCCCC(CC)COC(=O)C[S][Sn]([CH3])([CH3])[S]CC(=O)OCC(CC)CCCC
764,A-2464,-4.799983961,CCOCCCCCCCCCCCCCCC=CCC,0.345474868,G3,A,UVCB,,Uncharged,Non-ionizable,CCC=CCCCCCCCCCCCCCCOCC
765,A-2465,-2.59390625,FC1=CC(Cl)=CC=C1CC#N,0.0,G1,A,mono-constituent,,Uncharged,Non-ionizable,N#CCc1ccc(Cl)cc1F
766,A-2466,-3.235078816,CC(CC(C)(C)C#N)C1=CC=CC=C1,0.0,G1,A,mono-constituent,,Uncharged,Non-ionizable,CC(CC(C)(C)C#N)c1ccccc1
767,A-2467,-3.699640669,CC(=O)OC1CCC(CC1)C(C)(C)C,0.523733416,G2,A,multi-constituent,,Uncharged,Non-ionizable,CC(=O)OC1CCC(C(C)(C)C)CC1
768,A-2470,-4.918998851,CC12CCC3C(CCC4CC(=O)CCC34C)C1CCC2O,2.588049425,G2,A,mono-constituent,Non Valid pH,Uncharged,Non-ionizable,CC12CCC3C(CCC4CC(=O)CCC43C)C1CCC2O
769,A-2474,-5.06253686,CCCCCCCCCCCC(=O)OCC(O)C1OCC(O)C1O,0.0,G1,A,,Multi-constituent Substances,Uncharged,Non-ionizable,CCCCCCCCCCCC(=O)OCC(O)C1OCC(O)C1O
770,A-2479,-3.270406298,CCCC(C)CC,0.4312301,G5,A,,Multi-constituent Substances,Uncharged,Non-ionizable,CCCC(C)CC
771,A-2481,-2.544904806,CCC=CC,0.4312301,G5,A,UVCB,,Uncharged,Non-ionizable,CC=CCC
772,A-2484,-4.220638859,N#CC1=CC=CC=C1C=CC1=CC=C(C=CC2=CC=CC=C2C#N)C=C1,0.0,G1,A,mono-constituent,Below LoD Below LoQ,Uncharged,Non-ionizable,N#Cc1ccccc1C=Cc1ccc(C=Cc2ccccc2C#N)cc1
773,A-2491,-5.092558995,CC1CC(=O)CC2CCC3C4CCC(OC(C)=O)C4(C)CCC3C12C,0.0,G1,A,mono-constituent,Non Valid pH,Uncharged,Non-ionizable,CC(=O)OC1CCC2C3CCC4CC(=O)CC(C)C4(C)C3CCC12C
774,A-2493,-6.91873366,CCCCCCCCCCCCCCCCCCCCCC(=O)OCC(O)CO,0.0,G1,A,UVCB,,Uncharged,Non-ionizable,CCCCCCCCCCCCCCCCCCCCCC(=O)OCC(O)CO
775,A-2494,-4.376546543,C[C](C)C,0.0,G1,A,mono-constituent,,Uncharged,Non-ionizable,C[C](C)C
776,A-2497,-4.669843542,CC=CC,0.190105621,G3,A,UVCB,,Uncharged,Non-ionizable,CC=CC
777,A-2506,-2.354799685,CCOC(OCC)C=C(C)CCC=C(C)C,0.0,G1,A,mono-constituent,,Uncharged,Non-ionizable,CCOC(C=C(C)CCC=C(C)C)OCC
778,A-2507,-2.176687281,S=C1NC2=CC=CC=C2N1,0.383720328,G5,A,mono-constituent,,Uncharged,Non-ionizable,S=c1[nH]c2ccccc2[nH]1
779,A-2510,-4.270303761,CCCCCCOCCCCCC,0.0,G1,A,mono-constituent,,Uncharged,Non-ionizable,CCCCCCOCCCCCC
780,A-2514,-4.140677705,C1CCC2CCCCC2C1,0.904310192,G4,A,mono-constituent,,Uncharged,Non-ionizable,C1CCC2CCCCC2C1
781,A-2516,-4.223960359,CC(=C)C(=O)O[Zn]O,0.0,G1,A,mono-constituent,,Uncharged,Non-ionizable,C=C(C)C(=O)[O-].[OH-].[Zn+2]
782,A-2517,-4.781756093,CCCCCCCCC=CCCCCCCCC(=O)OCC(C)OC(=O)CCCCCCCC=CCCCCCCCC,0.0,G1,A,,Prediction Estimation,Uncharged,Non-ionizable,CCCCCCCCC=CCCCCCCCC(=O)OCC(C)OC(=O)CCCCCCCC=CCCCCCCCC
783,A-2520,-5.169478497,C1CC2=CC=C(CCC3=CC=C1C=C3)C=C2,0.0,G1,A,mono-constituent,,Uncharged,Non-ionizable,c1cc2ccc1CCc1ccc(cc1)CC2
784,A-2521,-5.513312746,O=C1C2=CC=CC=C2C2=C3C1=CC=C1C4=C5C(=CC=C6C7=CC=CC=C7C(=O)C(C=C4)=C56)C(C=C2)=C31,0.0,G1,A,mono-constituent,,Uncharged,Non-ionizable,O=C1c2ccccc2-c2ccc3c4ccc5c6c(ccc(c7ccc1c2c73)c64)C(=O)c1ccccc1-5
785,A-2525,-5.599170695,COC1=CC2=C3C(=CC=C4C5=C6C(=C(OC)C=C7C8=CC=CC=C8C(=O)C(C=C5)=C67)C1=C34)C(=O)C1=CC=CC=C21,0.0,G1,A,mono-constituent,,Uncharged,Non-ionizable,COc1cc2c3c(ccc4c5ccc6c7c(cc(OC)c(c1c34)c75)-c1ccccc1C6=O)C(=O)c1ccccc1-2
786,A-2526,-5.156360408,CCCCCC(CCC)CCCO,0.105426683,G3,A,,,Uncharged,Non-ionizable,CCCCCC(CCC)CCCO
787,A-2528,-5.386213837,CC(C)(C)OOC1(CCCCC1)OOC(C)(C)C,0.014691889,G3,A,mono-constituent,Unstable,Uncharged,Non-ionizable,CC(C)(C)OOC1(OOC(C)(C)C)CCCCC1
788,A-2532,-5.72005506,CCCCCCCCCCCCCCCC(=O)OCC=C(C)C=CC=C(C)C=CC1=C(C)CCCC1(C)C,0.0,G1,A,mono-constituent,,Uncharged,Non-ionizable,CCCCCCCCCCCCCCCC(=O)OCC=C(C)C=CC=C(C)C=CC1=C(C)CCCC1(C)C
789,A-2537,-5.460037419,CCC(C)(C)OOC1(CCCCC1)OOC(C)(C)CC,0.50464406,G4,A,mono-constituent,Unstable,Uncharged,Non-ionizable,CCC(C)(C)OOC1(OOC(C)(C)CC)CCCCC1
790,A-2540,-5.172243789,CCCCCCCCCl,0.34465443,G3,A,mono-constituent,Non Valid pH,Uncharged,Non-ionizable,CCCCCCCCCl
791,A-2541,-5.661813632,C[Si](C)(C)O[Si](C)(C)O[Si](C)(C)O[Si](C)(C)O[Si](C)(C)O[Si](C)(C)C,0.0,G1,A,mono-constituent,,Uncharged,Non-ionizable,C[Si](C)(C)O[Si](C)(C)O[Si](C)(C)O[Si](C)(C)O[Si](C)(C)O[Si](C)(C)C
792,A-2542,-5.84194731,CC(COS)(COS)COC(=O)CCCC(=O)OCC(C)(COS)COS,0.0,G1,A,,Multi-constituent Substances,Uncharged,Non-ionizable,CC(COS)(COS)COC(=O)CCCC(=O)OCC(C)(COS)COS
793,A-2543,-4.742403021,B12B3B4B1C234,0.571333752,G2,A,mono-constituent,,Uncharged,Non-ionizable,B12B3B4B1C234
794,A-2549,-5.270303761,CCCCCCC(CO)CCCC,0.0,G1,A,mono-constituent,,Uncharged,Non-ionizable,CCCCCCC(CO)CCCC
795,A-2550,-5.549815883,CCCCCCCCCCCCC(CO)CCCCCCCCCC,0.0,G1,A,mono-constituent,,Uncharged,Non-ionizable,CCCCCCCCCCCCC(CO)CCCCCCCCCC
796,A-2551,-5.613599775,CCCCCCCCCCCCCCC(CO)CCCCCCCCCCCC,0.0,G1,A,mono-constituent,,Uncharged,Non-ionizable,CCCCCCCCCCCCCCC(CO)CCCCCCCCCCCC
797,A-2552,-5.435323474,CCCCC(CC)COCOCC(CC)CCCC,0.0,G1,A,mono-constituent,,Uncharged,Non-ionizable,CCCCC(CC)COCOCC(CC)CCCC
798,A-2553,-5.384616815,CCCCCCCCC(CO)CCCCCC,0.0,G1,A,mono-constituent,,Uncharged,Non-ionizable,CCCCCCCCC(CO)CCCCCC
799,A-2556,-5.66920434,CCCCCCCCCCCCCCCCC(CO)CCCCCCCCCCCCCC,0.0,G1,A,mono-constituent,Below LoD Below LoQ,Uncharged,Non-ionizable,CCCCCCCCCCCCCCCCC(CO)CCCCCCCCCCCCCC
800,A-2563,-5.634046793,CC(C)(C)C1=CC=C2OC(=NC2=C1)C1=CC=C(S1)C1=NC2=CC(=CC=C2O1)C(C)(C)C,1.0,G2,A,mono-constituent,Below LoD Below LoQ,Uncharged,Non-ionizable,CC(C)(C)c1ccc2oc(-c3ccc(-c4nc5cc(C(C)(C)C)ccc5o4)s3)nc2c1
801,A-2565,-5.593642663,O=C1OC(=O)C2=C3C1=CC=C1C4=C5C(=CC=C6C(=O)OC(=O)C(C=C4)=C56)C(C=C2)=C31,0.0,G1,A,mono-constituent,,Uncharged,Non-ionizable,O=C1OC(=O)c2ccc3c4ccc5c6c(ccc(c7ccc1c2c73)c64)C(=O)OC5=O
802,A-2569,-5.724958732,CC(C)CCCCCCCCCCOC(=O)C1=CC=CC=C1C(=O)OCCCCCCCCCCC(C)C,0.0,G1,A,UVCB,,Uncharged,Non-ionizable,CC(C)CCCCCCCCCCOC(=O)c1ccccc1C(=O)OCCCCCCCCCCC(C)C
803,A-2572,-5.708288297,CC(C)CCCCCCCCCCOC(=O)CCCCC(=O)OCCCCCCCCCCC(C)C,1.577544714,G4,A,UVCB,,Uncharged,Non-ionizable,CC(C)CCCCCCCCCCOC(=O)CCCCC(=O)OCCCCCCCCCCC(C)C
804,A-2573,-5.514028148,CCCCCCCCCCCCCCCCCCCCCCO,0.0,G1,A,mono-constituent,,Uncharged,Non-ionizable,CCCCCCCCCCCCCCCCCCCCCCO
805,A-2574,-5.711686622,CCCCCCCCCCCCOC(=O)CCSCCC(=O)OCCCCCCCCCCCC,0.0,G1,A,mono-constituent,Prediction Estimation,Uncharged,Non-ionizable,CCCCCCCCCCCCOC(=O)CCSCCC(=O)OCCCCCCCCCCCC
806,A-2577,-5.756557,CCCCCCCCCCCCCCCCOC(=O)OOC(=O)OCCCCCCCCCCCCCCCC,0.0,G1,A,mono-constituent,Below LoD Below LoQ,Uncharged,Non-ionizable,CCCCCCCCCCCCCCCCOC(=O)OOC(=O)OCCCCCCCCCCCCCCCC
807,A-2578,-5.539863641,CCCCCCCCCCCCCCCC[Si](OC)(OC)OC,0.0,G1,A,mono-constituent,,Uncharged,Non-ionizable,CCCCCCCCCCCCCCCC[Si](OC)(OC)OC
808,A-2579,-5.412221914,CCCCCC=O,0.0,G1,A,,Multi-constituent Substances,Uncharged,Non-ionizable,CCCCCC=O
809,A-2581,-5.048911582,[Ti],0.0,G1,A,,,Uncharged,Non-ionizable,[Ti]
810,A-2582,-5.475024349,CCCCCCCCCCCCCCCCCCCCO,0.0,G1,A,mono-constituent,,Uncharged,Non-ionizable,CCCCCCCCCCCCCCCCCCCCO
811,A-2584,-5.432168875,CCCCCCCCCCCCCCCCCCO,1.479303657,G2,A,mono-constituent,Non Valid pH,Uncharged,Non-ionizable,CCCCCCCCCCCCCCCCCCO
812,A-2586,-5.38453799,CCCCCCCCCCCC(=O)OC(C)C,0.0,G1,A,mono-constituent,Non Valid pH,Uncharged,Non-ionizable,CCCCCCCCCCCC(=O)OC(C)C
813,A-2587,-5.549815883,CCCCCCCCCCCCCCCCCCCCCCCCO,0.0,G1,A,mono-constituent,,Uncharged,Non-ionizable,CCCCCCCCCCCCCCCCCCCCCCCCO
814,A-2589,-5.188357482,CCCCCCCC=CCC,0.039590623,G3,A,UVCB,,Uncharged,Non-ionizable,CCC=CCCCCCCC
815,A-2590,-5.354799685,CCCCCCCCCCCC(=O)OC=C,0.0,G1,A,mono-constituent,,Uncharged,Non-ionizable,C=COC(=O)CCCCCCCCCCC
816,A-2592,-6.731677773,COC(=O)C1=CC=C(COC(=O)C2=CC=C(C=C2)C(=O)OC)C=C1,0.0,G1,A,,Multi-constituent Substances,Uncharged,Non-ionizable,COC(=O)c1ccc(COC(=O)c2ccc(C(=O)OC)cc2)cc1
817,A-2596,-5.771545225,CC(C)CCCC(C)CCCC(C)CCCC1(C)CCC2=C(C)C(OC(C)=O)=C(C)C(C)=C2O1,0.0,G1,A,mono-constituent,,Uncharged,Non-ionizable,CC(=O)Oc1c(C)c(C)c2c(c1C)CCC(C)(CCCC(C)CCCC(C)CCCC(C)C)O2
818,A-2597,-5.748197572,ICC1CCC(CI)CC1,0.0,G1,A,mono-constituent,Below LoD Below LoQ,Uncharged,Non-ionizable,ICC1CCC(CI)CC1
819,A-2598,-5.737151587,CC(C)(C)OOC(C)(C)C1=CC=C(C=C1)C(C)(C)OOC(C)(C)C,0.595165849,G2,A,mono-constituent,,Uncharged,Non-ionizable,CC(C)(C)OOC(C)(C)c1ccc(C(C)(C)OOC(C)(C)C)cc1
820,A-2599,-5.025247952,O,0.0,G1,A,,,Uncharged,Non-ionizable,O
821,A-2601,-6.057758885,CCCCCCCCCCCCCCCCCCSSCCCCCCCCCCCCCCCCCC,0.0,G1,A,mono-constituent,,Uncharged,Non-ionizable,CCCCCCCCCCCCCCCCCCSSCCCCCCCCCCCCCCCCCC
822,A-2604,-5.35804912,[Zr],2.888526172,G4,A,mono-constituent,,Uncharged,Non-ionizable,[Zr]
823,A-2605,-5.936026172,C[Si](C)(C)O[Si](C)(O[Si](C)(C)C)O[Si](C)(C)C,0.0,G1,A,mono-constituent,,Uncharged,Non-ionizable,C[Si](C)(C)O[Si](C)(O[Si](C)(C)C)O[Si](C)(C)C
824,A-2607,-5.669893078,N12[Si]34N5[Si]11N3[Si]25N41,0.0,G1,A,mono-constituent,,Uncharged,Non-ionizable,N12[Si]34N5[Si]16N3[Si]25N46
825,A-2608,-5.954976972,CCCCC(CC)COC(=O)CC(C)CC(C)(C)C,1.238560627,G2,A,mono-constituent,,Uncharged,Non-ionizable,CCCCC(CC)COC(=O)CC(C)CC(C)(C)C
826,A-2609,-5.6562324,O,0.0,G1,A,,,Uncharged,Non-ionizable,O
827,A-2621,-6.170927319,C1C=CC2C3CC(C=C3)C12,0.650514998,G2,A,UVCB,Multi-constituent Substances,Uncharged,Non-ionizable,C1=CC2C3C=CC(C3)C2C1
828,A-2622,-6.417202563,CCCCCCCCCCCC(=O)OCCOCC(OCCO)C1OCC(OCCO)C1OCCO,0.0,G1,A,UVCB,Multi-constituent Substances,Uncharged,Non-ionizable,CCCCCCCCCCCC(=O)OCCOCC(OCCO)C1OCC(OCCO)C1OCCO
829,A-2623,-6.256077616,CC(C)CCCCCCCCCCCCCCCO,0.0,G1,A,UVCB,,Uncharged,Non-ionizable,CC(C)CCCCCCCCCCCCCCCO
830,A-2624,-6.378367614,CCCCCCCCCCCC(=O)OCC(COC(C)=O)OC(C)=O,0.0,G1,A,UVCB,Cosolvent Buffer,Uncharged,Non-ionizable,CCCCCCCCCCCC(=O)OCC(COC(C)=O)OC(C)=O
831,A-2625,-6.553787585,CCCCCCCCCCCCCCCOC(=O)C=CC(=O)OCCCCCCCCCCCCCCC,0.0,G1,A,UVCB,Multi-constituent Substances,Uncharged,Non-ionizable,CCCCCCCCCCCCCCCOC(=O)C=CC(=O)OCCCCCCCCCCCCCCC
832,A-2626,-6.356030959,CCCCCCCCOC(=O)C=CC(=O)OCCCCCCCC,0.0,G1,A,,,Uncharged,Non-ionizable,CCCCCCCCOC(=O)C=CC(=O)OCCCCCCCC
833,A-2627,-6.491719256,O=C=NC1=CC=C(OP(=S)(OC2=CC=C(C=C2)N=C=O)OC2=CC=C(C=C2)N=C=O)C=C1,0.0,G1,A,mono-constituent,,Uncharged,Non-ionizable,O=C=Nc1ccc(OP(=S)(Oc2ccc(N=C=O)cc2)Oc2ccc(N=C=O)cc2)cc1
834,A-2628,-6.422274591,CC(C)CCCCCCCOC(=O)C=CC(=O)OCCCCCCCC(C)C,0.0,G1,A,,,Uncharged,Non-ionizable,CC(C)CCCCCCCOC(=O)C=CC(=O)OCCCCCCCC(C)C
835,A-2629,-6.479738422,CCCCCCCCCCCCOC(=O)C=CC(=O)OCCCCCCCCCCCC,0.0,G1,A,mono-constituent,,Uncharged,Non-ionizable,CCCCCCCCCCCCOC(=O)C=CC(=O)OCCCCCCCCCCCC
836,A-2630,-6.335189016,CCCCCCCCC=CCCCCCCCC(=O)OC(C)C,0.0,G1,A,UVCB,,Uncharged,Non-ionizable,CCCCCCCCC=CCCCCCCCC(=O)OC(C)C
837,A-2633,-6.327740788,CCCCCCCC[Si](OCC)(OCC)OCC,0.0,G1,A,mono-constituent,Unstable,Uncharged,Non-ionizable,CCCCCCCC[Si](OCC)(OCC)OCC
838,A-2636,-6.517040294,O=C1OC(=NC2=CC=CC=C12)C1=CC=C(C=C1)C1=NC2=CC=CC=C2C(=O)O1,0.0,G1,A,mono-constituent,,Uncharged,Non-ionizable,O=c1oc(-c2ccc(-c3nc4ccccc4c(=O)o3)cc2)nc2ccccc12
839,A-2637,-6.528392147,CCCCCCCCC=CCCCCCCCCCCCC(N)=O,1.065971819,G2,A,mono-constituent,,Uncharged,Non-ionizable,CCCCCCCCC=CCCCCCCCCCCCC(N)=O
840,A-2638,-6.565096595,O=C=NC1=CC=C(C=C1)C(C1=CC=C(C=C1)N=C=O)C1=CC=C(C=C1)N=C=O,0.0,G1,A,mono-constituent,,Uncharged,Non-ionizable,O=C=Nc1ccc(C(c2ccc(N=C=O)cc2)c2ccc(N=C=O)cc2)cc1
841,A-2639,-6.621817899,CC(C)CCCCCCOC(=O)C1=CC=CC=C1C(=O)OCCCCCCC(C)C,1.244065111,G4,A,multi-constituent,,Uncharged,Non-ionizable,CC(C)CCCCCCOC(=O)c1ccccc1C(=O)OCCCCCCC(C)C
842,A-2641,-6.568874945,CCCCC(CC)COC(=O)CCCCC(=O)OCC(CC)CCCC,1.129360843,G4,A,mono-constituent,Below LoD Below LoQ,Uncharged,Non-ionizable,CCCCC(CC)COC(=O)CCCCC(=O)OCC(CC)CCCC
843,A-2642,-6.630104322,CC(C)CCCCCCCOC(=O)CCCCC(=O)OCCCCCCCC(C)C,1.678297839,G2,A,UVCB,,Uncharged,Non-ionizable,CC(C)CCCCCCCOC(=O)CCCCC(=O)OCCCCCCCC(C)C
844,A-2643,-6.600567801,CC(C)CCCCCCOC(=O)CCCCC(=O)OCCCCCCC(C)C,0.5,G3,A,UVCB,,Uncharged,Non-ionizable,CC(C)CCCCCCOC(=O)CCCCC(=O)OCCCCCCC(C)C
845,A-2644,-6.384616815,CCCCCCCCOCCCCCCCC,0.0,G1,A,mono-constituent,,Uncharged,Non-ionizable,CCCCCCCCOCCCCCCCC
846,A-2645,-6.472081819,CCCCCCCCCCCCCCCCCCOC=C,1.115680949,G2,A,mono-constituent,,Uncharged,Non-ionizable,C=COCCCCCCCCCCCCCCCCCC
847,A-2647,-6.558090281,CCCCC(CC)COC(=O)C(C#N)=C(C1=CC=CC=C1)C1=CC=CC=C1,0.0,G1,A,mono-constituent,,Uncharged,Non-ionizable,CCCCC(CC)COC(=O)C(C#N)=C(c1ccccc1)c1ccccc1
848,A-2648,-6.636031296,CCCC1CCC(CC1)C1CCC(CC1)C1=CC=C(C(F)=C1)C1=CC(F)=C(F)C(F)=C1,0.0,G1,A,mono-constituent,,Uncharged,Non-ionizable,CCCC1CCC(C2CCC(c3ccc(-c4cc(F)c(F)c(F)c4)c(F)c3)CC2)CC1
849,A-2649,-6.475024349,CCCCCCCCCCC(CO)CCCCCCCC,0.0,G1,A,mono-constituent,,Uncharged,Non-ionizable,CCCCCCCCCCC(CO)CCCCCCCC
850,A-2650,-6.29705325,O=C1OC(=O)C2=C3C(C=CC=C13)=CC=C2,0.0,G1,A,mono-constituent,,Uncharged,Non-ionizable,O=C1OC(=O)c2cccc3cccc1c23
851,A-2656,-6.75213453,CCCCCCCCC(C)C(CC)CCCCCCC,0.0,G1,A,,Multi-constituent Substances,Uncharged,Non-ionizable,CCCCCCCCC(C)C(CC)CCCCCCC
852,A-2659,-6.496301265,CCCCCCCCCCCCCCCCCCOCC[O],0.0,G1,A,UVCB,,Uncharged,Non-ionizable,CCCCCCCCCCCCCCCCCCOCC[O]
853,A-2662,-6.621667442,CC1=CC(C)=C(C(=O)P(=O)(C(=O)C2=C(C)C=C(C)C=C2C)C2=CC=CC=C2)C(C)=C1,0.0,G1,A,mono-constituent,,Uncharged,Non-ionizable,Cc1cc(C)c(C(=O)P(=O)(C(=O)c2c(C)cc(C)cc2C)c2ccccc2)c(C)c1
854,A-2664,-6.246331133,CO[Si](OC)(C(C)C)C(C)C,0.0,G1,A,,,Uncharged,Non-ionizable,CO[Si](OC)(C(C)C)C(C)C
855,A-2665,-6.600567801,CCCCCCCCCCCC(=O)OOC(=O)CCCCCCCCCCC,0.238560627,G3,A,mono-constituent,,Uncharged,Non-ionizable,CCCCCCCCCCCC(=O)OOC(=O)CCCCCCCCCCC
856,A-2666,-6.514367091,CCCCCCCCOC(=O)C(C)OC1=CC=C(Cl)C=C1C,0.0,G1,A,mono-constituent,Unstable,Uncharged,Non-ionizable,CCCCCCCCOC(=O)C(C)Oc1ccc(Cl)cc1C
857,A-2667,-6.126735167,C#N,0.979303657,G2,A,,,Uncharged,Non-ionizable,C#N
858,A-2673,-6.841087952,CCCCCCCCC(=O)OCC(CC)(COC(=O)CCCCCCCC)COC(=O)CCCCCCCC,0.0,G1,A,mono-constituent,,Uncharged,Non-ionizable,CCCCCCCCC(=O)OCC(CC)(COC(=O)CCCCCCCC)COC(=O)CCCCCCCC
859,A-2677,-6.700119715,CC12CCC3C(=CC=C4CC5(CCC34C)OCCO5)C1CCC2C1(C)OCCO1,0.0,G1,A,mono-constituent,Non Valid pH,Uncharged,Non-ionizable,CC1(C2CCC3C4=CC=C5CC6(CCC5(C)C4CCC32C)OCCO6)OCCO1
860,A-2678,-4.066886933,CC(C)C1CCC(C)CC1OC(C)=O,0.0,G1,A,,,Uncharged,Non-ionizable,CC(=O)OC1CC(C)CCC1C(C)C
861,A-2680,-6.983720983,N1C2=NC3=C4C=CC=CC4=C(N3)N=C3N=C(N=C4N=C(N=C1C1=C2C=CC=C1)C1=C4C=CC=C1)C1=C3C=CC=C1,0.0,G1,A,,,Uncharged,Non-ionizable,c1ccc2c(c1)-c1nc3nc(nc4[nH]c(nc5[nH]c(nc-2n1)c1ccccc51)c1ccccc41)-c1ccccc1-3
862,A-2684,-7.284910561,CCCCCCCCCCCCCCCCCC(=O)OCC(OC(=O)CCCCCCCCCCCCCCCCC)C1OCC(O)C1OC(=O)CCCCCCCCCCCCCCCCC,0.0,G1,A,,Multi-constituent Substances,Uncharged,Non-ionizable,CCCCCCCCCCCCCCCCCC(=O)OCC(OC(=O)CCCCCCCCCCCCCCCCC)C1OCC(O)C1OC(=O)CCCCCCCCCCCCCCCCC
863,A-2685,-6.905873561,CCCCCCCCCCCCCCCC(=O)OCC(O)C1OCC(O)C1O,0.0,G1,A,UVCB,,Uncharged,Non-ionizable,CCCCCCCCCCCCCCCC(=O)OCC(O)C1OCC(O)C1O
864,A-2687,-7.18023716,CC(C)CCCCCCCCCCOC(=O)C1=CC=C(C(=O)OCCCCCCCCCCC(C)C)C(=C1)C(=O)OCCCCCCCCCCC(C)C,0.0,G1,A,UVCB,Multi-constituent Substances,Uncharged,Non-ionizable,CC(C)CCCCCCCCCCOC(=O)c1ccc(C(=O)OCCCCCCCCCCC(C)C)c(C(=O)OCCCCCCCCCCC(C)C)c1
865,A-2688,-6.933092295,CCCCCCC(=O)OCC(COC(=O)CCCCCC)OC(=O)CCCCCC,0.0,G1,A,mono-constituent,,Uncharged,Non-ionizable,CCCCCCC(=O)OCC(COC(=O)CCCCCC)OC(=O)CCCCCC
866,A-2689,-7.273925856,CCCCCCC(O)CCCCCCCCCCC(=O)OCC(COC(=O)CCCCCCCCCCC(O)CCCCCC)OC(=O)CCCCCCCCCCC(O)CCCCCC,0.0,G1,A,UVCB,,Uncharged,Non-ionizable,CCCCCCC(O)CCCCCCCCCCC(=O)OCC(COC(=O)CCCCCCCCCCC(O)CCCCCC)OC(=O)CCCCCCCCCCC(O)CCCCCC
867,A-2690,-6.97376589,CCCCC(CC)C(=O)OCC(COC(=O)C(CC)CCCC)OC(=O)C(CC)CCCC,0.0,G1,A,mono-constituent,,Uncharged,Non-ionizable,CCCCC(CC)C(=O)OCC(COC(=O)C(CC)CCCC)OC(=O)C(CC)CCCC
868,A-2691,-7.248195509,CCCCCCCCC=CCCCCCCCC(=O)OCC(COC(=O)CCCCCCCC=CCCCCCCCC)OC(=O)CCCCCCCC=CCCCCCCCC,0.0,G1,A,UVCB,,Uncharged,Non-ionizable,CCCCCCCCC=CCCCCCCCC(=O)OCC(COC(=O)CCCCCCCC=CCCCCCCCC)OC(=O)CCCCCCCC=CCCCCCCCC
869,A-2692,-6.869904941,CC(C)CCCCCOC(=O)CCCCC(=O)OCCCCCC(C)C,0.0,G1,A,UVCB,Below LoD Below LoQ,Uncharged,Non-ionizable,CC(C)CCCCCOC(=O)CCCCC(=O)OCCCCCC(C)C
870,A-2693,-7.019520889,CCCCCCCCCCCCCCCCCCOCCCCCCCCCCCCCCCCCC,0.0,G1,A,mono-constituent,,Uncharged,Non-ionizable,CCCCCCCCCCCCCCCCCCOCCCCCCCCCCCCCCCCCC
871,A-2694,-6.97376589,CCCCCCC(=O)OCC(CC)(COC(=O)CCCCCC)COC(=O)CCCCCC,0.0,G1,A,mono-constituent,,Uncharged,Non-ionizable,CCCCCCC(=O)OCC(CC)(COC(=O)CCCCCC)COC(=O)CCCCCC
872,A-2695,-7.102471439,CCCCCCCCC=CCCCCCCCC(=O)OCC(C)(C)COC(=O)CCCCCCCC=CCCCCCCCC,0.0,G1,A,UVCB,,Uncharged,Non-ionizable,CCCCCCCCC=CCCCCCCCC(=O)OCC(C)(C)COC(=O)CCCCCCCC=CCCCCCCCC
873,A-2696,-6.853146782,CCCCCCCC(=O)OCC(C)(C)COC(=O)CCCCCCC,0.831378916,G2,A,mono-constituent,Non Valid pH,Uncharged,Non-ionizable,CCCCCCCC(=O)OCC(C)(C)COC(=O)CCCCCCC
874,A-2698,-7.074077365,CCCCCCCCCCCCCCCCCOC(=O)C=CC(=O)OCCCCCCCCCCCCCCCCC,0.0,G1,A,,,Uncharged,Non-ionizable,CCCCCCCCCCCCCCCCCOC(=O)C=CC(=O)OCCCCCCCCCCCCCCCCC
875,A-2701,-7.271182465,CCC(COC(=O)CCCCCCCCCCCCCCC(C)C)(COC(=O)CCCCCCCCCCCCCCC(C)C)COC(=O)CCCCCCCCCCCCCCC(C)C,0.0,G1,A,UVCB,Multi-constituent Substances,Uncharged,Non-ionizable,CCC(COC(=O)CCCCCCCCCCCCCCC(C)C)(COC(=O)CCCCCCCCCCCCCCC(C)C)COC(=O)CCCCCCCCCCCCCCC(C)C
876,A-2702,-6.899492196,CCCCCCCCCCCCCCCCCC(=O)OCCCCCCCC,0.0,G1,A,,,Uncharged,Non-ionizable,CCCCCCCCCCCCCCCCCC(=O)OCCCCCCCC
877,A-2703,-6.682020458,CCCCCCCCCCCCCCC1CO1,1.650514998,G2,A,mono-constituent,,Uncharged,Non-ionizable,CCCCCCCCCCCCCCC1CO1
878,A-2705,-7.068063351,CCCCCCC(=O)OCC(COC(=O)CCCCCC)(COC(=O)CCCCCC)COC(=O)CCCCCC,0.0,G1,A,mono-constituent,Non Valid pH,Uncharged,Non-ionizable,CCCCCCC(=O)OCC(COC(=O)CCCCCC)(COC(=O)CCCCCC)COC(=O)CCCCCC
879,A-2706,-7.378019409,CCCCCCCCC=CCCCCCCCC(=O)OCC(COC(=O)CCCCCCCC=CCCCCCCCC)(COC(=O)CCCCCCCC=CCCCCCCCC)COC(=O)CCCCCCCC=CCCCCCCCC,0.0,G1,A,UVCB,Non Valid pH,Uncharged,Non-ionizable,CCCCCCCCC=CCCCCCCCC(=O)OCC(COC(=O)CCCCCCCC=CCCCCCCCC)(COC(=O)CCCCCCCC=CCCCCCCCC)COC(=O)CCCCCCCC=CCCCCCCCC
880,A-2707,-7.380942773,CC(C)CCCCCCCCCCCCCCC(=O)OCC(COC(=O)CCCCCCCCCCCCCCC(C)C)(COC(=O)CCCCCCCCCCCCCCC(C)C)COC(=O)CCCCCCCCCCCCCCC(C)C,0.0,G1,A,UVCB,,Uncharged,Non-ionizable,CC(C)CCCCCCCCCCCCCCC(=O)OCC(COC(=O)CCCCCCCCCCCCCCC(C)C)(COC(=O)CCCCCCCCCCCCCCC(C)C)COC(=O)CCCCCCCCCCCCCCC(C)C
881,A-2709,-7.123886253,CCCCCCCCC=CCCCCCCCC(=O)OCC(CO)(CO)COC(=O)CCCCCCCC=CCCCCCCCC,0.0,G1,A,UVCB,,Uncharged,Non-ionizable,CCCCCCCCC=CCCCCCCCC(=O)OCC(CO)(CO)COC(=O)CCCCCCCC=CCCCCCCCC
882,A-2710,-6.733128222,CCCCCCCCCCCC(=O)OCCC(C)C,0.0,G1,A,mono-constituent,,Uncharged,Non-ionizable,CCCCCCCCCCCC(=O)OCCC(C)C
883,A-2714,-6.8304565,CCCCC(=O)OCC(CO)(CO)COCC(CO)(CO)CO,0.0,G1,A,UVCB,Multi-constituent Substances,Uncharged,Non-ionizable,CCCCC(=O)OCC(CO)(CO)COCC(CO)(CO)CO
884,A-2715,-6.860411082,CC(C)C1=CC=CC(C(C)C)=C1N=C=NC1=C(C=CC=C1C(C)C)C(C)C,0.0,G1,A,mono-constituent,,Uncharged,Non-ionizable,CC(C)c1cccc(C(C)C)c1N=C=Nc1c(C(C)C)cccc1C(C)C
885,A-2718,-7.116029628,CCCCCCCCCCCCCCCCCC(=O)OCCCC,0.0,G1,A,,Multi-constituent Substances,Uncharged,Non-ionizable,CCCCCCCCCCCCCCCCCC(=O)OCCCC
886,A-2720,-6.971983321,CC(C)CCCCCCCOC(=O)CCCCCCCC(=O)OCCCCCCCC(C)C,0.0,G1,A,UVCB,,Uncharged,Non-ionizable,CC(C)CCCCCCCOC(=O)CCCCCCCC(=O)OCCCCCCCC(C)C
887,A-2721,-7.007600998,CCCCCCCCCCCCCCOC(=O)C=CC(=O)OCCCCCCCCCCCCCC,0.0,G1,A,mono-constituent,,Uncharged,Non-ionizable,CCCCCCCCCCCCCCOC(=O)C=CC(=O)OCCCCCCCCCCCCCC
888,A-2722,-6.832007908,CCCCCCCCCCCCCCCCCCCCCC(N)=O,0.0,G1,A,mono-constituent,,Uncharged,Non-ionizable,CCCCCCCCCCCCCCCCCCCCCC(N)=O
889,A-2723,-7.113399141,CCCCCCCCCCCCCCCCCCCCCCOC(=O)CCCCCCCCCCCCCCCCCCCCC,0.0,G1,A,mono-constituent,Below LoD Below LoQ,Uncharged,Non-ionizable,CCCCCCCCCCCCCCCCCCCCCCOC(=O)CCCCCCCCCCCCCCCCCCCCC
890,A-2724,-6.955006196,CCCCCCCCCCCCOC(=O)CCCCCCCC=CCCCCCCCC,0.0,G1,A,,,Uncharged,Non-ionizable,CCCCCCCCC=CCCCCCCCC(=O)OCCCCCCCCCCCC
891,A-2725,-7.355606283,CCCCCCCCC=CCCCCCCCC(=O)OCC,0.0,G1,A,,Multi-constituent Substances,Uncharged,Non-ionizable,CCCCCCCCC=CCCCCCCCC(=O)OCC
892,A-2726,-6.867639522,CCCCCCCCCCCCCCCCOC(=O)C(CC)CCCC,0.0,G1,A,UVCB,,Uncharged,Non-ionizable,CCCCCCCCCCCCCCCCOC(=O)C(CC)CCCC
893,A-2727,-6.755087841,CCCCCCCCCCCC(=O)OCCCCCC,0.0,G1,A,mono-constituent,,Uncharged,Non-ionizable,CCCCCCCCCCCC(=O)OCCCCCC
894,A-2728,-6.855595469,CC(C)CCCCCCCCCCCCCCC(=O)OC(CO)CO,0.0,G1,A,UVCB,,Uncharged,Non-ionizable,CC(C)CCCCCCCCCCCCCCC(=O)OC(CO)CO
895,A-2730,-7.071179207,CCCCCCCCC=CCCCCCCCCCCCC(=O)OCCCCCCCCC=CCCCCCCCC,0.0,G1,A,mono-constituent,,Uncharged,Non-ionizable,CCCCCCCCC=CCCCCCCCCCCCC(=O)OCCCCCCCCC=CCCCCCCCC
896,A-2731,-7.027706683,CCCCCCCCCC=CCCCCCCC(=O)OCCCCCCCCC=CCCCCCCCC,0.0,G1,A,,,Uncharged,Non-ionizable,CCCCCCCCC=CCCCCCCCCOC(=O)CCCCCCC=CCCCCCCCCC
897,A-2732,-6.709998828,CCCCCCCCOC(=O)CCCCCCC,0.0,G1,A,mono-constituent,,Uncharged,Non-ionizable,CCCCCCCCOC(=O)CCCCCCC
898,A-2733,-6.98122586,CCCCCCCCCCCCCCOC(=O)CCCCCCCC=CCCCCCCCC,0.0,G1,A,UVCB,Non Valid pH,Uncharged,Non-ionizable,CCCCCCCCC=CCCCCCCCC(=O)OCCCCCCCCCCCCCC
899,A-2734,-7.057520047,CCCCC(CC)COC(=O)CC(CC(=O)OCC(CC)CCCC)(OC(C)=O)C(=O)OCC(CC)CCCC,0.0,G1,A,mono-constituent,Below LoD Below LoQ,Uncharged,Non-ionizable,CCCCC(CC)COC(=O)CC(CC(=O)OCC(CC)CCCC)(OC(C)=O)C(=O)OCC(CC)CCCC
900,A-2744,-7.127966051,CCCCCCCCCC(C)(C)SSC(C)(C)CCCCCCCCC,1.031073953,G2,A,UVCB,,Uncharged,Non-ionizable,CCCCCCCCCC(C)(C)SSC(C)(C)CCCCCCCCC
901,A-2745,-6.979936669,CCCCC(CC)COC(=O)OCC(CC)CCCC,0.0,G1,A,mono-constituent,,Uncharged,Non-ionizable,CCCCC(CC)COC(=O)OCC(CC)CCCC
902,A-2747,-7.254042677,O=P(OCC1=CC=CC=C1)(OCC1=CC=CC=C1)OP(=O)(OCC1=CC=CC=C1)OCC1=CC=CC=C1,0.0,G1,A,mono-constituent,,Uncharged,Non-ionizable,O=P(OCc1ccccc1)(OCc1ccccc1)OP(=O)(OCc1ccccc1)OCc1ccccc1
903,A-2750,-7.253899898,CCCCCCCCCCCCCCCCCC(=O)O[Al](O)OC(=O)C1=CC=CC=C1,0.0,G1,A,mono-constituent,,Uncharged,Non-ionizable,CCCCCCCCCCCCCCCCCC(=O)[O-].O=C([O-])c1ccccc1.[Al+3].[OH-]
904,A-2753,-7.800359899,CCCCCCCCCCCCCCCCCC(=O)OC,0.0,G1,A,,Multi-constituent Substances,Uncharged,Non-ionizable,CCCCCCCCCCCCCCCCCC(=O)OC
905,A-2755,-7.397033995,FC(F)(F)C(F)(F)C(F)(F)C(F)(F)C(F)(F)C(F)(F)C(F)(F)C(F)(F)Br,0.0,G1,A,mono-constituent,,Uncharged,Non-ionizable,FC(F)(F)C(F)(F)C(F)(F)C(F)(F)C(F)(F)C(F)(F)C(F)(F)C(F)(F)Br
906,A-2761,-7.327107482,CCCCCCCCCCCCCCOC(=O)CCCCCCCCCCCCC,0.0,G1,A,mono-constituent,,Uncharged,Non-ionizable,CCCCCCCCCCCCCCOC(=O)CCCCCCCCCCCCC
907,A-2762,-7.185390564,CCCC1CCC(CC1)C1=CC=C(C=C1)C1=CC=C(CC)C=C1,0.0,G1,A,mono-constituent,,Uncharged,Non-ionizable,CCCC1CCC(c2ccc(-c3ccc(CC)cc3)cc2)CC1
908,A-2763,-7.312230264,CC1=CC(OP(=O)(OC2=CC(C)=CC(C)=C2)OC2=CC(C)=CC(C)=C2)=CC(C)=C1,0.0,G1,A,,,Uncharged,Non-ionizable,Cc1cc(C)cc(OP(=O)(Oc2cc(C)cc(C)c2)Oc2cc(C)cc(C)c2)c1
909,A-2764,-7.553792438,CC(C=CC=C(C)C=CC1=C(C)CCCC1(C)C)=CC=CC=C(C)C=CC=C(C)C=CC1=C(C)CCCC1(C)C,0.0,G1,A,mono-constituent,,Uncharged,Non-ionizable,CC(C=CC=C(C)C=CC1=C(C)CCCC1(C)C)=CC=CC=C(C)C=CC=C(C)C=CC1=C(C)CCCC1(C)C
910,A-2765,-7.172432644,[Hf],0.0,G1,A,mono-constituent,,Uncharged,Non-ionizable,[Hf]
911,A-2776,-7.813287357,O=P(OC1=CC=CC=C1)(OC1=CC=CC=C1)OC1=CC=C(C=C1)C1=CC=C(OP(=O)(OC2=CC=CC=C2)OC2=CC=CC=C2)C=C1,0.0,G1,A,,,Uncharged,Non-ionizable,O=P(Oc1ccccc1)(Oc1ccccc1)Oc1ccc(-c2ccc(OP(=O)(Oc3ccccc3)Oc3ccccc3)cc2)cc1
912,A-2781,-6.93344173,OB(O)O,0.0,G1,A,mono-constituent,Non Valid pH,Uncharged,Non-ionizable,OB(O)O
913,A-2783,-6.394784279,B#N,0.0,G1,A,mono-constituent,,Uncharged,Non-ionizable,B#N
914,A-2790,-7.946874563,O=C1C2=CC=CC=C2C(=O)C2=C3NC4=CC=C5C(=O)C6=CC=CC=C6C(=O)C5=C4NC3=CC=C12,0.0,G1,A,mono-constituent,Below LoD Below LoQ,Uncharged,Non-ionizable,O=c1c2ccccc2c(=O)c2c1ccc1[nH]c3c(ccc4c(=O)c5ccccc5c(=O)c43)[nH]c12
915,A-2797,-8.123728846,N#CC1=CC=C(C=CC2=CC=C(C=CC3=CC=CC(=C3)C#N)C=C2)C=C1,0.0,G1,A,,,Uncharged,Non-ionizable,N#Cc1ccc(C=Cc2ccc(C=Cc3cccc(C#N)c3)cc2)cc1
916,A-2801,-8.85998044,CCCCC(CC)COP(=O)(OCC(CC)CCCC)OCC(CC)CCCC,1.542743112,G4,A,mono-constituent,,Uncharged,Non-ionizable,CCCCC(CC)COP(=O)(OCC(CC)CCCC)OCC(CC)CCCC
917,A-2804,-9.649988729,CCCCCC(CCC)COC(=O)C1=CC=CC=C1C(=O)OCC(CCC)CCCCC,0.0,G1,A,mono-constituent,,Uncharged,Non-ionizable,CCCCCC(CCC)COC(=O)c1ccccc1C(=O)OCC(CCC)CCCCC
918,A-2807,1.013864214,OCC(=O)CO,0.0,G1,A,mono-constituent,,Uncharged,Non-ionizable,O=C(CO)CO
919,A-2823,0.946191052,O=C1OCCO1,0.054504474,G3,A,mono-constituent,Non Valid pH,Uncharged,Non-ionizable,O=C1OCCO1
920,A-2831,-0.147373679,ClCC1CO1,0.0,G1,A,mono-constituent,,Uncharged,Non-ionizable,ClCC1CO1
921,A-2852,-0.412857335,CC(C)COC(=O)C(C)O,0.036765034,G3,A,mono-constituent,,Uncharged,Non-ionizable,CC(C)COC(=O)C(C)O
922,A-2863,-0.338416648,[Cr],0.225994732,G5,A,,,Uncharged,Non-ionizable,[Cr]
923,A-2864,-0.45378908,CC(=C)C(=O)OCC1CO1,0.0,G1,A,mono-constituent,,Uncharged,Non-ionizable,C=C(C)C(=O)OCC1CO1
924,A-2869,-1.055812212,CCCCCCOC(CO)CO,0.0,G1,A,,,Uncharged,Non-ionizable,CCCCCCOC(CO)CO
925,A-2874,-0.823100201,OOB=O,0.0,G1,A,,,Uncharged,Non-ionizable,O=BOO
926,A-2875,-0.439029198,COC(C)(C)CCOC(C)=O,0.0,G1,A,mono-constituent,,Uncharged,Non-ionizable,COC(C)(C)CCOC(C)=O
927,A-2891,0.710489386,O=C1CCO1,0.0,G1,A,mono-constituent,,Uncharged,Non-ionizable,O=C1CCO1
928,A-2895,0.179474131,CCCCCCCC(=O)OCC(O)CO,0.0,G1,A,,,Uncharged,Non-ionizable,CCCCCCCC(=O)OCC(O)CO
929,A-2906,-0.446096322,NC#N,0.0,G1,A,,,Uncharged,Non-ionizable,N#CN
930,A-2918,2.13768162,CC(C)CC1CC(C)(O)CCO1,0.0,G1,A,,,Uncharged,Non-ionizable,CC(C)CC1CC(C)(O)CCO1
931,A-2937,-1.744788784,CCNC(=S)OC(C)C,0.024022919,G3,A,,,Uncharged,Non-ionizable,CCNC(=S)OC(C)C
932,A-2943,-1.901344783,COC1=CC=C(CCC#N)C=C1OC,0.0,G1,A,,Non Valid pH,Uncharged,Non-ionizable,COc1ccc(CCC#N)cc1OC
933,A-2950,-4.947028744,CC12CCC3C(CCC4=C3CCC(=O)C4)C1CCC2O,0.0,G1,A,,,Uncharged,Non-ionizable,CC12CCC3C4=C(CCC3C1CCC2O)CC(=O)CC4
934,A-2951,-1.130401751,OCC(CO)(CBr)CBr,0.146000876,G3,A,,,Uncharged,Non-ionizable,OCC(CO)(CBr)CBr
935,A-2958,1.152409408,OP(O)O,0.0,G1,A,,,Uncharged,Non-ionizable,OP(O)O
936,A-2969,-0.849572956,ON=C1CCCCC1,0.032781871,G5,A,,,Uncharged,Non-ionizable,ON=C1CCCCC1
937,A-2991,-0.181251006,CCOCCOCCOC(=O)C=C,0.0,G1,A,,,Uncharged,Non-ionizable,C=CC(=O)OCCOCCOCC
938,A-2993,0.175240889,N#CCCC#N,0.012321219,G3,A,,Non Valid pH,Uncharged,Non-ionizable,N#CCCC#N
939,A-3027,-2.231757445,CC(=O)OCCC1=CC=CC=C1,0.0,G1,A,,Non Valid pH,Uncharged,Non-ionizable,CC(=O)OCCc1ccccc1
940,A-3029,-2.291104446,CC1=CC=CC=C1OCC1CO1,0.0,G1,A,,,Uncharged,Non-ionizable,Cc1ccccc1OCC1CO1
941,A-3043,-2.675906595,CC(CC=O)CC(C)(C)C,0.259428991,G5,A,,Non Valid pH,Uncharged,Non-ionizable,CC(CC=O)CC(C)(C)C
942,A-3047,-3.0533858,ClC1=CC=CC=C1Cl,0.079735761,G5,A,,,Uncharged,Non-ionizable,Clc1ccccc1Cl
943,A-3049,-3.125539877,COC1=CC=C(C=CC)C=C1,0.0,G1,A,,,Uncharged,Non-ionizable,CC=Cc1ccc(OC)cc1
944,A-3055,-3.420275441,[Mo],0.409222923,G3,A,,,Uncharged,Non-ionizable,[Mo]
945,A-3068,-5.14904043,CC(C)CCCC(C)CCCC(C)CCCCC(C)CCCC(C)CCCC(C)C,0.320378789,G5,A,,Prediction Estimation,Uncharged,Non-ionizable,CC(C)CCCC(C)CCCC(C)CCCCC(C)CCCC(C)CCCC(C)C
946,A-3075,-0.165775242,CC(C)OCCOC(C)=O,0.0,G1,A,,Non Valid pH,Uncharged,Non-ionizable,CC(=O)OCCOC(C)C
947,A-3084,-0.196759712,CC(=C)C(=O)OC(=O)C(C)=C,0.0,G1,A,,,Uncharged,Non-ionizable,C=C(C)C(=O)OC(=O)C(=C)C
948,A-3091,-0.500013296,C=CC(=O)OCCOCCOCCOCCOC(=O)C=C,0.0,G1,A,,,Uncharged,Non-ionizable,C=CC(=O)OCCOCCOCCOCCOC(=O)C=C
949,A-3098,0.84545625,COCCOCCOC,0.013421875,G3,A,,,Uncharged,Non-ionizable,COCCOCCOC
950,A-3118,0.019067893,CC(=C)CCO,0.0,G1,A,,,Uncharged,Non-ionizable,C=C(C)CCO
951,A-3129,-1.333054875,CCC1(COC(=O)C=C)COCOC1,0.0,G1,A,,,Uncharged,Non-ionizable,C=CC(=O)OCC1(CC)COCOC1
952,A-3133,-1.285894713,BrCBr,0.060647356,G3,A,,,Uncharged,Non-ionizable,BrCBr
953,A-3149,0.080542298,CCC1CO1,0.089896251,G5,A,,,Uncharged,Non-ionizable,CCC1CO1
954,A-3151,-0.057369728,O=C1CCCCC1,0.257749722,G5,A,,,Uncharged,Non-ionizable,O=C1CCCCC1
955,A-3162,0.901422988,CC(C)(CO)CO,0.0,G1,A,,,Uncharged,Non-ionizable,CC(C)(CO)CO
956,A-3163,-0.025404461,CCOC(C)=O,0.016799804,G5,A,,,Uncharged,Non-ionizable,CCOC(C)=O
957,A-3164,-2.499798074,C1CC=CCCC=C1,0.0,G1,A,,,Uncharged,Non-ionizable,C1=CCCC=CCC1
958,A-3180,-0.130912442,N#CCCCCC#N,0.0,G1,A,,,Uncharged,Non-ionizable,N#CCCCCC#N
959,A-3186,-1.260334336,CCCCC(CC)(CO)CO,0.0,G1,A,,,Uncharged,Non-ionizable,CCCCC(CC)(CO)CO
960,A-3190,-1.214583849,CI,0.102748454,G3,A,,Unstable,Uncharged,Non-ionizable,CI
961,A-3193,-1.057369728,CCC=C(C)C=O,0.0,G1,A,,,Uncharged,Non-ionizable,CCC=C(C)C=O
962,A-3195,-1.406221724,O=C1OC(=O)C2=CC3=C(C=C12)C(=O)OC3=O,0.006743469,G3,A,,Unstable,Uncharged,Non-ionizable,O=c1oc(=O)c2cc3c(=O)oc(=O)c3cc12
963,A-3196,-1.306674746,CCCCOC(=O)CCC(C)=O,0.0,G1,A,,Non Valid pH,Uncharged,Non-ionizable,CCCCOC(=O)CCC(C)=O
964,A-3197,-1.301526049,CC1CCC2C(C1)C(=O)OC2=O,0.02672216,G3,A,,Non Valid pH,Uncharged,Non-ionizable,CC1CCC2C(=O)OC(=O)C2C1
965,A-3202,-1.387194666,COC(=O)C1CCC(CC1)C(=O)OC,0.0,G1,A,,,Uncharged,Non-ionizable,COC(=O)C1CCC(C(=O)OC)CC1
966,A-3206,-1.35258526,CN1C2=C(NC=N2)C(=O)N(C)C1=O,0.016929134,G3,A,,,Uncharged,Non-ionizable,Cn1c(=O)c2[nH]cnc2n(C)c1=O
967,A-3208,-1.574682221,CC(CC(C)(C)CC#N)C#N,0.0,G1,A,,,Uncharged,Non-ionizable,CC(C#N)CC(C)(C)CC#N
968,A-3210,-1.173834312,ClC(Cl)Cl,0.018214633,G3,A,,,Uncharged,Non-ionizable,ClC(Cl)Cl
969,A-3212,-0.295451716,C=CC(=O)OCC1CCCO1,0.0,G1,A,,Non Valid pH,Uncharged,Non-ionizable,C=CC(=O)OCC1CCCO1
970,A-3218,-0.267204876,COC(=O)C=CC(=O)OC,0.032691652,G5,A,,,Uncharged,Non-ionizable,COC(=O)C=CC(=O)OC
971,A-3233,0.802693707,COCCC(=O)OC,0.0,G1,A,,,Uncharged,Non-ionizable,COCCC(=O)OC
972,A-3235,-0.18999534,OCCCCOC=C,0.0,G1,A,,,Uncharged,Non-ionizable,C=COCCCCO
973,A-3238,-0.53795425,CCCCOCC1CO1,0.0,G1,A,,Multi-constituent Substances,Uncharged,Non-ionizable,CCCCOCC1CO1
974,A-3256,-3.708142472,C=CC(=O)OC1C=CC2C3CCC(C3)C12,0.0,G1,A,,,Uncharged,Non-ionizable,C=CC(=O)OC1C=CC2C3CCC(C3)C12
975,A-3264,1.005827448,N1C=NC=N1,0.00911241,G3,A,,,Uncharged,Non-ionizable,c1nc[nH]n1
976,A-3275,-0.814424958,[V],0.0,G1,A,,,Uncharged,Non-ionizable,[V]
977,A-3279,-1.038398213,C1COC=CC1,0.0,G1,A,,,Uncharged,Non-ionizable,C1=COCCC1
978,A-3281,-1.289975217,CCCCCCC(O)CO,0.0,G1,A,,,Uncharged,Non-ionizable,CCCCCCC(O)CO
979,A-3290,-1.336078753,CC(C)OC(=O)C(F)(F)F,0.078236632,G5,A,,Non Valid pH,Uncharged,Non-ionizable,CC(C)OC(=O)C(F)(F)F
980,A-3296,-1.342949719,CCOS(=O)(=O)OCC,0.0,G1,A,,Unstable,Uncharged,Non-ionizable,CCOS(=O)(=O)OCC
981,A-3328,-0.050409053,CCCCO,0.028901331,G5,A,,,Uncharged,Non-ionizable,CCCCO
982,A-3337,0.637012443,ON1C=CC=CC1=S,0.023559411,G3,A,,,Uncharged,Non-ionizable,On1ccccc1=S
983,A-3344,-0.128994642,CC(C)=CCO,0.0,G1,A,,Non Valid pH,Uncharged,Non-ionizable,CC(C)=CCO
984,A-3358,0.605167428,CC1=C2N=NNC2=CC=C1,0.0,G1,A,,Ionization,Uncharged,Non-ionizable,Cc1cccc2[nH]nnc12
985,A-3360,-0.201666274,O=C1CCC(=O)O1,0.0,G1,A,,Unstable,Uncharged,Non-ionizable,O=C1CCC(=O)O1
986,A-3365,-0.341616387,OCC(CO)(CO)CO,0.067813815,G5,A,,,Uncharged,Non-ionizable,OCC(CO)(CO)CO
987,A-3367,0.591790232,CC(C)C(=O)OC(=O)C(C)C,0.0,G1,A,,,Uncharged,Non-ionizable,CC(C)C(=O)OC(=O)C(C)C
988,A-3372,-0.373677588,CC1(C)C(O)C(C)(C)C1O,0.0,G1,A,,,Uncharged,Non-ionizable,CC1(C)C(O)C(C)(C)C1O
989,A-3379,-0.067511006,CC(=C)C=O,0.050771527,G5,A,,,Uncharged,Non-ionizable,C=C(C)C=O
990,A-3380,-0.079826177,CC(C)C=O,0.085613088,G3,A,,,Uncharged,Non-ionizable,CC(C)C=O
991,A-3387,-1.160845842,ClC(Cl)=O,0.0,G1,A,,,Uncharged,Non-ionizable,O=C(Cl)Cl
992,A-3390,-1.113943352,[Sr],0.0,G1,A,,Non Valid pH,Uncharged,Non-ionizable,[Sr]
993,A-3393,-1.056973282,CCSC,0.0,G1,A,,Non Valid pH,Uncharged,Non-ionizable,CCSC
994,A-3397,-1.209572311,O=CC1=CC=CC=C1,0.166263026,G5,A,,,Uncharged,Non-ionizable,O=Cc1ccccc1
995,A-3401,-1.255496889,CCOC(=O)C(C)C,0.0,G1,A,,,Uncharged,Non-ionizable,CCOC(=O)C(C)C
996,A-3402,0.003660289,S=[Sr],0.0,G1,A,,Non Valid pH,Uncharged,Non-ionizable,[S]=[Sr]
997,A-3403,-1.364424933,O=C1OC(=O)C2=CC=CC=C12,0.18286241,G5,A,,,Uncharged,Non-ionizable,O=C1OC(=O)c2ccccc21
998,A-3404,-1.187180386,ClC=CCl,0.127609807,G3,A,,,Uncharged,Non-ionizable,ClC=CCl
999,A-3409,-1.759306143,CC(C)(O)C1=CC=CC=C1,0.0,G1,A,,Cosolvent Buffer,Uncharged,Non-ionizable,CC(C)(O)c1ccccc1
1000,A-3432,-0.575436704,CC(=O)OCC(COC(C)=O)OC(C)=O,0.045410321,G5,A,,,Uncharged,Non-ionizable,CC(=O)OCC(COC(C)=O)OC(C)=O
1001,A-3433,-0.094549434,CC1(C)CO1,0.0,G1,A,,,Uncharged,Non-ionizable,CC1(C)CO1
1002,A-3434,-0.658698746,CCCCCCOC1OC(CO)C(O)C(O)C1O,0.0,G1,A,,,Uncharged,Non-ionizable,CCCCCCOC1OC(CO)C(O)C(O)C1O
1003,A-3438,0.340366328,OCCN1C(=O)N(CCO)C(=O)N(CCO)C1=O,0.151650906,G3,A,,,Uncharged,Non-ionizable,O=c1n(CCO)c(=O)n(CCO)c(=O)n1CCO
1004,A-3444,0.577880851,OC1COC(O)C(O)C1O,0.140735267,G5,A,,,Uncharged,Non-ionizable,OC1COC(O)C(O)C1O
1005,A-3452,-0.524834841,COC(=O)CC(C(C)=O)C(=O)OC,0.0,G1,A,,,Uncharged,Non-ionizable,COC(=O)CC(C(C)=O)C(=O)OC
1006,A-3459,-0.560813739,C(CCOCC1CO1)COCC1CO1,0.0,G1,A,,Unstable,Uncharged,Non-ionizable,C(CCOCC1CO1)COCC1CO1
1007,A-3472,-0.431708518,CCOCCC(=O)OCC,0.005554259,G3,A,,,Uncharged,Non-ionizable,CCOCCC(=O)OCC
1008,A-3475,-0.263631686,COC(=O)CC#N,0.169191352,G3,A,,,Uncharged,Non-ionizable,COC(=O)CC#N
1009,A-3481,-0.327612407,CCOC(=O)CC#N,0.209495588,G5,A,,,Uncharged,Non-ionizable,CCOC(=O)CC#N
1010,A-3487,-0.31550074,CC(CCC#N)C#N,0.0,G1,A,,,Uncharged,Non-ionizable,CC(C#N)CCC#N
1011,A-3488,-0.405237967,CCCCOCC(C)O,0.0,G1,A,,,Uncharged,Non-ionizable,CCCCOCC(C)O
1012,A-3490,0.777076543,O=C1OC=CO1,0.0,G1,A,,,Uncharged,Non-ionizable,O=c1occo1
1013,A-3496,-0.324555733,CC1=C(OC=N1)C#N,0.0,G1,A,,,Uncharged,Non-ionizable,Cc1ncoc1C#N
1014,A-3502,1.626440718,OCCCCCCO,0.0,G1,A,,,Uncharged,Non-ionizable,OCCCCCCO
1015,A-3505,0.438526523,CCOP(=O)(OCC)OCC,0.0,G1,A,,,Uncharged,Non-ionizable,CCOP(=O)(OCC)OCC
1016,A-3508,-0.159007423,CCCC=O,0.076153711,G3,A,,,Uncharged,Non-ionizable,CCCC=O
1017,A-3512,-1.181917475,C1CCSC1,0.0,G1,A,,,Uncharged,Non-ionizable,C1CCSC1
1018,A-3514,-1.373595162,CC(=O)OC1=CC=CC=C1,0.0,G1,A,,Non Valid pH,Uncharged,Non-ionizable,CC(=O)Oc1ccccc1
1019,A-3515,-1.050748809,CCCl,0.0,G1,A,,,Uncharged,Non-ionizable,CCCl
1020,A-3516,-1.417253114,ClC1=CC(Cl)=NC=N1,0.0,G1,A,,Non Valid pH,Uncharged,Non-ionizable,Clc1cc(Cl)ncn1
1021,A-3521,-1.487653403,NP(N)(=O)OC1=CC=CC=C1,0.0,G1,A,,,Uncharged,Non-ionizable,NP(N)(=O)Oc1ccccc1
1022,A-3527,-1.488726291,CC=CCCC1CCCC(=O)O1,0.014610102,G3,A,,,Uncharged,Non-ionizable,CC=CCCC1CCCC(=O)O1
1023,A-3536,-1.668298088,CC(COCC(C)OC(=O)C=C)OC(=O)C=C,0.0,G1,A,,,Uncharged,Non-ionizable,C=CC(=O)OC(C)COCC(C)OC(=O)C=C
1024,A-3538,-1.469038232,OC1CSC(O)CS1,0.0,G1,A,,Non Valid pH,Uncharged,Non-ionizable,OC1CSC(O)CS1
1025,A-3539,-1.415573876,CC(=O)CCCCCl,0.0,G1,A,,,Uncharged,Non-ionizable,CC(=O)CCCCCl
1026,A-3542,-1.525986853,CC1=CC=CC=C1S(N)(=O)=O,0.251725097,G3,A,,,Uncharged,Non-ionizable,Cc1ccccc1S(N)(=O)=O
1027,A-3561,-0.460793982,CC(=O)OCC=C(C)C=O,0.0,G1,A,,,Uncharged,Non-ionizable,CC(=O)OCC=C(C)C=O
1028,A-3562,-0.099255215,OB(O)O,0.053869892,G5,A,,,Uncharged,Non-ionizable,OB(O)O
1029,A-3563,-0.684341705,OB(O)O,0.053869892,G5,A,,,Uncharged,Non-ionizable,OB(O)O
1030,A-3564,-0.312059473,OB(O)O,0.053869892,G5,A,,,Uncharged,Non-ionizable,OB(O)O
1031,A-3601,-0.344450681,CCOC(=O)OC,0.0,G1,A,,,Uncharged,Non-ionizable,CCOC(=O)OC
1032,A-3611,-0.458338912,CCCCOC(=O)CO,0.0,G1,A,,,Uncharged,Non-ionizable,CCCCOC(=O)CO
1033,A-3612,-0.372767961,COC(=O)CCl,0.0,G1,A,,,Uncharged,Non-ionizable,COC(=O)CCl
1034,A-3642,-0.742062088,CC1=CN(C2CC(O)C(CO)O2)C(=O)NC1=O,0.0,G1,A,,,Uncharged,Non-ionizable,Cc1cn(C2CC(O)C(CO)O2)c(=O)[nH]c1=O
1035,A-3678,0.618115807,O=C1OC(=O)C=C1,0.005790936,G3,A,,Unstable,Uncharged,Non-ionizable,O=C1C=CC(=O)O1
1036,A-3687,0.838033384,CC1CO1,0.0,G1,A,,,Uncharged,Non-ionizable,CC1CO1
1037,A-3690,-0.790860844,CCOCCCC(C)OCCOCC(C)CO,0.0,G1,A,,,Uncharged,Non-ionizable,CCOCCCC(C)OCCOCC(C)CO
1038,A-3702,-1.54049772,CC1(C)CC(=O)CC(C)(C1)C#N,0.00673727,G3,A,,,Uncharged,Non-ionizable,CC1(C)CC(=O)CC(C)(C#N)C1
1039,A-3714,-1.417811305,ClC(Cl)Cl,0.0,G1,A,,,Uncharged,Non-ionizable,ClC(Cl)Cl
1040,A-3723,-1.737335476,CCCCO,0.106708547,G5,A,,,Uncharged,Non-ionizable,CCCCO
1041,A-3733,-1.414000411,COC(=O)C=C(C)C,0.0,G1,A,,,Uncharged,Non-ionizable,COC(=O)C=C(C)C
1042,A-3738,-1.474321317,CC(C)=CCOC(C)=O,0.0,G1,A,,,Uncharged,Non-ionizable,CC(=O)OCC=C(C)C
1043,A-3741,-1.433338371,CCCCCC(C)=O,0.012272472,G5,A,,,Uncharged,Non-ionizable,CCCCCC(C)=O
1044,A-3742,-1.377449362,CCCC(C)C=O,0.007361628,G3,A,,,Uncharged,Non-ionizable,CCCC(C)C=O
1045,A-3744,-1.564736497,O=C1OC(=O)C2CCCCC12,0.0,G1,A,,Non Valid pH,Uncharged,Non-ionizable,O=C1OC(=O)C2CCCCC12
1046,A-3746,-1.718248447,CCC(CO)(COCC=C)COCC=C,0.0,G1,A,,,Uncharged,Non-ionizable,C=CCOCC(CC)(CO)COCC=C
1047,A-3751,-1.875569091,CC(COCC(C)OC(=O)C=C)OCC(C)OC(=O)C=C,0.0,G1,A,,,Uncharged,Non-ionizable,C=CC(=O)OC(C)COCC(C)OCC(C)OC(=O)C=C
1048,A-3752,0.838033384,CC1CO1,0.0,G1,A,,,Uncharged,Non-ionizable,CC1CO1
1049,A-3765,0.525735536,OCC1=CN=CS1,0.0,G1,A,,,Uncharged,Non-ionizable,OCc1cncs1
1050,A-3794,-1.576310856,CCOC(=O)C(C)C=C,0.0,G1,A,,,Uncharged,Non-ionizable,C=CC(C)C(=O)OCC
1051,A-3795,-0.465572855,CNC(=S)NN,1.476038224,G2,A,,,Uncharged,Non-ionizable,CNC(=S)NN
1052,A-3804,-0.653770318,COC(=O)CC(=C)C(=O)OC,0.0,G1,A,,,Uncharged,Non-ionizable,C=C(CC(=O)OC)C(=O)OC
1053,A-3805,-0.716525615,OCCOCCOC1=CC=CC=C1,0.0,G1,A,,,Uncharged,Non-ionizable,OCCOCCOc1ccccc1
1054,A-3806,-0.692136567,CC(CCCC(C)(C)O)CC=O,0.0,G1,A,,,Uncharged,Non-ionizable,CC(CC=O)CCCC(C)(C)O
1055,A-3821,0.444510788,CCC1=NC=CN=C1C,0.0,G1,A,,,Uncharged,Non-ionizable,CCc1nccnc1C
1056,A-3847,0.397509321,CC(=O)C1CCOC1=O,0.10205466,G3,A,,Non Valid pH,Uncharged,Non-ionizable,CC(=O)C1CCOC1=O
1057,A-3858,-0.666725926,CC(C)C(O)C(C)(C)CO,0.109787037,G3,A,,,Uncharged,Non-ionizable,CC(C)C(O)C(C)(C)CO
1058,A-3865,-2.67352571,CCCCC(CC)COC(=O)C(C)O,0.0,G1,A,,,Uncharged,Non-ionizable,CCCCC(CC)COC(=O)C(C)O
1059,A-3866,0.553677557,O=C1CCCC1,0.0,G1,A,,,Uncharged,Non-ionizable,O=C1CCCC1
1060,A-3868,-4.159911756,[Mn],0.0,G1,A,,,Uncharged,Non-ionizable,[Mn]
1061,A-3869,0.698593779,COC=O,0.057696709,G3,A,,,Uncharged,Non-ionizable,COC=O
1062,A-3872,-0.736268462,CC1C=CCC2C1C(=O)OC2=O,0.0,G1,A,,,Uncharged,Non-ionizable,CC1C=CCC2C(=O)OC(=O)C12
1063,A-3875,-0.687915225,CCOCCOC(C)(C)C,0.045540235,G3,A,,,Uncharged,Non-ionizable,CCOCCOC(C)(C)C
1064,A-3876,-0.687784528,COC(C)CCOC(C)=O,0.47281938,G5,A,,,Uncharged,Non-ionizable,COC(C)CCOC(C)=O
1065,A-3880,-1.607002567,CC(C)C(=O)OOC(C)(C)C,0.0,G1,A,,Unstable,Uncharged,Non-ionizable,CC(C)C(=O)OOC(C)(C)C
1066,A-3881,-1.629618671,COC(CC1=CC=CC=C1)OC,0.0,G1,A,,Non Valid pH,Uncharged,Non-ionizable,COC(Cc1ccccc1)OC
1067,A-3883,-1.656093273,C1C2COCOC2C2=CC=CC=C12,0.0,G1,A,,,Uncharged,Non-ionizable,c1ccc2c(c1)CC1COCOC21
1068,A-3890,-1.720972355,CCOC(=O)C(Cl)C(=O)OCC,0.0,G1,A,,Non Valid pH,Uncharged,Non-ionizable,CCOC(=O)C(Cl)C(=O)OCC
1069,A-3892,-1.900555252,CC(=C)C(=O)OCCOCCOCCOC(=O)C(C)=C,0.0,G1,A,,,Uncharged,Non-ionizable,C=C(C)C(=O)OCCOCCOCCOC(=O)C(=C)C
1070,A-3897,-1.581104063,ClCC(Cl)Cl,0.050652031,G3,A,,,Uncharged,Non-ionizable,ClCC(Cl)Cl
1071,A-3903,-1.852601969,C=CCN1C(=O)N(CC=C)C(=O)N(CC=C)C1=O,0.0,G1,A,,,Uncharged,Non-ionizable,C=CCn1c(=O)n(CC=C)c(=O)n(CC=C)c1=O
1072,A-3919,-1.516592758,CC(C)OC(C)C,0.273711324,G5,A,,,Uncharged,Non-ionizable,CC(C)OC(C)C
1073,A-3921,-1.598518701,CC(C)Br,0.018480608,G5,A,,,Uncharged,Non-ionizable,CC(C)Br
1074,A-3922,-1.742195335,CC1=CC=C(C=C1)S(N)(=O)=O,0.0,G1,A,,,Uncharged,Non-ionizable,Cc1ccc(S(N)(=O)=O)cc1
1075,A-3924,-1.468024827,CCSCC,0.064012413,G3,A,,,Uncharged,Non-ionizable,CCSCC
1076,A-3926,-1.621048971,CC(C)=CCCC(C)=O,0.0,G1,A,,,Uncharged,Non-ionizable,CC(=O)CCC=C(C)C
1077,A-3929,-1.862006084,CCCCOCCOCCOCCCC,0.180942274,G5,A,,,Uncharged,Non-ionizable,CCCCOCCOCCOCCCC
1078,A-3931,-1.711112365,CC1CCC(C(O)C1)C(C)=C,0.0,G1,A,,Non Valid pH,Uncharged,Non-ionizable,C=C(C)C1CCC(C)CC1O
1079,A-3935,-1.630817582,CCC(C)CC(=O)CC,0.0,G1,A,,,Uncharged,Non-ionizable,CCC(=O)CC(C)CC
1080,A-3939,-1.459734159,FC(F)Cl,0.01733292,G3,A,,,Uncharged,Non-ionizable,FC(F)Cl
1081,A-3943,1.536339003,OCC#CCO,0.449388338,G5,A,,,Uncharged,Non-ionizable,OCC#CCO
1082,A-3954,-0.527751378,CC(=C)OC(C)=O,0.0,G1,A,,,Uncharged,Non-ionizable,C=C(C)OC(C)=O
1083,A-3955,-0.713921772,O=C1OC(=O)C2CC=CCC12,0.0,G1,A,,,Uncharged,Non-ionizable,O=C1OC(=O)C2CC=CCC12
1084,A-3956,-0.520474498,CC1=CC(C)=NN1,0.0,G1,A,,,Uncharged,Non-ionizable,Cc1cc(C)[nH]n1
1085,A-3964,-3.732719889,CCC12CCC3C(CCC4=CC(=O)CCC34)C1CCC2=O,0.0,G1,A,,,Uncharged,Non-ionizable,CCC12CCC3C4CCC(=O)C=C4CCC3C1CCC2=O
1086,A-3991,1.364774503,O=[Se]=O,0.0,G1,A,,,Uncharged,Non-ionizable,O=[Se]=O
1087,A-3992,0.41078966,C1CCOCOC1,0.028582753,G3,A,,,Uncharged,Non-ionizable,C1CCOCOC1
1088,A-3996,-0.560826234,CC(C)=CC(C)=O,0.014913117,G3,A,,,Uncharged,Non-ionizable,CC(=O)C=C(C)C
1089,A-4000,-0.406708517,CC(=C)C#N,0.024286983,G5,A,,,Uncharged,Non-ionizable,C=C(C)C#N
1090,A-4017,-0.742461176,OCCOC1=CC=CC=C1,0.0190644,G5,A,,,Uncharged,Non-ionizable,OCCOc1ccccc1
1091,A-4025,-3.327456749,CCOC(=O)C(C)C1CCCCC1,0.0,G1,A,,,Uncharged,Non-ionizable,CCOC(=O)C(C)C1CCCCC1
1092,A-4030,0.371232292,CC1COC(=O)O1,0.068586597,G3,A,,,Uncharged,Non-ionizable,CC1COC(=O)O1
1093,A-4031,-0.744727146,COC1=CC=C(CO)C=C1,0.561791562,G4,A,,,Uncharged,Non-ionizable,COc1ccc(CO)cc1
1094,A-4034,-0.704896063,OC1(CCCCC1)C#C,0.0,G1,A,,Non Valid pH,Uncharged,Non-ionizable,C#CC1(O)CCCCC1
1095,A-4039,0.255764198,[Cs],0.0,G1,A,,,Uncharged,Non-ionizable,[Cs]
1096,A-4040,0.068201817,CC(C)(CO)COC(=O)C(C)(C)CO,0.029676331,G3,A,,,Uncharged,Non-ionizable,CC(C)(CO)COC(=O)C(C)(C)CO
1097,A-4044,-0.254140825,CCCC(C)O,0.020879588,G3,A,,,Uncharged,Non-ionizable,CCCC(C)O
1098,A-4045,0.084561332,CC(=O)C1=C(O)C=C(C)OC1=O,0.0,G1,A,,,Uncharged,Non-ionizable,CC(=O)c1c(O)cc(C)oc1=O
1099,A-4052,-0.57344678,CCCC1CO1,0.0,G1,A,,,Uncharged,Non-ionizable,CCCC1CO1
1100,A-4063,-0.42018642,OB(O)O,0.0,G1,A,,,Uncharged,Non-ionizable,OB(O)O
1101,A-4073,-1.01149355,ClC1=CC=C(Br)C=C1Cl,0.0,G1,A,mono-constituent,,Uncharged,Non-ionizable,Clc1ccc(Br)cc1Cl
1102,A-4082,-0.0337559,CC(=O)CC(=O)OCCOC(=O)CC(C)=O,0.0,G1,A,mono-constituent,,Uncharged,Non-ionizable,CC(=O)CC(=O)OCCOC(=O)CC(C)=O
1103,A-4084,0.371717126,C1OCOCO1,0.045403707,G3,A,mono-constituent,,Uncharged,Non-ionizable,C1OCOCO1
1104,A-4093,-1.076302279,CCC(CO)(CO)COCC(CC)(CO)CO,0.04635114,G3,A,mono-constituent,,Uncharged,Non-ionizable,CCC(CO)(CO)COCC(CC)(CO)CO
1105,A-4100,0.569379255,C=CC=O,0.200310373,G3,A,mono-constituent,,Uncharged,Non-ionizable,C=CC=O
1106,A-4103,-0.766472623,[Mo],0.0,G1,A,,,Uncharged,Non-ionizable,[Mo]
1107,A-4106,0.37539119,CC(=C)C(N)=O,0.152675685,G3,A,mono-constituent,,Uncharged,Non-ionizable,C=C(C)C(N)=O
1108,A-4112,-0.87790415,CC1(C)CC(=O)CC(=C)C1=O,0.0,G1,A,mono-constituent,,Uncharged,Non-ionizable,C=C1CC(=O)CC(C)(C)C1=O
1109,A-4114,0.758961822,OCCOCC#CCOCCO,0.0,G1,A,,,Uncharged,Non-ionizable,OCCOCC#CCOCCO
1110,A-4116,-0.785923914,OCCC1=CC=CC=C1,0.042284079,G5,A,mono-constituent,,Uncharged,Non-ionizable,OCCc1ccccc1
1111,A-4119,-0.633922712,CC(=O)OC=C,0.0,G1,A,mono-constituent,,Uncharged,Non-ionizable,C=COC(C)=O
1112,A-4125,-0.563427685,C[Si](C)C,0.651603458,G2,A,,,Uncharged,Non-ionizable,C[Si](C)C
1113,A-4126,-1.405240463,O=C1OC(=O)C2=CC=CC=C12,0.0,G1,A,,Cosolvent Buffer,Uncharged,Non-ionizable,O=C1OC(=O)c2ccccc21
1114,A-4132,-1.673119803,O=COCC1=CC=CC=C1,0.0,G1,A,mono-constituent,Non Valid pH,Uncharged,Non-ionizable,O=COCc1ccccc1
1115,A-4133,-1.54996066,CCCCOCC,0.0,G1,A,mono-constituent,,Uncharged,Non-ionizable,CCCCOCC
1116,A-4142,-1.799728458,CC(C)(O)C1CCC(C)(O1)C=C,0.0,G1,A,multi-constituent,Non Valid pH,Uncharged,Non-ionizable,C=CC1(C)CCC(C(C)(C)O)O1
1117,A-4145,-0.922963209,FC(F)CCl,0.0,G1,A,mono-constituent,Non Valid pH,Uncharged,Non-ionizable,FC(F)CCl
1118,A-4146,-1.863533046,CC(C)(O)C1=CC(=CC=C1)C(C)(C)O,0.033240029,G3,A,mono-constituent,,Uncharged,Non-ionizable,CC(C)(O)c1cccc(C(C)(C)O)c1
1119,A-4152,-1.805450609,CC1OCC(O1)C1=CC=CC=C1,0.0,G1,A,multi-constituent,Non Valid pH,Uncharged,Non-ionizable,CC1OCC(c2ccccc2)O1
1120,A-4153,-1.772587094,CCCC1CC(C)=CC(=O)C1,0.0,G1,A,mono-constituent,Non Valid pH,Uncharged,Non-ionizable,CCCC1CC(=O)C=C(C)C1
1121,A-4154,-1.799017293,CC(=O)OC1=CC=C(C=C1)C#N,0.0,G1,A,mono-constituent,Non Valid pH,Uncharged,Non-ionizable,CC(=O)Oc1ccc(C#N)cc1
1122,A-4157,-5.495255436,CC(C)C1CCC(C)=CC1,0.0,G1,A,,,Uncharged,Non-ionizable,CC1=CCC(C(C)C)CC1
1123,A-4158,-1.588580927,ClC(Cl)=C,0.022859537,G3,A,mono-constituent,,Uncharged,Non-ionizable,C=C(Cl)Cl
1124,A-4162,-1.78824369,CC(C)C1CCC(C)=CC1=O,0.0,G1,A,mono-constituent,Non Valid pH,Uncharged,Non-ionizable,CC1=CC(=O)C(C(C)C)CC1
1125,A-4175,-2.06526472,C=CCOC(=O)OCCOCCOC(=O)OCC=C,0.0,G1,A,mono-constituent,,Uncharged,Non-ionizable,C=CCOC(=O)OCCOCCOC(=O)OCC=C
1126,A-4176,-1.744232864,OCCCCCCC=C,0.016080929,G3,A,mono-constituent,,Uncharged,Non-ionizable,C=CCCCCCCO
1127,A-4178,-1.88532188,ClS(=O)(=O)C1=CC=CC=C1,0.0,G1,A,mono-constituent,,Uncharged,Non-ionizable,O=S(=O)(Cl)c1ccccc1
1128,A-4179,-2.006358589,CC(C)C1CCC(C)CC1OCC(O)CO,0.0,G1,A,multi-constituent,,Uncharged,Non-ionizable,CC1CCC(C(C)C)C(OCC(O)CO)C1
1129,A-4181,-1.723701533,CC1=CC=C(C=O)C=C1,0.479042924,G3,A,mono-constituent,,Uncharged,Non-ionizable,Cc1ccc(C=O)cc1
1130,A-4185,-1.844063724,CC1CC(C)=CC(C)C1C=O,0.0,G1,A,multi-constituent,,Uncharged,Non-ionizable,CC1=CC(C)C(C=O)C(C)C1
1131,A-4186,-1.85529404,CCCCCC1CCC(=O)O1,0.0,G1,A,,,Uncharged,Non-ionizable,CCCCCC1CCC(=O)O1
1132,A-4188,-1.918544784,CC(=O)COC1=C(C)C=CC=C1C,0.0,G1,A,mono-constituent,,Uncharged,Non-ionizable,CC(=O)COc1c(C)cccc1C
1133,A-4197,-1.925085284,CC1=CC(=O)N(N1)C1=CC=CC=C1,0.058499473,G3,A,mono-constituent,,Uncharged,Non-ionizable,Cc1cc(=O)n(-c2ccccc2)[nH]1
1134,A-4198,-1.750124429,CCCCCCC=O,0.112949851,G5,A,mono-constituent,,Uncharged,Non-ionizable,CCCCCCC=O
1135,A-4200,-1.804593715,CC(C)(C)OC(=O)C=C,0.194691103,G3,A,mono-constituent,,Uncharged,Non-ionizable,C=CC(=O)OC(C)(C)C
1136,A-4205,-1.806759777,CC(C)COC(=O)C=C,0.292697117,G5,A,mono-constituent,,Uncharged,Non-ionizable,C=CC(=O)OCC(C)C
1137,A-4206,-1.86983286,CC(CC=O)C1=CC=CC=C1,0.0,G1,A,mono-constituent,,Uncharged,Non-ionizable,CC(CC=O)c1ccccc1
1138,A-4211,-1.914237348,COC(=O)C(=O)C1=CC=CC=C1,1.497839313,G2,A,mono-constituent,Non Valid pH,Uncharged,Non-ionizable,COC(=O)C(=O)c1ccccc1
1139,A-4224,0.351057238,CC(C)(O)C=C,0.356871381,G3,A,mono-constituent,,Uncharged,Non-ionizable,C=CC(C)(C)O
1140,A-4240,0.495819462,CC=NO,0.0,G1,A,mono-constituent,,Uncharged,Non-ionizable,CC=NO
1141,A-4242,-0.016848465,CCC(OCCCOC)OC(C)=O,0.012674232,G3,A,,,Uncharged,Non-ionizable,CCC(OCCCOC)OC(C)=O
1142,A-4246,0.412016319,CC=CC=O,0.0,G1,A,,,Uncharged,Non-ionizable,CC=CC=O
1143,A-4248,0.397295078,CC1OC1C,0.0,G1,A,mono-constituent,,Uncharged,Non-ionizable,CC1OC1C
1144,A-4254,-2.175139595,ClC1=CC=CC=C1C(=O)CC#N,0.0,G1,A,mono-constituent,Non Valid pH,Uncharged,Non-ionizable,N#CCC(=O)c1ccccc1Cl
1145,A-4257,-1.063682205,CC(=O)CC(=O)OCCOC(=O)C(C)=C,0.0,G1,A,mono-constituent,,Uncharged,Non-ionizable,C=C(C)C(=O)OCCOC(=O)CC(C)=O
1146,A-4258,-0.862721053,O=C1OCC2=CC=CC=C12,0.0,G1,A,,,Uncharged,Non-ionizable,O=C1OCc2ccccc21
1147,A-4265,-0.856665127,O=[Si]=O,0.0,G1,A,,,Uncharged,Non-ionizable,O=[Si]=O
1148,A-4271,0.020110333,OC(C(F)(F)F)C(F)(F)F,0.0,G1,A,mono-constituent,,Uncharged,Non-ionizable,OC(C(F)(F)F)C(F)(F)F
1149,A-4277,0.068474963,CC(=O)OCCOC(C)=O,0.01454904,G5,A,mono-constituent,,Uncharged,Non-ionizable,CC(=O)OCCOC(C)=O
1150,A-4283,-1.17979792,ClC(Cl)(Cl)C(=O)C(Cl)(Cl)Cl,0.0,G1,A,mono-constituent,,Uncharged,Non-ionizable,O=C(C(Cl)(Cl)Cl)C(Cl)(Cl)Cl
1151,A-4286,-0.531030497,COC=C,0.028452426,G3,A,mono-constituent,,Uncharged,Non-ionizable,C=COC
1152,A-4287,-0.96747386,CCOCCOC(=O)C(C)=C,0.0,G1,A,mono-constituent,Non Valid pH,Uncharged,Non-ionizable,C=C(C)C(=O)OCCOCC
1153,A-4291,-0.985949247,CCOC(=O)C(Cl)C(C)=O,0.036711671,G5,A,mono-constituent,Non Valid pH,Uncharged,Non-ionizable,CCOC(=O)C(Cl)C(C)=O
1154,A-4301,0.336339534,CC(N)=S,0.0,G1,A,mono-constituent,,Uncharged,Non-ionizable,CC(N)=S
1155,A-4303,0.083023239,COCC(C)OC(C)=O,0.123935385,G5,A,mono-constituent,,Uncharged,Non-ionizable,COCC(C)OC(C)=O
1156,A-4305,-1.301635776,CCCCOCCOCCOCOCCOCCOCCCC,0.0,G1,A,mono-constituent,,Uncharged,Non-ionizable,CCCCOCCOCCOCOCCOCCOCCCC
1157,A-4306,-0.936025863,CC1OC(=O)C(C)OC1=O,0.0,G1,A,mono-constituent,,Uncharged,Non-ionizable,CC1OC(=O)C(C)OC1=O
1158,A-4307,-0.889164102,ClCBr,1.5,G2,A,mono-constituent,,Uncharged,Non-ionizable,ClCBr
1159,A-4312,-0.785854804,CCC=CCCO,0.03535673,G3,A,mono-constituent,Non Valid pH,Uncharged,Non-ionizable,CCC=CCCO
1160,A-4316,-0.853333105,COC1CCC=CO1,0.0,G1,A,mono-constituent,,Uncharged,Non-ionizable,COC1CCC=CO1
1161,A-4322,-0.304510239,CCCCCCCCCC1=CC=C(OCCOCCO)C=C1,0.0,G1,A,mono-constituent,Non Valid pH,Uncharged,Non-ionizable,CCCCCCCCCc1ccc(OCCOCCO)cc1
1162,A-4326,-0.898693945,CC(=O)OC(C=C)C#N,0.0,G1,A,mono-constituent,,Uncharged,Non-ionizable,C=CC(C#N)OC(C)=O
1163,A-4329,-0.864495868,CC1CCCCC1O,0.0,G1,A,multi-constituent,,Uncharged,Non-ionizable,CC1CCCCC1O
1164,A-4334,-1.003417731,CC(O)COC1=CC=CC=C1,0.068791135,G3,A,mono-constituent,,Uncharged,Non-ionizable,CC(O)COc1ccccc1
1165,A-4339,-0.759083357,CC(C)CC=O,0.055753489,G5,A,mono-constituent,,Uncharged,Non-ionizable,CC(C)CC=O
1166,A-4349,0.043941678,COCCOC(=O)C=C,0.0,G1,A,mono-constituent,Non Valid pH,Uncharged,Non-ionizable,C=CC(=O)OCCOC
1167,A-4352,-0.304208728,C#N,0.0,G1,A,,,Uncharged,Non-ionizable,C#N
1168,A-4376,-0.851479539,CC(C)CC(C)=O,0.285318383,G5,A,mono-constituent,Non Valid pH,Uncharged,Non-ionizable,CC(=O)CC(C)C
1169,A-4379,-1.053070208,C=COCCOCCOC=C,0.0,G1,A,mono-constituent,,Uncharged,Non-ionizable,C=COCCOCCOC=C
1170,A-4392,1.28788965,N1C=CC=N1,0.916544825,G2,A,mono-constituent,,Uncharged,Non-ionizable,c1cn[nH]c1
1171,A-4400,-0.044931546,CC(CO)OC(=O)C(C)=C,0.0,G1,A,,,Uncharged,Non-ionizable,C=C(C)C(=O)OC(C)CO
1172,A-4401,-1.114155449,CC1=CC=C2OCC(=O)COC2=C1,0.0,G1,A,mono-constituent,Non Valid pH,Uncharged,Non-ionizable,Cc1ccc2c(c1)OCC(=O)CO2
1173,A-4405,-1.091532091,CC(C)(O)C(=O)C1=CC=CC=C1,0.0,G1,A,mono-constituent,Non Valid pH,Uncharged,Non-ionizable,CC(C)(O)C(=O)c1ccccc1
1174,A-4406,-1.09999437,CC1=CCC2C(C1)C(=O)OC2=O,0.0,G1,A,mono-constituent,Non Valid pH,Uncharged,Non-ionizable,CC1=CCC2C(=O)OC(=O)C2C1
1175,A-4407,-1.237789285,CCCCC(CC)CO,1.673028483,G2,A,,Cosolvent Buffer,Uncharged,Non-ionizable,CCCCC(CC)CO
1176,A-4411,-0.821231264,CCC(C)C=O,0.0,G1,A,mono-constituent,,Uncharged,Non-ionizable,CCC(C)C=O
1177,A-4416,0.049756882,C=CCOCC1CO1,0.019459033,G3,A,mono-constituent,,Uncharged,Non-ionizable,C=CCOCC1CO1
1178,A-4423,-0.144823593,CCOC(=O)CC1(C)OCCO1,0.0,G1,A,mono-constituent,,Uncharged,Non-ionizable,CCOC(=O)CC1(C)OCCO1
1179,A-4427,0.947184106,[La],0.0,G1,A,mono-constituent,Cosolvent Buffer,Uncharged,Non-ionizable,[La]
1180,A-4430,-0.075223164,COC(=O)CCC(=O)OC,0.335214515,G5,A,mono-constituent,Non Valid pH,Uncharged,Non-ionizable,COC(=O)CCC(=O)OC
1181,A-4433,-1.34010886,O=C(OCC1CO1)C1CC=CCC1C(=O)OCC1CO1,0.0,G1,A,mono-constituent,,Uncharged,Non-ionizable,O=C(OCC1CO1)C1CC=CCC1C(=O)OCC1CO1
1182,A-4437,-1.41863926,CC(=C)C(=O)OCCOCCOCCOCCOC(=O)C(C)=C,0.0,G1,A,mono-constituent,Non Valid pH,Uncharged,Non-ionizable,C=C(C)C(=O)OCCOCCOCCOCCOC(=O)C(=C)C
1183,A-4439,-0.903788639,COC1CCCC1,0.0,G1,A,mono-constituent,,Uncharged,Non-ionizable,COC1CCCC1
1184,A-4445,-1.061358221,CC1=CC(=O)CC(C)(C)C1,0.041093378,G3,A,mono-constituent,,Uncharged,Non-ionizable,CC1=CC(=O)CC(C)(C)C1
1185,A-4450,0.126659691,CCC(C)(C)O,0.027049225,G5,A,,,Uncharged,Non-ionizable,CCC(C)(C)O
1186,A-4453,0.188516266,NC(N)=S,0.102251454,G5,A,,,Uncharged,Non-ionizable,NC(N)=S
1187,A-4461,-0.199755177,CCC(CO)(CO)COCC=C,0.0,G1,A,,,Uncharged,Non-ionizable,C=CCOCC(CC)(CO)CO
1188,A-4462,-0.07654115,CSCCC(O)C#N,0.0,G1,A,,,Uncharged,Non-ionizable,CSCCC(O)C#N
1189,A-4463,0.116503747,CC(C)=CC=O,0.0,G1,A,,,Uncharged,Non-ionizable,CC(C)=CC=O
1190,A-4465,-1.036597924,CC(C)CC(C)(O)C#C,0.0,G1,A,,,Uncharged,Non-ionizable,C#CC(C)(O)CC(C)C
1191,A-4466,-0.977550168,O=CC1CCC=CC1,0.0,G1,A,,,Uncharged,Non-ionizable,O=CC1CC=CCC1
1192,A-4470,-1.082442195,OCCCCCCCl,0.0,G1,A,,,Uncharged,Non-ionizable,OCCCCCCCl
1193,A-4471,-1.081092287,N#CCCCCCCC#N,0.0,G1,A,,,Uncharged,Non-ionizable,N#CCCCCCCC#N
1194,A-4474,-0.859899212,CCC=CC#N,0.0,G1,A,,,Uncharged,Non-ionizable,CCC=CC#N
1195,A-4478,-1.25150549,OCC1CCC2C3CC(CC3CO)C12,0.0,G1,A,,,Uncharged,Non-ionizable,OCC1CC2CC1C1CCC(CO)C21
1196,A-4480,0.745212549,COC1OC(CO)C(O)C(O)C1O,0.223106275,G3,A,,,Uncharged,Non-ionizable,COC1OC(CO)C(O)C(O)C1O
1197,A-4483,0.777871543,OCC#CCO,1.193168397,G2,A,,Cosolvent Buffer,Uncharged,Non-ionizable,OCC#CCO
1198,A-4484,0.090131249,CC1CCOC1,0.0,G1,A,,,Uncharged,Non-ionizable,CC1CCOC1
1199,A-4486,0.005493119,CC(O)SC=C,0.0,G1,A,,,Uncharged,Non-ionizable,C=CSC(C)O
1200,A-4492,0.016731992,CCC(C)(O)C#C,0.049653553,G5,A,,,Uncharged,Non-ionizable,C#CC(C)(O)CC
1201,A-4495,1.045169179,COCCOC,0.0,G1,A,,,Uncharged,Non-ionizable,COCCOC
1202,A-4496,1.054994515,C1COCCO1,0.0,G1,A,,,Uncharged,Non-ionizable,C1COCCO1
1203,A-4500,0.91296789,OCCSCCO,0.0,G1,A,,,Uncharged,Non-ionizable,OCCSCCO
1204,A-4503,0.974198666,OCCOCCO,0.0,G1,A,,,Uncharged,Non-ionizable,OCCOCCO
1205,A-4509,0.823405251,OCCOCCOCCO,0.0,G1,A,,,Uncharged,Non-ionizable,OCCOCCOCCO
1206,A-4511,1.094128597,OCCCl,0.0,G1,A,,,Uncharged,Non-ionizable,OCCCl
1207,A-4513,0.935107933,OCCOC(=O)C=C,0.0,G1,A,,,Uncharged,Non-ionizable,C=CC(=O)OCCO
1208,A-4514,1.148258691,CC(O)C#N,0.0,G1,A,,,Uncharged,Non-ionizable,CC(O)C#N
1209,A-4515,1.075111062,CC(C)(O)C#C,0.0,G1,A,,,Uncharged,Non-ionizable,C#CC(C)(C)O
1210,A-4517,1.130047012,CC(C)(C)O,0.0,G1,A,,,Uncharged,Non-ionizable,CC(C)(C)O
1211,A-4523,0.841125102,OCCCCOC(=O)C=C,0.0,G1,A,,,Uncharged,Non-ionizable,C=CC(=O)OCCCCO
1212,A-4529,1.045169179,CCC(O)CO,0.0,G1,A,,,Uncharged,Non-ionizable,CCC(O)CO
1213,A-4530,1.045169179,CC(O)C(C)O,0.0,G1,A,,,Uncharged,Non-ionizable,CC(O)C(C)O
1214,A-4533,0.896449406,ClC(=O)C(Cl)=O,0.0,G1,A,,,Uncharged,Non-ionizable,O=C(Cl)C(=O)Cl
1215,A-4534,1.346391976,NC=O,0.0,G1,A,,,Uncharged,Non-ionizable,NC=O
1216,A-4536,0.920442528,COC(=O)COCO,0.0,G1,A,,,Uncharged,Non-ionizable,COC(=O)COCO
1217,A-4538,0.999492173,O=C1CCCCO1,0.0,G1,A,,,Uncharged,Non-ionizable,O=C1CCCCO1
1218,A-4539,0.982344896,CCCC(O)CO,0.0,G1,A,,,Uncharged,Non-ionizable,CCCC(O)CO
1219,A-4540,0.982344896,OCCCCCO,0.0,G1,A,,,Uncharged,Non-ionizable,OCCCCCO
1220,A-4551,-0.086875694,O=S1(=O)CCCO1,0.0,G1,A,,,Uncharged,Non-ionizable,O=S1(=O)CCCO1
1221,A-4560,-0.979563677,CCC(C)(C)OC,0.009948373,G5,A,,,Uncharged,Non-ionizable,CCC(C)(C)OC
1222,A-4567,-1.176603424,CC(=O)C(O)C1=CC=CC=C1,0.0,G1,A,,,Uncharged,Non-ionizable,CC(=O)C(O)c1ccccc1
1223,A-4570,-1.025801334,COC(OC)OC,0.0,G1,A,,,Uncharged,Non-ionizable,COC(OC)OC
1224,A-4571,-2.226109519,OCC(CBr)(CBr)CBr,0.0,G1,A,,,Uncharged,Non-ionizable,OCC(CBr)(CBr)CBr
1225,A-4582,-1.885266962,CC1CC=C(C)C(=O)C1C,0.0,G1,A,,,Uncharged,Non-ionizable,CC1=CCC(C)C(C)C1=O
1226,A-4587,-2.055017119,CCCCC(CC)COCC(O)CO,0.0,G1,A,,,Uncharged,Non-ionizable,CCCCC(CC)COCC(O)CO
1227,A-4592,-1.642308875,C1=CC=CC=C1,0.011868923,G3,A,,,Uncharged,Non-ionizable,c1ccccc1
1228,A-4597,-2.124350764,CC(C)CC(C)(O)C#CC(C)(O)CC(C)C,0.0,G1,A,,,Uncharged,Non-ionizable,CC(C)CC(C)(O)C#CC(C)(O)CC(C)C
1229,A-4598,-1.877340851,CCCCOC(=O)C=C,0.07826491,G5,A,,,Uncharged,Non-ionizable,C=CC(=O)OCCCC
1230,A-4610,-1.942572269,COC(=O)C=C1CCCC1,0.015466857,G3,A,,,Uncharged,Non-ionizable,COC(=O)C=C1CCCC1
1231,A-4613,-2.201708674,CP(=O)(OC1=CC=CC=C1)OC1=CC=CC=C1,0.0,G1,A,,,Uncharged,Non-ionizable,CP(=O)(Oc1ccccc1)Oc1ccccc1
1232,A-4616,-1.792409766,FC1=CC=CC=C1,0.0,G1,A,,,Uncharged,Non-ionizable,Fc1ccccc1
1233,A-4623,-2.415352911,CC(=O)OCC1OC(OC(C)=O)C(OC(C)=O)C(OC(C)=O)C1OC(C)=O,0.117323544,G3,A,,,Uncharged,Non-ionizable,CC(=O)OCC1OC(OC(C)=O)C(OC(C)=O)C(OC(C)=O)C1OC(C)=O
1234,A-4624,-2.042313822,CC(C)(CO)CC1=CC=CC=C1,0.0,G1,A,,,Uncharged,Non-ionizable,CC(C)(CO)Cc1ccccc1
1235,A-4625,-1.906541121,C1OC1C1=CC=CC=C1,0.151967493,G3,A,,,Uncharged,Non-ionizable,c1ccc(C2CO2)cc1
1236,A-4627,-2.067961594,CC(C)(C)OOC(=O)C(C)(C)C,0.0,G1,A,,Unstable,Uncharged,Non-ionizable,CC(C)(C)OOC(=O)C(C)(C)C
1237,A-4628,-2.145565545,CCO[Si](OCC)(OCC)OCC,0.0,G1,A,,,Uncharged,Non-ionizable,CCO[Si](OCC)(OCC)OCC
1238,A-4629,-2.045238375,CCC=CCC1=C(C)CCC1=O,0.0,G1,A,,,Uncharged,Non-ionizable,CCC=CCC1=C(C)CCC1=O
1239,A-4630,-1.980572221,ClC1=CC=CC=C1C=O,0.043977585,G3,A,,,Uncharged,Non-ionizable,O=Cc1ccccc1Cl
1240,A-4645,-2.040520296,CCOC(OCC)OCC,0.0,G1,A,,,Uncharged,Non-ionizable,CCOC(OCC)OCC
1241,A-4649,-2.308127519,CC1=CC(=CC=C1N=C=O)C1=CC=C(N=C=O)C(C)=C1,0.0,G1,A,,,Uncharged,Non-ionizable,Cc1cc(-c2ccc(N=C=O)c(C)c2)ccc1N=C=O
1242,A-4652,-2.050971343,CC(=O)C=CC1=CC=CC=C1,0.0,G1,A,,,Uncharged,Non-ionizable,CC(=O)C=Cc1ccccc1
1243,A-4659,-2.147286724,CC(O)CC(C)(C)C1=CC=CC=C1,0.0,G1,A,,,Uncharged,Non-ionizable,CC(O)CC(C)(C)c1ccccc1
1244,A-4665,-2.279385535,CC(C)C1CCC(C)CC11OCC(CO)O1,0.0,G1,A,,,Uncharged,Non-ionizable,CC1CCC(C(C)C)C2(C1)OCC(CO)O2
1245,A-4667,-2.136202486,CCOC(=O)CC1=CC=CC=C1,0.0,G1,A,,,Uncharged,Non-ionizable,CCOC(=O)Cc1ccccc1
1246,A-4676,-2.111500803,CCC=CCCOC(C)=O,0.007756083,G3,A,,,Uncharged,Non-ionizable,CCC=CCCOC(C)=O
1247,A-4678,-2.272990744,CCCCN1C(=O)C=C(C)C(C#N)=C1O,0.0,G1,A,,,Uncharged,Non-ionizable,CCCCn1c(O)c(C#N)c(C)cc1=O
1248,A-4680,-2.055510379,ClCC(Cl)C=C,0.24466186,G5,A,,,Uncharged,Non-ionizable,C=CC(Cl)CCl
1249,A-4684,-2.130728127,CCC(C)CC(CC)=NO,0.0,G1,A,,,Uncharged,Non-ionizable,CCC(CC(C)CC)=NO
1250,A-4688,-2.238585126,FC(F)(F)C(Br)=C,0.0,G1,A,,,Uncharged,Non-ionizable,C=C(Br)C(F)(F)F
1251,A-4689,-2.24666187,COC1=CC=C(CC(C)C=O)C=C1,0.0,G1,A,,,Uncharged,Non-ionizable,COc1ccc(CC(C)C=O)cc1
1252,A-4691,-2.008727887,FCC(F)(F)F,0.0,G1,A,,,Uncharged,Non-ionizable,FCC(F)(F)F
1253,A-4699,-2.314375006,CCOC(=O)C1OC1(C)C1=CC=CC=C1,0.0,G1,A,,,Uncharged,Non-ionizable,CCOC(=O)C1OC1(C)c1ccccc1
1254,A-4700,-2.158172447,O=[Mo](=O)=O,0.0,G1,A,,,Uncharged,Non-ionizable,[Mo+6].[O-2].[O-2].[O-2]
1255,A-4709,-2.221207241,CC(CCCC(C)(C)O)C=C,0.0,G1,A,,,Uncharged,Non-ionizable,C=CC(C)CCCC(C)(C)O
1256,A-4711,-2.31343814,CC(CC1=CC=C2OCOC2=C1)C=O,0.0,G1,A,,,Uncharged,Non-ionizable,CC(C=O)Cc1ccc2c(c1)OCO2
1257,A-4712,-2.001263871,CCC(C)Cl,0.030299967,G5,A,,,Uncharged,Non-ionizable,CCC(C)Cl
1258,A-4714,-2.224445792,CC1CCOC(C1)C=C(C)C,0.0,G1,A,,,Uncharged,Non-ionizable,CC(C)=CC1CC(C)CCO1
1259,A-4715,-2.160471866,CCCCC(CC)CO,0.06678641,G5,A,,,Uncharged,Non-ionizable,CCCCC(CC)CO
1260,A-4716,-2.192586036,CCC(C)=CCCC(C)=O,0.106191058,G3,A,,,Uncharged,Non-ionizable,CCC(C)=CCCC(C)=O
1261,A-4725,-2.416604157,CC(=O)OC1=CC=C(Br)C=C1,0.0,G1,A,,,Uncharged,Non-ionizable,CC(=O)Oc1ccc(Br)cc1
1262,A-4730,-2.925284669,CCCC(C(CC)CO)C(CC)CO,0.0,G1,A,,Multi-constituent Substances,Uncharged,Non-ionizable,CCCC(C(CC)CO)C(CC)CO
1263,A-4736,-1.8668457,C=CC=C,0.0,G1,A,,,Uncharged,Non-ionizable,C=CC=C
1264,A-4741,-2.255957874,CCCC=C(CC)C=O,0.038600212,G3,A,,,Uncharged,Non-ionizable,CCCC=C(C=O)CC
1265,A-4742,-2.262840797,CCCCC(CC)C=O,0.152793786,G5,A,,,Uncharged,Non-ionizable,CCCCC(C=O)CC
1266,A-4750,-2.45329736,CCCCC1OC(C)CC(C)(C)O1,0.0,G1,A,,,Uncharged,Non-ionizable,CCCCC1OC(C)CC(C)(C)O1
1267,A-4751,-2.35661526,CC(C)C(=O)C1=CC=CC=C1,0.0,G1,A,,,Uncharged,Non-ionizable,CC(C)C(=O)c1ccccc1
1268,A-4756,-2.892356214,CO[Si](CCC(F)(F)C(F)(F)C(F)(F)C(F)(F)C(F)(F)C(F)(F)F)(OC)OC,0.0,G1,A,,,Uncharged,Non-ionizable,CO[Si](CCC(F)(F)C(F)(F)C(F)(F)C(F)(F)C(F)(F)C(F)(F)F)(OC)OC
1269,A-4762,-2.424454207,ClCC(Cl)C(Cl)=C,0.0,G1,A,,,Uncharged,Non-ionizable,C=C(Cl)C(Cl)CCl
1270,A-4764,-2.336416369,CCOC(=O)C(C)CC,0.0,G1,A,,,Uncharged,Non-ionizable,CCOC(=O)C(C)CC
1271,A-4767,-2.417381608,CC(C)(C)C1CCC(=O)CC1,0.0,G1,A,,,Uncharged,Non-ionizable,CC(C)(C)C1CCC(=O)CC1
1272,A-4768,-2.420558395,CC1(C)C2CCC1(C)C(O)C2,0.0,G1,A,,,Uncharged,Non-ionizable,CC1(C)C2CCC1(C)C(O)C2
1273,A-4771,-2.882184886,CCCCOCCOCCOC(=O)CCCCC(=O)OCCOCCOCCCC,0.0,G1,A,,,Uncharged,Non-ionizable,CCCCOCCOCCOC(=O)CCCCC(=O)OCCOCCOCCCC
1274,A-4775,-2.339542101,COC1=CC=C(C)C=C1,0.0,G1,A,,,Uncharged,Non-ionizable,COc1ccc(C)cc1
1275,A-4780,-2.792947984,CO[Si](CCCCCC[Si](OC)(OC)OC)(OC)OC,0.0,G1,A,,,Uncharged,Non-ionizable,CO[Si](CCCCCC[Si](OC)(OC)OC)(OC)OC
1276,A-4785,-2.447858542,CC(CCC=C(C)C)C=O,0.0,G1,A,,,Uncharged,Non-ionizable,CC(C)=CCCC(C)C=O
1277,A-4792,-2.51754425,CC(C)COC(=O)C(C)Cl,0.027758664,G3,A,,,Uncharged,Non-ionizable,CC(C)COC(=O)C(C)Cl
1278,A-4795,-2.474718615,CC(C=O)=CC1=CC=CC=C1,0.0,G1,A,,,Uncharged,Non-ionizable,CC(C=O)=Cc1ccccc1
1279,A-4798,-2.510422359,CC(C)=CC1CC(=C)CCO1,0.0,G1,A,,,Uncharged,Non-ionizable,C=C1CCOC(C=C(C)C)C1
1280,A-4801,-2.489690542,CCCC(C)C(=O)OCC,0.0,G1,A,,,Uncharged,Non-ionizable,CCCC(C)C(=O)OCC
1281,A-4802,-2.486375508,CC(=C)C(=O)OC(C)(C)C,0.188628141,G5,A,,,Uncharged,Non-ionizable,C=C(C)C(=O)OC(C)(C)C
1282,A-4803,-2.33794082,CCCCOC=C,0.409961275,G5,A,,,Uncharged,Non-ionizable,C=COCCCC
1283,A-4808,-2.535987278,CC1(C)CCCC(C)(O1)C=C,0.0,G1,A,,,Uncharged,Non-ionizable,C=CC1(C)CCCC(C)(C)O1
1284,A-4812,-2.550297857,CC1CCCCC1OC(C)=O,0.0,G1,A,,,Uncharged,Non-ionizable,CC(=O)OC1CCCCC1C
1285,A-4816,-2.67352571,CCCCC(CC)COC(=O)C(C)O,0.0,G1,A,,,Uncharged,Non-ionizable,CCCCC(CC)COC(=O)C(C)O
1286,A-4817,-2.568561457,BrC1=CC=CC=C1,0.031438492,G5,A,,,Uncharged,Non-ionizable,Brc1ccccc1
1287,A-4822,-2.701591149,COC1=CC(CC=C)=CC=C1OC(C)=O,0.0,G1,A,,,Uncharged,Non-ionizable,C=CCc1ccc(OC(C)=O)c(OC)c1
1288,A-4823,-2.233150945,CC=C(C)C,0.163613274,G3,A,,,Uncharged,Non-ionizable,CC=C(C)C
1289,A-4824,-2.905955068,OCC1COC(CN2C=NC=N2)(O1)C1=CC=C(Cl)C=C1Cl,0.0,G1,A,,,Uncharged,Non-ionizable,OCC1COC(Cn2cncn2)(c2ccc(Cl)cc2Cl)O1
1290,A-4825,-2.544367455,CCCCOC(=O)C(C)=C,0.172579229,G5,A,,,Uncharged,Non-ionizable,C=C(C)C(=O)OCCCC
1291,A-4828,-2.557079916,CC(CCO)CC(C)(C)C,0.0,G1,A,,,Uncharged,Non-ionizable,CC(CCO)CC(C)(C)C
1292,A-4830,-2.449320235,ClC1=CC=CC=C1,0.132559197,G5,A,,,Uncharged,Non-ionizable,Clc1ccccc1
1293,A-4835,-2.660025838,CC(CCO)CCC1=CC=CC=C1,0.0,G1,A,,,Uncharged,Non-ionizable,CC(CCO)CCc1ccccc1
1294,A-4845,-2.582541974,C=COC1CCCCC1,0.0,G1,A,,,Uncharged,Non-ionizable,C=COC1CCCCC1
1295,A-4846,-2.64774351,C=COCCCCOC=C,0.0990707,G3,A,,,Uncharged,Non-ionizable,C=COCCCCOC=C
1296,A-4852,-3.539740421,CCC1=CC=C(CC)C=C1,0.258119032,G5,A,,Multi-constituent Substances,Uncharged,Non-ionizable,CCc1ccc(CC)cc1
1297,A-4853,-3.172955944,CCC1=CC=CC=C1,0.258119032,G5,A,,Multi-constituent Substances,Uncharged,Non-ionizable,CCc1ccccc1
1298,A-4858,-2.961273931,C=CC1=CC=CC=C1,0.258119032,G5,A,,Multi-constituent Substances,Uncharged,Non-ionizable,C=Cc1ccccc1
1299,A-4863,-2.747738524,COC1=CC=C2CCCCC2=C1,0.0,G1,A,,,Uncharged,Non-ionizable,COc1ccc2c(c1)CCCC2
1300,A-4867,-2.767361572,CC(O)CCC1CCCCC1,0.0,G1,A,,,Uncharged,Non-ionizable,CC(O)CCC1CCCCC1
1301,A-4870,-2.806877,CCCCOCOCCCC,0.025304997,G3,A,,,Uncharged,Non-ionizable,CCCCOCOCCCC
1302,A-4874,-3.004181056,CC1(C)COC(=O)C2CC=CCC2C(=O)OC1,0.0,G1,A,,,Uncharged,Non-ionizable,CC1(C)COC(=O)C2CC=CCC2C(=O)OC1
1303,A-4876,-2.830260853,CC(C)C1CCC(C)CC1O,0.0,G1,A,,,Uncharged,Non-ionizable,CC1CCC(C(C)C)C(O)C1
1304,A-4878,-2.908515996,COC(=O)C1C(C)=CCCC1(C)C,0.069343443,G5,A,,,Uncharged,Non-ionizable,COC(=O)C1C(C)=CCCC1(C)C
1305,A-4884,-2.613556425,CC(C)(C)C#C,0.0,G1,A,,,Uncharged,Non-ionizable,C#CC(C)(C)C
1306,A-4889,-3.026343537,CC(C)C(=O)OCCOC1=CC=CC=C1,0.0,G1,A,,,Uncharged,Non-ionizable,CC(C)C(=O)OCCOc1ccccc1
1307,A-4899,-3.000616717,CC(CC1=CC=CC=C1)(C=C)C#N,0.017087809,G3,A,,,Uncharged,Non-ionizable,C=CC(C)(C#N)Cc1ccccc1
1308,A-4900,-3.128034162,CCCCOC(=O)C=CC(=O)OCCCC,0.234267081,G3,A,,,Uncharged,Non-ionizable,CCCCOC(=O)C=CC(=O)OCCCC
1309,A-4905,-2.989804004,CCCCC(CC)C(=O)OC,0.034303125,G5,A,,,Uncharged,Non-ionizable,CCCCC(CC)C(=O)OC
1310,A-4906,-2.710466438,C1CCC=CC1,0.062133219,G3,A,,,Uncharged,Non-ionizable,C1=CCCCC1
1311,A-4907,-3.112893643,OCCN1C(=O)NC2=CC=CC=C2C1=O,0.0,G1,A,,,Uncharged,Non-ionizable,O=c1[nH]c2ccccc2c(=O)n1CCO
1312,A-4908,-3.06681876,CCCCCCCC1CCC(=O)O1,0.0,G1,A,,,Uncharged,Non-ionizable,CCCCCCCC1CCC(=O)O1
1313,A-4911,-2.675673086,CCCC=C,0.0,G1,A,,,Uncharged,Non-ionizable,C=CCCC
1314,A-4913,-3.114865162,CCCCC(CC)COCC1CO1,0.0,G1,A,,,Uncharged,Non-ionizable,CCCCC(CC)COCC1CO1
1315,A-4914,-2.869075736,O=P12OB(O1)O2,0.0,G1,A,,,Uncharged,Non-ionizable,O=P12OB(O1)O2
1316,A-4921,-3.079929481,CC(C)CC1CC(C)CCO1,0.0,G1,A,,,Uncharged,Non-ionizable,CC(C)CC1CC(C)CCO1
1317,A-4923,-3.210297936,FC1=CC(Br)=CC(F)=C1F,0.0,G1,A,,,Uncharged,Non-ionizable,Fc1cc(Br)cc(F)c1F
1318,A-4931,-3.13627918,CC1=CC=CC2=C1NC(=S)N2,0.0,G1,A,,,Uncharged,Non-ionizable,Cc1cccc2[nH]c(=S)[nH]c12
1319,A-4933,-3.152023201,CCCCCCCCCCC=O,0.0,G1,A,,,Uncharged,Non-ionizable,CCCCCCCCCCC=O
1320,A-4934,-3.267982491,FC(F)(F)C1=CC=C(Cl)C(Cl)=C1,0.0,G1,A,,,Uncharged,Non-ionizable,FC(F)(F)c1ccc(Cl)c(Cl)c1
1321,A-4939,-3.499700952,CC(O)COC1=CC=C(C=C1)C(C)(C)C1=CC=C(OCC(C)O)C=C1,0.0,G1,A,,,Uncharged,Non-ionizable,CC(O)COc1ccc(C(C)(C)c2ccc(OCC(C)O)cc2)cc1
1322,A-4941,-3.111478098,CCC(C)Br,0.0,G1,A,,,Uncharged,Non-ionizable,CCC(C)Br
1323,A-4942,-3.271047196,CC(C)COC(=O)CC1=CC=CC=C1,0.0,G1,A,,,Uncharged,Non-ionizable,CC(C)COC(=O)Cc1ccccc1
1324,A-4943,-3.526033775,CC12CCC3C(CCC4=CC(=O)CCC34C)C1CCC2(O)C#CCO,0.0,G1,A,,,Uncharged,Non-ionizable,CC12CCC(=O)C=C1CCC1C2CCC2(C)C1CCC2(O)C#CCO
1325,A-4944,-3.102385677,CC1=CC=C(Cl)C=C1,0.191765247,G5,A,,,Uncharged,Non-ionizable,Cc1ccc(Cl)cc1
1326,A-4945,-3.079886402,C=CC1CC2CC1C=C2,0.0,G1,A,,,Uncharged,Non-ionizable,C=CC1CC2C=CC1C2
1327,A-4946,-3.437525292,CC(C)CCC(C)(O)C#CC(C)(O)CCC(C)C,0.0,G1,A,,,Uncharged,Non-ionizable,CC(C)CCC(C)(O)C#CC(C)(O)CCC(C)C
1328,A-4947,-3.022952972,[Ni],0.0,G1,A,,,Uncharged,Non-ionizable,[Ni]
1329,A-4953,-3.411619706,CCOC(=O)C1=C(C)C=CCC1(C)C,0.033423396,G5,A,,,Uncharged,Non-ionizable,CCOC(=O)C1=C(C)C=CCC1(C)C
1330,A-4959,-3.574799439,ClCCN1C(=O)NC2=CC=CC=C2C1=O,0.0,G1,A,,,Uncharged,Non-ionizable,O=c1[nH]c2ccccc2c(=O)n1CCCl
1331,A-4960,-3.534247486,CC1(C)CCC=C(C1)C(=O)CCC=C,0.0,G1,A,,,Uncharged,Non-ionizable,C=CCCC(=O)C1=CCCC(C)(C)C1
1332,A-4961,-3.994274106,CCCCC(CC)COCCOCCOC(=O)C=C,0.0,G1,A,,,Uncharged,Non-ionizable,C=CC(=O)OCCOCCOCC(CC)CCCC
1333,A-4966,-3.643344283,CCOC(=C)C1C(C)(C)CC(=O)CC1(C)C,0.0,G1,A,,,Uncharged,Non-ionizable,C=C(OCC)C1C(C)(C)CC(=O)CC1(C)C
1334,A-4974,-3.295936368,NS(=O)(=O)C1=CC=C(Cl)S1,0.0,G1,A,,,Uncharged,Non-ionizable,NS(=O)(=O)c1ccc(Cl)s1
1335,A-4980,-3.597623767,CCCCCCC(=O)OCC=C,0.0,G1,A,,,Uncharged,Non-ionizable,C=CCOC(=O)CCCCCC
1336,A-4992,-3.988563911,CCCCCCCCCC(C)(C)SSC1=NNC(=S)S1,0.0,G1,A,,,Uncharged,Non-ionizable,CCCCCCCCCC(C)(C)SSc1n[nH]c(=S)s1
1337,A-4993,-3.786028703,CC(O)C(C)C=CC1CC=C(C)C1(C)C,0.0,G1,A,,,Uncharged,Non-ionizable,CC1=CCC(C=CC(C)C(C)O)C1(C)C
1338,A-4998,-0.705980377,CC(C)CC1(C)OCC(CO)O1,0.0,G1,A,,,Uncharged,Non-ionizable,CC(C)CC1(C)OCC(CO)O1
1339,A-4999,-3.673154735,FS(F)(F)(F)(F)F,0.0,G1,A,,,Uncharged,Non-ionizable,FS(F)(F)(F)(F)F
1340,A-5005,-4.100706158,CC12CCC3C(C=CC4=CC(=O)CCC34C)C1CCC21CCC(=O)O1,0.0,G1,A,,,Uncharged,Non-ionizable,CC12CCC(=O)C=C1C=CC1C2CCC2(C)C1CCC21CCC(=O)O1
1341,A-5007,-4.045967349,CC(=C)C(=O)OCC(F)(F)C(F)(F)C(F)(F)C(F)F,0.097142779,G5,A,,,Uncharged,Non-ionizable,C=C(C)C(=O)OCC(F)(F)C(F)(F)C(F)(F)C(F)F
1342,A-5012,-4.002368633,COCC1=CC=C(C=C1)C1=CC=C(COC)C=C1,0.0,G1,A,,,Uncharged,Non-ionizable,COCc1ccc(-c2ccc(COC)cc2)cc1
1343,A-5013,-4.349900579,CCCCCCCCCCCCCCOC(=O)OOC(=O)OCCCCCCCCCCCCCC,0.014603636,G3,A,,Below LoD Below LoQ,Uncharged,Non-ionizable,CCCCCCCCCCCCCCOC(=O)OOC(=O)OCCCCCCCCCCCCCC
1344,A-5014,-3.621828866,S=[Fe],0.0,G1,A,,,Uncharged,Non-ionizable,[Fe+2].[S-2]
1345,A-5015,-3.82022117,C1C=CC2C3CC(C=C3)C12,0.0,G1,A,,,Uncharged,Non-ionizable,C1=CC2C3C=CC(C3)C2C1
1346,A-5016,-4.005176134,CC(C)CCCC(C)CCCC(C)=O,0.0,G1,A,,,Uncharged,Non-ionizable,CC(=O)CCCC(C)CCCC(C)C
1347,A-5018,-3.770339988,C1CCCC=CCC1,0.621910565,G4,A,,,Uncharged,Non-ionizable,C1=CCCCCCC1
1348,A-5019,-4.116196121,CN(C)C(=S)SSC(=S)N(C)C,0.110184809,G5,A,,,Uncharged,Non-ionizable,CN(C)C(=S)SSC(=S)N(C)C
1349,A-5021,-4.02430091,CO[Si](CC(C)C)(OC)C(C)C,0.0,G1,A,,,Uncharged,Non-ionizable,CO[Si](CC(C)C)(OC)C(C)C
1350,A-5027,-4.062449254,C=CCOC(=O)CCC1CCCCC1,0.0,G1,A,,,Uncharged,Non-ionizable,C=CCOC(=O)CCC1CCCCC1
1351,A-5033,-4.184066506,CCCCNC(=S)N(CCCC)CCCC,0.0,G1,A,,,Uncharged,Non-ionizable,CCCCNC(=S)N(CCCC)CCCC
1352,A-5036,-4.216746334,CC(O)C(C)(C)C=CC1CC=C(C)C1(C)C,1.509872029,G2,A,,,Uncharged,Non-ionizable,CC1=CCC(C=CC(C)(C)C(C)O)C1(C)C
1353,A-5048,-3.944170335,CCCCCC,0.052586226,G5,A,,,Uncharged,Non-ionizable,CCCCCC
1354,A-5050,-4.382357893,CCC(=O)OC(C)(CCC=C(C)C)C=C,0.0,G1,A,,,Uncharged,Non-ionizable,C=CC(C)(CCC=C(C)C)OC(=O)CC
1355,A-5057,-4.708653825,CC(C)CCCC(C)CCCC(C)CCCC(C)(O)C=C,0.0,G1,A,,,Uncharged,Non-ionizable,C=CC(C)(O)CCCC(C)CCCC(C)CCCC(C)C
1356,A-5060,-4.772922847,CCC12CCC3=C(CCC4=CC(OC)=CC=C34)C1CCC2=O,0.0,G1,A,,,Uncharged,Non-ionizable,CCC12CCC3=C(CCc4cc(OC)ccc43)C1CCC2=O
1357,A-5061,-4.761071931,COC1=CCC2=C(CCC3C4CCC(O)C4(C)CCC23)C1,0.0,G1,A,,,Uncharged,Non-ionizable,COC1=CCC2=C(CCC3C2CCC2(C)C(O)CCC32)C1
1358,A-5063,-4.838817119,CCC1(CC=C2CCCC3=CC(OC)=CC=C23)C(=O)CCC1=O,0.0,G1,A,,,Uncharged,Non-ionizable,CCC1(CC=C2CCCc3cc(OC)ccc32)C(=O)CCC1=O
1359,A-5067,-4.979874504,COC1=CCC2=C(CCC3C4CCC(=O)C4(C)CCC23)C1,0.0,G1,A,,,Uncharged,Non-ionizable,COC1=CCC2=C(CCC3C2CCC2(C)C(=O)CCC32)C1
1360,A-5070,-5.070092502,O=C(OCCOC(=O)C1=CC=CC=C1)C1=CC=CC=C1,0.0,G1,A,,,Uncharged,Non-ionizable,O=C(OCCOC(=O)c1ccccc1)c1ccccc1
1361,A-5071,-4.519165649,O=[Ni],0.0,G1,A,,,Uncharged,Non-ionizable,[Ni+2].[O-2]
1362,A-5072,-5.031142113,CC1CCC2(C)C(C)=CCCC2(C)C1OC=O,0.0,G1,A,,,Uncharged,Non-ionizable,CC1=CCCC2(C)C(OC=O)C(C)CCC12C
1363,A-5074,-5.239735444,C1CC(CC=C1)C1OCC2(CO1)COC(OC2)C1CCC=CC1,0.0,G1,A,,,Uncharged,Non-ionizable,C1=CCC(C2OCC3(CO2)COC(C2CC=CCC2)OC3)CC1
1364,A-5077,-5.363817292,CCC12CCC3C(CCC4=C3CC=C(C4)OC)C1CCC2=O,0.341289794,G3,A,,,Uncharged,Non-ionizable,CCC12CCC3C4=C(CCC3C1CCC2=O)CC(OC)=CC4
1365,A-5078,-5.706573948,CC(C)CCCCCCCOC(=O)C1=CC=C(C(=O)OCCCCCCCC(C)C)C(=C1)C(=O)OCCCCCCCC(C)C,0.0,G1,A,,,Uncharged,Non-ionizable,CC(C)CCCCCCCOC(=O)c1ccc(C(=O)OCCCCCCCC(C)C)c(C(=O)OCCCCCCCC(C)C)c1
1366,A-5082,-5.474677518,CC(C)CCCC(C)CCCC(C)CCCC(C)=O,0.0,G1,A,,,Uncharged,Non-ionizable,CC(=O)CCCC(C)CCCC(C)CCCC(C)C
1367,A-5083,-4.921453892,O=[Mn],0.0,G1,A,,,Uncharged,Non-ionizable,[Mn+2].[O-2]
1368,A-5084,-6.073534809,CC(C)C(=O)OCC1OC(COC(C)=O)(OC2OC(COC(C)=O)C(OC(=O)C(C)C)C(OC(=O)C(C)C)C2OC(=O)C(C)C)C(OC(=O)C(C)C)C1OC(=O)C(C)C,0.0,G1,A,,,Uncharged,Non-ionizable,CC(=O)OCC1OC(OC2(COC(C)=O)OC(COC(=O)C(C)C)C(OC(=O)C(C)C)C2OC(=O)C(C)C)C(OC(=O)C(C)C)C(OC(=O)C(C)C)C1OC(=O)C(C)C
1369,A-5086,-4.894774805,[Mn],0.0,G1,A,,,Uncharged,Non-ionizable,[Mn]
1370,A-5092,-5.305116664,O=[Cu],1.801922284,G4,A,,,Uncharged,Non-ionizable,[Cu+2].[O-2]
1371,A-5094,-6.295424349,CCCCCCCCCCCCS[Sn](CCCC)(CCCC)SCCCCCCCCCCCC,0.0,G1,A,,,Uncharged,Non-ionizable,CCCCCCCCCCCC[S][Sn]([CH2]CCC)([CH2]CCC)[S]CCCCCCCCCCCC
1372,A-5095,-6.405660228,CCCCCCCCCCCCCCCCCCCCCCOC(=O)CCCCCCCCC(=O)OCCCCCCCCCCCCCCCCCCCCCC,0.0,G1,A,,Non Valid pH,Uncharged,Non-ionizable,CCCCCCCCCCCCCCCCCCCCCCOC(=O)CCCCCCCCC(=O)OCCCCCCCCCCCCCCCCCCCCCC
1373,A-5096,-6.107793161,CC(=O)OC1(CCC2C3CC(=C)C4=CC(=O)CCC4(C)C3CCC12C)C(C)=O,0.0,G1,A,,,Uncharged,Non-ionizable,C=C1CC2C(CCC3(C)C2CCC3(OC(C)=O)C(C)=O)C2(C)CCC(=O)C=C12
1374,A-5097,-6.240523569,CCCCN(CCCC)C(=S)SCSC(=S)N(CCCC)CCCC,0.0,G1,A,,,Uncharged,Non-ionizable,CCCCN(CCCC)C(=S)SCSC(=S)N(CCCC)CCCC
1375,A-5103,-6.929174184,[Ta],0.0,G1,A,,,Uncharged,Non-ionizable,[Ta]
1376,A-5107,-7.61540826,CC1=CC=C(SC2=CC=C(C=C2)C(=O)C2=CC=CC=C2)C=C1,0.0,G1,A,,,Uncharged,Non-ionizable,Cc1ccc(Sc2ccc(C(=O)c3ccccc3)cc2)cc1
1377,A-5110,-9.129966133,CC(C(C)(C)C)C(C)(C)SSSC(C)(C)C(C)C(C)(C)C,0.0,G1,A,,,Uncharged,Non-ionizable,CC(C(C)(C)C)C(C)(C)SSSC(C)(C)C(C)C(C)(C)C
1378,A-5126,0.053341445,OCCCOCC(OCCCO)C(OCCCO)C(OCCCO)C(COCCCO)OCCCO,0.0,G1,A,,,Uncharged,Non-ionizable,OCCCOCC(OCCCO)C(OCCCO)C(OCCCO)C(COCCCO)OCCCO
1379,A-5127,-1.347195531,CC1=CC(=O)N2N=CN=C2N1,0.005401161,G3,A,,,Uncharged,Non-ionizable,Cc1cc(=O)n2ncnc2[nH]1
1380,A-5138,0.832570488,CC1CO1,0.715218145,G4,A,,,Uncharged,Non-ionizable,CC1CO1
1381,A-5147,0.38877392,OCC1CCCO1,0.30101304,G3,A,,,Uncharged,Non-ionizable,OCC1CCCO1
1382,A-5148,-0.960255718,CC(=C)C(=O)OCCO,0.0,G1,A,,Cosolvent Buffer,Uncharged,Non-ionizable,C=C(C)C(=O)OCCO
1383,A-5155,0.027341968,COC(=O)CC(=O)OC,0.0,G1,A,,,Uncharged,Non-ionizable,COC(=O)CC(=O)OC
1384,A-5162,0.711690398,OCCOCCOCCOCCO,0.0,G1,A,,,Uncharged,Non-ionizable,OCCOCCOCCOCCO
1385,A-5163,0.927470714,CC(CCO)CCO,0.0,G1,A,,,Uncharged,Non-ionizable,CC(CCO)CCO
1386,A-5166,1.494280384,CO,0.037859808,G3,A,,,Uncharged,Non-ionizable,CO
1387,A-5168,-0.079806903,O=S1(=O)CCCC1,0.0,G1,A,,,Uncharged,Non-ionizable,O=S1(=O)CCCC1
1388,A-5169,-0.114420814,CC(=C)C(=O)OCCO,0.0,G1,A,,,Uncharged,Non-ionizable,C=C(C)C(=O)OCCO
1389,A-5172,-0.072529286,COC(C)(C)CCO,0.0,G1,A,,,Uncharged,Non-ionizable,COC(C)(C)CCO
1390,A-5184,-4.514309168,[Ni][Ni][Ni]=S=S,0.0,G1,A,,,Uncharged,Non-ionizable,S=[S-2].[Ni][Ni][Ni+2]
1391,A-5185,-4.563351028,CC(C)(C)C1=CC=C(C=C)C=C1,0.0,G1,A,,,Uncharged,Non-ionizable,C=Cc1ccc(C(C)(C)C)cc1
1392,A-5186,-3.32928972,CC1=CC(=CC(C)=C1)C(Cl)=O,0.0,G1,A,,,Uncharged,Non-ionizable,Cc1cc(C)cc(C(=O)Cl)c1
1393,A-5188,-5.553210296,O1C(=CN=C1C1=CC=CC=C1)C1=CC=CC=C1,0.0,G1,A,,,Uncharged,Non-ionizable,c1ccc(-c2cnc(-c3ccccc3)o2)cc1
1394,A-5189,-6.161048404,O=[Mn]=O,0.0,G1,A,,,Uncharged,Non-ionizable,[Mn+4].[O-2].[O-2]
1395,A-5195,-1.495423095,O=C1N(CC2CO2)C(=O)N(CC2CO2)C(=O)N1CC1CO1,0.011740548,G3,A,,,Uncharged,Non-ionizable,O=c1n(CC2CO2)c(=O)n(CC2CO2)c(=O)n1CC1CO1
1396,A-5214,0.651530723,CC1(C)COC(=O)C1O,0.118986971,G5,A,,,Uncharged,Non-ionizable,CC1(C)COC(=O)C1O
1397,A-5217,1.124514989,NC#N,0.079556181,G5,A,,,Uncharged,Non-ionizable,N#CN
1398,A-5233,0.571440842,CC1(O)CC(C)(O)OO1,0.0,G1,A,,Unstable,Uncharged,Non-ionizable,CC1(O)CC(C)(O)OO1
1399,A-5264,-0.546768091,CC(C)OC(C)=O,0.033934358,G5,A,,,Uncharged,Non-ionizable,CC(=O)OC(C)C
1400,A-5265,-0.77961667,CC(=O)OCC(=C)COC(C)=O,0.0,G1,A,,,Uncharged,Non-ionizable,C=C(COC(C)=O)COC(C)=O
1401,A-5274,1.177450183,OC1COC2C(O)COC12,0.0,G1,A,,,Uncharged,Non-ionizable,OC1COC2C(O)COC12
1402,A-5277,1.059991817,COC1COC2C(COC12)OC,0.0,G1,A,,,Uncharged,Non-ionizable,COC1COC2C(OC)COC12
1403,A-5299,0.928933376,CC(CO)(CO)C=O,0.0,G1,A,,,Uncharged,Non-ionizable,CC(C=O)(CO)CO
1404,A-5305,0.835094217,CCC1(CO)COCOC1,0.0,G1,A,,,Uncharged,Non-ionizable,CCC1(CO)COCOC1
1405,A-5312,0.829145935,CCOCCOCCOC,0.0,G1,A,,,Uncharged,Non-ionizable,CCOCCOCCOC
1406,A-5314,0.885579186,OCCCOC(=O)C=C,0.0,G1,A,,,Uncharged,Non-ionizable,C=CC(=O)OCCCO
1407,A-5318,0.653097658,COCCOCCOCCOCCOC,0.0,G1,A,,,Uncharged,Non-ionizable,COCCOCCOCCOCCOC
1408,A-5319,0.749024066,COCCOCCOCCOC,0.0,G1,A,,,Uncharged,Non-ionizable,COCCOCCOCCOC
1409,A-5326,0.77943954,OCC(O)COCC(O)CO,0.0,G1,A,,,Uncharged,Non-ionizable,OCC(O)COCC(O)CO
1410,A-5327,0.57976692,CC1=C(CCCl)C(=O)N2CCCCC2=N1,0.0,G1,A,,,Uncharged,Non-ionizable,Cc1nc2n(c(=O)c1CCCl)CCCC2
1411,A-5331,1.085625105,CC1=CC=NN1,0.0,G1,A,,,Uncharged,Non-ionizable,Cc1ccn[nH]1
1412,A-5332,0.995227367,CC(=O)CC(N)=O,0.0,G1,A,,,Uncharged,Non-ionizable,CC(=O)CC(N)=O
1413,A-5333,0.927794233,OCC1COC(=O)O1,0.0,G1,A,,,Uncharged,Non-ionizable,O=C1OCC(CO)O1
1414,A-5335,0.649261738,OCCOCC(COCCO)OCCO,0.0,G1,A,,,Uncharged,Non-ionizable,OCCOCC(COCCO)OCCO
1415,A-5354,0.630324108,CC(=O)OCCOCCOCCOC(C)=O,0.0,G1,A,,,Uncharged,Non-ionizable,CC(=O)OCCOCCOCCOC(C)=O
1416,A-5361,0.942546912,O=C1CCCCCO1,0.0,G1,A,,,Uncharged,Non-ionizable,O=C1CCCCCO1
1417,A-5362,1.065047292,O=C1CCCO1,0.0,G1,A,,,Uncharged,Non-ionizable,O=C1CCCO1
1418,A-5367,1.25131592,OCC#C,0.0,G1,A,,,Uncharged,Non-ionizable,C#CCO
1419,A-5368,1.118643879,OCCCO,0.0,G1,A,,,Uncharged,Non-ionizable,OCCCO
1420,A-5379,0.885285625,CC(C)COC(C)(C)C,0.0,G1,A,,,Uncharged,Non-ionizable,CC(C)COC(C)(C)C
1421,A-5387,-0.017655104,CC(C)OCCO,0.499977552,G3,A,,,Uncharged,Non-ionizable,CC(C)OCCO
1422,A-5391,-0.093687784,COP(C)(=O)OC,0.499993892,G3,A,,,Uncharged,Non-ionizable,COP(C)(=O)OC
1423,A-5396,-1.499743427,FC(F)(F)C(F)(F)C(=O)C(F)(C(F)(F)F)C(F)(F)F,0.0,G1,A,,,Uncharged,Non-ionizable,O=C(C(F)(F)C(F)(F)F)C(F)(C(F)(F)F)C(F)(F)F
1424,A-5404,-4.040590426,CC(C)=CCCC(C)(OC=O)C=C,0.0,G1,A,,,Uncharged,Non-ionizable,C=CC(C)(CCC=C(C)C)OC=O
1425,A-5423,-5.982567027,CCCCCCC(=O)OCC(CC)(CO)COC(=O)CCCC,0.0,G1,A,,,Uncharged,Non-ionizable,CCCCCCC(=O)OCC(CC)(CO)COC(=O)CCCC
1426,A-5425,-6.445626155,CCCCCCCC[Sn]1(CCCCCCCC)OC(=O)CS1,0.0,G1,A,,,Uncharged,Non-ionizable,CCCCCCC[CH2][Sn+]([CH2]CCCCCCC)[S]CC(=O)[O-]
1427,A-5426,-2.251273114,CCOC(=O)C1CCC(CC1)C(=O)OCC,0.0,G1,A,,,Uncharged,Non-ionizable,CCOC(=O)C1CCC(C(=O)OCC)CC1
1428,A-5450,-2.494902829,CCCCCCCCC=CCCCCCCCCOCCO,0.0,G1,A,,,Uncharged,Non-ionizable,CCCCCCCCC=CCCCCCCCCOCCO
1429,A-5456,-3.397432456,CCCCCCC(O)CCCCCCCCCCC(=O)OCC(O)CO,0.0,G1,A,,,Uncharged,Non-ionizable,CCCCCCC(O)CCCCCCCCCCC(=O)OCC(O)CO
1430,A-5459,-3.354968489,CC(CC(C)(C)C)CC(C)(C)CC(C)(C)C,0.0,G1,A,,,Uncharged,Non-ionizable,CC(CC(C)(C)C)CC(C)(C)CC(C)(C)C
1431,A-5464,-0.653059623,CCCCOCC(C)OCC(C)O,0.013429811,G3,A,,,Uncharged,Non-ionizable,CCCCOCC(C)OCC(C)O
1432,A-5468,-1.471935011,CCOC(C)(C)CC,0.495582495,G3,A,,,Uncharged,Non-ionizable,CCOC(C)(C)CC
1433,A-5469,-2.346916077,CC(CO)CC(C)C1=CC=CC=C1,0.0,G1,A,,,Uncharged,Non-ionizable,CC(CO)CC(C)c1ccccc1
1434,A-5474,-4.393183723,CCN1N=C2C=C(C=C3C2=C1C1=CC=CC=C1C3=O)C1=CC2=NN(CC)C3=C2C(=C1)C(=O)C1=CC=CC=C31,0.0,G1,A,,,Uncharged,Non-ionizable,CCn1nc2cc(-c3cc4c5c(n(CC)nc5c3)-c3ccccc3C4=O)cc3c2c1-c1ccccc1C3=O
1435,A-5475,-4.509615108,O=C1C2=CC=CC=C2C(=O)C2=C1C=CC1=C2NC2=C1C1=C(NC3=C1C=CC1=C3C(=O)C3=CC=CC=C3C1=O)C1=C2C(=O)C2=CC=CC=C2C1=O,0.0,G1,A,,,Uncharged,Non-ionizable,O=c1c2ccccc2c(=O)c2c1ccc1c2[nH]c2c3c(=O)c4ccccc4c(=O)c3c3[nH]c4c(ccc5c(=O)c6ccccc6c(=O)c54)c3c12
1436,A-5480,-4.450427718,BrC1=CC=C2C3=CC4=C5C6=C(C=CC(C(=O)C2=C1Br)=C36)C=C1C2=CC=CC=C2C(=O)C(C=C4)=C51,0.0,G1,A,,,Uncharged,Non-ionizable,O=c1c2ccccc2c2cc3ccc4c(=O)c5c(Br)c(Br)ccc5c5cc6ccc1c2c6c3c45
1437,A-5487,-4.380910978,CCCCCCCCCCCCOC(=O)C=C,0.0,G1,A,,,Uncharged,Non-ionizable,C=CC(=O)OCCCCCCCCCCCC
1438,A-5490,-4.428848848,CCCCCCCCCCCCCCOC(=O)C=C,0.0,G1,A,,,Uncharged,Non-ionizable,C=CC(=O)OCCCCCCCCCCCCCC
1439,A-5491,-5.171234853,ClC1=C(Cl)C2(Cl)C3C(C(=O)OC3=O)C1(Cl)C2(Cl)Cl,1.150080268,G2,A,,,Uncharged,Non-ionizable,O=C1OC(=O)C2C1C1(Cl)C(Cl)=C(Cl)C2(Cl)C1(Cl)Cl
1440,A-5496,-5.529966163,CCCCCCCCCCCCCCCCCCP(=O)(OC)OC,0.0,G1,A,,,Uncharged,Non-ionizable,CCCCCCCCCCCCCCCCCCP(=O)(OC)OC
1441,A-5499,-5.93729046,CC(C)(O)C(=O)C1=CC=C(C=C1)C1(C)CC(C)(C)C2=CC(=CC=C12)C(=O)C(C)(C)O,0.0,G1,A,,,Uncharged,Non-ionizable,CC(C)(O)C(=O)c1ccc(C2(C)CC(C)(C)c3cc(C(=O)C(C)(C)O)ccc32)cc1
1442,A-5500,-5.963849488,CC(C)(O)C(=O)C1=CC=C(C=C1)C1(C)CC(C)(C)C2=CC=C(C=C12)C(=O)C(C)(C)O,0.0,G1,A,,,Uncharged,Non-ionizable,CC(C)(O)C(=O)c1ccc(C2(C)CC(C)(C)c3ccc(C(=O)C(C)(C)O)cc32)cc1
1443,A-5505,-6.310389519,CC(C)=CCCC(C)=CCCC(=C)C=C,0.0,G1,A,,,Uncharged,Non-ionizable,C=CC(=C)CCC=C(C)CCC=C(C)C
1444,A-5506,-6.836753134,CC1=CC=CC(C)=C1OP(=O)(OC1=CC(OP(=O)(OC2=C(C)C=CC=C2C)OC2=C(C)C=CC=C2C)=CC=C1)OC1=C(C)C=CC=C1C,0.0,G1,A,,,Uncharged,Non-ionizable,Cc1cccc(C)c1OP(=O)(Oc1cccc(OP(=O)(Oc2c(C)cccc2C)Oc2c(C)cccc2C)c1)Oc1c(C)cccc1C
1445,A-5507,-6.373645635,CCCCC1CCC(CC1)C1CCC(=O)CC1,0.0,G1,A,,,Uncharged,Non-ionizable,CCCCC1CCC(C2CCC(=O)CC2)CC1
1446,A-5509,-6.757097539,CCCCCCCC[Sn](CCCCCCCC)(CCCCCCCC)CCCCCCCC,0.0,G1,A,,,Uncharged,Non-ionizable,CCCCCCC[CH2][Sn]([CH2]CCCCCCC)([CH2]CCCCCCC)[CH2]CCCCCCC
1447,A-5510,-7.012009544,C1=CC=C(C=C1)P(C1=CC=CC=C1)C1=CC=CC=C1,0.0,G1,A,,,Uncharged,Non-ionizable,c1ccc(P(c2ccccc2)c2ccccc2)cc1
1448,A-5512,-7.026737494,C1=CC=C(C=C1)P(C1=CC=CC=C1)C1=CC=CC=C1,0.0,G1,A,,,Uncharged,Non-ionizable,c1ccc(P(c2ccccc2)c2ccccc2)cc1
1449,A-5522,-7.204596088,O=C1N2C3=C4C(C=CC=C4N=C2C2=CC=CC4=CC=CC1=C24)=CC=C3,0.129818655,G3,A,,,Uncharged,Non-ionizable,O=c1c2cccc3cccc(c32)c2nc3cccc4cccc(c43)n12
1450,A-5526,-7.397152994,CCCCCCCCCCCCCCCCOC(C)=O,0.0,G1,A,,,Uncharged,Non-ionizable,CCCCCCCCCCCCCCCCOC(C)=O
1451,A-5529,-7.835715931,CCCCC(CC)COC(=O)CCC(=O)OCC(CC)CCCC,0.0,G1,A,,Cosolvent Buffer,Uncharged,Non-ionizable,CCCCC(CC)COC(=O)CCC(=O)OCC(CC)CCCC
1452,A-5530,-8.190644916,CCC(CC)CO[Si](OCC(CC)CC)(OCC(CC)CC)OCC(CC)CC,0.0,G1,A,,,Uncharged,Non-ionizable,CCC(CC)CO[Si](OCC(CC)CC)(OCC(CC)CC)OCC(CC)CC
1453,A-5536,-7.61189317,CCCCCCCC(=O)OOC(=O)CCCCCCC,0.0,G1,A,,Unstable,Uncharged,Non-ionizable,CCCCCCCC(=O)OOC(=O)CCCCCCC
1454,A-5537,-6.9904282,BrC1CC(Br)CC(Br)CC(Br)CC(Br)CC(Br)C1,0.642712461,G2,A,,,Uncharged,Non-ionizable,BrC1CC(Br)CC(Br)CC(Br)CC(Br)CC(Br)C1
1455,A-5538,-6.44481058,C1=CC2=CC3=CC=CC=C3C=C2C=C1,0.109537344,G5,A,,,Uncharged,Non-ionizable,c1ccc2cc3ccccc3cc2c1
1456,A-5544,-7.635822708,[Nb],0.319579629,G5,A,,,Uncharged,Non-ionizable,[Nb]
1457,A-5545,-6.039760498,O=C1C2=CC=CC=C2C(=O)C2=CC=CC=C12,0.461759274,G5,A,,,Uncharged,Non-ionizable,O=C1c2ccccc2C(=O)c2ccccc21
1458,A-5547,-7.122461047,CC(C)(C)CCCCC(=O)OC=C,0.0,G1,A,,,Uncharged,Non-ionizable,C=COC(=O)CCCCC(C)(C)C
1459,A-5552,-7.602120788,FC(F)(F)C1(F)C(F)(F)C(F)(F)C(F)(F)C(F)(C(F)(F)F)C1(F)F,0.0,G1,A,,,Uncharged,Non-ionizable,FC(F)(F)C1(F)C(F)(F)C(F)(F)C(F)(F)C(F)(C(F)(F)F)C1(F)F
1460,A-5553,-7.664711532,FC1(F)C(F)(F)C(F)(F)C2(F)C(F)(F)C(F)(F)C(F)(F)C(F)(F)C2(F)C1(F)F,0.0,G1,A,,,Uncharged,Non-ionizable,FC1(F)C(F)(F)C(F)(F)C2(F)C(F)(F)C(F)(F)C(F)(F)C(F)(F)C2(F)C1(F)F
1461,A-5554,-7.641525668,FC(F)(F)C(F)(F)C(F)(F)C(F)(F)C(F)(F)C(F)(F)C(F)(F)C(F)(F)F,0.0,G1,A,,,Uncharged,Non-ionizable,FC(F)(F)C(F)(F)C(F)(F)C(F)(F)C(F)(F)C(F)(F)C(F)(F)C(F)(F)F
1462,A-5559,-9.129987804,BrC1=C(Br)C(Br)=C(CCC2=C(Br)C(Br)=C(Br)C(Br)=C2Br)C(Br)=C1Br,0.0,G1,A,,,Uncharged,Non-ionizable,Brc1c(Br)c(Br)c(CCc2c(Br)c(Br)c(Br)c(Br)c2Br)c(Br)c1Br
1463,A-5560,-8.989632219,CCCCC(CC)COC(=O)C1=CC=C(C=C1)C(=O)OCC(CC)CCCC,0.0,G1,A,,,Uncharged,Non-ionizable,CCCCC(CC)COC(=O)c1ccc(C(=O)OCC(CC)CCCC)cc1
1464,A-5563,-10.01699993,[Cr],0.0,G1,A,,,Uncharged,Non-ionizable,[Cr]
1465,A-5577,-5.955730007,O=[W]=O,0.637644159,G4,A,,,Uncharged,Non-ionizable,[O-2].[O-2].[W+4]
1466,A-5578,-6.813060611,CC(C)(C)C1=CC=C(OP2OCC3(CO2)COP(OC2=CC=C(C=C2C(C)(C)C)C(C)(C)C)OC3)C(=C1)C(C)(C)C,0.0,G1,A,,,Uncharged,Non-ionizable,CC(C)(C)c1ccc(OP2OCC3(CO2)COP(Oc2ccc(C(C)(C)C)cc2C(C)(C)C)OC3)c(C(C)(C)C)c1
1467,A-5589,-6.205841507,[V],0.98234189,G4,A,,,Uncharged,Non-ionizable,[V]
1468,A-5602,-7.806077004,BrC1=C(Br)C(Br)=C(COC(=O)C=C)C(Br)=C1Br,0.0,G1,A,,,Uncharged,Non-ionizable,C=CC(=O)OCc1c(Br)c(Br)c(Br)c(Br)c1Br
1469,A-5604,-6.566718008,[P],0.0,G1,A,,,Uncharged,Non-ionizable,[P]
1470,A-5608,-4.999994562,O=[Ti]=O,1.974396666,G4,A,,,Uncharged,Non-ionizable,[O-2].[O-2].[Ti+4]
1471,A-5609,-5.949075231,CCCCC(CC)COC(=O)C1=C(Br)C(Br)=C(Br)C(Br)=C1C(=O)OCC(CC)CCCC,2.100425249,G2,A,,Cosolvent Buffer,Uncharged,Non-ionizable,CCCCC(CC)COC(=O)c1c(Br)c(Br)c(Br)c(Br)c1C(=O)OCC(CC)CCCC
1472,A-5625,-7.757994585,O=C1N2C3=CC=CC=C3N=C2C2=C3C1=CC=C1C4=NC5=CC=CC=C5N4C(=O)C(C=C2)=C31,0.0,G1,A,,,Uncharged,Non-ionizable,O=c1c2ccc3c4c(ccc(c24)c2nc4ccccc4n12)c(=O)n1c2ccccc2nc31
1473,A-5638,-5.311626594,CC(C)C1CCCCC1,0.0,G1,A,,,Uncharged,Non-ionizable,CC(C)C1CCCCC1
1474,A-5643,-6.947445159,O=[Nb](=O)O[Nb](=O)=O,0.0,G1,A,,,Uncharged,Non-ionizable,[Nb+5].[Nb+5].[O-2].[O-2].[O-2].[O-2].[O-2]
1475,A-5649,-7.96678917,CCCCCCCCCCCCCCCCCCN1C(=O)C2=CC=C3SC4=CC=CC=C4C4=C3C2=C(C=C4)C1=O,0.0,G1,A,,,Uncharged,Non-ionizable,CCCCCCCCCCCCCCCCCCn1c(=O)c2ccc3sc4ccccc4c4ccc(c1=O)c2c34
1476,A-5660,-6.61539022,CCC(C)CCCC(C)CCCC(C)C,1.15693361,G2,A,,,Uncharged,Non-ionizable,CCC(C)CCCC(C)CCCC(C)C
1477,A-5665,-7.965810564,CCCC(Cl)CCCC(Cl)CCC(Cl)CCC(Cl)CCC(Cl)CCCC(Cl)CCC,0.049526647,G5,A,,,Uncharged,Non-ionizable,CCCC(Cl)CCCC(Cl)CCC(Cl)CCC(Cl)CCC(Cl)CCCC(Cl)CCC
1478,A-5666,-7.77984306,CC1=CC=CC=C1OP(OC1=CC=CC=C1C)OC1=CC=CC=C1C,0.0,G1,A,,,Uncharged,Non-ionizable,Cc1ccccc1OP(Oc1ccccc1C)Oc1ccccc1C
1479,A-5668,-7.783778559,CC1=CC=C2NC3=CC4=C(NC5=CC=C(C)C=C5C4=O)C=C3C(=O)C2=C1,0.0,G1,A,,,Uncharged,Non-ionizable,Cc1ccc2[nH]c3cc4c(=O)c5cc(C)ccc5[nH]c4cc3c(=O)c2c1
1480,A-5672,-7.511883361,[Dy],0.0,G1,A,,,Uncharged,Non-ionizable,[Dy]
1481,A-5673,-7.973611776,O=C(C1=CC=C(OC2=CC=CC=C2)C=C1)C1=CC=C(C=C1)C(=O)C1=CC=C(OC2=CC=CC=C2)C=C1,0.0,G1,A,,,Uncharged,Non-ionizable,O=C(c1ccc(Oc2ccccc2)cc1)c1ccc(C(=O)c2ccc(Oc3ccccc3)cc2)cc1
1482,A-5675,-6.983571154,COC1=CC=C(C=C2N=C(OC2=O)C2=CC=C(C=C2)C2=NC(=CC3=CC=C(OC)C=C3)C(=O)O2)C=C1,0.0,G1,A,,,Uncharged,Non-ionizable,COc1ccc(C=C2N=C(c3ccc(C4=NC(=Cc5ccc(OC)cc5)C(=O)O4)cc3)OC2=O)cc1
1483,A-5676,-6.756602507,CCOC(=O)C1=CC=C2SC3=CC=CC=C3C(=O)C2=C1,0.0,G1,A,,,Uncharged,Non-ionizable,CCOC(=O)c1ccc2sc3ccccc3c(=O)c2c1
1484,A-5684,-6.926267992,CCCCC(CC)COC(=O)C1CCC(CC1)C(=O)OCC(CC)CCCC,0.0,G1,A,,,Uncharged,Non-ionizable,CCCCC(CC)COC(=O)C1CCC(C(=O)OCC(CC)CCCC)CC1
1485,A-5686,-5.117146036,[Co],1.364117774,G4,A,,,Uncharged,Non-ionizable,[Co]
1486,A-5687,-7.086497346,CC(C)CCCCCCCCCCCCCCCOC(=O)CCCCCCCCCCCCCCC(C)C,0.0,G1,A,,,Uncharged,Non-ionizable,CC(C)CCCCCCCCCCCCCCCOC(=O)CCCCCCCCCCCCCCC(C)C
1487,A-5688,-5.74386512,CC1CCCCCCCCCCCCC(=O)C1,0.0,G1,A,,,Uncharged,Non-ionizable,CC1CCCCCCCCCCCCC(=O)C1
1488,A-5693,-6.602799271,CC(C)C1=CC=C(C=C1)C(C)C,0.0,G1,A,,Below LoD Below LoQ,Uncharged,Non-ionizable,CC(C)c1ccc(C(C)C)cc1
1489,A-5700,-4.861741107,CC(C)CCCC(C)CCCC(C)CCCC(C)=CCO,0.0,G1,A,,,Uncharged,Non-ionizable,CC(=CCO)CCCC(C)CCCC(C)CCCC(C)C
1490,A-5709,-6.954694347,S=P(OC1=CC=CC=C1)(OC1=CC=CC=C1)OC1=CC=CC=C1,0.1393768,G3,A,,,Uncharged,Non-ionizable,S=P(Oc1ccccc1)(Oc1ccccc1)Oc1ccccc1
1491,A-5725,-6.971234419,CC(C)(C)CCCCC1(OO1)C(=O)OC(C)(C)CC(C)(C)C,0.0,G1,A,,Prediction Estimation,Uncharged,Non-ionizable,CC(C)(C)CCCCC1(C(=O)OC(C)(C)CC(C)(C)C)OO1
1492,A-5728,-7.066625646,ClC1=CC=C2NC3=CC4=C(NC5=CC=CC=C5C4=O)C=C3C(=O)C2=C1Cl,0.0,G1,A,,,Uncharged,Non-ionizable,O=c1c2ccccc2[nH]c2cc3c(=O)c4c(Cl)c(Cl)ccc4[nH]c3cc12
1493,A-5734,-5.94953191,CCCCC(CC)C(=O)OOC(C)(C)CC(C)(C)C,0.0,G1,A,,Unstable,Uncharged,Non-ionizable,CCCCC(CC)C(=O)OOC(C)(C)CC(C)(C)C
1494,A-5736,-7.100195364,CC(C)CCCC(C)C1CCC2C3CC=C4CC(O)CCC4(C)C3CCC12C,0.245297682,G3,A,,,Uncharged,Non-ionizable,CC(C)CCCC(C)C1CCC2C3CC=C4CC(O)CCC4(C)C3CCC12C
1495,A-5737,-7.188638134,FC(F)(F)C(F)(F)C(F)(F)C(F)(F)C(F)(F)C(F)(F)CCI,0.0,G1,A,,,Uncharged,Non-ionizable,FC(F)(F)C(F)(F)C(F)(F)C(F)(F)C(F)(F)C(F)(F)CCI
1496,A-5745,-8.348750336,CCCCCCCCCCCCCCCCCCCCCC(=O)OCC(CO)(CO)COC(=O)CCCCCCCCCCCCCCCCCCCCC,0.0,G1,A,,,Uncharged,Non-ionizable,CCCCCCCCCCCCCCCCCCCCCC(=O)OCC(CO)(CO)COC(=O)CCCCCCCCCCCCCCCCCCCCC
1497,A-5747,-7.982807307,O=C1C2=CC=CC=C2C2=CC=C3SC4=CC=CC=C4C4=C3C2=C1C=C4,0.0,G1,A,,,Uncharged,Non-ionizable,O=c1c2ccccc2c2ccc3sc4ccccc4c4ccc1c2c34
1498,A-5749,-8.058503028,CC(=O)OCCOC1=CC=C(C=C1)C(C)(C)C1=CC=C(OCCOC(C)=O)C=C1,0.0,G1,A,,,Uncharged,Non-ionizable,CC(=O)OCCOc1ccc(C(C)(C)c2ccc(OCCOC(C)=O)cc2)cc1
1499,A-5756,-7.68626782,O=[Cr]O[Cr]=O,0.249766928,G5,A,,,Uncharged,Non-ionizable,[Cr+3].[Cr+3].[O-2].[O-2].[O-2]
1500,A-5757,-8.458760141,CC(C)CCCCCCCCCCCCCCC(=O)OCC(COC(=O)CCCCCCCCCCCCCCC(C)C)OC(=O)CCCCCCCCCCCCCCC(C)C,0.0,G1,A,,,Uncharged,Non-ionizable,CC(C)CCCCCCCCCCCCCCC(=O)OCC(COC(=O)CCCCCCCCCCCCCCC(C)C)OC(=O)CCCCCCCCCCCCCCC(C)C
1501,A-5758,-8.252098343,CCCCC(CC)COC(=O)C1=CC=C(C(=O)OCC(CC)CCCC)C(=C1)C(=O)OCC(CC)CCCC,0.0,G1,A,,,Uncharged,Non-ionizable,CCCCC(CC)COC(=O)c1ccc(C(=O)OCC(CC)CCCC)c(C(=O)OCC(CC)CCCC)c1
1502,A-5764,-8.82836984,O=[Sn],0.0,G1,A,,,Uncharged,Non-ionizable,[O-2].[Sn+2]
1503,A-5769,-7.188496045,CCCCC(CC)C(=O)OOC(C)(C)CCC(C)(C)OOC(=O)C(CC)CCCC,0.0,G1,A,,Unstable,Uncharged,Non-ionizable,CCCCC(CC)C(=O)OOC(C)(C)CCC(C)(C)OOC(=O)C(CC)CCCC
1504,A-5778,-7.395301899,CC(C)(C1=CC(Br)=C(OCC2CO2)C(Br)=C1)C1=CC(Br)=C(OCC2CO2)C(Br)=C1,0.0,G1,A,,,Uncharged,Non-ionizable,CC(C)(c1cc(Br)c(OCC2CO2)c(Br)c1)c1cc(Br)c(OCC2CO2)c(Br)c1
1505,A-5786,-6.71713979,CCOC(=O)C(=C)C#N,0.0,G1,A,,Unstable,Uncharged,Non-ionizable,C=C(C#N)C(=O)OCC
1506,A-5801,-6.088238681,CCCCC(CC)COC(=O)OOC(C)(C)CC,0.0,G1,A,,Unstable,Uncharged,Non-ionizable,CCCCC(CC)COC(=O)OOC(C)(C)CC
1507,A-5803,-7.288734017,CCOC(F)(C(F)(F)C(F)(F)C(F)(F)F)C(F)(C(F)(F)F)C(F)(F)F,0.102263981,G3,A,,,Uncharged,Non-ionizable,CCOC(F)(C(F)(F)C(F)(F)C(F)(F)F)C(F)(C(F)(F)F)C(F)(F)F
1508,A-5820,-6.575187845,[Se],0.0,G1,A,,,Uncharged,Non-ionizable,[Se]
1509,A-5824,-6.055946609,CC(C)CCCCCCCOC(=O)C(C)=C,0.054260689,G3,A,,,Uncharged,Non-ionizable,C=C(C)C(=O)OCCCCCCCC(C)C
1510,A-5831,-7.101479355,[Cd]=[Te],0.791401241,G4,A,,,Uncharged,Non-ionizable,[Cd+2].[Te-2]
1511,A-5836,-7.179920249,CC1=CC=CC(CC2=CC=CC=C2)=C1CC1=CC=CC=C1,0.0,G1,A,,,Uncharged,Non-ionizable,Cc1cccc(Cc2ccccc2)c1Cc1ccccc1
1512,A-5844,-5.519097591,[Fe],0.717700149,G4,A,,,Uncharged,Non-ionizable,[Fe]
1513,A-5847,-7.02202606,C1CCCCCCCCCCC1,1.397940009,G2,A,,,Uncharged,Non-ionizable,C1CCCCCCCCCCC1
1514,A-5851,-4.843574339,[B],0.0,G1,A,,,Uncharged,Non-ionizable,[B]
1515,A-5853,-7.509558903,CCCCOC(=O)C1C(C(=O)OCCCC)C2(Cl)C(Cl)=C(Cl)C1(Cl)C2(Cl)Cl,0.0,G1,A,,,Uncharged,Non-ionizable,CCCCOC(=O)C1C(C(=O)OCCCC)C2(Cl)C(Cl)=C(Cl)C1(Cl)C2(Cl)Cl
1516,A-5863,-7.419805396,ClC1=CC=C2NC3=CC4=C(NC5=CC=C(Cl)C=C5C4=O)C=C3C(=O)C2=C1,0.0,G1,A,,,Uncharged,Non-ionizable,O=c1c2cc(Cl)ccc2[nH]c2cc3c(=O)c4cc(Cl)ccc4[nH]c3cc12
1517,A-5868,-6.350206051,CC(=C)C(=O)OCCCCCCCCCCOC(=O)C(C)=C,0.0,G1,A,,,Uncharged,Non-ionizable,C=C(C)C(=O)OCCCCCCCCCCOC(=O)C(=C)C
1518,A-5872,-6.457321758,ClC1=CC=CC2=C1NC1=CC3=C(NC4=C(Cl)C=CC=C4C3=O)C=C1C2=O,0.0,G1,A,,,Uncharged,Non-ionizable,O=c1c2cc3[nH]c4c(Cl)cccc4c(=O)c3cc2[nH]c2c(Cl)cccc12
1519,A-5883,-6.44975236,CCCCCCCCCC(=O)OOC(=O)CCCCCCCCC,0.0,G1,A,,Below LoD Below LoQ,Uncharged,Non-ionizable,CCCCCCCCCC(=O)OOC(=O)CCCCCCCCC
1520,A-5887,-7.079904468,[Nd],0.0,G1,A,,,Uncharged,Non-ionizable,[Nd]
1521,A-5888,-5.798391069,O=[Co],1.313112161,G4,A,,,Uncharged,Non-ionizable,[Co+2].[O-2]
1522,A-5901,-7.484220298,CC(=C)C(=O)OCCCCCCCCCCCCOC(=O)C(C)=C,0.0,G1,A,,,Uncharged,Non-ionizable,C=C(C)C(=O)OCCCCCCCCCCCCOC(=O)C(=C)C
1523,A-5919,-7.631732206,S=C(SSSSSSC(=S)N1CCCCC1)N1CCCCC1,0.0,G1,A,,,Uncharged,Non-ionizable,S=C(SSSSSSC(=S)N1CCCCC1)N1CCCCC1
1524,A-5920,-7.481773695,O=C1C2=CC=CC=C2NC2=CC3=C(NC4=CC=CC=C4C3=O)C=C12,0.0,G1,A,,,Uncharged,Non-ionizable,O=c1c2ccccc2[nH]c2cc3c(=O)c4ccccc4[nH]c3cc12
1525,A-5923,-8.287652069,CCCCCCCCOC(=O)C1=CC=CC=C1C(=O)OCC1=CC=CC=C1,0.488861803,G3,A,,,Uncharged,Non-ionizable,CCCCCCCCOC(=O)c1ccccc1C(=O)OCc1ccccc1
1526,A-5932,-8.755372465,CCCCCCCCCCCCCCCCCC(=O)OC(CCCCCC)CCCCCCCCCCC(=O)OCCCCCCCCCCCCCC(C)C,0.0,G1,A,,,Uncharged,Non-ionizable,CCCCCCCCCCCCCCCCCC(=O)OC(CCCCCC)CCCCCCCCCCC(=O)OCCCCCCCCCCCCCC(C)C
1527,A-5937,-8.721196039,CCCCCCCCC=CCCCCCCCC(=O)OCC(CC)(CO)COC(=O)CCCCCCCC=CCCCCCCCC,0.0,G1,A,,,Uncharged,Non-ionizable,CCCCCCCCC=CCCCCCCCC(=O)OCC(CC)(CO)COC(=O)CCCCCCCC=CCCCCCCCC
1528,A-5950,-8.40595505,S=[SnH2],0.0,G1,A,,,Uncharged,Non-ionizable,[S]=[SnH2]
1529,A-5964,-9.407173725,C[Si](C)(C)O[Si](O[Si](C)(C)C)(O[Si](C)(C)C)O[Si](C)(C)C,0.0,G1,A,,,Uncharged,Non-ionizable,C[Si](C)(C)O[Si](O[Si](C)(C)C)(O[Si](C)(C)C)O[Si](C)(C)C
1530,A-5965,-9.816435105,CC(C)(C1=CC(Br)=C(OCC(Br)CBr)C(Br)=C1)C1=CC(Br)=C(OCC(Br)CBr)C(Br)=C1,0.0,G1,A,,,Uncharged,Non-ionizable,CC(C)(c1cc(Br)c(OCC(Br)CBr)c(Br)c1)c1cc(Br)c(OCC(Br)CBr)c(Br)c1
1531,A-5970,-9.982761799,[Ir],0.0,G1,A,,,Uncharged,Non-ionizable,[Ir]
1532,A-5972,-7.992627599,CC(C)CCCCCCCCCCCCCCCOC(=O)CC(O)C(=O)OCCCCCCCCCCCCCCCC(C)C,0.0,G1,A,,,Uncharged,Non-ionizable,CC(C)CCCCCCCCCCCCCCCOC(=O)CC(O)C(=O)OCCCCCCCCCCCCCCCC(C)C
1533,A-5977,-8.193986458,CCCCCCCCCCOC(=O)C(CC)CCCC,0.0,G1,A,,,Uncharged,Non-ionizable,CCCCCCCCCCOC(=O)C(CC)CCCC
1534,A-5978,-8.277966587,CC(CCOC(=O)CC(C)CC(C)(C)C)CC(C)(C)C,0.0,G1,A,,,Uncharged,Non-ionizable,CC(CCOC(=O)CC(C)CC(C)(C)C)CC(C)(C)C
1535,A-5979,-8.983050454,CCCCCCCCCCCCCCCCCC(=O)OCCCCCCCCCCCCCC,0.0,G1,A,,,Uncharged,Non-ionizable,CCCCCCCCCCCCCCCCCC(=O)OCCCCCCCCCCCCCC
1536,A-5980,-9.024973872,C1CO[Sb]2OCCO[Sb](O1)OCCO2,0.0,G1,A,,,Uncharged,Non-ionizable,C1C[O][Sb]2[O]CC[O][Sb]([O]1)[O]CC[O]2
1537,A-5987,-8.972710916,O=[Cr]O[Cr]=O,0.0,G1,A,,Multi-constituent Substances,Uncharged,Non-ionizable,[Cr+3].[Cr+3].[O-2].[O-2].[O-2]
1538,A-5988,-5.663160057,[Si],1.473177124,G4,A,,,Uncharged,Non-ionizable,[Si]
1539,A-5991,-7.931983782,CC1=CC(Cl)=CC2=C1C(=O)C(S2)=C1SC2=CC(Cl)=CC(C)=C2C1=O,0.0,G1,A,,,Uncharged,Non-ionizable,Cc1cc(Cl)cc2c1C(=O)C(=C1Sc3cc(Cl)cc(C)c3C1=O)S2
1540,A-5994,-5.812990187,[Mo],0.0,G1,A,,,Uncharged,Non-ionizable,[Mo]
1541,A-5995,-7.633199042,BrC1=CC2=C3C4=C(C=CC=C14)C(=O)C1=CC(Br)=C4C=CC=C(C2=O)C4=C31,0.0,G1,A,,,Uncharged,Non-ionizable,O=c1c2cc(Br)c3cccc4c(=O)c5cc(Br)c6cccc1c6c5-c2c34
1542,A-6002,-7.94522478,CCCCCCCOCC(COCCCCCCC)(COCCCCCCC)COCCCCCCC,0.0,G1,A,,,Uncharged,Non-ionizable,CCCCCCCOCC(COCCCCCCC)(COCCCCCCC)COCCCCCCC
1543,A-6003,-6.350325564,O=[Zr]=O,0.0,G1,A,,,Uncharged,Non-ionizable,[O-2].[O-2].[Zr+4]
1544,A-6006,-6.733128222,CCCCCCCCCCCCCC(=O)OC(C)C,0.0,G1,A,,,Uncharged,Non-ionizable,CCCCCCCCCCCCCC(=O)OC(C)C
1545,A-6010,-7.744015885,CCOC(=O)C(C#N)=C(C1=CC=CC=C1)C1=CC=CC=C1,0.0,G1,A,,Below LoD Below LoQ,Uncharged,Non-ionizable,CCOC(=O)C(C#N)=C(c1ccccc1)c1ccccc1
1546,A-6012,-8.111891986,CC(C)(C)C1=CC=C(OP(OC2=CC=C(C=C2C(C)(C)C)C(C)(C)C)OC2=CC=C(C=C2C(C)(C)C)C(C)(C)C)C(=C1)C(C)(C)C,0.627636253,G2,A,,Below LoD Below LoQ,Uncharged,Non-ionizable,CC(C)(C)c1ccc(OP(Oc2ccc(C(C)(C)C)cc2C(C)(C)C)Oc2ccc(C(C)(C)C)cc2C(C)(C)C)c(C(C)(C)C)c1
1547,A-6018,-8.232475788,CCCCCCCCCCCCCCCCCCOC(=O)CCSCCC(=O)OCCCCCCCCCCCCCCCCCC,1.198970004,G2,A,,Below LoD Below LoQ,Uncharged,Non-ionizable,CCCCCCCCCCCCCCCCCCOC(=O)CCSCCC(=O)OCCCCCCCCCCCCCCCCCC
1548,A-6019,-7.472430972,[Sn],0.0,G1,A,,,Uncharged,Non-ionizable,[Sn]
1549,A-6020,-6.975819717,CCCCC(CC)COC(=O)C=CC(=O)OCC(CC)CCCC,0.0,G1,A,,,Uncharged,Non-ionizable,CCCCC(CC)COC(=O)C=CC(=O)OCC(CC)CCCC
1550,A-6026,-7.931847578,CCCCCCCCCCCC(=O)OCC(C)C,0.0,G1,A,,,Uncharged,Non-ionizable,CCCCCCCCCCCC(=O)OCC(C)C
1551,A-6027,-8.070164748,CCCCCCCCC=CCCCCCCCC(=O)OCCC(C)C,0.0,G1,A,,,Uncharged,Non-ionizable,CCCCCCCCC=CCCCCCCCC(=O)OCCC(C)C
1552,A-6029,-6.042384349,FC(F)(F)C(F)(F)C(F)(F)C(F)(F)S(F)(=O)=O,0.0,G1,A,,,Uncharged,Non-ionizable,O=S(=O)(F)C(F)(F)C(F)(F)C(F)(F)C(F)(F)F
1553,A-6030,-6.912156137,FC1=CC=C(CC2=CC=C(F)C=C2)C=C1,0.0,G1,A,,,Uncharged,Non-ionizable,Fc1ccc(Cc2ccc(F)cc2)cc1
1554,A-6035,-7.686491033,CC(Br)(CBr)COC1=C(Br)C=C(C=C1Br)C(C)(C)C1=CC(Br)=C(OCC(C)(Br)CBr)C(Br)=C1,0.0,G1,A,,,Uncharged,Non-ionizable,CC(Br)(CBr)COc1c(Br)cc(C(C)(C)c2cc(Br)c(OCC(C)(Br)CBr)c(Br)c2)cc1Br
1555,A-6038,-8.27876503,ClC1=CC=C(C(=O)OOC(=O)C2=CC=C(Cl)C=C2Cl)C(Cl)=C1,0.0,G1,A,,Unstable,Uncharged,Non-ionizable,O=C(OOC(=O)c1ccc(Cl)cc1Cl)c1ccc(Cl)cc1Cl
1556,A-6044,-7.456475388,CC(=C)C(=O)OCCCOC1=CC=C(C=C1)C(C)(C)C1=CC=C(OCCCOC(=O)C(C)=C)C=C1,0.0,G1,A,,,Uncharged,Non-ionizable,C=C(C)C(=O)OCCCOc1ccc(C(C)(C)c2ccc(OCCCOC(=O)C(=C)C)cc2)cc1
1557,A-6050,-7.397875398,CCCCCCCCCCCCCC(=O)OCC(O)CO,0.0,G1,A,,,Uncharged,Non-ionizable,CCCCCCCCCCCCCC(=O)OCC(O)CO
1558,A-6053,-7.325679101,O=[Pb]=O,0.0,G1,A,,,Uncharged,Non-ionizable,[O-2].[O-2].[Pb+4]
1559,A-6054,-6.757182205,CCCCCCCCCOC(=O)C1=CC=C(C(=O)OCCCCCCCCC)C(=C1)C(=O)OCCCCCCCCC,0.0,G1,A,,Below LoD Below LoQ,Uncharged,Non-ionizable,CCCCCCCCCOC(=O)c1ccc(C(=O)OCCCCCCCCC)c(C(=O)OCCCCCCCCC)c1
1560,A-6055,-6.441684141,CCO[Si](CC(C)CC(C)(C)C)(OCC)OCC,0.0,G1,A,,,Uncharged,Non-ionizable,CCO[Si](CC(C)CC(C)(C)C)(OCC)OCC
1561,A-6062,-7.516530086,CC(=O)OCC=C(C)C=CC=C(C)C=CC1=C(C)CCCC1(C)C,0.0,G1,A,,,Uncharged,Non-ionizable,CC(=O)OCC=C(C)C=CC=C(C)C=CC1=C(C)CCCC1(C)C
1562,A-6063,-7.534689739,CCC(=O)OCC=C(C)C=CC=C(C)C=CC1=C(C)CCCC1(C)C,0.0,G1,A,,,Uncharged,Non-ionizable,CCC(=O)OCC=C(C)C=CC=C(C)C=CC1=C(C)CCCC1(C)C
1563,A-6068,-8.647057001,CCCCCCCCCCCCCC(=O)OCC(COC(=O)CCCCCCCCCCCCC)OC(=O)CCCCCCCCCCCCC,0.0,G1,A,,,Uncharged,Non-ionizable,CCCCCCCCCCCCCC(=O)OCC(COC(=O)CCCCCCCCCCCCC)OC(=O)CCCCCCCCCCCCC
1564,A-6069,-7.255116256,[Be]=O,0.0,G1,A,,,Uncharged,Non-ionizable,[Be+2].[O-2]
1565,A-6070,-6.772570424,CCCCCC1CCC(CC1)C1=CC=C(CCC)C=C1,0.0,G1,A,,,Uncharged,Non-ionizable,CCCCCC1CCC(c2ccc(CCC)cc2)CC1
1566,A-6074,-8.810645103,O=C1C2=CC=CC=C2C(=O)C2=C1C=CC1=C2NC2=C1C=CC1=C2C(=O)C2=C(C3=C(C=C2)C2=C(N3)C3=C(C=C2)C(=O)C2=CC=CC=C2C3=O)C1=O,0.0,G1,A,,,Uncharged,Non-ionizable,O=c1c2ccccc2c(=O)c2c1ccc1c3ccc4c(=O)c5c(ccc6c7ccc8c(=O)c9ccccc9c(=O)c8c7[nH]c65)c(=O)c4c3[nH]c12
1567,A-6076,-8.510435082,O,0.0,G1,A,,,Uncharged,Non-ionizable,O
1568,A-6079,-8.405541006,CCCCCCCCCCCCOC(=O)C(C)=C,0.0,G1,A,,Below LoD Below LoQ,Uncharged,Non-ionizable,C=C(C)C(=O)OCCCCCCCCCCCC
1569,A-6080,-7.968043762,[Nb],0.848957597,G4,A,,,Uncharged,Non-ionizable,[Nb]
1570,A-6081,-8.52965617,CCCCCCCCCCCCCCCCCCOC(=O)C(C)=C,0.0,G1,A,,,Uncharged,Non-ionizable,C=C(C)C(=O)OCCCCCCCCCCCCCCCCCC
1571,A-6087,-8.754650095,CCCCCCCCCCCCCCCCOC(=O)CCCCCCCCCCCCCCC,0.0,G1,A,,,Uncharged,Non-ionizable,CCCCCCCCCCCCCCCCOC(=O)CCCCCCCCCCCCCCC
1572,A-6092,-7.255851179,[Be],0.0,G1,A,,,Uncharged,Non-ionizable,[Be]
1573,A-6094,-9.204759418,CCCCC(CC)C(=O)OCC(COC(=O)C(CC)CCCC)(COC(=O)C(CC)CCCC)COC(=O)C(CC)CCCC,0.0,G1,A,,,Uncharged,Non-ionizable,CCCCC(CC)C(=O)OCC(COC(=O)C(CC)CCCC)(COC(=O)C(CC)CCCC)COC(=O)C(CC)CCCC
1574,A-6095,-8.817272216,[Au],0.0,G1,A,,,Uncharged,Non-ionizable,[Au]
1575,A-6100,-9.145911087,O=[Ce]=O,0.0,G1,A,,,Uncharged,Non-ionizable,[O]=[Ce]=[O]
1576,A-6101,-9.98189604,BrC1=C(Br)C(Br)=C(OC2=C(Br)C(Br)=C(Br)C(Br)=C2Br)C(Br)=C1Br,0.0,G1,A,,,Uncharged,Non-ionizable,Brc1c(Br)c(Br)c(Oc2c(Br)c(Br)c(Br)c(Br)c2Br)c(Br)c1Br
1577,A-6108,-10.09891356,ClCC1=CC=C(C=C1)C1=CC=C(CCl)C=C1,0.0,G1,A,,Non Valid pH,Uncharged,Non-ionizable,ClCc1ccc(-c2ccc(CCl)cc2)cc1
1578,B-4,-0.9227,CCC(O)(COC(N)=O)C1=CC=CC=C1,0.0,G1,B,,,Uncharged,Non-ionizable,CCC(O)(COC(N)=O)c1ccccc1
1579,B-22,-2.3698,BrC1=CNC(=O)NC1=O,0.0,G1,B,,,Uncharged,Non-ionizable,O=c1[nH]cc(Br)c(=O)[nH]1
1580,B-26,-2.1504,CCCC1=CC(=O)NC(=S)N1,0.0,G1,B,,,Uncharged,Non-ionizable,CCCc1cc(=O)[nH]c(=S)[nH]1
1581,B-29,-4.8041,CC(=O)OC1(CCC2C3CCC4=CC(=O)CCC4C3CCC12C)C#C,0.0,G1,B,,,Uncharged,Non-ionizable,C#CC1(OC(C)=O)CCC2C3CCC4=CC(=O)CCC4C3CCC21C
1582,B-30,-4.2773,CC(=O)SC1CC2=CC(=O)CCC2(C)C2CCC3(C)C(CCC33CCC(=O)O3)C12,0.0,G1,B,,,Uncharged,Non-ionizable,CC(=O)SC1CC2=CC(=O)CCC2(C)C2CCC3(C)C(CCC34CCC(=O)O4)C12
1583,B-33,-0.3315,COP(=O)(OC)C(O)C(Cl)(Cl)Cl,0.098061489,G5,B,,,Uncharged,Non-ionizable,COP(=O)(OC)C(O)C(Cl)(Cl)Cl
1584,B-36,-6.5052,ClC(Cl)C(C1=CC=C(Cl)C=C1)C1=CC=CC=C1Cl,0.0,G1,B,,,Uncharged,Non-ionizable,Clc1ccc(C(c2ccccc2Cl)C(Cl)Cl)cc1
1585,B-42,-2.2481,OCC1OC(CC1O)N1C=C(I)C(=O)NC1=O,0.0,G1,B,,,Uncharged,Non-ionizable,O=c1[nH]c(=O)n(C2CC(O)C(CO)O2)cc1I
1586,B-45,-1.0777,CC(C)OP(F)(=O)OC(C)C,0.0,G1,B,,,Uncharged,Non-ionizable,CC(C)OP(=O)(F)OC(C)C
1587,B-46,-2.4259,CC1=CC(=O)NC(=S)N1,0.00505,G3,B,,,Uncharged,Non-ionizable,Cc1cc(=O)[nH]c(=S)[nH]1
1588,B-48,-3.8156,CC12C3CCC(O3)C1(C)C(=O)OC2=O,0.0,G1,B,,,Uncharged,Non-ionizable,CC12C(=O)OC(=O)C1(C)C1CCC2O1
1589,B-51,-5.3835,CCOP(=S)(OCC)OC1=CC=C2C(C)=C(Cl)C(=O)OC2=C1,0.42825,G3,B,,,Uncharged,Non-ionizable,CCOP(=S)(OCC)Oc1ccc2c(C)c(Cl)c(=O)oc2c1
1590,B-59,-1.6953,C=CCN=C=S,0.0,G1,B,,,Uncharged,Non-ionizable,C=CCN=C=S
1591,B-64,0.6353,OCC(O)C(O)C(O)C(=O)CO,0.0,G1,B,,,Uncharged,Non-ionizable,O=C(CO)C(O)C(O)C(O)CO
1592,B-65,0.7878,OCC1OC(CO)(OC2OC(CO)C(O)C(O)C2O)C(O)C1O,0.0,G1,B,,,Uncharged,Non-ionizable,OCC1OC(OC2(CO)OC(CO)C(O)C2O)C(O)C(O)C1O
1593,B-66,1.1186,CC(O)CO,0.0,G1,B,,,Uncharged,Non-ionizable,CC(O)CO
1594,B-70,-6.8644,ClC1CC2C(C1Cl)C1(Cl)C(Cl)=C(Cl)C2(Cl)C1(Cl)Cl,0.7572,G2,B,,,Uncharged,Non-ionizable,ClC1=C(Cl)C2(Cl)C3C(Cl)C(Cl)CC3C1(Cl)C2(Cl)Cl
1595,B-71,-5.3669,CCC(=O)OC1CCC2C3CCC4=CC(=O)CCC4(C)C3CCC12C,0.0,G1,B,,,Uncharged,Non-ionizable,CCC(=O)OC1CCC2C3CCC4=CC(=O)CCC4(C)C3CCC12C
1596,B-81,-2.1394,O=C1NC2=CC=CC=C2C=C1,0.0,G1,B,,,Uncharged,Non-ionizable,O=c1ccc2ccccc2[nH]1
1597,B-84,-1.1887,CC1=CC=CC=C1OCC(O)CO,0.0,G1,B,,,Uncharged,Non-ionizable,Cc1ccccc1OCC(O)CO
1598,B-97,1.5808,CC(N)=O,0.0,G1,B,,,Uncharged,Non-ionizable,CC(N)=O
1599,B-99,-6.2908,ClC1=C(Cl)C2(Cl)C3C4CC(C5OC45)C3C1(Cl)C2(Cl)Cl,0.069177276,G5,B,,,Uncharged,Non-ionizable,ClC1=C(Cl)C2(Cl)C3C4CC(C5OC45)C3C1(Cl)C2(Cl)Cl
1600,B-120,-2.366,CCC(C)C(C)(COC(N)=O)COC(N)=O,0.0,G1,B,,,Uncharged,Non-ionizable,CCC(C)C(C)(COC(N)=O)COC(N)=O
1601,B-131,1.236,CC(C)=O,0.0,G1,B,,,Uncharged,Non-ionizable,CC(C)=O
1602,B-132,1.1072,CS(C)=O,0.0,G1,B,,,Uncharged,Non-ionizable,C[S+](C)[O-]
1603,B-135,-4.6271,CC12CCC3C(CCC4=CC(=O)CCC34)C1CCC2(O)C#C,0.049774315,G3,B,,,Uncharged,Non-ionizable,C#CC1(O)CCC2C3CCC4=CC(=O)CCC4C3CCC21C
1604,B-137,-2.2888,O=C1N=CNC2=C1NC=N2,0.0,G1,B,,,Uncharged,Non-ionizable,O=c1nc[nH]c2nc[nH]c12
1605,B-140,0.3577,OCC1OC(OC2C(O)C(O)C(O)OC2CO)C(O)C(O)C1O,0.30105,G3,B,,,Uncharged,Non-ionizable,OCC1OC(OC2C(CO)OC(O)C(O)C2O)C(O)C(O)C1O
1606,B-149,-5.2926,CC1OC(CC(O)C1O)OC1C(O)CC(OC2C(O)CC(OC3CCC4(C)C(CCC5C4CCC4(C)C(CCC54O)C4=CC(=O)OC4)C3)OC2C)OC1C,0.0,G1,B,,,Uncharged,Non-ionizable,CC1OC(OC2C(O)CC(OC3C(O)CC(OC4CCC5(C)C(CCC6C5CCC5(C)C(C7=CC(=O)OC7)CCC65O)C4)OC3C)OC2C)CC(O)C1O
1607,B-153,-6.5386,COC1=CC=C(C=C1)C(C1=CC=C(OC)C=C1)C(Cl)(Cl)Cl,0.188807753,G5,B,,,Uncharged,Non-ionizable,COc1ccc(C(c2ccc(OC)cc2)C(Cl)(Cl)Cl)cc1
1608,B-162,-2.8629,C,1.591274912,G4,B,,,Uncharged,Non-ionizable,C
1609,B-167,1.5682,C#N,0.0,G1,B,,,Uncharged,Non-ionizable,C#N
1610,B-169,-1.0417,CC#C,0.31585,G3,B,,,Uncharged,Non-ionizable,C#CC
1611,B-174,0.5768,ON=C,0.0,G1,B,,,Uncharged,Non-ionizable,C=NO
1612,B-176,1.356,C1CO1,0.0,G1,B,,,Uncharged,Non-ionizable,C1CO1
1613,B-177,-1.9113,BrC(Br)Br,0.05165,G3,B,,,Uncharged,Non-ionizable,BrC(Br)Br
1614,B-180,-2.0843,CC(C)I,0.05835,G3,B,,,Uncharged,Non-ionizable,CC(C)I
1615,B-182,-3.5952,IC(I)I,0.0,G1,B,,,Uncharged,Non-ionizable,IC(I)I
1616,B-190,1.07,CC(C)(O)C#N,0.0,G1,B,,,Uncharged,Non-ionizable,CC(C)(O)C#N
1617,B-191,-1.1098,FC(F)(F)CCl,0.0,G1,B,,,Uncharged,Non-ionizable,FC(F)(F)CCl
1618,B-194,-0.7219,CC(=O)C(C)(C)C,0.0,G1,B,,,Uncharged,Non-ionizable,CC(=O)C(C)(C)C
1619,B-197,-0.7574,CC(O)C(Cl)(Cl)Cl,0.0,G1,B,,,Uncharged,Non-ionizable,CC(O)C(Cl)(Cl)Cl
1620,B-201,-3.3093,FC(F)(Cl)C(Cl)(Cl)Cl,0.0,G1,B,,,Uncharged,Non-ionizable,FC(F)(Cl)C(Cl)(Cl)Cl
1621,B-202,-3.2301,FC(Cl)(Cl)C(F)(Cl)Cl,0.02055,G3,B,,,Uncharged,Non-ionizable,FC(Cl)(Cl)C(F)(Cl)Cl
1622,B-205,-1.9784,CC1(C)C2CCC1(C)C(=O)C2,0.067450017,G5,B,,,Uncharged,Non-ionizable,CC12CCC(CC1=O)C2(C)C
1623,B-207,-4.3158,CC1(C)OC2CC3C4CCC5=CC(=O)C=CC5(C)C4(F)C(O)CC3(C)C2(O1)C(=O)CO,0.0,G1,B,,,Uncharged,Non-ionizable,CC1(C)OC2CC3C4CCC5=CC(=O)C=CC5(C)C4(F)C(O)CC3(C)C2(C(=O)CO)O1
1624,B-209,-0.8666,CC(Cl)C(Cl)(Cl)C(O)O,0.0,G1,B,,,Uncharged,Non-ionizable,CC(Cl)C(Cl)(Cl)C(O)O
1625,B-210,-6.3168,ClC1C=CC2C1C1(Cl)C(Cl)=C(Cl)C2(Cl)C1(Cl)Cl,0.435874151,G5,B,,,Uncharged,Non-ionizable,ClC1=C(Cl)C2(Cl)C3C(Cl)C=CC3C1(Cl)C2(Cl)Cl
1626,B-214,-2.2596,OC(C1=CC=CC=C1)(C1=CC=CC=C1)C1=CC=CC=C1,0.0,G1,B,,,Uncharged,Non-ionizable,OC(c1ccccc1)(c1ccccc1)c1ccccc1
1627,B-220,-0.38,CCC(C)(O)CC,0.01,G3,B,,,Uncharged,Non-ionizable,CCC(C)(O)CC
1628,B-224,-4.9058,CCCCOC(=O)CC(CC(=O)OCCCC)(OC(C)=O)C(=O)OCCCC,1.095899722,G4,B,,,Uncharged,Non-ionizable,CCCCOC(=O)CC(CC(=O)OCCCC)(OC(C)=O)C(=O)OCCCC
1629,B-226,-0.6285,CCOC(=O)CC(O)(CC(=O)OCC)C(=O)OCC,0.030773281,G5,B,,,Uncharged,Non-ionizable,CCOC(=O)CC(O)(CC(=O)OCC)C(=O)OCC
1630,B-227,0.8723,CCC(CO)(CO)CO,0.0,G1,B,,,Uncharged,Non-ionizable,CCC(CO)(CO)CO
1631,B-229,-1.5599,CCC(C)(CC)OC(N)=O,0.0,G1,B,,,Uncharged,Non-ionizable,CCC(C)(CC)OC(N)=O
1632,B-230,-6.0892,CC1=CC=C(OP(=O)(OC2=CC=C(C)C=C2)OC2=CC=C(C)C=C2)C=C1,0.051017378,G5,B,,,Uncharged,Non-ionizable,Cc1ccc(OP(=O)(Oc2ccc(C)cc2)Oc2ccc(C)cc2)cc1
1633,B-232,-2.6995,CCCCOP(=O)(CCCC)OCCCC,0.0,G1,B,,,Uncharged,Non-ionizable,CCCCOP(=O)(CCCC)OCCCC
1634,B-237,-1.9871,CC(C)=CCCC(C)(O)C=C,0.0,G1,B,,,Uncharged,Non-ionizable,C=CC(C)(O)CCC=C(C)C
1635,B-238,-2.7272,BrCC(Br)Br,0.0,G1,B,,,Uncharged,Non-ionizable,BrCC(Br)Br
1636,B-239,-2.1498,CC(Br)CBr,0.0,G1,B,,,Uncharged,Non-ionizable,CC(Br)CBr
1637,B-247,-1.7128,ClCC(Cl)=C,0.0,G1,B,,,Uncharged,Non-ionizable,C=C(Cl)CCl
1638,B-248,-0.012,CC(=O)CCl,0.0,G1,B,,,Uncharged,Non-ionizable,CC(=O)CCl
1639,B-250,-1.6217,CCC(Cl)Cl,0.0,G1,B,,,Uncharged,Non-ionizable,CCC(Cl)Cl
1640,B-264,-5.7692,CC(C)(OOC(C)(C)C1=CC=CC=C1)C1=CC=CC=C1,0.014646629,G3,B,,,Uncharged,Non-ionizable,CC(C)(OOC(C)(C)c1ccccc1)c1ccccc1
1641,B-269,-3.8202,CC(=O)C1CCC2C3CCC4=CC(=O)CCC4(C)C3C(O)CC12C,0.0,G1,B,,,Uncharged,Non-ionizable,CC(=O)C1CCC2C3CCC4=CC(=O)CCC4(C)C3C(O)CC12C
1642,B-285,-3.4942,CC1CC2C3CCC(O)(C(=O)CO)C3(C)CC(O)C2C2(C)C=CC(=O)C=C12,0.0,G1,B,,,Uncharged,Non-ionizable,CC1CC2C(C(O)CC3(C)C2CCC3(O)C(=O)CO)C2(C)C=CC(=O)C=C12
1643,B-287,-0.9818,CN1C=CC(=O)C2=CC=CC=C12,0.0,G1,B,,,Uncharged,Non-ionizable,Cn1ccc(=O)c2ccccc21
1644,B-289,-6.2949,COC1=CC2=C(C=C1OC)C1C(CO2)OC2=C3CC(OC3=CC=C2C1=O)C(C)=C,0.0,G1,B,,,Uncharged,Non-ionizable,C=C(C)C1Cc2c(ccc3c2OC2COc4cc(OC)c(OC)cc4C2C3=O)O1
1645,B-292,-5.2692,C1=CC=C(C=C1)C1=CC=CC=C1C1=CC=CC=C1,0.0,G1,B,,,Uncharged,Non-ionizable,c1ccc(-c2ccccc2-c2ccccc2)cc1
1646,B-296,-6.5891,O=C(OC1=CC=CC=C1)C1=CC=CC=C1C(=O)OC1=CC=CC=C1,0.0,G1,B,,,Uncharged,Non-ionizable,O=C(Oc1ccccc1)c1ccccc1C(=O)Oc1ccccc1
1647,B-298,-9.3076,CCCCCCCCCCOC(=O)C1=CC=CC=C1C(=O)OCCCCCCCCCC,0.0,G1,B,,,Uncharged,Non-ionizable,CCCCCCCCCCOC(=O)c1ccccc1C(=O)OCCCCCCCCCC
1648,B-299,-3.81,COC1=C2C=CC(=O)OC2=CC2=C1C=CC(C)(C)O2,0.0,G1,B,,,Uncharged,Non-ionizable,COc1c2c(cc3oc(=O)ccc13)OC(C)(C)C=C2
1649,B-307,-2.9437,N#CC(C1=CC=CC=C1)C1=CC=CC=C1,0.0,G1,B,,,Uncharged,Non-ionizable,N#CC(c1ccccc1)c1ccccc1
1650,B-310,-2.1195,COC1=CC(C=O)=CC(OC)=C1OC,0.0,G1,B,,,Uncharged,Non-ionizable,COc1cc(C=O)cc(OC)c1OC
1651,B-314,-1.4901,ClC1=C2NC=NC2=NC=N1,0.0,G1,B,,,Uncharged,Non-ionizable,Clc1ncnc2nc[nH]c12
1652,B-320,-9.5374,BrC1=C(Br)C(Br)=C(Br)C(Br)=C1Br,0.1013,G3,B,,,Uncharged,Non-ionizable,Brc1c(Br)c(Br)c(Br)c(Br)c1Br
1653,B-321,-1.2871,ClN1C(=O)N(Cl)C(=O)N(Cl)C1=O,0.0,G1,B,,,Uncharged,Non-ionizable,O=c1n(Cl)c(=O)n(Cl)c(=O)n1Cl
1654,B-325,-0.9549,CC(=O)C1=CC=CS1,0.0,G1,B,,,Uncharged,Non-ionizable,CC(=O)c1cccs1
1655,B-331,-2.4371,NC(=O)C1=CC=CC=C1C(N)=O,0.24145,G3,B,,,Uncharged,Non-ionizable,NC(=O)c1ccccc1C(N)=O
1656,B-337,0.3348,OCC(O)C(O)C1OC(=O)C(O)C1O,0.0276,G3,B,,,Uncharged,Non-ionizable,O=C1OC(C(O)C(O)CO)C(O)C1O
1657,B-343,-4.3468,BrC1=CC=CC2=CC=CC=C12,0.0,G1,B,,,Uncharged,Non-ionizable,Brc1cccc2ccccc12
1658,B-346,0.5201,OCC1OC(=O)C(O)C(O)C1O,0.0,G1,B,,,Uncharged,Non-ionizable,O=C1OC(CO)C(O)C(O)C1O
1659,B-350,0.7051,C1=CC2=NC=CN=C2C=C1,0.0,G1,B,,,Uncharged,Non-ionizable,c1ccc2nccnc2c1
1660,B-355,-5.183,C1=CC=C(C=C1)C1=CC(=CC=C1)C1=CC=CC=C1,0.0,G1,B,,,Uncharged,Non-ionizable,c1ccc(-c2cccc(-c3ccccc3)c2)cc1
1661,B-360,-3.3104,CC(=O)C1=CC=C(C=C1)C1=CC=CC=C1,0.0,G1,B,,,Uncharged,Non-ionizable,CC(=O)c1ccc(-c2ccccc2)cc1
1662,B-362,-2.3202,COC1=CC=C(OC)C(C=O)=C1,0.0,G1,B,,,Uncharged,Non-ionizable,COc1ccc(OC)c(C=O)c1
1663,B-371,-4.3546,O=C(OC(=O)C1=CC=CC=C1)C1=CC=CC=C1,0.0,G1,B,,,Uncharged,Non-ionizable,O=C(OC(=O)c1ccccc1)c1ccccc1
1664,B-372,-3.848,CC(C)OC(=O)COC1=CC=C(Cl)C=C1Cl,0.0,G1,B,,,Uncharged,Non-ionizable,CC(C)OC(=O)COc1ccc(Cl)cc1Cl
1665,B-377,-3.78,CCCCOC(=O)COC1=CC=C(Cl)C=C1Cl,0.0,G1,B,,,Uncharged,Non-ionizable,CCCCOC(=O)COc1ccc(Cl)cc1Cl
1666,B-379,-3.8118,ClC1=CC=C(OCCOC(=O)C2=CC=CC=C2)C(Cl)=C1,0.0,G1,B,,,Uncharged,Non-ionizable,O=C(OCCOc1ccc(Cl)cc1Cl)c1ccccc1
1667,B-380,-0.5418,CCCC(O)C(CC)CO,0.4226,G3,B,,,Uncharged,Non-ionizable,CCCC(O)C(CC)CO
1668,B-382,-3.2386,CCC(CC)C(=O)OCCOCCOCCOC(=O)C(CC)CC,0.0,G1,B,,,Uncharged,Non-ionizable,CCC(CC)C(=O)OCCOCCOCCOC(=O)C(CC)CC
1669,B-383,-2.2868,CC(=NO)C(C)=NO,0.0,G1,B,,,Uncharged,Non-ionizable,CC(=NO)C(C)=NO
1670,B-387,-0.6085,CCOC(=O)C(=O)OCC,0.0,G1,B,,,Uncharged,Non-ionizable,CCOC(=O)C(=O)OCC
1671,B-389,-0.6222,OCC(Br)CBr,0.0,G1,B,,,Uncharged,Non-ionizable,OCC(Br)CBr
1672,B-390,-1.9255,ClCC(Cl)CCl,0.0,G1,B,,,Uncharged,Non-ionizable,ClCC(Cl)CCl
1673,B-392,0.9565,OCC(O)CCl,0.0,G1,B,,,Uncharged,Non-ionizable,OCC(O)CCl
1674,B-393,0.0599,CCC(C)=NO,0.0,G1,B,,,Uncharged,Non-ionizable,CCC(C)=NO
1675,B-395,0.2069,CC1CCCO1,0.081662735,G5,B,,,Uncharged,Non-ionizable,CC1CCCO1
1676,B-398,-0.9383,CC(OP(C)(F)=O)C(C)(C)C,0.0,G1,B,,,Uncharged,Non-ionizable,CC(OP(C)(=O)F)C(C)(C)C
1677,B-408,0.9276,CCOC(=O)C(C)O,0.0,G1,B,,,Uncharged,Non-ionizable,CCOC(=O)C(C)O
1678,B-410,-2.159,CC(C)COC(=O)C(C)C,0.122,G3,B,,,Uncharged,Non-ionizable,CC(C)COC(=O)C(C)C
1679,B-413,1.0083,OCC1=CC=CO1,0.0,G1,B,,,Uncharged,Non-ionizable,OCc1ccco1
1680,B-419,-2.337,CC1=CCC(CC1)C(C)(C)O,1.533418934,G4,B,,,Uncharged,Non-ionizable,CC1=CCC(C(C)(C)O)CC1
1681,B-420,-4.2686,ClS(=O)(=O)C1=CC=C(I)C=C1,0.0,G1,B,,,Uncharged,Non-ionizable,O=S(=O)(Cl)c1ccc(I)cc1
1682,B-422,-1.7969,CC(O)C1=CC=CC=C1,0.495852011,G5,B,,,Uncharged,Non-ionizable,CC(O)c1ccccc1
1683,B-423,-2.809,ClC(Cl)C1=CC=CC=C1,0.674345734,G2,B,,,Uncharged,Non-ionizable,ClC(Cl)c1ccccc1
1684,B-425,-2.8925,OCC1=CC=CC=C1OC1OC(COC(=O)C2=CC=CC=C2)C(O)C(O)C1O,0.0,G1,B,,,Uncharged,Non-ionizable,O=C(OCC1OC(Oc2ccccc2CO)C(O)C(O)C1O)c1ccccc1
1685,B-429,-2.0628,CC(=C)C1CC=C(C)C(=O)C1,0.0,G1,B,,,Uncharged,Non-ionizable,C=C(C)C1CC=C(C)C(=O)C1
1686,B-434,-4.1958,CC(C)C1=CCC(C)=CC1,0.0,G1,B,,,Uncharged,Non-ionizable,CC1=CCC(C(C)C)=CC1
1687,B-444,0.9349,OCC1CCCCO1,0.0,G1,B,,,Uncharged,Non-ionizable,OCC1CCCCO1
1688,B-455,-7.0641,CCC1=CC(CC)=CC(CC)=C1,0.0,G1,B,,,Uncharged,Non-ionizable,CCc1cc(CC)cc(CC)c1
1689,B-464,-3.6757,BrCCC1=CC=CC=C1,0.0,G1,B,,,Uncharged,Non-ionizable,BrCCc1ccccc1
1690,B-472,-2.6995,CCOCCOC(=O)C=CC1=CC=C(OC)C=C1,0.0,G1,B,,,Uncharged,Non-ionizable,CCOCCOC(=O)C=Cc1ccc(OC)cc1
1691,B-473,-1.3067,OCC(O)COC1=CC=C(Cl)C=C1,1.369023984,G2,B,,,Uncharged,Non-ionizable,OCC(O)COc1ccc(Cl)cc1
1692,B-476,-7.959,CCCCCCCCCCC1=CC=CC=C1,0.0,G1,B,,,Uncharged,Non-ionizable,CCCCCCCCCCc1ccccc1
1693,B-478,0.8789,OCC1CCC(CO)O1,0.0,G1,B,,,Uncharged,Non-ionizable,OCC1CCC(CO)O1
1694,B-484,-0.4121,CCCC(O)C#C,0.0,G1,B,,,Uncharged,Non-ionizable,C#CC(O)CCC
1695,B-485,-0.8005,CCOC(=O)CCl,0.0,G1,B,,,Uncharged,Non-ionizable,CCOC(=O)CCl
1696,B-486,0.6341,COC(=O)CC(C)=O,0.150503967,G3,B,,,Uncharged,Non-ionizable,COC(=O)CC(C)=O
1697,B-487,-1.2727,CCC(C)OC(C)=O,0.0,G1,B,,,Uncharged,Non-ionizable,CCC(C)OC(C)=O
1698,B-491,-2.6069,CCCC(=O)OCCOC(=O)CCC,0.0,G1,B,,,Uncharged,Non-ionizable,CCCC(=O)OCCOC(=O)CCC
1699,B-493,-1.2665,COCCOC(=O)CCCCC(=O)OCCOC,0.0,G1,B,,,Uncharged,Non-ionizable,COCCOC(=O)CCCCC(=O)OCCOC
1700,B-496,-2.7369,CCCCCCC(=O)OCC,0.177352011,G5,B,,,Uncharged,Non-ionizable,CCCCCCC(=O)OCC
1701,B-497,-3.3907,CCCCCCCC(=O)OCC,0.0,G1,B,,,Uncharged,Non-ionizable,CCCCCCCC(=O)OCC
1702,B-499,-1.4242,CCCCC(=O)CC,0.2611,G3,B,,,Uncharged,Non-ionizable,CCCCC(=O)CC
1703,B-502,0.8723,CC(O)COC(C)CO,0.0,G1,B,,,Uncharged,Non-ionizable,CC(O)COC(C)CO
1704,B-504,-1.693,CCCCCC(=O)CC,0.302017278,G3,B,,,Uncharged,Non-ionizable,CCCCCC(=O)CC
1705,B-506,-3.2831,COC(=O)CCCCCCCCC(=O)OC,0.199682507,G3,B,,,Uncharged,Non-ionizable,COC(=O)CCCCCCCCC(=O)OC
1706,B-508,-0.9022,BrCC#C,0.0,G1,B,,,Uncharged,Non-ionizable,C#CCBr
1707,B-509,-1.2753,CCC#C,0.01765,G3,B,,,Uncharged,Non-ionizable,C#CCC
1708,B-511,-1.3177,ClCCBr,0.0,G1,B,,,Uncharged,Non-ionizable,ClCCBr
1709,B-512,-1.3562,ClCC=C,0.2639,G3,B,,,Uncharged,Non-ionizable,C=CCCl
1710,B-518,1.236,OCC=C,1.183279076,G2,B,,,Uncharged,Non-ionizable,C=CCO
1711,B-520,1.2071,OCCO,0.56355,G2,B,,,Uncharged,Non-ionizable,OCCO
1712,B-521,1.2363,O=CC=O,0.0,G1,B,,,Uncharged,Non-ionizable,O=CC=O
1713,B-526,0.9275,CC(O)CC(C)(C)O,0.0,G1,B,,,Uncharged,Non-ionizable,CC(O)CC(C)(C)O
1714,B-527,0.8536,CC(C)OP(C)(F)=O,0.0,G1,B,,,Uncharged,Non-ionizable,CC(C)OP(C)(=O)F
1715,B-529,0.5373,CCOP(=O)(OCC)OP(=O)(OCC)OCC,0.0,G1,B,,,Uncharged,Non-ionizable,CCOP(=O)(OCC)OP(=O)(OCC)OCC
1716,B-530,-6.8424,C[Si](C)(C)O[Si](C)(C)O[Si](C)(C)C,0.0,G1,B,,,Uncharged,Non-ionizable,C[Si](C)(C)O[Si](C)(C)O[Si](C)(C)C
1717,B-532,-1.2843,NC(=O)OCC(Cl)(Cl)Cl,0.0,G1,B,,,Uncharged,Non-ionizable,NC(=O)OCC(Cl)(Cl)Cl
1718,B-533,0.3326,COC(C)(C)CC(C)=O,0.0,G1,B,,,Uncharged,Non-ionizable,COC(C)(C)CC(C)=O
1719,B-534,-2.886,CC(C)CCBr,0.0,G1,B,,,Uncharged,Non-ionizable,CC(C)CCBr
1720,B-536,1.0452,CC(O)CCO,0.0,G1,B,,,Uncharged,Non-ionizable,CC(O)CCO
1721,B-537,1.055,CC(O)CC=O,0.0,G1,B,,,Uncharged,Non-ionizable,CC(O)CC=O
1722,B-538,0.1893,NC(=O)CC#N,0.0,G1,B,,,Uncharged,Non-ionizable,N#CCC(N)=O
1723,B-545,-4.2605,CC(C)CC(C)C,0.0,G1,B,,,Uncharged,Non-ionizable,CC(C)CC(C)C
1724,B-546,-0.7945,CC(C)CC(C)O,0.061801673,G3,B,,,Uncharged,Non-ionizable,CC(C)CC(C)O
1725,B-549,0.0702,CC(=O)OC(C)=O,0.0,G1,B,,,Uncharged,Non-ionizable,CC(=O)OC(C)=O
1726,B-550,-0.9827,C=C1OC(=O)C=C1,0.0,G1,B,,,Uncharged,Non-ionizable,C=C1C=CC(=O)O1
1727,B-551,-2.3696,CCOP(=O)(OCC)OC1=NNC(C)=C1,0.0,G1,B,,,Uncharged,Non-ionizable,CCOP(=O)(OCC)Oc1cc(C)[nH]n1
1728,B-552,-3.5228,CC1=CC=CC(Cl)=C1,0.0,G1,B,,,Uncharged,Non-ionizable,Cc1cccc(Cl)c1
1729,B-553,-2.8997,CC1OC(C)OC(C)OC(C)O1,0.01515,G3,B,,,Uncharged,Non-ionizable,CC1OC(C)OC(C)OC(C)O1
1730,B-554,-1.8135,CCOC(=O)CC(C)C,0.092063658,G5,B,,,Uncharged,Non-ionizable,CCOC(=O)CC(C)C
1731,B-561,-2.0451,CC(C)CC(C)OC(C)=O,0.0,G1,B,,,Uncharged,Non-ionizable,CC(=O)OC(C)CC(C)C
1732,B-570,1.0263,CC1=CN=CC=N1,0.0,G1,B,,,Uncharged,Non-ionizable,Cc1cnccn1
1733,B-572,-3.8955,CCCCOC(=O)CCCCCCCCC(=O)OCCCC,1.443236982,G4,B,,,Uncharged,Non-ionizable,CCCCOC(=O)CCCCCCCCC(=O)OCCCC
1734,B-573,-2.065,CCOCCOC(=O)CCCCC(=O)OCCOCC,0.0,G1,B,,,Uncharged,Non-ionizable,CCOCCOC(=O)CCCCC(=O)OCCOCC
1735,B-574,-0.4121,CCC#CC(C)O,0.0,G1,B,,,Uncharged,Non-ionizable,CCC#CC(C)O
1736,B-575,-1.5236,CC(C)COC=C,0.309883078,G3,B,,,Uncharged,Non-ionizable,C=COCC(C)C
1737,B-578,-2.0747,BrCCCBr,0.0,G1,B,,,Uncharged,Non-ionizable,BrCCCBr
1738,B-580,-2.5384,CCC=CC,0.0,G1,B,UVCB,,Uncharged,Non-ionizable,CC=CCC
1739,B-582,1.1483,OCCC#N,0.0,G1,B,,,Uncharged,Non-ionizable,N#CCCO
1740,B-586,1.1186,COCCO,0.0,G1,B,,,Uncharged,Non-ionizable,COCCO
1741,B-592,-1.2657,CC(C)COC(C)=O,0.043641985,G5,B,,,Uncharged,Non-ionizable,CC(=O)OCC(C)C
1742,B-594,-4.1006,CCCCCCCCCC(=O)OCC,0.0,G1,B,,,Uncharged,Non-ionizable,CCCCCCCCCC(=O)OCC
1743,B-595,-3.5091,CCOC(=O)CCCCCCCCC(=O)OCC,0.0,G1,B,,,Uncharged,Non-ionizable,CCOC(=O)CCCCCCCCC(=O)OCC
1744,B-596,-1.5206,CC(C)CCOC=O,0.0132,G3,B,,,Uncharged,Non-ionizable,CC(C)CCOC=O
1745,B-597,0.9276,COCCOC(C)=O,0.0,G1,B,,,Uncharged,Non-ionizable,COCCOC(C)=O
1746,B-599,-0.92,ClCCCCCl,0.0,G1,B,,,Uncharged,Non-ionizable,ClCCCCCl
1747,B-600,-2.1675,ClCC=CCCl,0.083,G3,B,,,Uncharged,Non-ionizable,ClCC=CCCl
1748,B-607,-2.3951,ClCCOC=C,0.0,G1,B,,,Uncharged,Non-ionizable,C=COCCCl
1749,B-608,1.0452,CCOCCO,0.0,G1,B,,,Uncharged,Non-ionizable,CCOCCO
1750,B-618,0.2716,CCOCCOC(C)=O,0.0,G1,B,,,Uncharged,Non-ionizable,CCOCCOC(C)=O
1751,B-633,0.9203,COCCOCCO,0.0,G1,B,,,Uncharged,Non-ionizable,COCCOCCO
1752,B-634,-5.7657,CCCCCCCCC,0.05715,G3,B,,,Uncharged,Non-ionizable,CCCCCCCCC
1753,B-637,0.8723,CCOCCOCCO,0.0,G1,B,,,Uncharged,Non-ionizable,CCOCCOCCO
1754,B-638,-1.3461,ClCCOCOCCCl,0.023987079,G3,B,,,Uncharged,Non-ionizable,ClCCOCOCCCl
1755,B-640,-1.2504,CCCCOCCOC(C)=O,0.0,G1,B,,,Uncharged,Non-ionizable,CCCCOCCOC(C)=O
1756,B-643,-0.9955,ClCCOCCOCCCl,0.0,G1,B,,,Uncharged,Non-ionizable,ClCCOCCOCCCl
1757,B-645,0.7899,CCCCOCCOCCO,0.0,G1,B,,,Uncharged,Non-ionizable,CCCCOCCOCCO
1758,B-646,0.7846,COCCOCCOCCO,0.0,G1,B,,,Uncharged,Non-ionizable,COCCOCCOCCO
1759,B-647,0.7899,CCOCCOCCOCC,0.0,G1,B,,,Uncharged,Non-ionizable,CCOCCOCCOCC
1760,B-648,0.749,CCOCCOCCOCCO,0.0,G1,B,,,Uncharged,Non-ionizable,CCOCCOCCOCCO
1761,B-650,-1.049,CCCCCCOCCOCCO,0.0,G1,B,,,Uncharged,Non-ionizable,CCCCCCOCCOCCO
1762,B-655,-8.1724,CCCCCCCCCCCCCCCCCCCC,0.0,G1,B,,,Uncharged,Non-ionizable,CCCCCCCCCCCCCCCCCCCC
1763,B-665,0.1798,CCC(CC)(CO)CO,0.0,G1,B,,,Uncharged,Non-ionizable,CCC(CC)(CO)CO
1764,B-667,-6.4131,CCCCCCCCOP(=O)(OC1=CC=CC=C1)OC1=CC=CC=C1,0.0,G1,B,,,Uncharged,Non-ionizable,CCCCCCCCOP(=O)(Oc1ccccc1)Oc1ccccc1
1765,B-668,-2.1209,COP(=O)(OC1=CC=CC=C1)OC1=CC=CC=C1,0.0,G1,B,,,Uncharged,Non-ionizable,COP(=O)(Oc1ccccc1)Oc1ccccc1
1766,B-669,-1.6105,ClCCOP(=O)(OCCCl)OCCCl,0.02744607,G3,B,,,Uncharged,Non-ionizable,O=P(OCCCl)(OCCCl)OCCCl
1767,B-672,1.1303,CC(=O)CO,0.0,G1,B,,,Uncharged,Non-ionizable,CC(=O)CO
1768,B-673,1.142,COC(C)=C,0.0,G1,B,,,Uncharged,Non-ionizable,C=C(C)OC
1769,B-674,-2.8001,FC(F)=C(F)F,0.0,G1,B,,,Uncharged,Non-ionizable,FC(F)=C(F)F
1770,B-676,-6.6594,ClC1=CC=C(C=C1)S(=O)(=O)C1=CC(Cl)=C(Cl)C=C1Cl,0.0,G1,B,,,Uncharged,Non-ionizable,O=S(=O)(c1ccc(Cl)cc1)c1cc(Cl)c(Cl)cc1Cl
1771,B-682,-1.5213,COCCOC(=O)C1=CC=CC=C1C(=O)OCCOC,0.0,G1,B,,,Uncharged,Non-ionizable,COCCOC(=O)c1ccccc1C(=O)OCCOC
1772,B-683,-7.2493,CCCCCCCCOC(=O)C1=CC=CC=C1C(=O)OCCCCCCCC,1.06715,G2,B,,,Uncharged,Non-ionizable,CCCCCCCCOC(=O)c1ccccc1C(=O)OCCCCCCCC
1773,B-691,-3.5319,CCOP(=S)(OCC)OC1=NN(C(=O)C=C1)C1=CC=CC=C1,0.0,G1,B,,,Uncharged,Non-ionizable,CCOP(=S)(OCC)Oc1ccc(=O)n(-c2ccccc2)n1
1774,B-698,-3.4886,OC(C1=CC=CC=C1)C1=CC=C(Cl)C=C1,0.0,G1,B,,,Uncharged,Non-ionizable,OC(c1ccccc1)c1ccc(Cl)cc1
1775,B-703,-1.4199,COC1=CC=C(C=O)C=C1OC,0.186462919,G3,B,,,Uncharged,Non-ionizable,COc1ccc(C=O)cc1OC
1776,B-704,-2.1913,CCOC1=CC=C(C=O)C=C1OC,0.0,G1,B,,,Uncharged,Non-ionizable,CCOc1ccc(C=O)cc1OC
1777,B-707,0.6194,N1C=NC2=NC=NC=C12,0.0,G1,B,,,Uncharged,Non-ionizable,c1ncc2[nH]cnc2n1
1778,B-708,-4.5218,S(SC1=NC2=CC=CC=C2S1)C1=NC2=CC=CC=C2S1,1.279858235,G4,B,,,Uncharged,Non-ionizable,c1ccc2sc(SSc3nc4ccccc4s3)nc2c1
1779,B-709,-6.2155,CC(C)=CC1C(C(=O)OC2CC(=O)C(CC=CC=C)=C2C)C1(C)C,0.0,G1,B,,,Uncharged,Non-ionizable,C=CC=CCC1=C(C)C(OC(=O)C2C(C=C(C)C)C2(C)C)CC1=O
1780,B-710,-4.6168,COC(=O)C(C)=CC1C(C(=O)OC2CC(=O)C(CC=CC=C)=C2C)C1(C)C,0.0,G1,B,,,Uncharged,Non-ionizable,C=CC=CCC1=C(C)C(OC(=O)C2C(C=C(C)C(=O)OC)C2(C)C)CC1=O
1781,B-725,-3.8007,CCCCCCCCC(=O)OCC,0.0,G1,B,,,Uncharged,Non-ionizable,CCCCCCCCC(=O)OCC
1782,B-726,-4.3861,CC(C)=CCCC(=C)C=C,0.022023871,G3,B,,,Uncharged,Non-ionizable,C=CC(=C)CCC=C(C)C
1783,B-728,0.9349,CC(=O)CC(C)(C)O,0.0,G1,B,,,Uncharged,Non-ionizable,CC(=O)CC(C)(C)O
1784,B-731,-5.6768,CCCCCCCCOC(=O)CCCCC(=O)OCCCCCCCC,0.0,G1,B,,,Uncharged,Non-ionizable,CCCCCCCCOC(=O)CCCCC(=O)OCCCCCCCC
1785,B-734,-1.8135,CC(C)CCOC(C)=O,0.05325,G3,B,,,Uncharged,Non-ionizable,CC(=O)OCCC(C)C
1786,B-736,-2.3598,CCCCCCCC=O,0.0,G1,B,,,Uncharged,Non-ionizable,CCCCCCCC=O
1787,B-737,-0.8188,CCCCOCCOCCOC(C)=O,0.157391945,G3,B,,,Uncharged,Non-ionizable,CCCCOCCOCCOC(C)=O
1788,B-738,-6.4372,CCCCCCCCCC,0.0,G1,B,,,Uncharged,Non-ionizable,CCCCCCCCCC
1789,B-745,-4.9376,FC(F)(Br)C(F)(F)Br,0.0,G1,B,,,Uncharged,Non-ionizable,FC(F)(Br)C(F)(F)Br
1790,B-747,-2.1672,CC(C)(O)C1C2OC(=O)C1C1(O)CC3OC33C(=O)OC2C13C,0.0,G1,B,,,Uncharged,Non-ionizable,CC(C)(O)C1C2OC(=O)C1C1(O)CC3OC34C(=O)OC2C14C
1791,B-749,-2.8726,CC(=O)OCC1OC(COC(C)=O)(OC2OC(COC(C)=O)C(OC(C)=O)C(OC(C)=O)C2OC(C)=O)C(OC(C)=O)C1OC(C)=O,0.0,G1,B,,,Uncharged,Non-ionizable,CC(=O)OCC1OC(OC2(COC(C)=O)OC(COC(C)=O)C(OC(C)=O)C2OC(C)=O)C(OC(C)=O)C(OC(C)=O)C1OC(C)=O
1792,B-750,-1.8253,NC(=O)OC1(CCCCC1)C#C,0.0,G1,B,,,Uncharged,Non-ionizable,C#CC1(OC(N)=O)CCCCC1
1793,B-751,-1.9582,OCC(CO)(CO)COCC(CO)(CO)CO,0.033449627,G3,B,,,Uncharged,Non-ionizable,OCC(CO)(CO)COCC(CO)(CO)CO
1794,B-752,-4.9405,BrCC(Br)COP(=O)(OCC(Br)CBr)OCC(Br)CBr,0.0,G1,B,,,Uncharged,Non-ionizable,O=P(OCC(Br)CBr)(OCC(Br)CBr)OCC(Br)CBr
1795,B-753,-2.1112,CCOP(=O)(OCC)SCCSCC,0.0,G1,B,,,Uncharged,Non-ionizable,CCOP(=O)(OCC)SCCSCC
1796,B-754,-1.5276,CC1(C)CC(=O)CC(=O)C1,0.0,G1,B,,,Uncharged,Non-ionizable,CC1(C)CC(=O)CC(=O)C1
1797,B-755,-1.1745,CCCC1OC1(CC)C(N)=O,0.0,G1,B,,,Uncharged,Non-ionizable,CCCC1OC1(CC)C(N)=O
1798,B-783,-4.1077,CC(=O)OC1=CC=CC=C1C(=O)OC1=CC=CC=C1,0.0,G1,B,,,Uncharged,Non-ionizable,CC(=O)Oc1ccccc1C(=O)Oc1ccccc1
1799,B-792,-0.5629,CCCCOC(=O)C(C)O,0.0,G1,B,,,Uncharged,Non-ionizable,CCCCOC(=O)C(C)O
1800,B-795,-0.8547,OCC1OC(OC2=CC=CC=C2CO)C(O)C(O)C1O,0.0,G1,B,,,Uncharged,Non-ionizable,OCc1ccccc1OC1OC(CO)C(O)C(O)C1O
1801,B-807,-2.9209,COC1=CC=C(CC=C)C=C1,0.0,G1,B,,,Uncharged,Non-ionizable,C=CCc1ccc(OC)cc1
1802,B-810,-3.0006,CCCCOC(=O)CCC(=O)OCCCC,0.0,G1,B,,,Uncharged,Non-ionizable,CCCCOC(=O)CCC(=O)OCCCC
1803,B-811,-1.0899,CCOC(=O)C=CC(=O)OCC,0.01120739,G3,B,,,Uncharged,Non-ionizable,CCOC(=O)C=CC(=O)OCC
1804,B-812,-1.6795,CCOC(=O)CCCCC(=O)OCC,0.0,G1,B,,,Uncharged,Non-ionizable,CCOC(=O)CCCCC(=O)OCC
1805,B-815,-7.6637,C[Si](C)(C)O[Si](C)(C)O[Si](C)(C)O[Si](C)(C)C,0.0,G1,B,,,Uncharged,Non-ionizable,C[Si](C)(C)O[Si](C)(C)O[Si](C)(C)O[Si](C)(C)C
1806,B-821,-2.2573,O=C1NC(=S)NC=C1,0.00785,G3,B,,,Uncharged,Non-ionizable,O=c1cc[nH]c(=S)[nH]1
1807,B-822,1.0218,O=C1NC=CC=C1,0.0,G1,B,,,Uncharged,Non-ionizable,O=c1cccc[nH]1
1808,B-825,-1.7965,NC(=S)NNC(N)=S,0.0,G1,B,,,Uncharged,Non-ionizable,NC(=S)NNC(N)=S
1809,B-829,-2.451,CCCCCCOC(C)=O,0.0,G1,B,,,Uncharged,Non-ionizable,CCCCCCOC(C)=O
1810,B-832,0.6855,CCCCOCCOCCOCCO,0.0,G1,B,,,Uncharged,Non-ionizable,CCCCOCCOCCOCCO
1811,B-833,-5.2594,ClC12C(=O)C3(Cl)C4(Cl)C1(Cl)C1(Cl)C2(Cl)C3(Cl)C4(Cl)C1(Cl)Cl,0.0,G1,B,,,Uncharged,Non-ionizable,O=C1C2(Cl)C3(Cl)C4(Cl)C(Cl)(Cl)C5(Cl)C3(Cl)C1(Cl)C5(Cl)C24Cl
1812,B-847,-3.6048,N1C2=CC=CC=C2N=C1C1=CSC=N1,1.1524,G2,B,,,Uncharged,Non-ionizable,c1ccc2[nH]c(-c3cscn3)nc2c1
1813,B-852,1.0436,C#N,0.0,G1,B,,,Uncharged,Non-ionizable,C#N
1814,B-858,-0.1078,C1COC2(C1)CCCO2,0.0,G1,B,,,Uncharged,Non-ionizable,C1COC2(C1)CCCO2
1815,B-861,-9.1627,C1=CC=C2C(=C1)C1=CC=C3C=CC4=C5C(=CC=C4)C=C2C1=C35,0.0,G1,B,,,Uncharged,Non-ionizable,c1ccc2c(c1)-c1ccc3ccc4cccc5cc-2c1c3c45
1816,B-862,-6.6277,N1C2=C(C3=C1C=CC1=C3C=CC=C1)C1=C(C=CC=C1)C=C2,0.0,G1,B,,,Uncharged,Non-ionizable,c1ccc2c(c1)ccc1[nH]c3ccc4ccccc4c3c12
1817,B-863,-7.8207,C1=CC2=C(C=C1)C1=C(C=C2)C=CC2=C1C=CC=C2,0.0,G1,B,,,Uncharged,Non-ionizable,c1ccc2c(c1)ccc1ccc3ccccc3c12
1818,B-864,-8.4806,C1=CC=C2C(=C1)C1=CC=CC3=CC4=C(C=CC5=C4C=CC=C5)C2=C13,0.0,G1,B,,,Uncharged,Non-ionizable,c1ccc2c(c1)-c1cccc3cc4c(ccc5ccccc54)c-2c13
1819,B-865,-5.2379,C1C2=CC=CC3=C2C2=C(C=CC=C12)C=C3,0.0,G1,B,,,Uncharged,Non-ionizable,c1cc2c3c(c1)ccc1cccc(c13)C2
1820,B-866,-8.004,C1=CC2=CC=C3C4=CC=CC5=CC=CC(=C45)C3=C2C=C1,0.0,G1,B,,,Uncharged,Non-ionizable,c1ccc2c3c(ccc2c1)-c1cccc2cccc-3c12
1821,B-867,-8.2259,C1=CC=C2C(=C1)C1=CC=CC3=C1C2=CC1=C3C=CC=C1,0.0,G1,B,,,Uncharged,Non-ionizable,c1ccc2c(c1)-c1cccc3c1c-2cc1ccccc13
1822,B-868,-8.4989,C1=CC2=CC3=C(C=C2C=C1)C1=C2C3=CC=CC2=CC=C1,0.01055,G3,B,,,Uncharged,Non-ionizable,c1ccc2cc3c(cc2c1)-c1cccc2cccc-3c12
1823,B-879,0.3827,O1C=CC=N1,0.0,G1,B,,,Uncharged,Non-ionizable,c1cnoc1
1824,B-880,1.0964,C1=CC=NN=C1,0.0,G1,B,,,Uncharged,Non-ionizable,c1ccnnc1
1825,B-881,1.0964,C1=CN=CN=C1,0.0,G1,B,,,Uncharged,Non-ionizable,c1cncnc1
1826,B-882,-3.5149,C1CCCCCC1,0.0,G1,B,,,Uncharged,Non-ionizable,C1CCCCCC1
1827,B-883,-2.338,CCOP(=S)(OCC)OC1=CN=CC=N1,0.0,G1,B,,,Uncharged,Non-ionizable,CCOP(=S)(OCC)Oc1cnccn1
1828,B-886,-3.634,CCOP(=S)(OCC)OCCSCC,0.0,G1,B,,,Uncharged,Non-ionizable,CCOP(=S)(OCC)OCCSCC
1829,B-887,1.065,C1OC1C1CO1,0.0,G1,B,,,Uncharged,Non-ionizable,C1OC1C1CO1
1830,B-893,0.6086,CCS(=O)CCSP(=O)(OC)OC,0.0,G1,B,,,Uncharged,Non-ionizable,CC[S+]([O-])CCSP(=O)(OC)OC
1831,B-897,-0.9456,CCC(C)(OC(N)=O)C#C,0.0,G1,B,,,Uncharged,Non-ionizable,C#CC(C)(CC)OC(N)=O
1832,B-901,-1.8623,FC(F)(F)C(Cl)Cl,0.0,G1,B,,,Uncharged,Non-ionizable,FC(F)(F)C(Cl)Cl
1833,B-903,-1.3316,CCOP(=O)(OCC)OC=CCl,0.0,G1,B,,,Uncharged,Non-ionizable,CCOP(=O)(OC=CCl)OCC
1834,B-905,-2.5057,CCC(C)N1C(=O)NC(C)=C(Br)C1=O,0.00865,G3,B,,,Uncharged,Non-ionizable,CCC(C)n1c(=O)[nH]c(C)c(Br)c1=O
1835,B-906,-2.0604,CC(C)N1C(=O)NC(C)=C(Br)C1=O,0.0,G1,B,,,Uncharged,Non-ionizable,Cc1[nH]c(=O)n(C(C)C)c(=O)c1Br
1836,B-910,-3.4527,FC1=CC=CC2=CC=CC=C12,0.0,G1,B,,,Uncharged,Non-ionizable,Fc1cccc2ccccc12
1837,B-913,-2.3757,FC1=CC(F)=C(F)C=C1F,0.0,G1,B,,,Uncharged,Non-ionizable,Fc1cc(F)c(F)cc1F
1838,B-917,-1.6875,CP(F)(=O)OC1CCCCC1,0.0,G1,B,,,Uncharged,Non-ionizable,CP(=O)(F)OC1CCCCC1
1839,B-919,-2.541,FC1=CC=CC=C1CCl,0.0,G1,B,,,Uncharged,Non-ionizable,Fc1ccccc1CCl
1840,B-920,-2.4157,FC1=CC=CC=C1Cl,0.0,G1,B,,,Uncharged,Non-ionizable,Fc1ccccc1Cl
1841,B-921,-3.1257,FC1=CC=C(I)C=C1,0.0,G1,B,,,Uncharged,Non-ionizable,Fc1ccc(I)cc1
1842,B-923,-1.3477,CCF,0.0,G1,B,,,Uncharged,Non-ionizable,CCF
1843,B-927,1.1934,OCCF,0.0,G1,B,,,Uncharged,Non-ionizable,OCCF
1844,B-930,0.3094,CC(O)C(F)(F)F,0.0,G1,B,,,Uncharged,Non-ionizable,CC(O)C(F)(F)F
1845,B-931,-3.0961,FC(F)(F)C(F)(Cl)Cl,0.0,G1,B,,,Uncharged,Non-ionizable,FC(F)(F)C(F)(Cl)Cl
1846,B-933,-3.4843,CC12CC(=O)C3C(CCC4=CC(=O)CCC34C)C1CCC2=O,0.0,G1,B,,,Uncharged,Non-ionizable,CC12CC(=O)C3C(CCC4=CC(=O)CCC43C)C1CCC2=O
1847,B-939,-5.6576,CC12CCC3C(CCC4=CC(=O)CCC34C)C1CCC2(O)C#C,0.197352465,G3,B,,,Uncharged,Non-ionizable,C#CC1(O)CCC2C3CCC4=CC(=O)CCC4(C)C3CCC21C
1848,B-941,-1.9484,CC12CCC3C(CCC4=CC(=O)CCC34)C1CCC2O,0.0,G1,B,,,Uncharged,Non-ionizable,CC12CCC3C4CCC(=O)C=C4CCC3C1CCC2O
1849,B-942,-1.945,CC1C2C(CC(C)C3CC(=O)C(C)=C3C2O)OC1=O,0.0,G1,B,,,Uncharged,Non-ionizable,CC1=C2C(O)C3C(CC(C)C2CC1=O)OC(=O)C3C
1850,B-948,1.055,OC1CCOC1,0.0,G1,B,,,Uncharged,Non-ionizable,OC1CCOC1
1851,B-950,-2.5436,FC1=CC=CC(CCl)=C1,0.0,G1,B,,,Uncharged,Non-ionizable,Fc1cccc(CCl)c1
1852,B-952,-0.2836,COCC(F)F,0.0,G1,B,,,Uncharged,Non-ionizable,COCC(F)F
1853,B-957,-2.319,CC1(C)C2CCC1(C)C(O)C2,0.0,G1,B,,,Uncharged,Non-ionizable,CC1(C)C2CCC1(C)C(O)C2
1854,B-958,-3.1825,CC1(C)C2CCC1(C)C(=O)C2,0.0,G1,B,,,Uncharged,Non-ionizable,CC12CCC(CC1=O)C2(C)C
1855,B-964,-1.5031,ClCCS(=O)(=O)CCCl,0.0,G1,B,,,Uncharged,Non-ionizable,O=S(=O)(CCCl)CCCl
1856,B-973,-3.6174,COC1=CC(=CC(OC)=C1OC)C1C2C(COC2=O)C(O)C2=CC3=C(OCO3)C=C12,0.0,G1,B,,,Uncharged,Non-ionizable,COc1cc(C2c3cc4c(cc3C(O)C3COC(=O)C23)OCO4)cc(OC)c1OC
1857,B-976,-7.8613,C1CC2=C3C1=CC=CC3=CC1=C2C=CC2=C1C=CC=C2,0.00565,G3,B,,,Uncharged,Non-ionizable,c1cc2c3c(c4ccc5ccccc5c4cc3c1)CC2
1858,B-979,0.0119,OCC1OC(OC2OC=CC3C(O)C=C(CO)C23)C(O)C(O)C1O,0.0,G1,B,,,Uncharged,Non-ionizable,OCC1=CC(O)C2C=COC(OC3OC(CO)C(O)C(O)C3O)C12
1859,B-984,-3.0905,CC1C2CCC3(C)C=CC(=O)C(C)=C3C2OC1=O,0.0,G1,B,,,Uncharged,Non-ionizable,CC1=C2C3OC(=O)C(C)C3CCC2(C)C=CC1=O
1860,B-985,-4.1577,CC12CCC3C(CCC4CC(O)CCC34C)C1CCC2=O,0.0,G1,B,,,Uncharged,Non-ionizable,CC12CCC3C(CCC4CC(O)CCC43C)C1CCC2=O
1861,B-987,-1.9849,CN1C(=O)N(C)C2=NN=CN=C2C1=O,0.0,G1,B,,,Uncharged,Non-ionizable,Cn1c(=O)c2ncnnc2n(C)c1=O
1862,B-988,-4.3087,COC1=CC=C2C=CC(=O)OC2=C1CC=C(C)C,0.0,G1,B,,,Uncharged,Non-ionizable,COc1ccc2ccc(=O)oc2c1CC=C(C)C
1863,B-990,-1.9249,CC1CCC2C1COC(=O)C2C,0.0,G1,B,,,Uncharged,Non-ionizable,CC1CCC2C(C)C(=O)OCC12
1864,B-992,-2.106,OC1CCN2C1=NC1=CC=CC=C1C2=O,0.0,G1,B,,,Uncharged,Non-ionizable,O=c1c2ccccc2nc2n1CCC2O
1865,B-996,-0.1739,OC1CC(O)C(O)C(O)C1O,0.0,G1,B,,,Uncharged,Non-ionizable,OC1CC(O)C(O)C(O)C1O
1866,B-997,-5.4752,CC(C)C1=CC2=C(C)C=CC2=C(C)C=C1,0.0,G1,B,,,Uncharged,Non-ionizable,Cc1ccc(C(C)C)cc2c(C)ccc1-2
1867,B-998,-0.7418,COC(=O)C1=CC=CC=C1OC1OC(COC2OCC(O)C(O)C2O)C(O)C(O)C1O,0.0,G1,B,,,Uncharged,Non-ionizable,COC(=O)c1ccccc1OC1OC(COC2OCC(O)C(O)C2O)C(O)C(O)C1O
1868,B-999,-2.4842,O=C1NC=CC2=CC=CC=C12,0.0,G1,B,,,Uncharged,Non-ionizable,O=c1[nH]ccc2ccccc12
1869,B-1004,0.4433,OCC1OC(O)C(O)C(O)C1O,0.0,G1,B,,,Uncharged,Non-ionizable,OCC1OC(O)C(O)C(O)C1O
1870,B-1005,-2.5113,O=C1CC(CC(=O)C1)C1=CC=CC=C1,0.0,G1,B,,,Uncharged,Non-ionizable,O=C1CC(=O)CC(c2ccccc2)C1
1871,B-1011,-0.527,CC=C(C)C=O,0.0,G1,B,,,Uncharged,Non-ionizable,CC=C(C)C=O
1872,B-1012,0.8789,CC1OCCO1,0.0,G1,B,,,Uncharged,Non-ionizable,CC1OCCO1
1873,B-1013,-1.7565,O=C1CC2CCC1C2,0.0,G1,B,,,Uncharged,Non-ionizable,O=C1CC2CCC1C2
1874,B-1023,-4.9432,CCOC(=S)SSC(=S)OCC,0.0,G1,B,,,Uncharged,Non-ionizable,CCOC(=S)SSC(=S)OCC
1875,B-1025,1.236,C1COC1,0.0,G1,B,,,Uncharged,Non-ionizable,C1COC1
1876,B-1031,-1.6029,C1CSCCS1,0.0,G1,B,,,Uncharged,Non-ionizable,C1CSCCS1
1877,B-1034,-2.3666,ClCCSCCCl,0.0,G1,B,,,Uncharged,Non-ionizable,ClCCSCCCl
1878,B-1036,-0.6333,IC#N,0.0,G1,B,,,Uncharged,Non-ionizable,N#CI
1879,B-1037,-2.3586,CC(C)(C)Br,0.0,G1,B,,,Uncharged,Non-ionizable,CC(C)(C)Br
1880,B-1038,-2.3202,CC1(C)C2CCC1(C)C(O)C2,0.2149,G3,B,,,Uncharged,Non-ionizable,CC1(C)C2CCC1(C)C(O)C2
1881,B-1040,-5.5111,CC(C)(C)CC(=O)OCC(=O)C1(O)CCC2C3CCC4=CC(=O)CCC4(C)C3C(O)CC12C,0.0,G1,B,,,Uncharged,Non-ionizable,CC(C)(C)CC(=O)OCC(=O)C1(O)CCC2C3CCC4=CC(=O)CCC4(C)C3C(O)CC21C
1882,B-1045,-7.3166,CC1C2C(CC3C4CC=C5CC(O)CCC5(C)C4CCC23C)OC11CCC(C)CO1,0.0,G1,B,,,Uncharged,Non-ionizable,CC1CCC2(OC1)OC1CC3C4CC=C5CC(O)CCC5(C)C4CCC3(C)C1C2C
1883,B-1046,-0.3962,OCC1OC(CO)(OC2OC(COC3OC(CO)C(O)C(O)C3O)C(O)C(O)C2O)C(O)C1O,0.0,G1,B,,,Uncharged,Non-ionizable,OCC1OC(OCC2OC(OC3(CO)OC(CO)C(O)C3O)C(O)C(O)C2O)C(O)C(O)C1O
1884,B-1047,-1.5412,CCCOP(=O)(OCCC)OCCC,0.0,G1,B,,,Uncharged,Non-ionizable,CCCOP(=O)(OCCC)OCCC
1885,B-1049,-1.9569,CC(C)=CCl,0.0,G1,B,,,Uncharged,Non-ionizable,CC(C)=CCl
1886,B-1050,0.4298,CC(=C)CO,0.0,G1,B,,,Uncharged,Non-ionizable,C=C(C)CO
1887,B-1052,-2.4014,CC(=C)C(C)=C,0.0,G1,B,,,Uncharged,Non-ionizable,C=C(C)C(=C)C
1888,B-1054,1.055,CC(O)C(C)=O,0.0,G1,B,,,Uncharged,Non-ionizable,CC(=O)C(C)O
1889,B-1056,-3.5932,CC12CC(O)C3C(CCC4CC(O)CCC34C)C1CCC2=O,0.0,G1,B,,,Uncharged,Non-ionizable,CC12CC(O)C3C(CCC4CC(O)CCC43C)C1CCC2=O
1890,B-1080,-3.7606,CC(C)C1=CC=CC=C1C,0.0,G1,B,,,Uncharged,Non-ionizable,Cc1ccccc1C(C)C
1891,B-1088,-4.4363,C=C(C1=CC=CC=C1)C1=CC=CC=C1,0.0,G1,B,,,Uncharged,Non-ionizable,C=C(c1ccccc1)c1ccccc1
1892,B-1090,-1.4249,ON=C1CCCCCC1=NO,0.0,G1,B,,,Uncharged,Non-ionizable,ON=C1CCCCCC1=NO
1893,B-1091,-3.1221,COC1=CC=C2C=CC(=O)OC2=C1,0.0,G1,B,,,Uncharged,Non-ionizable,COc1ccc2ccc(=O)oc2c1
1894,B-1092,-1.5251,COC1=CC=CC=C1OCC(O)COC(N)=O,0.27005,G3,B,,,Uncharged,Non-ionizable,COc1ccccc1OCC(O)COC(N)=O
1895,B-1095,-3.3503,CCOC(=O)COC1=CC=C(Cl)C=C1Cl,0.0,G1,B,,,Uncharged,Non-ionizable,CCOC(=O)COc1ccc(Cl)cc1Cl
1896,B-1099,-1.3971,OC(CI)CI,0.0,G1,B,,,Uncharged,Non-ionizable,OC(CI)CI
1897,B-1100,0.9823,CNC(=S)NC,0.0,G1,B,,,Uncharged,Non-ionizable,CNC(=S)NC
1898,B-1101,1.0452,COC(C)OC,0.0,G1,B,,,Uncharged,Non-ionizable,COC(C)OC
1899,B-1103,-3.4994,CC(C)C1=CC=CC(C)=C1,0.0,G1,B,,,Uncharged,Non-ionizable,Cc1cccc(C(C)C)c1
1900,B-1108,-3.7068,ClN=C1C=C(Br)C(=O)C(Br)=C1,0.0,G1,B,,,Uncharged,Non-ionizable,O=C1C(Br)=CC(=NCl)C=C1Br
1901,B-1111,-1.6112,CCCCOC(=O)C=CC1=CC=CC=C1,0.0,G1,B,,,Uncharged,Non-ionizable,CCCCOC(=O)C=Cc1ccccc1
1902,B-1112,-1.6098,COCC1=CC=CC=C1,0.0,G1,B,,,Uncharged,Non-ionizable,COCc1ccccc1
1903,B-1115,-1.7706,CCCCC(=O)OCC,0.230999933,G5,B,,,Uncharged,Non-ionizable,CCCCC(=O)OCC
1904,B-1117,-1.8841,CCC(=O)OCC(C)C,0.0,G1,B,,,Uncharged,Non-ionizable,CCC(=O)OCC(C)C
1905,B-1118,-0.1176,COC1CC1,0.0,G1,B,,,Uncharged,Non-ionizable,COC1CC1
1906,B-1119,-1.3195,BrC=CBr,0.0,G1,B,,,Uncharged,Non-ionizable,BrC=CBr
1907,B-1120,0.9032,OCCBr,0.0,G1,B,,,Uncharged,Non-ionizable,OCCBr
1908,B-1121,-0.0799,CCOC,0.0,G1,B,,,Uncharged,Non-ionizable,CCOC
1909,B-1123,-4.6704,CC(C)CC(C)(C)C,0.0378,G3,B,,,Uncharged,Non-ionizable,CC(C)CC(C)(C)C
1910,B-1124,-1.1443,CC(=O)OC(C)(C)C,0.0,G1,B,,,Uncharged,Non-ionizable,CC(=O)OC(C)(C)C
1911,B-1125,-7.9407,C[Si]1(C)O[Si](C)(C)O[Si](C)(C)O[Si](C)(C)O[Si](C)(C)O[Si](C)(C)O1,0.0,G1,B,,,Uncharged,Non-ionizable,C[Si]1(C)O[Si](C)(C)O[Si](C)(C)O[Si](C)(C)O[Si](C)(C)O[Si](C)(C)O1
1912,B-1126,-7.3387,C[Si]1(C)O[Si](C)(C)O[Si](C)(C)O[Si](C)(C)O[Si](C)(C)O1,0.0,G1,B,,,Uncharged,Non-ionizable,C[Si]1(C)O[Si](C)(C)O[Si](C)(C)O[Si](C)(C)O[Si](C)(C)O1
1913,B-1127,-2.6177,ClC=C[As](Cl)Cl,0.0,G1,B,,,Uncharged,Non-ionizable,ClC=C[As](Cl)Cl
1914,B-1128,-2.4036,CCCC(Cl)Cl,0.0,G1,B,,,Uncharged,Non-ionizable,CCCC(Cl)Cl
1915,B-1133,-1.1185,CC1=CC(O)=CC(=O)O1,0.0,G1,B,,,Uncharged,Non-ionizable,Cc1cc(O)cc(=O)o1
1916,B-1134,-2.3752,ClC1CCCCC1,0.0,G1,B,,,Uncharged,Non-ionizable,ClC1CCCCC1
1917,B-1136,-1.0006,CC(C)COC=O,0.0,G1,B,,,Uncharged,Non-ionizable,CC(C)COC=O
1918,B-1137,-2.9587,CCCCI,0.0,G1,B,,,Uncharged,Non-ionizable,CCCCI
1919,B-1139,-0.7181,ClCOCCl,0.0,G1,B,,,Uncharged,Non-ionizable,ClCOCCl
1920,B-1140,-1.565,C1C=CC=C1,0.0,G1,B,,,Uncharged,Non-ionizable,C1=CCC=C1
1921,B-1143,-2.7324,CCCCCCl,0.0,G1,B,,,Uncharged,Non-ionizable,CCCCCCl
1922,B-1145,-1.4403,CC(C)CCOC(N)=O,0.0,G1,B,,,Uncharged,Non-ionizable,CC(C)CCOC(N)=O
1923,B-1150,1.0263,N#CCCCC#N,0.0,G1,B,,,Uncharged,Non-ionizable,N#CCCCC#N
1924,B-1151,-8.4007,CCCCCCCCCCCCCCCC,0.0,G1,B,,,Uncharged,Non-ionizable,CCCCCCCCCCCCCCCC
1925,B-1153,0.9825,COC(=O)C(C)O,0.0,G1,B,,,Uncharged,Non-ionizable,COC(=O)C(C)O
1926,B-1154,0.1844,C=C1CCOC1=O,0.0,G1,B,,,Uncharged,Non-ionizable,C=C1CCOC1=O
1927,B-1160,-0.4018,OCC1OC(C(O)C1O)N1C=NC2=CN=CN=C12,0.0,G1,B,,,Uncharged,Non-ionizable,OCC1OC(n2cnc3cncnc32)C(O)C1O
1928,B-1167,-0.2919,COC(=O)C(=O)OC,0.0,G1,B,,,Uncharged,Non-ionizable,COC(=O)C(=O)OC
1929,B-1179,1.1303,OCC1CO1,0.0,G1,B,,,Uncharged,Non-ionizable,OCC1CO1
1930,B-1183,0.6749,O=C1NC=CC=N1,0.0,G1,B,,,Uncharged,Non-ionizable,O=c1nccc[nH]1
1931,B-1184,-0.3857,CCCOC,0.30215,G3,B,,,Uncharged,Non-ionizable,CCCOC
1932,B-1185,-1.335,CCCC(=O)OCC(O)CO,0.0,G1,B,,,Uncharged,Non-ionizable,CCCC(=O)OCC(O)CO
1933,B-1187,-0.0206,C=CCOCC=C,0.0,G1,B,,,Uncharged,Non-ionizable,C=CCOCC=C
1934,B-1189,-3.1404,BrC(Br)(Br)Br,0.0,G1,B,,,Uncharged,Non-ionizable,BrC(Br)(Br)Br
1935,B-1190,-0.5145,CS(F)(=O)=O,0.0,G1,B,,,Uncharged,Non-ionizable,CS(=O)(=O)F
1936,B-1192,0.1602,CC(C)(O)CCl,0.0,G1,B,,,Uncharged,Non-ionizable,CC(C)(O)CCl
1937,B-1195,-4.2286,CCC(C)(C)CC,0.0,G1,B,,,Uncharged,Non-ionizable,CCC(C)(C)CC
1938,B-1196,-5.2838,CCOP(=S)(OCC)SCSP(=S)(OCC)OCC,0.1281,G3,B,,,Uncharged,Non-ionizable,CCOP(=S)(OCC)SCSP(=S)(OCC)OCC
1939,B-1197,-2.732,CC(C)C=C,0.0,G1,B,,,Uncharged,Non-ionizable,C=CC(C)C
1940,B-1198,-2.7307,CCC(C)=C,0.0,G1,B,,,Uncharged,Non-ionizable,C=C(C)CC
1941,B-1199,-1.8108,CC(=C)CCl,0.0,G1,B,,,Uncharged,Non-ionizable,C=C(C)CCl
1942,B-1200,-1.6138,CC(Cl)=CCl,0.0,G1,B,,,Uncharged,Non-ionizable,CC(Cl)=CCl
1943,B-1201,-0.2122,CC(O)C(C)Cl,0.0,G1,B,,,Uncharged,Non-ionizable,CC(O)C(C)Cl
1944,B-1202,1.065,C1OC1C1CO1,0.0,G1,B,,,Uncharged,Non-ionizable,C1OC1C1CO1
1945,B-1203,-4.6776,CCC(C)C(C)(C)C,0.0,G1,B,,,Uncharged,Non-ionizable,CCC(C)C(C)(C)C
1946,B-1205,-4.2808,CCC(C)C(C)C,0.0,G1,B,,,Uncharged,Non-ionizable,CCC(C)C(C)C
1947,B-1206,-0.7216,CCC(C)C(C)O,0.0,G1,B,,,Uncharged,Non-ionizable,CCC(C)C(C)O
1948,B-1207,-0.6805,CCC(C)C(C)=O,0.00525,G3,B,,,Uncharged,Non-ionizable,CCC(C)C(C)=O
1949,B-1208,-0.7062,CCC(O)C(C)C,0.0,G1,B,,,Uncharged,Non-ionizable,CCC(O)C(C)C
1950,B-1209,-0.8106,CCC(=O)C(C)C,0.0,G1,B,,,Uncharged,Non-ionizable,CCC(=O)C(C)C
1951,B-1212,-4.6961,CC(C)C(C)C(C)C,0.05195,G3,B,,,Uncharged,Non-ionizable,CC(C)C(C)C(C)C
1952,B-1213,-1.3018,CC(C)C(=O)C(C)C,0.0,G1,B,,,Uncharged,Non-ionizable,CC(C)C(=O)C(C)C
1953,B-1216,-1.8903,COC1=CC=C2COC(=O)C2=C1OC,0.00515,G3,B,,,Uncharged,Non-ionizable,COc1ccc2c(c1OC)C(=O)OC2
1954,B-1223,-1.933,OC(C(O)C1=CC=CC=C1)C1=CC=CC=C1,0.0,G1,B,,,Uncharged,Non-ionizable,OC(c1ccccc1)C(O)c1ccccc1
1955,B-1226,-4.4001,BrC1=CC2=CC=CC=C2C=C1,0.0,G1,B,,,Uncharged,Non-ionizable,Brc1ccc2ccccc2c1
1956,B-1232,-2.5243,S=C1NC2=CN=CN=C2N1,0.0,G1,B,,,Uncharged,Non-ionizable,S=c1[nH]c2cncnc2[nH]1
1957,B-1236,-4.8179,CC(C)=CC1C(C(=O)OC2CC(=O)C(CC=C)=C2C)C1(C)C,0.0,G1,B,,,Uncharged,Non-ionizable,C=CCC1=C(C)C(OC(=O)C2C(C=C(C)C)C2(C)C)CC1=O
1958,B-1241,0.2872,OCC(O)C(O)C(OC1OC(CO)C(O)C(O)C1O)C(O)CO,0.0,G1,B,,,Uncharged,Non-ionizable,OCC(O)C(O)C(OC1OC(CO)C(O)C(O)C1O)C(O)CO
1959,B-1242,0.4656,OCC1OC(OCC2OC(O)C(O)C(O)C2O)C(O)C(O)C1O,0.0,G1,B,,,Uncharged,Non-ionizable,OCC1OC(OCC2OC(O)C(O)C(O)C2O)C(O)C(O)C1O
1960,B-1247,-1.3605,NC(=O)OC(CCl)CCl,0.0,G1,B,,,Uncharged,Non-ionizable,NC(=O)OC(CCl)CCl
1961,B-1248,-0.388,CC1=CC=CC(CO)=C1,0.0,G1,B,,,Uncharged,Non-ionizable,Cc1cccc(CO)c1
1962,B-1251,-5.7905,C(=CC1=CC=CC=C1)C1=CC=CC=C1,0.06975,G3,B,,,Uncharged,Non-ionizable,C(=Cc1ccccc1)c1ccccc1
1963,B-1252,-0.3861,OCC1=CC=C(CO)C=C1,0.0,G1,B,,,Uncharged,Non-ionizable,OCc1ccc(CO)cc1
1964,B-1253,-4.3063,CCCC(C)CC,0.0,G1,B,,,Uncharged,Non-ionizable,CCCC(C)CC
1965,B-1255,-0.8334,CCCC(=O)CC,0.0,G1,B,,,Uncharged,Non-ionizable,CCCC(=O)CC
1966,B-1256,-5.1591,CCCCC(C)CC,0.0,G1,B,,,Uncharged,Non-ionizable,CCCCC(C)CC
1967,B-1258,-4.4657,CC1CCC(C)CC1,0.0,G1,B,,,Uncharged,Non-ionizable,CC1CCC(C)CC1
1968,B-1259,-1.9385,CCCCOC(=O)CC,0.0,G1,B,,,Uncharged,Non-ionizable,CCCCOC(=O)CC
1969,B-1260,-2.7813,IC=CI,0.0,G1,B,,,Uncharged,Non-ionizable,IC=CI
1970,B-1263,-4.3575,CCCC(C)(C)C,0.0,G1,B,,,Uncharged,Non-ionizable,CCCC(C)(C)C
1971,B-1264,-0.4988,CCCC(C)(C)O,0.0,G1,B,,,Uncharged,Non-ionizable,CCCC(C)(C)O
1972,B-1266,-5.7568,CCCCC(C)(C)C,0.0,G1,B,,,Uncharged,Non-ionizable,CCCCC(C)(C)C
1973,B-1269,-1.8738,CC1CCCC(=O)C1,0.0,G1,B,,,Uncharged,Non-ionizable,CC1CCCC(=O)C1
1974,B-1270,-3.2671,CC1=CCCCC1,0.0,G1,B,,,Uncharged,Non-ionizable,CC1=CCCCC1
1975,B-1271,-4.5961,CCCCC(C)C,0.0,G1,B,,,Uncharged,Non-ionizable,CCCCC(C)C
1976,B-1272,-0.5534,CC(=O)OCC=C,0.0,G1,B,,,Uncharged,Non-ionizable,C=CCOC(C)=O
1977,B-1273,-1.9569,CC=CCCl,0.0,G1,B,,,Uncharged,Non-ionizable,CC=CCCl
1978,B-1274,-3.816,CCCCC=CC,0.0069,G3,B,,,Uncharged,Non-ionizable,CC=CCCCC
1979,B-1275,-1.1307,CCCCOC=O,0.11965,G3,B,,,Uncharged,Non-ionizable,CCCCOC=O
1980,B-1277,-0.8202,FCCl,0.0,G1,B,,,Uncharged,Non-ionizable,FCCl
1981,B-1278,-0.6502,C[Se]C,0.0,G1,B,,,Uncharged,Non-ionizable,C[Se]C
1982,B-1280,-1.2668,NC(=O)C(Br)(Br)Br,0.0,G1,B,,,Uncharged,Non-ionizable,NC(=O)C(Br)(Br)Br
1983,B-1282,-1.0966,NC(=O)C(Cl)(Cl)Cl,0.0,G1,B,,,Uncharged,Non-ionizable,NC(=O)C(Cl)(Cl)Cl
1984,B-1284,-0.8504,CCC(C)(O)C(C)C,0.1848,G3,B,,,Uncharged,Non-ionizable,CCC(C)(O)C(C)C
1985,B-1287,-0.3279,CC(C)(CO)C=O,0.0,G1,B,,,Uncharged,Non-ionizable,CC(C)(C=O)CO
1986,B-1288,-0.1822,CC(O)(CCl)CCl,0.0,G1,B,,,Uncharged,Non-ionizable,CC(O)(CCl)CCl
1987,B-1290,-1.5686,CC(=O)OCC(COC(C)=O)(COC(C)=O)COC(C)=O,0.0,G1,B,,,Uncharged,Non-ionizable,CC(=O)OCC(COC(C)=O)(COC(C)=O)COC(C)=O
1988,B-1292,-1.5867,CCCC(C)(O)CCC,0.0,G1,B,,,Uncharged,Non-ionizable,CCCC(C)(O)CCC
1989,B-1294,-0.5504,CC1(CCl)CO1,0.0,G1,B,,,Uncharged,Non-ionizable,CC1(CCl)CO1
1990,B-1295,-2.5546,ClC(Br)CBr,0.0,G1,B,,,Uncharged,Non-ionizable,ClC(Br)CBr
1991,B-1297,-0.057,COC(C)C,0.0,G1,B,,,Uncharged,Non-ionizable,COC(C)C
1992,B-1298,-1.0574,NC(=O)C(Br)Br,0.0,G1,B,,,Uncharged,Non-ionizable,NC(=O)C(Br)Br
1993,B-1299,-1.8898,CC(Cl)C(Cl)Cl,0.0,G1,B,,,Uncharged,Non-ionizable,CC(Cl)C(Cl)Cl
1994,B-1303,-3.9417,CC1=CC=C(C=C1)S(=O)(=O)OC1=CC=CC=C1C,0.0,G1,B,,,Uncharged,Non-ionizable,Cc1ccc(S(=O)(=O)Oc2ccccc2C)cc1
1995,B-1304,-1.6464,CCOC(OCC)C(Cl)(Cl)Cl,0.0,G1,B,,,Uncharged,Non-ionizable,CCOC(OCC)C(Cl)(Cl)Cl
1996,B-1306,-1.2201,CC(C)C(O)C(C)C,0.0,G1,B,,,Uncharged,Non-ionizable,CC(C)C(O)C(C)C
1997,B-1311,0.623,CC(O)CN1C=NC2=C1C(=O)N(C)C(=O)N2C,0.0,G1,B,,,Uncharged,Non-ionizable,CC(O)Cn1cnc2c1c(=O)n(C)c(=O)n2C
1998,B-1314,-3.4053,CCOC(=O)C1=CC=CC=C1C(=O)C1=CC=CC=C1,0.0,G1,B,,,Uncharged,Non-ionizable,CCOC(=O)c1ccccc1C(=O)c1ccccc1
1999,B-1316,-3.4776,COC(=O)C1=CC=CC=C1C(=O)C1=CC=CC=C1,0.151313347,G5,B,,,Uncharged,Non-ionizable,COC(=O)c1ccccc1C(=O)c1ccccc1
2000,B-1318,-1.0466,CN1C(=O)C=CC2=CC=CC=C12,0.0,G1,B,,,Uncharged,Non-ionizable,Cn1c(=O)ccc2ccccc21
2001,B-1319,-1.2019,CC1=CC(=O)C2=CC=CC=C2N1,0.0,G1,B,,,Uncharged,Non-ionizable,Cc1cc(=O)c2ccccc2[nH]1
2002,B-1320,-5.0402,BrC1=CC=CC(Br)=C1Br,0.0149,G3,B,,,Uncharged,Non-ionizable,Brc1cccc(Br)c1Br
2003,B-1324,0.5117,CCOC(=O)C(=O)C(=O)OCC,0.0,G1,B,,,Uncharged,Non-ionizable,CCOC(=O)C(=O)C(=O)OCC
2004,B-1329,-5.8541,CC1=CC=CC2=CC3=CC=CC=C3C=C12,0.0,G1,B,,,Uncharged,Non-ionizable,Cc1cccc2cc3ccccc3cc12
2005,B-1333,0.0569,OCC1=CC=CC=C1CO,0.0,G1,B,,,Uncharged,Non-ionizable,OCc1ccccc1CO
2006,B-1339,-3.54,ClC1=CC=CC=C1I,0.0,G1,B,,,Uncharged,Non-ionizable,Clc1ccccc1I
2007,B-1342,-4.808,BrC1=CC=C(Br)C(Br)=C1,0.155,G3,B,,,Uncharged,Non-ionizable,Brc1ccc(Br)c(Br)c1
2008,B-1344,-2.6307,CCC(Cl)CC,0.0,G1,B,,,Uncharged,Non-ionizable,CCC(Cl)CC
2009,B-1345,0.0193,CCC(O)C=C,0.0,G1,B,,,Uncharged,Non-ionizable,C=CC(O)CC
2010,B-1352,-1.3093,CCCC(O)C(C)C,0.00535,G3,B,,,Uncharged,Non-ionizable,CCCC(O)C(C)C
2011,B-1359,-1.1985,OCC1OC(OC2=CC=CC=C2C=O)C(O)C(O)C1O,0.0,G1,B,,,Uncharged,Non-ionizable,O=Cc1ccccc1OC1OC(CO)C(O)C(O)C1O
2012,B-1369,-4.7213,CC1=CC=C(C=C1)N=C=S,0.0,G1,B,,,Uncharged,Non-ionizable,Cc1ccc(N=C=S)cc1
2013,B-1370,-3.1232,CC1=CC=C(C=C)C=C1,0.0,G1,B,,,Uncharged,Non-ionizable,C=Cc1ccc(C)cc1
2014,B-1373,-2.8265,O=CC1=CC=C(C=O)C=C1,0.0,G1,B,,,Uncharged,Non-ionizable,O=Cc1ccc(C=O)cc1
2015,B-1374,-0.8331,CCCC(=O)OC,0.515485016,G4,B,,,Uncharged,Non-ionizable,CCCC(=O)OC
2016,B-1375,-0.2046,CC(COC(C)=O)OC(C)=O,0.0,G1,B,,,Uncharged,Non-ionizable,CC(=O)OCC(C)OC(C)=O
2017,B-1376,-3.1972,CCOCCOC(=O)CCCCCCCCC(=O)OCCOCC,0.0,G1,B,,,Uncharged,Non-ionizable,CCOCCOC(=O)CCCCCCCCC(=O)OCCOCC
2018,B-1377,-2.99,CCOC(=O)CCCCCCCC(=O)OCC,0.0,G1,B,,,Uncharged,Non-ionizable,CCOC(=O)CCCCCCCC(=O)OCC
2019,B-1378,-1.3606,CCCCC(=O)OC,0.080901661,G5,B,,,Uncharged,Non-ionizable,CCCCC(=O)OC
2020,B-1379,-5.3723,IC1=CC=C(I)C=C1,0.0,G1,B,,,Uncharged,Non-ionizable,Ic1ccc(I)cc1
2021,B-1381,-2.6608,CCCCCCC(O)CC,0.0,G1,B,,,Uncharged,Non-ionizable,CCCCCCC(O)CC
2022,B-1383,-3.2196,ICCI,0.0,G1,B,,,Uncharged,Non-ionizable,ICCI
2023,B-1384,-1.1308,CC(C)(C)CCO,0.3154,G3,B,,,Uncharged,Non-ionizable,CC(C)(C)CCO
2024,B-1385,-0.9307,CC(C)CC(C)(C)O,0.017364011,G5,B,,,Uncharged,Non-ionizable,CC(C)CC(C)(C)O
2025,B-1387,-1.0784,CCCCC(C)(C)O,0.0,G1,B,,,Uncharged,Non-ionizable,CCCCC(C)(C)O
2026,B-1388,-1.7168,CCCCCC(C)(C)O,0.0,G1,B,,,Uncharged,Non-ionizable,CCCCCC(C)(C)O
2027,B-1390,-0.9007,COCC(C)C,0.0,G1,B,,,Uncharged,Non-ionizable,COCC(C)C
2028,B-1393,-0.5607,CCOC(C)C,0.00535,G3,B,,,Uncharged,Non-ionizable,CCOC(C)C
2029,B-1394,-0.6301,CC(C)OC=O,0.0,G1,B,,,Uncharged,Non-ionizable,CC(C)OC=O
2030,B-1395,-3.55,ClC1=CC=CC(I)=C1,0.009,G3,B,,,Uncharged,Non-ionizable,Clc1cccc(I)c1
2031,B-1397,-1.2498,OC1=CC(=O)NC=C1,0.0,G1,B,,,Uncharged,Non-ionizable,O=c1cc(O)cc[nH]1
2032,B-1398,-0.2328,OCC1=CC(CO)=CC=C1,0.0,G1,B,,,Uncharged,Non-ionizable,OCc1cccc(CO)c1
2033,B-1399,-1.2557,CC1=CC(=O)NC(=O)N1,0.0,G1,B,,,Uncharged,Non-ionizable,Cc1cc(=O)[nH]c(=O)[nH]1
2034,B-1400,1.0218,O=C1C=CNC=C1,0.0,G1,B,,,Uncharged,Non-ionizable,O=c1cc[nH]cc1
2035,B-1401,-1.3662,CC(C)CCOCC(O)COCCC(C)C,0.0,G1,B,,,Uncharged,Non-ionizable,CC(C)CCOCC(O)COCCC(C)C
2036,B-1403,-1.1286,CC(C)CCCO,0.0057,G3,B,,,Uncharged,Non-ionizable,CC(C)CCCO
2037,B-1405,-1.3373,CCCOC(C)C,0.0,G1,B,,,Uncharged,Non-ionizable,CCCOC(C)C
2038,B-1407,0.0093,OCCCBr,0.0,G1,B,,,Uncharged,Non-ionizable,OCCCBr
2039,B-1409,0.4223,OCCCCl,0.0,G1,B,,,Uncharged,Non-ionizable,OCCCCl
2040,B-1410,-0.0725,COCCCl,0.0,G1,B,,,Uncharged,Non-ionizable,COCCCl
2041,B-1411,-1.375,CC(C)CCC(C)O,0.0,G1,B,,,Uncharged,Non-ionizable,CC(C)CCC(C)O
2042,B-1412,-1.2101,CC(C)CCOCC(O)CO,0.0,G1,B,,,Uncharged,Non-ionizable,CC(C)CCOCC(O)CO
2043,B-1413,-1.4629,COC(=O)CCCCC(=O)OC,0.379504101,G5,B,,,Uncharged,Non-ionizable,COC(=O)CCCCC(=O)OC
2044,B-1414,-0.9907,CCCCOC,0.0,G1,B,,,Uncharged,Non-ionizable,CCCCOC
2045,B-1415,-0.6806,CCCOCC,0.082782661,G5,B,,,Uncharged,Non-ionizable,CCCOCC
2046,B-1416,-1.8841,CCCCCOC(C)=O,0.0,G1,B,,,Uncharged,Non-ionizable,CCCCCOC(C)=O
2047,B-1417,-0.2046,CC(=O)OCCCOC(C)=O,0.0,G1,B,,,Uncharged,Non-ionizable,CC(=O)OCCCOC(C)=O
2048,B-1418,-3.0099,CCCCCC#C,0.0,G1,B,,,Uncharged,Non-ionizable,C#CCCCCC
2049,B-1420,-3.662,CCCCCCC#C,0.0,G1,B,,,Uncharged,Non-ionizable,C#CCCCCCC
2050,B-1421,-7.5936,CCCCCCCCCCCCC,0.0,G1,B,,,Uncharged,Non-ionizable,CCCCCCCCCCCCC
2051,B-1423,-9.4464,CCCCCCCCCCCCCCC,0.0,G1,B,,Prediction Estimation,Uncharged,Non-ionizable,CCCCCCCCCCCCCCC
2052,B-1424,-6.3476,CCCCCCCCCCCCCCCO,0.0312,G3,B,,,Uncharged,Non-ionizable,CCCCCCCCCCCCCCCO
2053,B-1425,-8.3339,CCCCCCCCCCCCCCCCCCCCCCCCCC,0.00805,G3,B,,,Uncharged,Non-ionizable,CCCCCCCCCCCCCCCCCCCCCCCCCC
2054,B-1426,-8.4746,CCCCCCCCCCCCCCCCCCCCCCCCCCCCCCCCCCCC,0.0,G1,B,,,Uncharged,Non-ionizable,CCCCCCCCCCCCCCCCCCCCCCCCCCCCCCCCCCCC
2055,B-1427,-2.1955,ClCC(Cl)(Cl)Cl,0.00775,G3,B,,,Uncharged,Non-ionizable,ClCC(Cl)(Cl)Cl
2056,B-1436,-2.4461,CC1=CNC(=S)NC1=O,0.0,G1,B,,,Uncharged,Non-ionizable,Cc1c[nH]c(=S)[nH]c1=O
2057,B-1442,-1.2906,CCC(=O)OC(C)C,0.0,G1,B,,,Uncharged,Non-ionizable,CCC(=O)OC(C)C
2058,B-1444,-0.9302,CCOC(C)(C)C,0.352202401,G3,B,,,Uncharged,Non-ionizable,CCOC(C)(C)C
2059,B-1448,-3.0905,CCSCCSP(=S)(OC)OC,0.0,G1,B,,,Uncharged,Non-ionizable,CCSCCSP(=S)(OC)OC
2060,B-1449,1.1132,NC(=O)CF,0.0,G1,B,,,Uncharged,Non-ionizable,NC(=O)CF
2061,B-1451,-2.4502,CC(=O)OOC(=O)C1=CC=CC=C1,0.0,G1,B,,,Uncharged,Non-ionizable,CC(=O)OOC(=O)c1ccccc1
2062,B-1456,1.1303,C1COCO1,0.0,G1,B,,,Uncharged,Non-ionizable,C1COCO1
2063,B-1461,-1.109,CCSS(=O)(=O)CC,0.0,G1,B,,,Uncharged,Non-ionizable,CCSS(=O)(=O)CC
2064,B-1462,-3.5188,CCCC[Sn](Cl)(Cl)CCCC,0.0,G1,B,,,Uncharged,Non-ionizable,CCC[CH2][Sn]([Cl])([Cl])[CH2]CCC
2065,B-1463,-2.5644,ClC(Br)C(Cl)Br,0.0,G1,B,,,Uncharged,Non-ionizable,ClC(Br)C(Cl)Br
2066,B-1464,-0.2558,NC(=O)C(Cl)Cl,0.0,G1,B,,,Uncharged,Non-ionizable,NC(=O)C(Cl)Cl
2067,B-1467,-1.4648,C=CC#C,0.0,G1,B,,,Uncharged,Non-ionizable,C#CC=C
2068,B-1468,-3.2439,CC(C)CC=C,0.074230834,G3,B,,,Uncharged,Non-ionizable,C=CCC(C)C
2069,B-1472,0.9621,CN1C=CC=CC1=O,0.0,G1,B,,,Uncharged,Non-ionizable,Cn1ccccc1=O
2070,B-1473,-1.8416,O=[I](=O)C1=CC=CC=C1,0.0,G1,B,,,Uncharged,Non-ionizable,O=I(=O)c1ccccc1
2071,B-1480,-6.5362,ClC1=C(Cl)C(Cl)(Cl)C(Cl)(Cl)C1(Cl)Cl,0.0,G1,B,,,Uncharged,Non-ionizable,ClC1=C(Cl)C(Cl)(Cl)C(Cl)(Cl)C1(Cl)Cl
2072,B-1481,-1.5614,CN1C(=O)NC2=C(NC(=O)N2)C1=O,0.0,G1,B,,,Uncharged,Non-ionizable,Cn1c(=O)[nH]c2[nH]c(=O)[nH]c2c1=O
2073,B-1483,-3.7355,CC1=NN(C(C)=C1N=O)C1=CC=CC=C1,0.0,G1,B,,,Uncharged,Non-ionizable,Cc1nn(-c2ccccc2)c(C)c1N=O
2074,B-1490,-1.0407,C[Sn](C)(Cl)Cl,0.807147739,G2,B,,,Uncharged,Non-ionizable,[CH3][Sn]([CH3])([Cl])[Cl]
2075,B-1492,0.2956,CCOP(=O)(OCC)OP(=O)(OCC)OP(=O)(OCC)OP(=O)(OCC)OCC,0.0,G1,B,,,Uncharged,Non-ionizable,CCOP(=O)(OCC)OP(=O)(OCC)OP(=O)(OCC)OP(=O)(OCC)OCC
2076,B-1498,-0.5291,FCCCl,0.0,G1,B,,,Uncharged,Non-ionizable,FCCCl
2077,B-1499,-3.033,CCCC(C)=C,0.0,G1,B,,,Uncharged,Non-ionizable,C=C(C)CCC
2078,B-1501,-3.537,CC(C)=CC=C(C)C,0.0,G1,B,,,Uncharged,Non-ionizable,CC(C)=CC=C(C)C
2079,B-1503,1.1423,O=CC1CO1,0.0,G1,B,,,Uncharged,Non-ionizable,O=CC1CO1
2080,B-1504,-2.4639,COC1=CC=CC=C1Cl,0.0,G1,B,,,Uncharged,Non-ionizable,COc1ccccc1Cl
2081,B-1508,-4.6347,C1CC2=CC=CC=C2C2=CC=CC=C12,0.0,G1,B,,,Uncharged,Non-ionizable,c1ccc2c(c1)CCc1ccccc1-2
2082,B-1511,0.4063,CCCOP(=O)(OCC)OCC,0.0,G1,B,,,Uncharged,Non-ionizable,CCCOP(=O)(OCC)OCC
2083,B-1512,-0.5932,CCCCP(=O)(CCCC)CCCC,0.0,G1,B,,,Uncharged,Non-ionizable,CCCCP(=O)(CCCC)CCCC
2084,B-1513,-1.3297,CCOC(=O)CCCC(=O)OCC,0.0,G1,B,,,Uncharged,Non-ionizable,CCOC(=O)CCCC(=O)OCC
2085,B-1516,-0.1793,OCCCC=C,0.01465,G3,B,,,Uncharged,Non-ionizable,C=CCCCO
2086,B-1517,0.7899,CC(O)CCOCCC(C)O,0.0,G1,B,,,Uncharged,Non-ionizable,CC(O)CCOCCC(C)O
2087,B-1519,-0.0651,CC(C)C1OCCO1,0.0,G1,B,,,Uncharged,Non-ionizable,CC(C)C1OCCO1
2088,B-1520,-0.402,CSC1=NC=CC=N1,0.0,G1,B,,,Uncharged,Non-ionizable,CSc1ncccn1
2089,B-1521,0.759,CC1CC(OC(C)=O)OC(C)O1,0.0,G1,B,,,Uncharged,Non-ionizable,CC(=O)OC1CC(C)OC(C)O1
2090,B-1522,-0.7276,CN1C2=C(NC(C)=N2)C(=O)N(C)C1=O,0.0,G1,B,,,Uncharged,Non-ionizable,Cc1nc2c([nH]1)c(=O)n(C)c(=O)n2C
2091,B-1523,-1.4493,CN1C(C)=NC2=C1C(=O)N(C)C(=O)N2C,0.0,G1,B,,,Uncharged,Non-ionizable,Cc1nc2c(c(=O)n(C)c(=O)n2C)n1C
2092,B-1528,-4.4584,CC(=O)OC1CCC2(C)C3CCC4(C)C(CCC4=O)C3CC=C2C1,0.0,G1,B,,,Uncharged,Non-ionizable,CC(=O)OC1CCC2(C)C(=CCC3C4CCC(=O)C4(C)CCC32)C1
2093,B-1530,-1.7541,CCOP(=O)(OCC)C(Cl)(Cl)Cl,0.0,G1,B,,,Uncharged,Non-ionizable,CCOP(=O)(OCC)C(Cl)(Cl)Cl
2094,B-1532,-1.2449,CC(=O)OC(OC(C)=O)C=C,0.0,G1,B,,,Uncharged,Non-ionizable,C=CC(OC(C)=O)OC(C)=O
2095,B-1536,-1.9295,OCC1=CC=C(Br)C=C1,0.0,G1,B,,,Uncharged,Non-ionizable,OCc1ccc(Br)cc1
2096,B-1537,-1.7561,OCC1=CC=C(Cl)C=C1,0.0,G1,B,,,Uncharged,Non-ionizable,OCc1ccc(Cl)cc1
2097,B-1539,-1.4838,CCOC1=NC(OCC)=NC(OCC)=N1,0.0,G1,B,,,Uncharged,Non-ionizable,CCOc1nc(OCC)nc(OCC)n1
2098,B-1543,-1.8438,CCSCCSP(=O)(OC)OC,0.0,G1,B,,,Uncharged,Non-ionizable,CCSCCSP(=O)(OC)OC
2099,B-1548,-3.5322,CCCCCC(=O)CCCCC,0.0,G1,B,,,Uncharged,Non-ionizable,CCCCCC(=O)CCCCC
2100,B-1550,-2.1675,CCC#CCC,0.08875,G3,B,,,Uncharged,Non-ionizable,CCC#CCC
2101,B-1559,-1.6533,BrC1=CC(=O)OC2=CC=CC=C12,0.0,G1,B,,,Uncharged,Non-ionizable,O=c1cc(Br)c2ccccc2o1
2102,B-1560,-5.2605,COC1=CC(Cl)=C(Cl)C(Cl)=C1Cl,0.0,G1,B,,,Uncharged,Non-ionizable,COc1cc(Cl)c(Cl)c(Cl)c1Cl
2103,B-1563,-5.2394,COC1=C(Cl)C(Cl)=C(Cl)C(Cl)=C1OC,0.0,G1,B,,,Uncharged,Non-ionizable,COc1c(Cl)c(Cl)c(Cl)c(Cl)c1OC
2104,B-1564,-2.5941,CCOP(=O)(OCC)N=C1SCCS1,0.0,G1,B,,,Uncharged,Non-ionizable,CCOP(=O)(N=C1SCCS1)OCC
2105,B-1566,-3.6744,CCOP(=O)(OCC)N=C1SCC(C)S1,0.0,G1,B,,,Uncharged,Non-ionizable,CCOP(=O)(N=C1SCC(C)S1)OCC
2106,B-1569,-5.2721,CC(=O)C1(C)CCC2C3C=C(C)C4=CC(=O)CCC4(C)C3CCC12C,0.03895,G3,B,,,Uncharged,Non-ionizable,CC(=O)C1(C)CCC2C3C=C(C)C4=CC(=O)CCC4(C)C3CCC21C
2107,B-1574,0.8856,CC(O)COC(=O)C=C,0.0,G1,B,,,Uncharged,Non-ionizable,C=CC(=O)OCC(C)O
2108,B-1577,0.0723,CC1CCC(C)O1,0.0,G1,B,,,Uncharged,Non-ionizable,CC1CCC(C)O1
2109,B-1583,-1.8069,CCCCN1C=NC2=C1C(=O)N(C)C(=O)N2C,0.0,G1,B,,,Uncharged,Non-ionizable,CCCCn1cnc2c1c(=O)n(C)c(=O)n2C
2110,B-1584,-4.6084,O=C1OC(=NC2=CC=CC=C12)C1=CC=CC=C1,0.0,G1,B,,,Uncharged,Non-ionizable,O=c1oc(-c2ccccc2)nc2ccccc12
2111,B-1585,-6.2893,ClC1C2OC2C2C1C1(Cl)C(Cl)=C(Cl)C2(Cl)C1(Cl)Cl,0.126462546,G5,B,,,Uncharged,Non-ionizable,ClC1=C(Cl)C2(Cl)C3C4OC4C(Cl)C3C1(Cl)C2(Cl)Cl
2112,B-1589,1.0354,C[Si](C)(O)O,0.0,G1,B,,,Uncharged,Non-ionizable,C[Si](C)(O)O
2113,B-1593,-2.6958,FC1=CC=CC=C1Br,0.0,G1,B,,,Uncharged,Non-ionizable,Fc1ccccc1Br
2114,B-1595,-5.5959,CCCCCCCC1=CC=CC=C1,0.0,G1,B,,,Uncharged,Non-ionizable,CCCCCCCc1ccccc1
2115,B-1599,-4.5835,CC(C)(C)C(=O)OCC(=O)C1(O)CCC2C3CCC4=CC(=O)C=CC4(C)C3C(O)CC12C,0.0,G1,B,,,Uncharged,Non-ionizable,CC(C)(C)C(=O)OCC(=O)C1(O)CCC2C3CCC4=CC(=O)C=CC4(C)C3C(O)CC21C
2116,B-1607,-0.1796,C[Si](C)(O)O[Si](C)(C)O,0.0,G1,B,,,Uncharged,Non-ionizable,C[Si](C)(O)O[Si](C)(C)O
2117,B-1608,-0.4337,COC(=O)CCCC(=O)OC,0.014575448,G3,B,,,Uncharged,Non-ionizable,COC(=O)CCCC(=O)OC
2118,B-1610,-2.7695,CCCCC#CC,0.0,G1,B,,,Uncharged,Non-ionizable,CC#CCCCC
2119,B-1611,-7.5505,CCCCCCCCCCC,0.0,G1,B,,,Uncharged,Non-ionizable,CCCCCCCCCCC
2120,B-1618,-0.8749,ClC1=NC2=NC=NC=C2N=C1,0.0,G1,B,,,Uncharged,Non-ionizable,Clc1cnc2cncnc2n1
2121,B-1623,-3.8373,Cl[Sn](Cl)(C1=CC=CC=C1)C1=CC=CC=C1,0.0,G1,B,,,Uncharged,Non-ionizable,[Cl][Sn]([Cl])([c]1ccccc1)[c]1ccccc1
2122,B-1624,-1.6252,CCCCN1C(=O)N(C)C2=C(N(C)C=N2)C1=O,0.0,G1,B,,,Uncharged,Non-ionizable,CCCCn1c(=O)c2c(ncn2C)n(C)c1=O
2123,B-1626,-3.1373,COC1C(O)C(C)OC(OC2CCC3(C=O)C(CCC4C3CCC3(C)C(CCC43O)C3=CC(=O)OC3)C2)C1O,0.0,G1,B,,,Uncharged,Non-ionizable,COC1C(O)C(C)OC(OC2CCC3(C=O)C(CCC4C3CCC3(C)C(C5=CC(=O)OC5)CCC43O)C2)C1O
2124,B-1642,-5.1693,CC1C(C)(C)C2=CC3=C(C=C2C1(C)C)C(C)COC3,0.053864075,G5,B,,,Uncharged,Non-ionizable,CC1COCc2cc3c(cc21)C(C)(C)C(C)C3(C)C
2125,B-1644,-5.2804,CCCCC(CC)COP(=O)(OC1=CC=CC=C1)OC1=CC=CC=C1,0.787322431,G2,B,,,Uncharged,Non-ionizable,CCCCC(CC)COP(=O)(Oc1ccccc1)Oc1ccccc1
2126,B-1645,-2.9549,CN1N(C(=O)C(CC2=C(C)N(C)N(C2=O)C2=CC=CC=C2)=C1C)C1=CC=CC=C1,0.0,G1,B,,,Uncharged,Non-ionizable,Cc1c(Cc2c(C)n(C)n(-c3ccccc3)c2=O)c(=O)n(-c2ccccc2)n1C
2127,B-1650,-2.2756,CC(C)C(C)C(C)C(O)C#CC(C)C(C)O,0.0,G1,B,,,Uncharged,Non-ionizable,CC(C)C(C)C(C)C(O)C#CC(C)C(C)O
2128,B-1658,-7.506,CCCCCCCCCCCCCCCCCO,0.0,G1,B,,,Uncharged,Non-ionizable,CCCCCCCCCCCCCCCCCO
2129,B-1664,-2.3333,ClCC=CCCl,0.0,G1,B,,,Uncharged,Non-ionizable,ClCC=CCCl
2130,B-1667,-2.774,O=C1CCCCC1C1=CCCCC1,0.0,G1,B,,,Uncharged,Non-ionizable,O=C1CCCCC1C1=CCCCC1
2131,B-1675,0.9275,CCCOCC(C)O,0.0,G1,B,,,Uncharged,Non-ionizable,CCCOCC(C)O
2132,B-1676,0.0152,CC=CC(C)O,0.0,G1,B,,,Uncharged,Non-ionizable,CC=CC(C)O
2133,B-1679,-2.1554,NC(=O)C1=CC=CC(=C1)S(N)(=O)=O,0.0,G1,B,,,Uncharged,Non-ionizable,NC(=O)c1cccc(S(N)(=O)=O)c1
2134,B-1688,-0.7221,C=CC=CC#N,0.0,G1,B,,,Uncharged,Non-ionizable,C=CC=CC#N
2135,B-1691,-1.6223,CCOC(=O)CC(SP(=O)(OC)OC)C(=O)OCC,0.85885,G2,B,,,Uncharged,Non-ionizable,CCOC(=O)CC(SP(=O)(OC)OC)C(=O)OCC
2136,B-1695,-2.2007,FC(F)(Cl)CCl,0.0,G1,B,,,Uncharged,Non-ionizable,FC(F)(Cl)CCl
2137,B-1696,-2.9418,CCCCCCCCCC(C)O,0.0,G1,B,,,Uncharged,Non-ionizable,CCCCCCCCCC(C)O
2138,B-1697,-2.3038,CC(C)CCCCCO,0.0,G1,B,,,Uncharged,Non-ionizable,CC(C)CCCCCO
2139,B-1700,-4.2507,CCC1CCCCC1,0.0,G1,B,,,Uncharged,Non-ionizable,CCC1CCCCC1
2140,B-1701,-2.5937,CC12OC1CC1CC2C1(C)C,0.0,G1,B,,,Uncharged,Non-ionizable,CC1(C)C2CC3OC3(C)C1C2
2141,B-1702,-1.8684,CC1(C)OC(=O)C2=CC=CC=C12,0.0,G1,B,,,Uncharged,Non-ionizable,CC1(C)OC(=O)c2ccccc21
2142,B-1706,-6.7023,CCCCCCCC(=O)OC1=C(Br)C=C(C=C1Br)C#N,0.0,G1,B,,,Uncharged,Non-ionizable,CCCCCCCC(=O)Oc1c(Br)cc(C#N)cc1Br
2143,B-1707,-3.3822,ClC1=C(Cl)C(=O)N(N=C1)C1=CC=CC=C1,0.0,G1,B,,,Uncharged,Non-ionizable,O=c1c(Cl)c(Cl)cnn1-c1ccccc1
2144,B-1710,-6.5715,CC1=CC2=C(C=CC3=C2C=CC=C3)C2=C1C=CC=C2,0.0,G1,B,,,Uncharged,Non-ionizable,Cc1cc2c3ccccc3ccc2c2ccccc12
2145,B-1712,-2.4448,CC(F)(Cl)Cl,0.0,G1,B,,,Uncharged,Non-ionizable,CC(F)(Cl)Cl
2146,B-1719,-2.248,OCC1=CC=C(Cl)C=C1Cl,0.0,G1,B,,,Uncharged,Non-ionizable,OCc1ccc(Cl)cc1Cl
2147,B-1721,-0.3462,CC(C=NO)=NO,0.0,G1,B,,,Uncharged,Non-ionizable,CC(C=NO)=NO
2148,B-1722,-2.0439,OCC1=CC=C(Cl)C(Cl)=C1,0.0,G1,B,,,Uncharged,Non-ionizable,OCc1ccc(Cl)c(Cl)c1
2149,B-1725,-5.3576,ClC1=CC=C(Cl)C2=CC=CC=C12,0.2212,G3,B,,,Uncharged,Non-ionizable,Clc1ccc(Cl)c2ccccc12
2150,B-1729,-1.8406,CCCC(O)C(C)CC,0.0,G1,B,,,Uncharged,Non-ionizable,CCCC(O)C(C)CC
2151,B-1732,-5.8221,COC(=O)C1=C(Cl)C(Cl)=C(C(=O)OC)C(Cl)=C1Cl,0.0,G1,B,,,Uncharged,Non-ionizable,COC(=O)c1c(Cl)c(Cl)c(C(=O)OC)c(Cl)c1Cl
2152,B-1734,-3.5673,CC(O)COCC1=C(Cl)C=CC(Cl)=C1Cl,0.0,G1,B,,,Uncharged,Non-ionizable,CC(O)COCc1c(Cl)ccc(Cl)c1Cl
2153,B-1741,-1.2177,CC(C)(C)S(=O)(=O)C(C)(C)C,0.0,G1,B,,,Uncharged,Non-ionizable,CC(C)(C)S(=O)(=O)C(C)(C)C
2154,B-1742,-4.1651,ClC(Cl)=C(Cl)C(Cl)(Cl)Cl,0.0,G1,B,,,Uncharged,Non-ionizable,ClC(Cl)=C(Cl)C(Cl)(Cl)Cl
2155,B-1743,-1.544,BrC1=CC=C(O1)C=O,0.0,G1,B,,,Uncharged,Non-ionizable,O=Cc1ccc(Br)o1
2156,B-1746,-0.4992,COCC1=CC=C(O1)C=O,0.238247863,G3,B,,,Uncharged,Non-ionizable,COCc1ccc(C=O)o1
2157,B-1753,-2.9596,COC(=O)COC1=CC=C(Cl)C=C1Cl,0.0,G1,B,,,Uncharged,Non-ionizable,COC(=O)COc1ccc(Cl)cc1Cl
2158,B-1754,-4.8493,CCOC(=O)COC1=CC(Cl)=C(Cl)C=C1Cl,0.0,G1,B,,,Uncharged,Non-ionizable,CCOC(=O)COc1cc(Cl)c(Cl)cc1Cl
2159,B-1755,-7.0217,CCCCCCCCOC(=O)COC1=CC=C(Cl)C=C1Cl,0.0,G1,B,,,Uncharged,Non-ionizable,CCCCCCCCOC(=O)COc1ccc(Cl)cc1Cl
2160,B-1756,-4.2502,CCCOC(=O)COC1=CC=C(Cl)C=C1Cl,0.0,G1,B,,,Uncharged,Non-ionizable,CCCOC(=O)COc1ccc(Cl)cc1Cl
2161,B-1758,-4.4276,CCCCOCCOC(=O)COC1=CC=C(Cl)C=C1Cl,0.0,G1,B,,,Uncharged,Non-ionizable,CCCCOCCOC(=O)COc1ccc(Cl)cc1Cl
2162,B-1763,-0.2311,CC(=C)C1CCC(C)(O)C(O)C1,0.0,G1,B,,,Uncharged,Non-ionizable,C=C(C)C1CCC(C)(O)C(O)C1
2163,B-1764,-0.9199,CCCSS(=O)CCC,0.0,G1,B,,,Uncharged,Non-ionizable,CCCS[S+]([O-])CCC
2164,B-1774,-3.6702,CCC1=CC=CC=C1Br,0.0,G1,B,,,Uncharged,Non-ionizable,CCc1ccccc1Br
2165,B-1777,-3.309,COC1=CC=CC(Cl)=C1Cl,0.0,G1,B,,,Uncharged,Non-ionizable,COc1cccc(Cl)c1Cl
2166,B-1778,-3.1019,COC1=C(Cl)C=CC=C1Cl,0.0,G1,B,,,Uncharged,Non-ionizable,COc1c(Cl)cccc1Cl
2167,B-1780,0.1735,CC1=C2NC=NC2=NC=N1,0.0,G1,B,,,Uncharged,Non-ionizable,Cc1ncnc2nc[nH]c12
2168,B-1784,-2.9086,CCOC(=O)CCC1=CC=CC=C1,0.0,G1,B,,,Uncharged,Non-ionizable,CCOC(=O)CCc1ccccc1
2169,B-1788,-4.7404,CCCC1CCCC1,0.0,G1,B,,,Uncharged,Non-ionizable,CCCC1CCCC1
2170,B-1789,0.9435,CC(O)C(N)=O,0.0,G1,B,,,Uncharged,Non-ionizable,CC(O)C(N)=O
2171,B-1791,-2.0408,CCOC(=O)CCCCCC(=O)OCC,0.0139,G3,B,,,Uncharged,Non-ionizable,CCOC(=O)CCCCCC(=O)OCC
2172,B-1792,-2.5304,CCOC(=O)CCCCCCC(=O)OCC,0.0,G1,B,,,Uncharged,Non-ionizable,CCOC(=O)CCCCCCC(=O)OCC
2173,B-1793,-6.1611,ClC1=C(Cl)C2=CC=CC=C2C=C1,0.0,G1,B,,,Uncharged,Non-ionizable,Clc1ccc2ccccc2c1Cl
2174,B-1794,-5.7963,ClC1=CC=CC2=CC=CC(Cl)=C12,0.0,G1,B,,,Uncharged,Non-ionizable,Clc1cccc2cccc(Cl)c12
2175,B-1802,-4.0851,BrC1=CC=CC(=C1)N=C=S,0.0,G1,B,,,Uncharged,Non-ionizable,S=C=Nc1cccc(Br)c1
2176,B-1803,-5.6133,CC1CC2C3CC(F)C4=CC(=O)C=CC4(C)C3(F)C(O)CC2(C)C1(O)C(=O)CO,0.0,G1,B,,,Uncharged,Non-ionizable,CC1CC2C3CC(F)C4=CC(=O)C=CC4(C)C3(F)C(O)CC2(C)C1(O)C(=O)CO
2177,B-1805,-3.0802,OCC1C(CO)C2(Cl)C(Cl)=C(Cl)C1(Cl)C2(Cl)Cl,0.0,G1,B,,,Uncharged,Non-ionizable,OCC1C(CO)C2(Cl)C(Cl)=C(Cl)C1(Cl)C2(Cl)Cl
2178,B-1810,-4.5916,O=C1NC2=C(CCC2)C(=O)N1C1CCCCC1,0.0,G1,B,,,Uncharged,Non-ionizable,O=c1[nH]c2c(c(=O)n1C1CCCCC1)CCC2
2179,B-1813,-5.2117,CC(C)COC1=CC2=CC=CC=C2C=C1,0.583869412,G2,B,,,Uncharged,Non-ionizable,CC(C)COc1ccc2ccccc2c1
2180,B-1815,-5.9217,ClC1=CC2=CC(Cl)=CC=C2C=C1,0.0,G1,B,,,Uncharged,Non-ionizable,Clc1ccc2ccc(Cl)cc2c1
2181,B-1816,-2.6212,CCOC(=O)C1=C(C)C=C(C)N1,0.0,G1,B,,,Uncharged,Non-ionizable,CCOC(=O)c1[nH]c(C)cc1C
2182,B-1818,-4.2719,CC1CCCCC1C,0.49995,G3,B,,,Uncharged,Non-ionizable,CC1CCCCC1C
2183,B-1820,-2.3541,CC(Cl)C(C)Cl,0.0,G1,B,,,Uncharged,Non-ionizable,CC(Cl)C(C)Cl
2184,B-1822,-6.0474,CCCCC(C)CCC,0.0,G1,B,,,Uncharged,Non-ionizable,CCCCC(C)CCC
2185,B-1824,-4.1992,COC1=CC=CC2=CC=CC=C12,0.0,G1,B,,,Uncharged,Non-ionizable,COc1cccc2ccccc12
2186,B-1825,-2.2702,CC1(C)C2CCC(C)(C2)C1O,0.0,G1,B,,,Uncharged,Non-ionizable,CC12CCC(C1)C(C)(C)C2O
2187,B-1826,-2.0625,CCC(CC)(S(=O)(=O)CC)S(=O)(=O)CC,0.0,G1,B,,,Uncharged,Non-ionizable,CCC(CC)(S(=O)(=O)CC)S(=O)(=O)CC
2188,B-1827,-7.0335,ClC1=CC=C(SC2=CC(Cl)=C(Cl)C=C2Cl)C=C1,0.0,G1,B,,,Uncharged,Non-ionizable,Clc1ccc(Sc2cc(Cl)c(Cl)cc2Cl)cc1
2189,B-1828,-7.2784,ClC1=C(Cl)C(Cl)(C(Cl)=C1Cl)C1(Cl)C(Cl)=C(Cl)C(Cl)=C1Cl,0.0,G1,B,,,Uncharged,Non-ionizable,ClC1=C(Cl)C(Cl)(C2(Cl)C(Cl)=C(Cl)C(Cl)=C2Cl)C(Cl)=C1Cl
2190,B-1829,-0.9667,ON=C1CCCC=C1,0.0,G1,B,,,Uncharged,Non-ionizable,ON=C1C=CCCC1
2191,B-1830,-9.703,ClC1=C(Cl)C2=C(Cl)C(Cl)=C(Cl)C(Cl)=C2C(Cl)=C1Cl,0.0,G1,B,,,Uncharged,Non-ionizable,Clc1c(Cl)c(Cl)c2c(Cl)c(Cl)c(Cl)c(Cl)c2c1Cl
2192,B-1832,-3.2987,CCCCCCCCC#N,0.0,G1,B,,,Uncharged,Non-ionizable,CCCCCCCCC#N
2193,B-1834,-3.1714,S=C=NCCC1=CC=CC=C1,0.0,G1,B,,,Uncharged,Non-ionizable,S=C=NCCc1ccccc1
2194,B-1836,-0.4505,FC(F)(F)C1=NC2=NC=NC=C2N1,0.0,G1,B,,,Uncharged,Non-ionizable,FC(F)(F)c1nc2ncncc2[nH]1
2195,B-1838,-1.1522,CN1C=NC2=NC(Cl)=NC(Cl)=C12,0.0,G1,B,,,Uncharged,Non-ionizable,Cn1cnc2nc(Cl)nc(Cl)c21
2196,B-1839,-3.4066,COP(=O)(OC)OC(=CCl)C1=CC=C(Cl)C=C1Cl,0.0,G1,B,,,Uncharged,Non-ionizable,COP(=O)(OC)OC(=CCl)c1ccc(Cl)cc1Cl
2197,B-1847,-0.9527,CN1C(=O)N(C)C2=C1N(C)C(=O)N(C)C2=O,0.0,G1,B,,,Uncharged,Non-ionizable,Cn1c(=O)c2c(n(C)c1=O)n(C)c(=O)n2C
2198,B-1848,-5.0813,CCOP(=S)(OCC)SCN1C(=O)OC2=CC(Cl)=CC=C12,0.07585,G3,B,,,Uncharged,Non-ionizable,CCOP(=S)(OCC)SCn1c(=O)oc2cc(Cl)ccc21
2199,B-1849,-3.8885,CCCCOC(=O)C1(O)C2=CC=CC=C2C2=CC=CC=C12,0.0,G1,B,,,Uncharged,Non-ionizable,CCCCOC(=O)C1(O)c2ccccc2-c2ccccc21
2200,B-1851,-2.6701,CCCOC(=O)C1=CC=CC=C1,0.0,G1,B,,,Uncharged,Non-ionizable,CCCOC(=O)c1ccccc1
2201,B-1855,-2.3057,FC1=CC(F)=C(F)C(F)=C1,0.0,G1,B,,,Uncharged,Non-ionizable,Fc1cc(F)c(F)c(F)c1
2202,B-1856,-1.4391,CCCC(C)(C)CO,0.509975339,G4,B,,,Uncharged,Non-ionizable,CCCC(C)(C)CO
2203,B-1859,-6.644,CC1=CC2=CC3=C(C=CC4=C3C=CC=C4)C=C2C=C1,0.0,G1,B,,,Uncharged,Non-ionizable,Cc1ccc2cc3ccc4ccccc4c3cc2c1
2204,B-1860,-6.8162,CC1=CC2=CC3=C(C=C2C=C1)C1=C(C=CC=C1)C=C3,0.0,G1,B,,,Uncharged,Non-ionizable,Cc1ccc2cc3c(ccc4ccccc43)cc2c1
2205,B-1861,-8.5234,CC1=C2C=CC3=CC=CC4=CC=C(C5=C1C=CC=C5)C2=C34,0.0,G1,B,,,Uncharged,Non-ionizable,Cc1c2ccccc2c2ccc3cccc4ccc1c2c43
2206,B-1863,-6.8074,ClC12C3(Cl)C4(Cl)C5(Cl)C(Cl)(C1(Cl)C4(Cl)Cl)C2(Cl)C(Cl)(Cl)C35Cl,0.0,G1,B,,,Uncharged,Non-ionizable,ClC1(Cl)C2(Cl)C3(Cl)C4(Cl)C(Cl)(Cl)C5(Cl)C3(Cl)C1(Cl)C5(Cl)C24Cl
2207,B-1864,-3.9507,ClC1=CC=CC(=C1)N=C=S,0.0,G1,B,,,Uncharged,Non-ionizable,S=C=Nc1cccc(Cl)c1
2208,B-1865,-2.983,C#CCCCCCC#C,0.0,G1,B,,,Uncharged,Non-ionizable,C#CCCCCCC#C
2209,B-1867,-1.5687,CCCCOP(=O)(CC)OCCCC,0.0,G1,B,,,Uncharged,Non-ionizable,CCCCOP(=O)(CC)OCCCC
2210,B-1868,-1.4155,CCCCOP(C)(=O)OCCCC,0.0,G1,B,,,Uncharged,Non-ionizable,CCCCOP(C)(=O)OCCCC
2211,B-1871,-6.5648,CC1=C2C=CC=CC2=CC2=C1C1=C(C=CC=C1)C=C2,0.0,G1,B,,,Uncharged,Non-ionizable,Cc1c2ccccc2cc2ccc3ccccc3c12
2212,B-1873,-0.8135,CCCCOCC1CO1,0.0,G1,B,,,Uncharged,Non-ionizable,CCCCOCC1CO1
2213,B-1875,-0.1191,CC1=NC2=NC=CN=C2C=N1,0.172683918,G5,B,,,Uncharged,Non-ionizable,Cc1ncc2nccnc2n1
2214,B-1876,-0.4658,CC1=NC=NC2=NC=CN=C12,0.169004694,G5,B,,,Uncharged,Non-ionizable,Cc1ncnc2nccnc12
2215,B-1878,-5.3698,CC1=CC2=NC3=C(SC(=O)S3)N=C2C=C1,0.0,G1,B,,,Uncharged,Non-ionizable,Cc1ccc2nc3sc(=O)sc3nc2c1
2216,B-1880,-1.7815,COC1=CC=CC=C1C(N)=O,0.0,G1,B,,,Uncharged,Non-ionizable,COc1ccccc1C(N)=O
2217,B-1883,-4.7999,ClC1=CC=C(OC2=CC=C(Cl)C=C2)C=C1,0.0,G1,B,,,Uncharged,Non-ionizable,Clc1ccc(Oc2ccc(Cl)cc2)cc1
2218,B-1884,-1.6774,CC(C)(O)C1CCC(C)(O)CC1,0.0,G1,B,,,Uncharged,Non-ionizable,CC1(O)CCC(C(C)(C)O)CC1
2219,B-1890,-2.5403,CCOP(=S)(OCC)SCCS(=O)(=O)CC,0.0,G1,B,,,Uncharged,Non-ionizable,CCOP(=S)(OCC)SCCS(=O)(=O)CC
2220,B-1891,-7.31,CC1=C2C=CC=CC2=CC2=C1C=C(F)C1=C2C=CC=C1,0.0,G1,B,,,Uncharged,Non-ionizable,Cc1c2ccccc2cc2c1cc(F)c1ccccc12
2221,B-1892,-6.644,CC1=CC=CC2=C1C1=C(C=C2)C=C2C=CC=CC2=C1,0.0,G1,B,,,Uncharged,Non-ionizable,Cc1cccc2ccc3cc4ccccc4cc3c12
2222,B-1894,-3.4746,CCCCOP(=O)(OCCCC)OC1=CC=CC=C1,0.0,G1,B,,,Uncharged,Non-ionizable,CCCCOP(=O)(OCCCC)Oc1ccccc1
2223,B-1895,-4.1836,COC(=O)C1(O)C2=CC=CC=C2C2=CC=C(Cl)C=C12,0.0,G1,B,,,Uncharged,Non-ionizable,COC(=O)C1(O)c2ccccc2-c2ccc(Cl)cc21
2224,B-1898,-7.31,CC1=C2C=CC=CC2=CC2=C1C(F)=CC1=C2C=CC=C1,0.0,G1,B,,,Uncharged,Non-ionizable,Cc1c2ccccc2cc2c1c(F)cc1ccccc12
2225,B-1899,-7.343,CC1=C2C=CC=CC2=CC2=C1C=CC1=C2C=CC=C1,0.3515,G3,B,,,Uncharged,Non-ionizable,Cc1c2ccccc2cc2c1ccc1ccccc12
2226,B-1902,0.2919,CCC1OCCO1,0.0,G1,B,,,Uncharged,Non-ionizable,CCC1OCCO1
2227,B-1908,-1.5384,CCOP(=S)(OCC)SCS(=O)CC,0.0,G1,B,,,Uncharged,Non-ionizable,CCOP(=S)(OCC)SC[S+]([O-])CC
2228,B-1909,-2.5309,CCOP(=S)(OCC)SCS(=O)(=O)CC,0.0,G1,B,,,Uncharged,Non-ionizable,CCOP(=S)(OCC)SCS(=O)(=O)CC
2229,B-1910,-3.3254,CCOC1=NC(=NS1)C(Cl)(Cl)Cl,0.0,G1,B,,,Uncharged,Non-ionizable,CCOc1nc(C(Cl)(Cl)Cl)ns1
2230,B-1912,-4.4643,CCOC(=O)C(SP(=S)(OC)OC)C1=CC=CC=C1,0.0,G1,B,,,Uncharged,Non-ionizable,CCOC(=O)C(SP(=S)(OC)OC)c1ccccc1
2231,B-1913,-0.0821,C[Hg]C#N,0.0,G1,B,,,Uncharged,Non-ionizable,[CH3][Hg][C]#N
2232,B-1917,-1.3429,CN1C(=O)N(C)C2=NC(C)=C(C)N=C2C1=O,0.0,G1,B,,,Uncharged,Non-ionizable,Cc1nc2c(=O)n(C)c(=O)n(C)c2nc1C
2233,B-1921,-4.5171,CCOP(=S)(OCC)SCN1N=NC2=CC=CC=C2C1=O,0.0,G1,B,,,Uncharged,Non-ionizable,CCOP(=S)(OCC)SCn1nnc2ccccc2c1=O
2234,B-1924,-4.413,COC1=CC(Cl)=C(OC)C=C1Cl,0.0,G1,B,,,Uncharged,Non-ionizable,COc1cc(Cl)c(OC)cc1Cl
2235,B-1926,-4.7796,ClC1=CC=CC=C1OC1=CC=CC=C1,0.0,G1,B,,,Uncharged,Non-ionizable,Clc1ccccc1Oc1ccccc1
2236,B-1927,-1.1466,CCCCOP(=O)(OCC)OCC,0.0,G1,B,,,Uncharged,Non-ionizable,CCCCOP(=O)(OCC)OCC
2237,B-1931,-3.4588,COC1=CC(Cl)=C(Cl)C=C1OC,0.0,G1,B,,,Uncharged,Non-ionizable,COc1cc(Cl)c(Cl)cc1OC
2238,B-1932,0.7286,COC1=COC(CSP(=O)(OC)OC)=CC1=O,0.0,G1,B,,,Uncharged,Non-ionizable,COc1coc(CSP(=O)(OC)OC)cc1=O
2239,B-1939,-1.959,FC(Cl)C(F)(F)F,0.0,G1,B,,,Uncharged,Non-ionizable,FC(Cl)C(F)(F)F
2240,B-1940,-2.783,COC1=CC=CC(Cl)=C1,0.0,G1,B,,,Uncharged,Non-ionizable,COc1cccc(Cl)c1
2241,B-1942,-0.3567,O=C1CCCC1C#N,0.0,G1,B,,,Uncharged,Non-ionizable,N#CC1CCCC1=O
2242,B-1944,-2.8999,C=CCOP(=O)(OCC=C)C1=CC=CC=C1,0.0,G1,B,,,Uncharged,Non-ionizable,C=CCOP(=O)(OCC=C)c1ccccc1
2243,B-1945,-1.7166,CCCCOP(=O)(CCCC)CCCC,0.0,G1,B,,,Uncharged,Non-ionizable,CCCCOP(=O)(CCCC)CCCC
2244,B-1948,-6.4001,ClC1=CC=C(C=C1)C1=CC=CC(Cl)=C1,0.0,G1,B,,,Uncharged,Non-ionizable,Clc1ccc(-c2cccc(Cl)c2)cc1
2245,B-1950,-0.6994,CCOC(=O)C(C)OC(C)=O,0.0,G1,B,,,Uncharged,Non-ionizable,CCOC(=O)C(C)OC(C)=O
2246,B-1956,-1.8476,CC(Br)CCl,0.0,G1,B,,,Uncharged,Non-ionizable,CC(Br)CCl
2247,B-1962,-3.3396,C=CCCCC=C,0.0,G1,B,,,Uncharged,Non-ionizable,C=CCCCC=C
2248,B-1963,-4.8532,CC1CCCC(C)(C)C1,0.0,G1,B,,,Uncharged,Non-ionizable,CC1CCCC(C)(C)C1
2249,B-1967,-1.5402,CC(C)(C)CCCO,0.0054,G3,B,,,Uncharged,Non-ionizable,CC(C)(C)CCCO
2250,B-1972,-0.3226,OCC(O)C(O)C(O)C(O)C(O)C=O,0.0,G1,B,,,Uncharged,Non-ionizable,O=CC(O)C(O)C(O)C(O)C(O)CO
2251,B-1977,-7.8728,BrC1CCC(Br)C(Br)CCC(Br)C(Br)CCC1Br,0.0,G1,B,,,Uncharged,Non-ionizable,BrC1CCC(Br)C(Br)CCC(Br)C(Br)CCC1Br
2252,B-1978,-0.7276,CC(C)COC(=O)C(C)(C)O,0.0,G1,B,,,Uncharged,Non-ionizable,CC(C)COC(=O)C(C)(C)O
2253,B-1981,-5.3844,BrCC(CBr)(CBr)CBr,0.0,G1,B,,,Uncharged,Non-ionizable,BrCC(CBr)(CBr)CBr
2254,B-1982,-4.1009,CCCOP(=S)(OCCC)OP(=S)(OCCC)OCCC,0.0,G1,B,,,Uncharged,Non-ionizable,CCCOP(=S)(OCCC)OP(=S)(OCCC)OCCC
2255,B-1984,-0.9634,CCC(=O)OOC(=O)CC,0.0,G1,B,,,Uncharged,Non-ionizable,CCC(=O)OOC(=O)CC
2256,B-1990,0.3722,OCC(O)C(O)C(O)C(O)C(O)CO,0.0,G1,B,,,Uncharged,Non-ionizable,OCC(O)C(O)C(O)C(O)C(O)CO
2257,B-1991,-0.7034,ON=C1CCCC=C1,0.0,G1,B,,,Uncharged,Non-ionizable,ON=C1C=CCCC1
2258,B-1993,-2.391,C=CCCN=C=S,0.0,G1,B,,,Uncharged,Non-ionizable,C=CCCN=C=S
2259,B-1997,-6.3563,ClC(Cl)=C(C1=CC=C(Cl)C=C1)C1=CC=CC=C1Cl,0.0,G1,B,,,Uncharged,Non-ionizable,ClC(Cl)=C(c1ccc(Cl)cc1)c1ccccc1Cl
2260,B-1998,-2.2994,CN1C2=N[Se]N=C2C(=O)N(C)C1=O,0.0,G1,B,,,Uncharged,Non-ionizable,Cn1c(=O)c2n[se]nc2n(C)c1=O
2261,B-2002,-5.428,ClC1=C(Cl)C2=NC=CN=C2C(Cl)=C1Cl,0.0,G1,B,,,Uncharged,Non-ionizable,Clc1c(Cl)c(Cl)c2nccnc2c1Cl
2262,B-2003,-5.0474,CC(C)CCC(C)(C)C,0.0,G1,B,,,Uncharged,Non-ionizable,CC(C)CCC(C)(C)C
2263,B-2006,-0.0058,OCC1OC2(COC3(CO2)OC(CO)C(O)C3O)C(O)C1O,0.0,G1,B,,,Uncharged,Non-ionizable,OCC1OC2(COC3(CO2)OC(CO)C(O)C3O)C(O)C1O
2264,B-2011,-3.5677,FC(F)(F)C1=NC2=CC=C(Cl)C(Cl)=C2N1,0.0,G1,B,,,Uncharged,Non-ionizable,FC(F)(F)c1nc2ccc(Cl)c(Cl)c2[nH]1
2265,B-2018,-3.699,COC1=CC(OC)=C2C(OC3(C(C)CC(=O)C=C3OC)C2=O)=C1,0.0,G1,B,,,Uncharged,Non-ionizable,COC1=CC(=O)CC(C)C12Oc1cc(OC)cc(OC)c1C2=O
2266,B-2019,-0.1554,CCOC(C)C(=O)C=O,0.0,G1,B,,,Uncharged,Non-ionizable,CCOC(C)C(=O)C=O
2267,B-2021,-6.592,CC1=CC2=C(C=CC=C2)C2=C1C1=C(C=CC=C1)C=C2,0.0,G1,B,,,Uncharged,Non-ionizable,Cc1cc2ccccc2c2ccc3ccccc3c12
2268,B-2022,-7.0109,CC1=C(C)C2=C(C=CC3=C2C=CC=C3)C2=C1C=CC=C2,0.0,G1,B,,,Uncharged,Non-ionizable,Cc1c(C)c2c3ccccc3ccc2c2ccccc12
2269,B-2023,-6.796,CCC1=C2C=CC=CC2=CC2=C1C=CC1=C2C=CC=C1,0.018,G3,B,,,Uncharged,Non-ionizable,CCc1c2ccccc2cc2c1ccc1ccccc12
2270,B-2024,-2.1693,NS(=O)(=O)C1=CC(=CC=C1)S(N)(=O)=O,0.0,G1,B,,,Uncharged,Non-ionizable,NS(=O)(=O)c1cccc(S(N)(=O)=O)c1
2271,B-2030,-4.9544,ClC1=CC(Cl)=NC(=N1)C1=CC=CC=C1,0.0,G1,B,,,Uncharged,Non-ionizable,Clc1cc(Cl)nc(-c2ccccc2)n1
2272,B-2031,-6.0863,CCCCCC1CCCC1,0.0,G1,B,,,Uncharged,Non-ionizable,CCCCCC1CCCC1
2273,B-2040,-3.414,N1C2=CC=CC=C2N=C1C1=CC=CO1,0.038,G3,B,,,Uncharged,Non-ionizable,c1coc(-c2nc3ccccc3[nH]2)c1
2274,B-2043,-1.4486,ClCCS(=O)(=O)CCS(=O)(=O)CCCl,0.0,G1,B,,,Uncharged,Non-ionizable,O=S(=O)(CCCl)CCS(=O)(=O)CCCl
2275,B-2046,-1.1514,CCC(O)C(C)(C)C,0.0,G1,B,,,Uncharged,Non-ionizable,CCC(O)C(C)(C)C
2276,B-2050,-0.7616,COCC(=O)C1=CC=CC=C1,0.0,G1,B,,,Uncharged,Non-ionizable,COCC(=O)c1ccccc1
2277,B-2052,0.3621,CC=CCO,0.38995,G3,B,,,Uncharged,Non-ionizable,CC=CCO
2278,B-2055,-1.2909,CCCCOCCC(=O)OC,0.0,G1,B,,,Uncharged,Non-ionizable,CCCCOCCC(=O)OC
2279,B-2060,-1.2135,CCCCOC(=O)CCOC,0.0,G1,B,,,Uncharged,Non-ionizable,CCCCOC(=O)CCOC
2280,B-2063,-1.9424,CCC1=CNC(=O)NC1=O,0.0,G1,B,,,Uncharged,Non-ionizable,CCc1c[nH]c(=O)[nH]c1=O
2281,B-2067,-5.7023,ClC1=CC=C(C=C1)N=NC1=CC=CC=C1,0.0,G1,B,,,Uncharged,Non-ionizable,Clc1ccc(N=Nc2ccccc2)cc1
2282,B-2069,-2.7078,O=C1CC2=C(O1)C=CC1=CC=CC=C21,0.0,G1,B,,,Uncharged,Non-ionizable,O=C1Cc2c(ccc3ccccc23)O1
2283,B-2073,-2.7186,CCOC(=O)C1=C(C)C(CC)=C(N1)C=O,0.0,G1,B,,,Uncharged,Non-ionizable,CCOC(=O)c1[nH]c(C=O)c(CC)c1C
2284,B-2077,-2.5525,CCC(=NO)C(CC)=NO,0.0,G1,B,,,Uncharged,Non-ionizable,CCC(=NO)C(CC)=NO
2285,B-2080,-4.4784,CC1CCC(C)(C)C1,0.0,G1,B,,,Uncharged,Non-ionizable,CC1CCC(C)(C)C1
2286,B-2083,0.586,O=C1NC=NC=C1,0.0,G1,B,,,Uncharged,Non-ionizable,O=c1ccnc[nH]1
2287,B-2085,0.3797,CC(=O)C1(C)CO1,0.0,G1,B,,,Uncharged,Non-ionizable,CC(=O)C1(C)CO1
2288,B-2087,0.3487,OCC1OC(O)(CO)C(O)C1OC1OC(CO)C(O)C(O)C1O,0.0,G1,B,,,Uncharged,Non-ionizable,OCC1OC(OC2C(CO)OC(O)(CO)C2O)C(O)C(O)C1O
2289,B-2091,-1.8507,CC1(C)C2CCC(C)(C2)C1=O,0.0,G1,B,,,Uncharged,Non-ionizable,CC12CCC(C1)C(C)(C)C2=O
2290,B-2092,-1.1482,NP(N)(=O)C1=CC=CC=C1,0.0,G1,B,,,Uncharged,Non-ionizable,NP(N)(=O)c1ccccc1
2291,B-2101,-0.4287,CC=CC#N,0.0,G1,B,,,Uncharged,Non-ionizable,CC=CC#N
2292,B-2102,-0.5993,CCCC(O)C=C,0.0,G1,B,,,Uncharged,Non-ionizable,C=CC(O)CCC
2293,B-2103,-0.515,CC(C)C(O)C=C,0.0075,G3,B,,,Uncharged,Non-ionizable,C=CC(O)C(C)C
2294,B-2104,-0.4198,CCC(O)C=CC,0.0099,G3,B,,,Uncharged,Non-ionizable,CC=CC(O)CC
2295,B-2108,-1.2899,CCCCOC(=O)CCO,0.0,G1,B,,,Uncharged,Non-ionizable,CCCCOC(=O)CCO
2296,B-2125,-1.9408,ClCCS(=O)(=O)CCOCCS(=O)(=O)CCCl,0.0,G1,B,,,Uncharged,Non-ionizable,O=S(=O)(CCCl)CCOCCS(=O)(=O)CCCl
2297,B-2136,-1.5537,OCC(O)C1OC(OC2=CC=CC=C2)C(O)C(O)C1O,0.0,G1,B,,,Uncharged,Non-ionizable,OCC(O)C1OC(Oc2ccccc2)C(O)C(O)C1O
2298,B-2142,-0.6598,CCCOC(=O)CCOC,0.0,G1,B,,,Uncharged,Non-ionizable,CCCOC(=O)CCOC
2299,B-2143,0.055,COC(OC)C=CC(OC)OC,0.0,G1,B,,,Uncharged,Non-ionizable,COC(C=CC(OC)OC)OC
2300,B-2146,-1.425,NNP(=S)(NN)C1=CC=CC=C1,0.0,G1,B,,,Uncharged,Non-ionizable,NNP(=S)(NN)c1ccccc1
2301,B-2148,-7.2135,ClC1=CC2=C(OC3=C2C=C(Cl)C=C3)C=C1,0.0,G1,B,,,Uncharged,Non-ionizable,Clc1ccc2oc3ccc(Cl)cc3c2c1
2302,B-2150,-0.7536,CCCCOC(=O)C(C)OC(C)=O,0.0,G1,B,,,Uncharged,Non-ionizable,CCCCOC(=O)C(C)OC(C)=O
2303,B-2151,-1.5687,CCC1=NC2=C(N1C)C(=O)N(C)C(=O)N2C,0.0,G1,B,,,Uncharged,Non-ionizable,CCc1nc2c(c(=O)n(C)c(=O)n2C)n1C
2304,B-2158,-1.5255,CCOC(=O)C1=C(C)OC(C)=C(C(=O)OCC)C1=O,0.0,G1,B,,,Uncharged,Non-ionizable,CCOC(=O)c1c(C)oc(C)c(C(=O)OCC)c1=O
2305,B-2162,-1.2726,CCCCCCCCOC(=O)C(C)O,0.0,G1,B,,,Uncharged,Non-ionizable,CCCCCCCCOC(=O)C(C)O
2306,B-2170,-1.7356,CCCCC(C)(O)CC,0.0664,G3,B,,,Uncharged,Non-ionizable,CCCCC(C)(O)CC
2307,B-2173,-5.1244,CC(C)(C)CC(=O)OCC(=O)C12OC(C)(C)OC1CC1C3CCC4=CC(=O)C=CC4(C)C3(F)C(O)CC21C,0.0,G1,B,,,Uncharged,Non-ionizable,CC(C)(C)CC(=O)OCC(=O)C12OC(C)(C)OC1CC1C3CCC4=CC(=O)C=CC4(C)C3(F)C(O)CC12C
2308,B-2174,-0.6407,CCOC1CC1,0.0,G1,B,,,Uncharged,Non-ionizable,CCOC1CC1
2309,B-2179,-0.1277,CCOCOCOCC,0.0,G1,B,,,Uncharged,Non-ionizable,CCOCOCOCC
2310,B-2180,-3.3062,O=C1OCC2=C1C1=CC=CC=C1C=C2,0.0,G1,B,,,Uncharged,Non-ionizable,O=C1OCc2ccc3ccccc3c21
2311,B-2188,-0.2059,CCOC(OCC)C(C)=O,0.0,G1,B,,,Uncharged,Non-ionizable,CCOC(OCC)C(C)=O
2312,B-2191,-5.3544,CC(C)OC(=O)C(O)(C1=CC=C(Cl)C=C1)C1=CC=C(Cl)C=C1,0.4122,G3,B,,,Uncharged,Non-ionizable,CC(C)OC(=O)C(O)(c1ccc(Cl)cc1)c1ccc(Cl)cc1
2313,B-2194,-2.4845,CC1=C(Cl)C(=O)N(C(=O)N1)C(C)(C)C,0.0,G1,B,,,Uncharged,Non-ionizable,Cc1[nH]c(=O)n(C(C)(C)C)c(=O)c1Cl
2314,B-2195,-4.3981,COP(=S)(OC)SSP(=S)(OC)OC,0.0,G1,B,,,Uncharged,Non-ionizable,COP(=S)(OC)SSP(=S)(OC)OC
2315,B-2198,-0.8167,OCC1OC(OC2C(O)C(O)C(O)OC2CO)C(O)C(O)C1O,0.0,G1,B,,,Uncharged,Non-ionizable,OCC1OC(OC2C(CO)OC(O)C(O)C2O)C(O)C(O)C1O
2316,B-2207,-0.9481,CCC(O)C(Cl)(Cl)Cl,0.0,G1,B,,,Uncharged,Non-ionizable,CCC(O)C(Cl)(Cl)Cl
2317,B-2209,-0.3695,CC(C)CC1OCCO1,0.0,G1,B,,,Uncharged,Non-ionizable,CC(C)CC1OCCO1
2318,B-2223,-0.6826,CC(O)C(=O)OC(C)C(=O)OCC=C,0.0,G1,B,,,Uncharged,Non-ionizable,C=CCOC(=O)C(C)OC(=O)C(C)O
2319,B-2225,-0.2617,COC(=O)C(C)OC(C)=O,0.0,G1,B,,,Uncharged,Non-ionizable,COC(=O)C(C)OC(C)=O
2320,B-2229,-1.6007,CC(C)CC(C)CO,0.0,G1,B,,,Uncharged,Non-ionizable,CC(C)CC(C)CO
2321,B-2230,-2.3015,NC(=O)C1=CC=C(C=C1)S(N)(=O)=O,0.0,G1,B,,,Uncharged,Non-ionizable,NC(=O)c1ccc(S(N)(=O)=O)cc1
2322,B-2231,-2.2558,CC1=CN(CC2=CC=CC=C2)C(=O)NC1=O,0.0,G1,B,,,Uncharged,Non-ionizable,Cc1cn(Cc2ccccc2)c(=O)[nH]c1=O
2323,B-2240,-2.9196,CC=CC(=O)OC1CC2OC3C=C(C)C(=O)CC3(C)C1(C)C21CO1,0.0,G1,B,,,Uncharged,Non-ionizable,CC=CC(=O)OC1CC2OC3C=C(C)C(=O)CC3(C)C1(C)C21CO1
2324,B-2241,-1.2047,CCCCCOC(=O)C(C)O,0.0,G1,B,,,Uncharged,Non-ionizable,CCCCCOC(=O)C(C)O
2325,B-2244,-4.2107,ClC1=CC=CC(OC2=CC=CC=C2)=C1,0.0,G1,B,,,Uncharged,Non-ionizable,Clc1cccc(Oc2ccccc2)c1
2326,B-2245,-2.0608,CC(=C)C1CC=C(C)C(=O)C1,0.0,G1,B,,,Uncharged,Non-ionizable,C=C(C)C1CC=C(C)C(=O)C1
2327,B-2249,-0.558,CN1C=NC2=C1C(=O)N(CCCCC(C)=O)C(=O)N2C,0.0,G1,B,,,Uncharged,Non-ionizable,CC(=O)CCCCn1c(=O)c2c(ncn2C)n(C)c1=O
2328,B-2251,-5.2567,CCC12CCC3C(CCC4=CC(=O)CCC34)C1CCC2(O)C#C,0.0,G1,B,,,Uncharged,Non-ionizable,C#CC1(O)CCC2C3CCC4=CC(=O)CCC4C3CCC21CC
2329,B-2252,-1.96,O=CCC1=CC=C2OCOC2=C1,0.0,G1,B,,,Uncharged,Non-ionizable,O=CCc1ccc2c(c1)OCO2
2330,B-2256,-1.9937,ON=C1CCCC1=NO,0.0,G1,B,,,Uncharged,Non-ionizable,ON=C1CCCC1=NO
2331,B-2265,-0.7306,CCC(C)OC,0.0,G1,B,,,Uncharged,Non-ionizable,CCC(C)OC
2332,B-2266,0.481,OCC(CO)OCC=C,0.0,G1,B,,,Uncharged,Non-ionizable,C=CCOC(CO)CO
2333,B-2270,-4.3341,CC1CCCCC1C,0.0,G1,B,,,Uncharged,Non-ionizable,CC1CCCCC1C
2334,B-2274,-5.52,ClC1=CC=C(OC2=CC=CC=C2Cl)C=C1,0.0,G1,B,,,Uncharged,Non-ionizable,Clc1ccc(Oc2ccccc2Cl)cc1
2335,B-2278,-5.1307,COC1=C(Cl)C(Cl)=CC(Cl)=C1Cl,0.0,G1,B,,,Uncharged,Non-ionizable,COc1c(Cl)c(Cl)cc(Cl)c1Cl
2336,B-2281,-1.2558,OCCCOC(=O)C1=CC=CC=C1,0.0,G1,B,,,Uncharged,Non-ionizable,O=C(OCCCO)c1ccccc1
2337,B-2285,-4.7925,ClC1=CC=C(OC2=CC=CC=C2)C=C1,0.0,G1,B,,,Uncharged,Non-ionizable,Clc1ccc(Oc2ccccc2)cc1
2338,B-2287,-4.1898,CC(C)C1=CC=CC=C1Br,0.0,G1,B,,,Uncharged,Non-ionizable,CC(C)c1ccccc1Br
2339,B-2289,-1.2005,CCCCP(=O)(CCCC)OCC,0.0,G1,B,,,Uncharged,Non-ionizable,CCCCP(=O)(CCCC)OCC
2340,B-2293,-1.8456,CCCCOP(=O)(OCC)OCCCC,0.0,G1,B,,,Uncharged,Non-ionizable,CCCCOP(=O)(OCC)OCCCC
2341,B-2294,-1.4995,CCCCOP(=O)(OC)OCCCC,0.0,G1,B,,,Uncharged,Non-ionizable,CCCCOP(=O)(OC)OCCCC
2342,B-2297,-1.2708,CCC(C)(O)C(C)(C)C,0.0,G1,B,,,Uncharged,Non-ionizable,CCC(C)(O)C(C)(C)C
2343,B-2304,-7.2006,ClC12C3C4CC(C=O)C5C4C(Cl)(C13Cl)C(Cl)(Cl)C25Cl,0.0,G1,B,,,Uncharged,Non-ionizable,O=CC1CC2C3C1C1(Cl)C(Cl)(Cl)C3(Cl)C3(Cl)C2C13Cl
2344,B-2305,0.2235,O=S=O,0.0,G1,B,,,Uncharged,Non-ionizable,O=S=O
2345,B-2311,-1.246,COC1(C)COC(C)(CO1)OC,0.0,G1,B,,,Uncharged,Non-ionizable,COC1(C)COC(C)(OC)CO1
2346,B-2314,-3.0948,OCC1=CC(Cl)=C(Cl)C(Cl)=C1,0.0,G1,B,,,Uncharged,Non-ionizable,OCc1cc(Cl)c(Cl)c(Cl)c1
2347,B-2315,-2.886,II,0.0,G1,B,,,Uncharged,Non-ionizable,II
2348,B-2317,-2.2886,CCCCSS(=O)CCCC,0.0,G1,B,,,Uncharged,Non-ionizable,CCCCS[S+]([O-])CCCC
2349,B-2319,-2.3541,CC(Cl)C(C)Cl,0.17295,G3,B,,,Uncharged,Non-ionizable,CC(Cl)C(C)Cl
2350,B-2327,-2.4973,COP(=O)(OC)OC(C)=CC(=O)OC(C)C1=CC=CC=C1,0.0,G1,B,,,Uncharged,Non-ionizable,COP(=O)(OC)OC(C)=CC(=O)OC(C)c1ccccc1
2351,B-2331,-0.1901,N#N,0.0,G1,B,,,Uncharged,Non-ionizable,N#N
2352,B-2334,0.0691,O=O,0.0,G1,B,,,Uncharged,Non-ionizable,O=O
2353,B-2335,-1.0513,ClCl,0.041342722,G5,B,,,Uncharged,Non-ionizable,ClCl
2354,B-2337,0.4276,COC(=O)C=C(C)OP(=O)(OC)OC,0.11095,G3,B,,,Uncharged,Non-ionizable,COC(=O)C=C(C)OP(=O)(OC)OC
2355,B-2338,-1.8898,CCC(Cl)(Cl)Cl,0.0,G1,B,,,Uncharged,Non-ionizable,CCC(Cl)(Cl)Cl
2356,B-2340,-3.9351,CCOP(=S)(OCC)OCCSCC,0.0,G1,B,,,Uncharged,Non-ionizable,CCOP(=S)(OCC)OCCSCC
2357,B-2342,-2.125,CCCCCCCCOCCO,0.0,G1,B,,,Uncharged,Non-ionizable,CCCCCCCCOCCO
2358,B-2343,0.3048,CC(C)C(O)C#N,0.0,G1,B,,,Uncharged,Non-ionizable,CC(C)C(O)C#N
2359,B-2344,-1.3528,CCC(CC)COC(C)=O,0.0,G1,B,,,Uncharged,Non-ionizable,CCC(CC)COC(C)=O
2360,B-2346,-1.598,ClCC=CCl,0.0,G1,B,,,Uncharged,Non-ionizable,ClC=CCCl
2361,B-2349,-1.2075,NC(=O)C(Br)(Br)C#N,0.0,G1,B,,,Uncharged,Non-ionizable,N#CC(Br)(Br)C(N)=O
2362,B-2351,0.8504,COP(N)(=O)SC,0.0,G1,B,,,Uncharged,Non-ionizable,COP(N)(=O)SC
2363,B-2357,-0.9249,CC1(C)C2CCC1(C)C(=O)C2O,0.0,G1,B,,,Uncharged,Non-ionizable,CC12CCC(C(O)C1=O)C2(C)C
2364,B-2359,-1.9208,CCCCCCCCOCC(O)CO,0.0,G1,B,,,Uncharged,Non-ionizable,CCCCCCCCOCC(O)CO
2365,B-2360,-4.4095,CCOC(=O)CCCOC1=CC=C(Cl)C=C1C,0.0,G1,B,,,Uncharged,Non-ionizable,CCOC(=O)CCCOc1ccc(Cl)cc1C
2366,B-2364,0.5112,CCOP(=O)(OC)OC,0.0,G1,B,,,Uncharged,Non-ionizable,CCOP(=O)(OC)OC
2367,B-2365,-2.4421,CCOP(=S)(OCC)SCS(=O)C(C)(C)C,0.0,G1,B,,,Uncharged,Non-ionizable,CCOP(=S)(OCC)SC[S+]([O-])C(C)(C)C
2368,B-2368,-3.4428,COC(=O)C1(O)OCC23C4C(OCC4(C(CC2OC(=O)C(C)=CC)OC(C)=O)C(=O)OC)C(O)C(C)(C13)C12OC1(C)C1CC2OC2OC=CC12O,0.0,G1,B,,,Uncharged,Non-ionizable,CC=C(C)C(=O)OC1CC(OC(C)=O)C2(C(=O)OC)COC3C2C12COC(O)(C(=O)OC)C2C(C)(C12OC1(C)C1CC2OC2OC=CC21O)C3O
2369,B-2370,-3.8762,CC1=CCC=C1,0.231217876,G3,B,,Multi-constituent Substances,Uncharged,Non-ionizable,CC1=CCC=C1
2370,B-2374,-2.5959,COC1=CC=C(C=C1)C(O)(C1CC1)C1=CN=CN=C1,0.0,G1,B,,,Uncharged,Non-ionizable,COc1ccc(C(O)(c2cncnc2)C2CC2)cc1
2371,B-2375,0.0549,CC(C)OCC(O)COC(C)C,0.0,G1,B,,,Uncharged,Non-ionizable,CC(C)OCC(O)COC(C)C
2372,B-2377,-2.5785,ClCC(Cl)(Cl)CCl,0.0,G1,B,,,Uncharged,Non-ionizable,ClCC(Cl)(Cl)CCl
2373,B-2378,-1.94,COC1C(O)C(COC2C(O)CC(O)OC2C)OC(OC2CCC3(C)C4CCC5(C)C(CCC5(O)C4CCC3(O)C2)C2=CC(=O)OC2)C1O,0.0,G1,B,,,Uncharged,Non-ionizable,COC1C(O)C(COC2C(O)CC(O)OC2C)OC(OC2CCC3(C)C4CCC5(C)C(C6=CC(=O)OC6)CCC5(O)C4CCC3(O)C2)C1O
2374,B-2383,-2.5094,CCCSP(=O)(OCC)SCCC,0.0,G1,B,,,Uncharged,Non-ionizable,CCCSP(=O)(OCC)SCCC
2375,B-2387,-2.4155,CCOP(=O)(OCC)SCC1=CC=CC=C1,0.0,G1,B,,,Uncharged,Non-ionizable,CCOP(=O)(OCC)SCc1ccccc1
2376,B-2391,-1.4598,CN1C(=O)N(C)C2=NC=CN=C2C1=O,0.0,G1,B,,,Uncharged,Non-ionizable,Cn1c(=O)c2nccnc2n(C)c1=O
2377,B-2395,-4.9489,CCOC(=O)C1=CN2N=C(OP(=S)(OCC)OCC)C=C2N=C1C,0.0,G1,B,,,Uncharged,Non-ionizable,CCOC(=O)c1cn2nc(OP(=S)(OCC)OCC)cc2nc1C
2378,B-2396,-1.7423,IC1=CNC(=O)C=C1,0.0,G1,B,,,Uncharged,Non-ionizable,O=c1ccc(I)c[nH]1
2379,B-2399,-1.3752,CCCCOC(=O)C(C)OC(=O)C(C)O,0.0,G1,B,,,Uncharged,Non-ionizable,CCCCOC(=O)C(C)OC(=O)C(C)O
2380,B-2402,-13.1719,ClC1=C(Cl)C2(Cl)C3CCC4C(CCC3C1(Cl)C2(Cl)Cl)C1(Cl)C(Cl)=C(Cl)C4(Cl)C1(Cl)Cl,0.0,G1,B,,,Uncharged,Non-ionizable,ClC1=C(Cl)C2(Cl)C3CCC4C(CCC3C1(Cl)C2(Cl)Cl)C1(Cl)C(Cl)=C(Cl)C4(Cl)C1(Cl)Cl
2381,B-2403,-4.1322,CCOP(=S)(OCC)OC1=NC2=CC=CC=C2N=C1,0.0,G1,B,,,Uncharged,Non-ionizable,CCOP(=S)(OCC)Oc1cnc2ccccc2n1
2382,B-2406,-2.4361,CC(CCl)OP(=O)(OC(C)CCl)OC(C)CCl,0.072139215,G5,B,,,Uncharged,Non-ionizable,CC(CCl)OP(=O)(OC(C)CCl)OC(C)CCl
2383,B-2410,-4.9453,CC(=O)OC1(CCC2C3C=C(Cl)C4=CC(=O)C=CC4(C)C3CCC12C)C(C)=O,0.0,G1,B,,,Uncharged,Non-ionizable,CC(=O)OC1(C(C)=O)CCC2C3C=C(Cl)C4=CC(=O)C=CC4(C)C3CCC21C
2384,B-2419,-0.0719,CCOCCC(=O)OC,0.0,G1,B,,,Uncharged,Non-ionizable,CCOCCC(=O)OC
2385,B-2420,-1.6391,CCCCOC(=O)CCOCC,0.0,G1,B,,,Uncharged,Non-ionizable,CCCCOC(=O)CCOCC
2386,B-2421,-2.1956,CCCCCOC(=O)CCOCC,0.0,G1,B,,,Uncharged,Non-ionizable,CCCCCOC(=O)CCOCC
2387,B-2422,-2.8289,CCCCCCOC(=O)CCOCC,0.0,G1,B,,,Uncharged,Non-ionizable,CCCCCCOC(=O)CCOCC
2388,B-2423,-0.6334,CCCOCCC(=O)OC,0.0,G1,B,,,Uncharged,Non-ionizable,CCCOCCC(=O)OC
2389,B-2424,-1.6848,CCCOCCC(=O)OCCC,0.0,G1,B,,,Uncharged,Non-ionizable,CCCOCCC(=O)OCCC
2390,B-2425,-2.4029,CCCCOCCC(=O)OCCCC,0.0,G1,B,,,Uncharged,Non-ionizable,CCCCOCCC(=O)OCCCC
2391,B-2427,-4.6935,C1COC2=CC=CC=C2OCCOCCOC2=CC=CC=C2OCCO1,0.0,G1,B,,,Uncharged,Non-ionizable,c1ccc2c(c1)OCCOCCOc1ccccc1OCCOCCO2
2392,B-2429,-4.4603,FC(F)(F)C1=NC2=CC(Cl)=C(Cl)C=C2N1C(=O)OC1=CC=CC=C1,0.0,G1,B,,,Uncharged,Non-ionizable,O=C(Oc1ccccc1)n1c(C(F)(F)F)nc2cc(Cl)c(Cl)cc21
2393,B-2434,-2.4206,CCOC(=O)COC1=CC=C(Cl)C=C1,0.0,G1,B,,,Uncharged,Non-ionizable,CCOC(=O)COc1ccc(Cl)cc1
2394,B-2435,-3.7655,COC(=O)C(Cl)CC1=CC=C(Cl)C=C1,0.0,G1,B,,,Uncharged,Non-ionizable,COC(=O)C(Cl)Cc1ccc(Cl)cc1
2395,B-2436,-1.969,CC1=CC=CC=C1OC1=CC=CN=N1,0.0,G1,B,,,Uncharged,Non-ionizable,Cc1ccccc1Oc1cccnn1
2396,B-2437,-2.9804,CN1C(=O)NN(C1=O)C1=CC=CC=C1,0.0,G1,B,,,Uncharged,Non-ionizable,Cn1c(=O)[nH]n(-c2ccccc2)c1=O
2397,B-2438,-2.2273,NC(=O)C1=CC=CC=C1OCC=C,0.0,G1,B,,,Uncharged,Non-ionizable,C=CCOc1ccccc1C(N)=O
2398,B-2443,-1.9636,CCCC(C)C(O)CC,0.0,G1,B,,,Uncharged,Non-ionizable,CCCC(C)C(O)CC
2399,B-2444,-1.9644,CC1(C)CCC2(CCC(C)(C)O2)O1,0.0,G1,B,,,Uncharged,Non-ionizable,CC1(C)CCC2(CCC(C)(C)O2)O1
2400,B-2447,-2.7223,ClC(Cl)C(Cl)C(Cl)Cl,0.0,G1,B,,,Uncharged,Non-ionizable,ClC(Cl)C(Cl)C(Cl)Cl
2401,B-2461,-0.0798,CN=SC=NCO,0.0,G1,B,,,Uncharged,Non-ionizable,CN=[SH]C=NCO
2402,B-2462,0.2475,CC(OC(C)=O)C#N,0.0,G1,B,,,Uncharged,Non-ionizable,CC(=O)OC(C)C#N
2403,B-2466,-4.8108,CCCCC(C)(C)CCC,0.0,G1,B,,,Uncharged,Non-ionizable,CCCCC(C)(C)CCC
2404,B-2469,-0.5084,CCCCOCCOC(N)=O,0.0,G1,B,,,Uncharged,Non-ionizable,CCCCOCCOC(N)=O
2405,B-2470,-5.1467,OCC1=C(Cl)C(Cl)=C(Cl)C(Cl)=C1Cl,0.0,G1,B,,,Uncharged,Non-ionizable,OCc1c(Cl)c(Cl)c(Cl)c(Cl)c1Cl
2406,B-2474,-2.5687,CCCCCCP(=O)(OCC)OCC,0.0,G1,B,,,Uncharged,Non-ionizable,CCCCCCP(=O)(OCC)OCC
2407,B-2483,-0.2104,NC(=O)C(Cl)=C,0.0,G1,B,,,Uncharged,Non-ionizable,C=C(Cl)C(N)=O
2408,B-2484,-1.1001,C=COC1CC1,0.0,G1,B,,,Uncharged,Non-ionizable,C=COC1CC1
2409,B-2486,-1.5229,CC(=O)OC1C(OC2OC(C)(C)OC12)C1COC(C)(C)O1,0.0,G1,B,,,Uncharged,Non-ionizable,CC(=O)OC1C(C2COC(C)(C)O2)OC2OC(C)(C)OC21
2410,B-2489,-4.3701,COC1=CC(Cl)=C(Cl)C(Cl)=C1OC,0.0,G1,B,,,Uncharged,Non-ionizable,COc1cc(Cl)c(Cl)c(Cl)c1OC
2411,B-2492,-0.7472,CCOC(=O)CC1(C)CCC(=O)O1,0.0,G1,B,,,Uncharged,Non-ionizable,CCOC(=O)CC1(C)CCC(=O)O1
2412,B-2495,-1.7561,CSC1=NC2=NC=CN=C2C=N1,0.30195,G3,B,,,Uncharged,Non-ionizable,CSc1ncc2nccnc2n1
2413,B-2497,-2.5283,NS(=O)(=O)C1=CC=C(C=C1)S(N)(=O)=O,0.0,G1,B,,,Uncharged,Non-ionizable,NS(=O)(=O)c1ccc(S(N)(=O)=O)cc1
2414,B-2507,-2.3662,CC(C)OC(C)(C)C,0.0,G1,B,,,Uncharged,Non-ionizable,CC(C)OC(C)(C)C
2415,B-2511,-1.747,CCC1OC(=O)C2=CC=CC=C12,0.0,G1,B,,,Uncharged,Non-ionizable,CCC1OC(=O)c2ccccc21
2416,B-2515,-0.6916,CCC(CC#N)C#N,0.0,G1,B,,,Uncharged,Non-ionizable,CCC(C#N)CC#N
2417,B-2522,-2.9004,C=CCCCN=C=S,0.0,G1,B,,,Uncharged,Non-ionizable,C=CCCCN=C=S
2418,B-2529,-2.746,OCC1=CC=C(I)C=C1,0.0,G1,B,,,Uncharged,Non-ionizable,OCc1ccc(I)cc1
2419,B-2530,-1.5916,CC1CCCC(=NO)C1=NO,0.0,G1,B,,,Uncharged,Non-ionizable,CC1CCCC(=NO)C1=NO
2420,B-2531,-1.6622,CC1CCC(=NO)C(C1)=NO,0.0,G1,B,,,Uncharged,Non-ionizable,CC1CCC(=NO)C(=NO)C1
2421,B-2532,-2.3903,CC(C)C1CCC(=NO)C(C1)=NO,0.0,G1,B,,,Uncharged,Non-ionizable,CC(C)C1CCC(=NO)C(=NO)C1
2422,B-2534,-7.9743,CC1=CC=CC2=C1C(C)=CC1=C2C=C2C=CC=CC2=C1,0.0,G1,B,,,Uncharged,Non-ionizable,Cc1cccc2c1c(C)cc1cc3ccccc3cc12
2423,B-2535,-2.5813,ON=C1CCCCCCCCC1=NO,0.0,G1,B,,,Uncharged,Non-ionizable,ON=C1CCCCCCCCC1=NO
2424,B-2536,-0.5911,COC(=O)C1=COC(OC2OC(CO)C(O)C(O)C2O)C2C(C)C(O)CC12,0.0,G1,B,,,Uncharged,Non-ionizable,COC(=O)C1=COC(OC2OC(CO)C(O)C(O)C2O)C2C1CC(O)C2C
2425,B-2538,-0.0993,CCSS(=O)CC,0.0,G1,B,,,Uncharged,Non-ionizable,CCS[S+]([O-])CC
2426,B-2540,-0.5921,COC1CCCC(C)O1,0.0,G1,B,,,Uncharged,Non-ionizable,COC1CCCC(C)O1
2427,B-2541,-0.9249,CC1(C)OC2(C)CCC1CC2=O,0.0,G1,B,,,Uncharged,Non-ionizable,CC12CCC(CC1=O)C(C)(C)O2
2428,B-2543,-1.8122,CCCCC(O)C(C)C,0.0,G1,B,,,Uncharged,Non-ionizable,CCCCC(O)C(C)C
2429,B-2544,-1.8602,CCC(C)CC(O)CC,0.0,G1,B,,,Uncharged,Non-ionizable,CCC(C)CC(O)CC
2430,B-2545,-1.9272,CCC(O)CCC(C)C,0.0,G1,B,,,Uncharged,Non-ionizable,CCC(O)CCC(C)C
2431,B-2547,-5.2172,CCOP(=S)(OCC)OC1=NOC(=C1)C1=CC=CC=C1,0.0,G1,B,,,Uncharged,Non-ionizable,CCOP(=S)(OCC)Oc1cc(-c2ccccc2)on1
2432,B-2549,-2.158,OCC1=CC=CC=C1Br,0.0,G1,B,,,Uncharged,Non-ionizable,OCc1ccccc1Br
2433,B-2557,-2.6472,BrC1=CC=C2COC(=O)C2=C1,0.0,G1,B,,,Uncharged,Non-ionizable,O=C1OCc2ccc(Br)cc21
2434,B-2558,-2.5108,CCC(C)C(O)C(C)CC,0.0,G1,B,,,Uncharged,Non-ionizable,CCC(C)C(O)C(C)CC
2435,B-2561,-2.4817,ClC1=CC=C2COC(=O)C2=C1,0.0,G1,B,,,Uncharged,Non-ionizable,O=C1OCc2ccc(Cl)cc21
2436,B-2564,-1.7244,CCC(C)(O)C(O)C1=CC=CC=C1,0.0,G1,B,,,Uncharged,Non-ionizable,CCC(C)(O)C(O)c1ccccc1
2437,B-2568,-0.4471,BrC1=CN=CNC1=O,0.0,G1,B,,,Uncharged,Non-ionizable,O=c1[nH]cncc1Br
2438,B-2570,-2.2436,CC(CO)C(=O)OC1CC(C)=CCCC(CO)=CC2OC(=O)C(=C)C12,0.0,G1,B,,,Uncharged,Non-ionizable,C=C1C(=O)OC2C=C(CO)CCC=C(C)CC(OC(=O)C(C)CO)C12
2439,B-2572,-7.7954,ClC1=C(Cl)C2=CC=CC=C2C(Cl)=C1Cl,0.0,G1,B,,,Uncharged,Non-ionizable,Clc1c(Cl)c(Cl)c2ccccc2c1Cl
2440,B-2575,-4.2822,ClC(Cl)(Cl)CC(=C)C1=CC=CC=C1,0.0,G1,B,,,Uncharged,Non-ionizable,C=C(CC(Cl)(Cl)Cl)c1ccccc1
2441,B-2577,-1.4757,CCCCCOP(=O)(OCC)OCC,0.0,G1,B,,,Uncharged,Non-ionizable,CCCCCOP(=O)(OCC)OCC
2442,B-2579,-0.6238,CC(O)C(C)(C)C,0.0,G1,B,,,Uncharged,Non-ionizable,CC(O)C(C)(C)C
2443,B-2580,-2.0171,CCCCCC(O)CC,0.16184479,G5,B,,,Uncharged,Non-ionizable,CCCCCC(O)CC
2444,B-2581,-2.5415,CCS(=O)(=O)CCSP(=S)(OC)OC,0.0,G1,B,,,Uncharged,Non-ionizable,CCS(=O)(=O)CCSP(=S)(OC)OC
2445,B-2582,0.6855,COCC(C)OCC(C)OCC(C)O,0.0,G1,B,,,Uncharged,Non-ionizable,COCC(C)OCC(C)OCC(C)O
2446,B-2585,-0.215,CC1(C)C2CCC1(C)C(=O)C2CO,0.0,G1,B,,,Uncharged,Non-ionizable,CC12CCC(C(CO)C1=O)C2(C)C
2447,B-2590,-2.648,CCCC(O)(CCC)C(O)C1=CC=CC=C1,0.0,G1,B,,,Uncharged,Non-ionizable,CCCC(O)(CCC)C(O)c1ccccc1
2448,B-2591,-3.2225,CCCCC(O)(CCCC)C(O)C1=CC=CC=C1,0.0,G1,B,,,Uncharged,Non-ionizable,CCCCC(O)(CCCC)C(O)c1ccccc1
2449,B-2593,-4.0811,CC1OC(CC(O)C1O)OC1C(O)CC(OC2C(O)CC(OC3CCC4(C)C(CCC5C4CC(O)C4(C)C(CCC54O)C4=CC(=O)OC4)C3)OC2C)OC1C,0.0,G1,B,,,Uncharged,Non-ionizable,CC1OC(OC2C(O)CC(OC3C(O)CC(OC4CCC5(C)C(CCC6C5CC(O)C5(C)C(C7=CC(=O)OC7)CCC65O)C4)OC3C)OC2C)CC(O)C1O
2450,B-2595,-1.7618,S=C1NSC(=S)N1,0.0,G1,B,,,Uncharged,Non-ionizable,S=c1[nH]sc(=S)[nH]1
2451,B-2597,-5.3154,CC1CC(C)(C)C2=CC(C(C)=O)=C(C)C=C2C1(C)C,0.0,G1,B,,,Uncharged,Non-ionizable,CC(=O)c1cc2c(cc1C)C(C)(C)C(C)CC2(C)C
2452,B-2600,-0.2926,CC(Cl)C(C)(C)O,0.0,G1,B,,,Uncharged,Non-ionizable,CC(Cl)C(C)(C)O
2453,B-2602,-0.6835,CCOP(=O)(OCC)N=C1SCS1,0.0,G1,B,,,Uncharged,Non-ionizable,CCOP(=O)(N=C1SCS1)OCC
2454,B-2603,-3.2803,N#CSCSC1=NC2=CC=CC=C2S1,0.0,G1,B,,,Uncharged,Non-ionizable,N#CSCSc1nc2ccccc2s1
2455,B-2604,-1.9079,CCCC(O)CC(C)C,0.0,G1,B,,,Uncharged,Non-ionizable,CCCC(O)CC(C)C
2456,B-2607,-3.8279,CC(=O)OC(C1=CC=C(Cl)C(Cl)=C1)C(Cl)(Cl)Cl,0.0,G1,B,,,Uncharged,Non-ionizable,CC(=O)OC(c1ccc(Cl)c(Cl)c1)C(Cl)(Cl)Cl
2457,B-2614,-4.5221,COP(=O)(OC)OC(=CCl)C1=CC(Cl)=C(Cl)C=C1Cl,0.0,G1,B,,,Uncharged,Non-ionizable,COP(=O)(OC)OC(=CCl)c1cc(Cl)c(Cl)cc1Cl
2458,B-2624,-4.5746,CC(C)=CC1C(C(=O)OC2CC(=O)C(CC#C)=C2C)C1(C)C,0.0,G1,B,,,Uncharged,Non-ionizable,C#CCC1=C(C)C(OC(=O)C2C(C=C(C)C)C2(C)C)CC1=O
2459,B-2625,-0.7544,CCN1C=NC2=C1C(=O)N(C)C(=O)N2C,0.0,G1,B,,,Uncharged,Non-ionizable,CCn1cnc2c1c(=O)n(C)c(=O)n2C
2460,B-2628,-0.1551,CN1C2=C(N(CCCO)C=N2)C(=O)N(C)C1=O,0.0,G1,B,,,Uncharged,Non-ionizable,Cn1c(=O)c2c(ncn2CCCO)n(C)c1=O
2461,B-2632,-2.0011,COP(=O)(OC)OC1=C(Cl)C2C=CCC12,0.0,G1,B,,,Uncharged,Non-ionizable,COP(=O)(OC)OC1=C(Cl)C2C=CCC12
2462,B-2638,-1.1442,CC1=NC2=NC(C)=C(C)N=C2C=N1,0.0,G1,B,,,Uncharged,Non-ionizable,Cc1ncc2nc(C)c(C)nc2n1
2463,B-2642,-3.9049,CCOP(=S)(OCC)OC1=NN(C=N1)C1=CC=CC=C1,0.09855,G3,B,,,Uncharged,Non-ionizable,CCOP(=S)(OCC)Oc1ncn(-c2ccccc2)n1
2464,B-2643,-2.9844,CC1(C)OC(=O)C2=CC3=CC=CC=C3C=C12,0.0,G1,B,,,Uncharged,Non-ionizable,CC1(C)OC(=O)c2cc3ccccc3cc21
2465,B-2649,-2.9076,CCCCCC1C(CC(=O)OC)CCC1=O,0.155898317,G3,B,,,Uncharged,Non-ionizable,CCCCCC1C(=O)CCC1CC(=O)OC
2466,B-2652,-4.9703,ClC1=CC=C(Cl)C(OC2=CC=CC=C2)=C1,0.0,G1,B,,,Uncharged,Non-ionizable,Clc1ccc(Cl)c(Oc2ccccc2)c1
2467,B-2653,-5.5201,ClC1=CC=C(OC2=CC(Cl)=CC(Cl)=C2)C=C1,0.0,G1,B,,,Uncharged,Non-ionizable,Clc1ccc(Oc2cc(Cl)cc(Cl)c2)cc1
2468,B-2654,-3.5924,CCOP(=S)(OCC)SCCl,0.0,G1,B,,,Uncharged,Non-ionizable,CCOP(=S)(OCC)SCCl
2469,B-2655,-3.762,CCOC(=O)CN1C(=O)SC2=CC=CC(Cl)=C12,0.0,G1,B,,,Uncharged,Non-ionizable,CCOC(=O)Cn1c(=O)sc2cccc(Cl)c21
2470,B-2658,-7.0122,CCCCC(CC)COC(=O)COC1=CC=C(Cl)C=C1Cl,0.0,G1,B,,,Uncharged,Non-ionizable,CCCCC(CC)COC(=O)COc1ccc(Cl)cc1Cl
2471,B-2659,-3.2262,CCCC=CC,0.0,G1,B,,,Uncharged,Non-ionizable,CC=CCCC
2472,B-2660,0.8723,CCC(O)OC(O)CC,0.0,G1,B,,,Uncharged,Non-ionizable,CCC(O)OC(O)CC
2473,B-2662,-5.027,CCSC(=O)COC1=CC=C(Cl)C=C1C,0.0,G1,B,,,Uncharged,Non-ionizable,CCSC(=O)COc1ccc(Cl)cc1C
2474,B-2663,-2.3676,CC(=O)C(=NO)C1=CC=CC=C1,0.0,G1,B,,,Uncharged,Non-ionizable,CC(=O)C(=NO)c1ccccc1
2475,B-2665,-1.7415,BrC=CBr,0.0,G1,B,,,Uncharged,Non-ionizable,BrC=CBr
2476,B-2667,0.6855,COCC(C)OCC(C)OC(C)CO,0.0,G1,B,,,Uncharged,Non-ionizable,COCC(C)OCC(C)OC(C)CO
2477,B-2671,-4.4651,CSC1=CC(=O)C2=CC=CC=C2C1=O,0.0,G1,B,,,Uncharged,Non-ionizable,CSC1=CC(=O)c2ccccc2C1=O
2478,B-2676,-6.1517,CC1=CC=C(OP(=O)(OC2=CC=CC=C2)OC2=CC=CC=C2)C=C1,0.0,G1,B,,,Uncharged,Non-ionizable,Cc1ccc(OP(=O)(Oc2ccccc2)Oc2ccccc2)cc1
2479,B-2677,-6.3733,CC1=CC=C(OP(=O)(OC2=CC=CC=C2)OC2=CC=CC=C2C)C=C1,0.0,G1,B,,,Uncharged,Non-ionizable,Cc1ccc(OP(=O)(Oc2ccccc2)Oc2ccccc2C)cc1
2480,B-2678,-2.6301,CCCCCCCCN1SC=CC1=O,0.0,G1,B,,,Uncharged,Non-ionizable,CCCCCCCCn1sccc1=O
2481,B-2679,-8.0133,ClC1=CC=CC=C1C1=C(Cl)C(Cl)=C(Cl)C(Cl)=C1Cl,0.0,G1,B,,,Uncharged,Non-ionizable,Clc1ccccc1-c1c(Cl)c(Cl)c(Cl)c(Cl)c1Cl
2482,B-2680,-1.1765,CCOP(=O)(OCC)OCC(C)C,0.0,G1,B,,,Uncharged,Non-ionizable,CCOP(=O)(OCC)OCC(C)C
2483,B-2683,-3.4792,BrC1=CN=C(NC1=O)C1=CC=CC=C1,0.0,G1,B,,,Uncharged,Non-ionizable,O=c1[nH]c(-c2ccccc2)ncc1Br
2484,B-2686,-1.5598,CCCC(=O)OCCOCCOCCOC(=O)CCC,0.0,G1,B,,,Uncharged,Non-ionizable,CCCC(=O)OCCOCCOCCOC(=O)CCC
2485,B-2689,-4.9408,ClC1CC(Cl)(Cl)C(Cl)C(Cl)C1Cl,0.0,G1,B,,Multi-constituent Substances,Uncharged,Non-ionizable,ClC1CC(Cl)(Cl)C(Cl)C(Cl)C1Cl
2486,B-2691,-5.837,CCCCCCCCCCC(O)CCC,0.0,G1,B,,,Uncharged,Non-ionizable,CCCCCCCCCCC(O)CCC
2487,B-2693,-5.0365,ClC1=C2COC(=O)C2=C(Cl)C(Cl)=C1Cl,0.0,G1,B,,,Uncharged,Non-ionizable,O=C1OCc2c(Cl)c(Cl)c(Cl)c(Cl)c21
2488,B-2694,-3.0256,CCOC(=O)CC1=NNC2=CC=C(Cl)C=C12,0.0,G1,B,,,Uncharged,Non-ionizable,CCOC(=O)Cc1n[nH]c2ccc(Cl)cc12
2489,B-2696,-6.6375,CC(C)CCCCCOC(=O)C1=CC=CC=C1C(=O)OCCCCCC(C)C,0.0,G1,B,,,Uncharged,Non-ionizable,CC(C)CCCCCOC(=O)c1ccccc1C(=O)OCCCCCC(C)C
2490,B-2697,-3.1727,C=CCOC1=NS(=O)(=O)C2=CC=CC=C12,0.0,G1,B,,,Uncharged,Non-ionizable,C=CCOC1=NS(=O)(=O)c2ccccc21
2491,B-2698,-0.1707,CCOC(C)C(=O)C(O)O,0.0,G1,B,,,Uncharged,Non-ionizable,CCOC(C)C(=O)C(O)O
2492,B-2699,-9.351,BrC1=CC=C(C(Br)=C1Br)C1=C(Br)C(Br)=C(Br)C(Br)=C1Br,0.0,G1,B,,,Uncharged,Non-ionizable,Brc1ccc(-c2c(Br)c(Br)c(Br)c(Br)c2Br)c(Br)c1Br
2493,B-2700,-5.2239,CC(C)C1=CC=CC=C1OP(=O)(OC1=CC=CC=C1)OC1=CC=CC=C1,0.0,G1,B,,,Uncharged,Non-ionizable,CC(C)c1ccccc1OP(=O)(Oc1ccccc1)Oc1ccccc1
2494,B-2701,-2.5803,S=C1NC=C2NC=NC2=N1,0.0,G1,B,,,Uncharged,Non-ionizable,S=c1nc2nc[nH]c2c[nH]1
2495,B-2704,-5.0605,ClC1=CC=CC(Cl)=C1OC1=CC=CC=C1,0.0,G1,B,,,Uncharged,Non-ionizable,Clc1cccc(Cl)c1Oc1ccccc1
2496,B-2705,-6.0524,CC(C)=CC1C(C(=O)OCC2=COC(CC3=CC=CC=C3)=C2)C1(C)C,0.44925,G3,B,,,Uncharged,Non-ionizable,CC(C)=CC1C(C(=O)OCc2coc(Cc3ccccc3)c2)C1(C)C
2497,B-2714,-1.1992,CCC(CC)(C(N)=O)C(N)=O,0.0,G1,B,,,Uncharged,Non-ionizable,CCC(CC)(C(N)=O)C(N)=O
2498,B-2717,-6.7708,CCCCCCCCCCCCC(O)CCC,0.0,G1,B,,,Uncharged,Non-ionizable,CCCCCCCCCCCCC(O)CCC
2499,B-2724,-5.7165,CC(C)CCCCCCCOP(=O)(OC1=CC=CC=C1)OC1=CC=CC=C1,0.912929264,G2,B,,,Uncharged,Non-ionizable,CC(C)CCCCCCCOP(=O)(Oc1ccccc1)Oc1ccccc1
2500,B-2728,1.065,C1OC1C1CO1,0.0,G1,B,,,Uncharged,Non-ionizable,C1OC1C1CO1
2501,B-2731,-0.0651,CCC1CCC(O)O1,0.0,G1,B,,,Uncharged,Non-ionizable,CCC1CCC(O)O1
2502,B-2732,1.065,C1OC1C1CO1,0.0,G1,B,,,Uncharged,Non-ionizable,C1OC1C1CO1
2503,B-2733,-0.4487,CC1CCC2(CCC(C)O2)O1,0.0,G1,B,,,Uncharged,Non-ionizable,CC1CCC2(CCC(C)O2)O1
2504,B-2736,-1.113,COC1=NC=NC2=NC=CN=C12,0.0,G1,B,,,Uncharged,Non-ionizable,COc1ncnc2nccnc12
2505,B-2737,-5.1905,CCOP(=S)(OCC)SCN1C(=O)OC2=CC=CC=C12,0.0,G1,B,,,Uncharged,Non-ionizable,CCOP(=S)(OCC)SCn1c(=O)oc2ccccc21
2506,B-2738,-6.678,C1C2=CC=CC=C2C2=C1C1=CC=CC=C1C=C2,0.0,G1,B,,,Uncharged,Non-ionizable,c1ccc2c(c1)Cc1c-2ccc2ccccc12
2507,B-2740,-2.7785,COC(=O)C(C)=COP(=S)(OC)OC,0.0,G1,B,,,Uncharged,Non-ionizable,COC(=O)C(C)=COP(=S)(OC)OC
2508,B-2746,-2.0578,CCCCC(C)C(C)O,0.1689,G3,B,,,Uncharged,Non-ionizable,CCCCC(C)C(C)O
2509,B-2748,-8.5224,CC1=CC2=C3C(C=CC4=C5C=CC=CC5=CC1=C34)=CC=C2,0.0,G1,B,,,Uncharged,Non-ionizable,Cc1cc2cccc3ccc4c5ccccc5cc1c4c32
2510,B-2749,-1.5376,CC(C)(O)CCCC1=CCC(CC1)C=O,0.0,G1,B,,,Uncharged,Non-ionizable,CC(C)(O)CCCC1=CCC(C=O)CC1
2511,B-2750,-8.775,ClC1=CC(Cl)=C(Cl)C2=C(Cl)C(Cl)=C(Cl)C(Cl)=C12,0.0,G1,B,,,Uncharged,Non-ionizable,Clc1cc(Cl)c2c(Cl)c(Cl)c(Cl)c(Cl)c2c1Cl
2512,B-2755,0.1641,OC(C=O)C1OC(=O)C(O)C1O,0.0,G1,B,,,Uncharged,Non-ionizable,O=CC(O)C1OC(=O)C(O)C1O
2513,B-2760,-7.9823,ClC1=CC=C(C=C1Cl)C1=CC=C(Cl)C(Cl)=C1Cl,0.51117431,G4,B,,,Uncharged,Non-ionizable,Clc1ccc(-c2ccc(Cl)c(Cl)c2Cl)cc1Cl
2514,B-2762,-8.8498,ClC1=CC(=CC(Cl)=C1Cl)C1=CC(Cl)=C(Cl)C(Cl)=C1,0.0,G1,B,,,Uncharged,Non-ionizable,Clc1cc(-c2cc(Cl)c(Cl)c(Cl)c2)cc(Cl)c1Cl
2515,B-2766,-9.1,ClC1=CC(Cl)=C(C(Cl)=C1Cl)C1=C(Cl)C=C(Cl)C(Cl)=C1Cl,0.0,G1,B,,,Uncharged,Non-ionizable,Clc1cc(Cl)c(-c2c(Cl)cc(Cl)c(Cl)c2Cl)c(Cl)c1Cl
2516,B-2768,-5.9563,ClC1=C(Cl)C2(Cl)C3COS(=O)OCC3C1(Cl)C2(Cl)Cl,0.0,G1,B,,,Uncharged,Non-ionizable,O=S1OCC2C(CO1)C1(Cl)C(Cl)=C(Cl)C2(Cl)C1(Cl)Cl
2517,B-2770,-8.3748,ClC1=CC(=CC(Cl)=C1)C1=CC(Cl)=CC(Cl)=C1,0.0826,G3,B,,,Uncharged,Non-ionizable,Clc1cc(Cl)cc(-c2cc(Cl)cc(Cl)c2)c1
2518,B-2771,-7.25,ClC1=CC(Cl)=C(Cl)C(=C1Cl)C1=CC=CC=C1,0.0,G1,B,,,Uncharged,Non-ionizable,Clc1cc(Cl)c(Cl)c(-c2ccccc2)c1Cl
2519,B-2776,-2.2373,NNP(=O)(OC1=CC=CC=C1)OC1=CC=CC=C1,0.0,G1,B,,,Uncharged,Non-ionizable,NNP(=O)(Oc1ccccc1)Oc1ccccc1
2520,B-2778,-1.1406,COC(=O)CS(=O)(=O)C1=CC=CC=C1,0.0,G1,B,,,Uncharged,Non-ionizable,COC(=O)CS(=O)(=O)c1ccccc1
2521,B-2783,-6.8485,CC(C)C1=CC(OP(=O)(OC2=CC=CC=C2)OC2=CC=CC=C2)=CC(=C1)C1=CC=CC=C1,0.0,G1,B,,,Uncharged,Non-ionizable,CC(C)c1cc(OP(=O)(Oc2ccccc2)Oc2ccccc2)cc(-c2ccccc2)c1
2522,B-2786,0.8292,COC(C)COC(C)CO,1.500027032,G2,B,,,Uncharged,Non-ionizable,COC(C)COC(C)CO
2523,B-2788,-6.693,CCCSP(=S)(OCC)OC1=CC=C(Cl)C=C1Cl,0.0,G1,B,,,Uncharged,Non-ionizable,CCCSP(=S)(OCC)Oc1ccc(Cl)cc1Cl
2524,B-2791,-2.0566,COP(=O)(OC)OC1=C(Cl)CC2C=CC12,0.0,G1,B,,,Uncharged,Non-ionizable,COP(=O)(OC)OC1=C(Cl)CC2C=CC12
2525,B-2793,-8.0115,ClC1=CC(Cl)=C(C=C1Cl)C1=CC(Cl)=C(Cl)C(Cl)=C1Cl,0.0,G1,B,,,Uncharged,Non-ionizable,Clc1cc(Cl)c(-c2cc(Cl)c(Cl)c(Cl)c2Cl)cc1Cl
2526,B-2794,-8.0566,ClC1=CC=C(C(Cl)=C1Cl)C1=CC(Cl)=C(Cl)C(Cl)=C1Cl,0.0,G1,B,,,Uncharged,Non-ionizable,Clc1ccc(-c2cc(Cl)c(Cl)c(Cl)c2Cl)c(Cl)c1Cl
2527,B-2800,-6.0171,CCCSP(=S)(OCC)OC1=CC=C(SC)C=C1,0.0,G1,B,,,Uncharged,Non-ionizable,CCCSP(=S)(OCC)Oc1ccc(SC)cc1
2528,B-2809,-8.1979,BrC1=CC(Br)=C(OC2=CC(Br)=CC(Br)=C2Br)C(Br)=C1,0.0,G1,B,,,Uncharged,Non-ionizable,Brc1cc(Br)c(Oc2cc(Br)cc(Br)c2Br)c(Br)c1
2529,B-2810,-5.774,CCOP(=O)(OC1=CC=C(Cl)C=C1Cl)OC1=CC=C(Cl)C=C1Cl,0.0,G1,B,,,Uncharged,Non-ionizable,CCOP(=O)(Oc1ccc(Cl)cc1Cl)Oc1ccc(Cl)cc1Cl
2530,B-2811,-6.6813,ClC1=CC=C(C(Cl)=C1)C1=CC=CC(Cl)=C1Cl,0.0,G1,B,,,Uncharged,Non-ionizable,Clc1ccc(-c2cccc(Cl)c2Cl)c(Cl)c1
2531,B-2812,-2.7448,CCC#CC(C)C,0.0,G1,B,,,Uncharged,Non-ionizable,CCC#CC(C)C
2532,B-2813,-3.4288,COP(=S)(OC)SCCSC(C)C,0.0,G1,B,,,Uncharged,Non-ionizable,COP(=S)(OC)SCCSC(C)C
2533,B-2815,-6.7697,CCCCCCCCCCCCCCCCO,0.659963878,G4,B,,Non Valid pH,Uncharged,Non-ionizable,CCCCCCCCCCCCCCCCO
2534,B-2819,-0.2355,NC(=O)C1=NN(C=N1)C1OC(CO)C(O)C1O,0.0,G1,B,,,Uncharged,Non-ionizable,NC(=O)c1ncn(C2OC(CO)C(O)C2O)n1
2535,B-2828,-6.2999,ClC1=CC(=CC(Cl)=C1)C1=CC=CC=C1Cl,0.0,G1,B,,,Uncharged,Non-ionizable,Clc1cc(Cl)cc(-c2ccccc2Cl)c1
2536,B-2831,-6.5363,BrC1=CC(Br)=C(OCCOC2=C(Br)C=C(Br)C=C2Br)C(Br)=C1,0.0,G1,B,,,Uncharged,Non-ionizable,Brc1cc(Br)c(OCCOc2c(Br)cc(Br)cc2Br)c(Br)c1
2537,B-2832,-11.4795,ClC1=CC2=C(OC3=C(Cl)C(Cl)=C(Cl)C(Cl)=C3O2)C(Cl)=C1Cl,0.164530814,G5,B,,,Uncharged,Non-ionizable,Clc1cc2c(c(Cl)c1Cl)Oc1c(Cl)c(Cl)c(Cl)c(Cl)c1O2
2538,B-2833,-1.1029,COCCO[Si](CCCl)(OCCOC)OCCOC,0.0,G1,B,,,Uncharged,Non-ionizable,COCCO[Si](CCCl)(OCCOC)OCCOC
2539,B-2835,-2.0985,CCOC(=O)C1=CNC(=S)NC1=O,0.0,G1,B,,,Uncharged,Non-ionizable,CCOC(=O)c1c[nH]c(=S)[nH]c1=O
2540,B-2839,-3.8638,CCOC1=CC(OP(=S)(OC)OC)=NC(CC)=N1,0.0,G1,B,,,Uncharged,Non-ionizable,CCOc1cc(OP(=S)(OC)OC)nc(CC)n1
2541,B-2842,-7.93,ClC1=CC(Cl)=C(C=C1Cl)C1=C(Cl)C=CC(Cl)=C1Cl,0.36,G3,B,,,Uncharged,Non-ionizable,Clc1cc(Cl)c(-c2c(Cl)ccc(Cl)c2Cl)cc1Cl
2542,B-2843,-7.65,ClC1=CC=C(C(Cl)=C1Cl)C1=C(Cl)C=CC(Cl)=C1Cl,0.0,G1,B,,,Uncharged,Non-ionizable,Clc1ccc(-c2c(Cl)ccc(Cl)c2Cl)c(Cl)c1Cl
2543,B-2844,-7.8306,ClC1=CC=C(C=C1Cl)C1=CC(Cl)=C(Cl)C(Cl)=C1Cl,0.327513311,G5,B,,,Uncharged,Non-ionizable,Clc1ccc(-c2cc(Cl)c(Cl)c(Cl)c2Cl)cc1Cl
2544,B-2845,-8.5901,ClC1=CC=C(Cl)C(=C1Cl)C1=CC(Cl)=C(Cl)C(Cl)=C1Cl,0.0,G1,B,,,Uncharged,Non-ionizable,Clc1cc(-c2c(Cl)ccc(Cl)c2Cl)c(Cl)c(Cl)c1Cl
2545,B-2846,-6.8245,ClC1=CC=CC(=C1)C1=C(Cl)C=CC=C1Cl,0.0,G1,B,,,Uncharged,Non-ionizable,Clc1cccc(-c2c(Cl)cccc2Cl)c1
2546,B-2848,-1.4188,CC(S(C)(=O)=O)S(C)(=O)=O,0.0,G1,B,,,Uncharged,Non-ionizable,CC(S(C)(=O)=O)S(C)(=O)=O
2547,B-2854,-0.823,CC(C)SS(=O)C(C)C,0.0,G1,B,,,Uncharged,Non-ionizable,CC(C)S[S+]([O-])C(C)C
2548,B-2855,-3.2419,CC(C)(O)CC(C)(O)C1=CC=CC2=CC=CC=C12,0.0,G1,B,,,Uncharged,Non-ionizable,CC(C)(O)CC(C)(O)c1cccc2ccccc12
2549,B-2856,-7.1806,ClC1=CC=C2OC3=CC=C(Cl)C=C3OC2=C1,0.0,G1,B,,,Uncharged,Non-ionizable,Clc1ccc2c(c1)Oc1cc(Cl)ccc1O2
2550,B-2857,-11.5827,ClC1=C(Cl)C(Cl)=C(Cl)C2=C1OC1=C2C(Cl)=C(Cl)C(Cl)=C1Cl,0.0,G1,B,,,Uncharged,Non-ionizable,Clc1c(Cl)c(Cl)c2c(oc3c(Cl)c(Cl)c(Cl)c(Cl)c32)c1Cl
2551,B-2861,-7.66,ClC1=CC=C(C(Cl)=C1)C1=C(Cl)C=C(Cl)C=C1Cl,0.0,G1,B,,,Uncharged,Non-ionizable,Clc1ccc(-c2c(Cl)cc(Cl)cc2Cl)c(Cl)c1
2552,B-2862,-7.5746,CC(C)=CC1C(C(=O)OC(C#N)C2=CC=CC(OC3=CC=CC=C3)=C2)C1(C)C,0.0,G1,B,,,Uncharged,Non-ionizable,CC(C)=CC1C(C(=O)OC(C#N)c2cccc(Oc3ccccc3)c2)C1(C)C
2553,B-2863,-6.0248,CC1(C)C(C(=O)OC(C#N)C2=CC=CC(OC3=CC=CC=C3)=C2)C1(C)C,0.68465,G2,B,,,Uncharged,Non-ionizable,CC1(C)C(C(=O)OC(C#N)c2cccc(Oc3ccccc3)c2)C1(C)C
2554,B-2866,-8.7202,ClC1=CC(=CC(Cl)=C1Cl)C1=CC(Cl)=C(Cl)C(Cl)=C1Cl,0.0,G1,B,,,Uncharged,Non-ionizable,Clc1cc(-c2cc(Cl)c(Cl)c(Cl)c2Cl)cc(Cl)c1Cl
2555,B-2868,-5.9648,CC(C)(C)C1=NN(C(=O)O1)C1=CC(OCC#C)=C(Cl)C=C1Cl,0.0,G1,B,,,Uncharged,Non-ionizable,C#CCOc1cc(-n2nc(C(C)(C)C)oc2=O)c(Cl)cc1Cl
2556,B-2869,-0.719,CCN1C(=O)N(C)C2=C(N(C)C=N2)C1=O,0.0,G1,B,,,Uncharged,Non-ionizable,CCn1c(=O)c2c(ncn2C)n(C)c1=O
2557,B-2871,-3.6344,ClCCC(Cl)OP(=O)(OC(Cl)CCCl)OC(Cl)CCCl,0.0,G1,B,,,Uncharged,Non-ionizable,O=P(OC(Cl)CCCl)(OC(Cl)CCCl)OC(Cl)CCCl
2558,B-2872,-8.68,ClC1=CC(Cl)=C(Cl)C(=C1)C1=C(Cl)C=C(Cl)C(Cl)=C1Cl,0.0,G1,B,,,Uncharged,Non-ionizable,Clc1cc(Cl)c(Cl)c(-c2c(Cl)cc(Cl)c(Cl)c2Cl)c1
2559,B-2873,-9.1999,ClC1=CC(Cl)=C(C(Cl)=C1Cl)C1=C(Cl)C(Cl)=CC(Cl)=C1Cl,0.0,G1,B,,,Uncharged,Non-ionizable,Clc1cc(Cl)c(-c2c(Cl)c(Cl)cc(Cl)c2Cl)c(Cl)c1Cl
2560,B-2876,-5.3459,COC(C)(C)CCCC(C)CC=CC(C)=CC(=O)OC(C)C,0.0,G1,B,,,Uncharged,Non-ionizable,COC(C)(C)CCCC(C)CC=CC(C)=CC(=O)OC(C)C
2561,B-2881,-5.0797,COC1=CC=C(C=C1C)C(=O)C1=CC=CC(C)=C1,0.0,G1,B,,,Uncharged,Non-ionizable,COc1ccc(C(=O)c2cccc(C)c2)cc1C
2562,B-2883,-2.0506,CC1=NN=C(C(=O)N1N)C1=CC=CC=C1,0.0,G1,B,,,Uncharged,Non-ionizable,Cc1nnc(-c2ccccc2)c(=O)n1N
2563,B-2885,-7.0199,ClC1=CC=C(C=C1Cl)C1=C(Cl)C=CC=C1Cl,0.0,G1,B,,,Uncharged,Non-ionizable,Clc1ccc(-c2c(Cl)cccc2Cl)cc1Cl
2564,B-2886,-6.3001,ClC1=CC=C(Cl)C(=C1Cl)C1=CC=CC=C1Cl,0.0,G1,B,,,Uncharged,Non-ionizable,Clc1ccccc1-c1c(Cl)ccc(Cl)c1Cl
2565,B-2889,-2.0729,CC1=C2N3C=NN=C3SC2=CC=C1,0.0,G1,B,,,Uncharged,Non-ionizable,Cc1cccc2sc3nncn3c12
2566,B-2893,-3.6577,CCOP(=S)(OCC)OC1=NN(C(C)C)C(Cl)=N1,0.16885,G3,B,,,Uncharged,Non-ionizable,CCOP(=S)(OCC)Oc1nc(Cl)n(C(C)C)n1
2567,B-2895,-4.7239,CC(C)CCCC(C)CC=CC(C)=CC(=O)OCC#C,0.0,G1,B,,,Uncharged,Non-ionizable,C#CCOC(=O)C=C(C)C=CCC(C)CCCC(C)C
2568,B-2898,-9.42,ClC1=CC(Cl)=C(C(Cl)=C1Cl)C1=CC(Cl)=C(Cl)C(Cl)=C1Cl,0.0,G1,B,,,Uncharged,Non-ionizable,Clc1cc(-c2c(Cl)cc(Cl)c(Cl)c2Cl)c(Cl)c(Cl)c1Cl
2569,B-2900,-0.3431,CCCOCC(O)COCCC,0.0,G1,B,,,Uncharged,Non-ionizable,CCCOCC(O)COCCC
2570,B-2901,-3.6137,CC(C)(C)C(=O)C(OC1=CC=C(Cl)C=C1)N1C=NC=N1,0.0,G1,B,,,Uncharged,Non-ionizable,CC(C)(C)C(=O)C(Oc1ccc(Cl)cc1)n1cncn1
2571,B-2906,-2.1129,CN1C(=O)NC(=O)C2=NC(C)=C(C)N=C12,0.0,G1,B,,,Uncharged,Non-ionizable,Cc1nc2c(=O)[nH]c(=O)n(C)c2nc1C
2572,B-2908,-3.7306,CC(C)OC(=O)C(C(=O)OC(C)C)=C1SCCS1,0.0247,G3,B,,,Uncharged,Non-ionizable,CC(C)OC(=O)C(C(=O)OC(C)C)=C1SCCS1
2573,B-2916,-0.0575,CC1OC1C1OC1C,0.0,G1,B,,,Uncharged,Non-ionizable,CC1OC1C1OC1C
2574,B-2917,-1.8184,CN1C2=CC=CC=C2C(C(N)=O)=C1C(N)=O,0.0,G1,B,,,Uncharged,Non-ionizable,Cn1c(C(N)=O)c(C(N)=O)c2ccccc21
2575,B-2928,-5.7787,CC1CCC2(CC3CC(CC=C(C)CC(C)C=CC=C4COC5C(O)C(C)=CC(C(=O)O3)C45O)O2)OC1C,0.0,G1,B,,,Uncharged,Non-ionizable,CC1=CCC2CC(CC3(CCC(C)C(C)O3)O2)OC(=O)C2C=C(C)C(O)C3OCC(=CC=CC(C)C1)C23O
2576,B-2929,-4.8772,CCC1OC2(CCC1C)CC1CC(CC=C(C)CC(C)C=CC=C3COC4C(O)C(C)=CC(C(=O)O1)C34O)O2,0.0,G1,B,,,Uncharged,Non-ionizable,CCC1OC2(CCC1C)CC1CC(CC=C(C)CC(C)C=CC=C3COC4C(O)C(C)=CC(C(=O)O1)C34O)O2
2577,B-2931,-4.6304,ClC1=CC=C(OC2=CC=CC=C2)C(Cl)=C1,0.0,G1,B,,,Uncharged,Non-ionizable,Clc1ccc(Oc2ccccc2)c(Cl)c1
2578,B-2932,-8.5801,ClC1=CC(Cl)=C(Cl)C(=C1)C1=CC(Cl)=C(Cl)C=C1Cl,0.00995,G3,B,,,Uncharged,Non-ionizable,Clc1cc(Cl)c(Cl)c(-c2cc(Cl)c(Cl)cc2Cl)c1
2579,B-2934,0.586,O=C1NC=NC=C1,0.0,G1,B,,,Uncharged,Non-ionizable,O=c1ccnc[nH]1
2580,B-2940,-7.0502,ClC1=CC=C(C(Cl)=C1Cl)C1=CC=CC(Cl)=C1Cl,0.08495,G3,B,,,Uncharged,Non-ionizable,Clc1cccc(-c2ccc(Cl)c(Cl)c2Cl)c1Cl
2581,B-2941,-7.4254,ClC1=CC=C(Cl)C(=C1)C1=C(Cl)C(Cl)=CC(Cl)=C1Cl,0.0,G1,B,,,Uncharged,Non-ionizable,Clc1ccc(Cl)c(-c2c(Cl)c(Cl)cc(Cl)c2Cl)c1
2582,B-2942,-7.94,ClC1=CC=C(Cl)C(=C1Cl)C1=C(Cl)C(Cl)=CC(Cl)=C1Cl,0.0,G1,B,,,Uncharged,Non-ionizable,Clc1ccc(Cl)c(-c2c(Cl)c(Cl)cc(Cl)c2Cl)c1Cl
2583,B-2943,-8.1501,ClC1=CC=C(Cl)C(=C1Cl)C1=C(Cl)C=C(Cl)C(Cl)=C1Cl,0.0,G1,B,,,Uncharged,Non-ionizable,Clc1cc(Cl)c(-c2c(Cl)ccc(Cl)c2Cl)c(Cl)c1Cl
2584,B-2944,-8.5901,ClC1=CC(Cl)=C(Cl)C(=C1)C1=C(Cl)C(Cl)=CC(Cl)=C1Cl,0.0,G1,B,,,Uncharged,Non-ionizable,Clc1cc(Cl)c(Cl)c(-c2c(Cl)c(Cl)cc(Cl)c2Cl)c1
2585,B-2947,-8.42,ClC1=CC=C(C(Cl)=C1Cl)C1=C(Cl)C(Cl)=CC(Cl)=C1Cl,0.0,G1,B,,,Uncharged,Non-ionizable,Clc1ccc(-c2c(Cl)c(Cl)cc(Cl)c2Cl)c(Cl)c1Cl
2586,B-2948,-8.2605,ClC1=CC=C(C(Cl)=C1Cl)C1=C(Cl)C=C(Cl)C(Cl)=C1Cl,0.292833001,G5,B,,,Uncharged,Non-ionizable,Clc1ccc(-c2c(Cl)cc(Cl)c(Cl)c2Cl)c(Cl)c1Cl
2587,B-2949,-8.21,ClC1=CC(Cl)=C(C=C1Cl)C1=CC(Cl)=C(Cl)C(Cl)=C1,0.155,G3,B,,,Uncharged,Non-ionizable,Clc1cc(Cl)c(-c2cc(Cl)c(Cl)c(Cl)c2)cc1Cl
2588,B-2950,-9.1,ClC1=CC=C(Cl)C(=C1Cl)C1=C(Cl)C(Cl)=C(Cl)C(Cl)=C1Cl,0.0,G1,B,,,Uncharged,Non-ionizable,Clc1ccc(Cl)c(-c2c(Cl)c(Cl)c(Cl)c(Cl)c2Cl)c1Cl
2589,B-2951,-9.1,ClC1=CC(Cl)=C(Cl)C(=C1)C1=CC(Cl)=C(Cl)C(Cl)=C1Cl,0.0,G1,B,,,Uncharged,Non-ionizable,Clc1cc(Cl)c(Cl)c(-c2cc(Cl)c(Cl)c(Cl)c2Cl)c1
2590,B-2952,-9.29,ClC1=CC(Cl)=C(Cl)C(=C1Cl)C1=CC(Cl)=C(Cl)C(Cl)=C1Cl,0.0,G1,B,,,Uncharged,Non-ionizable,Clc1cc(-c2c(Cl)c(Cl)cc(Cl)c2Cl)c(Cl)c(Cl)c1Cl
2591,B-2953,-9.5,ClC1=CC(Cl)=C(C=C1Cl)C1=C(Cl)C(Cl)=C(Cl)C(Cl)=C1Cl,0.0,G1,B,,,Uncharged,Non-ionizable,Clc1cc(Cl)c(-c2c(Cl)c(Cl)c(Cl)c(Cl)c2Cl)cc1Cl
2592,B-2954,-10.4115,ClC1=CC(Cl)=C(Cl)C(=C1Cl)C1=C(Cl)C(Cl)=C(Cl)C(Cl)=C1Cl,0.0,G1,B,,,Uncharged,Non-ionizable,Clc1cc(Cl)c(Cl)c(-c2c(Cl)c(Cl)c(Cl)c(Cl)c2Cl)c1Cl
2593,B-2955,-9.29,ClC1=CC=C(C(Cl)=C1Cl)C1=C(Cl)C(Cl)=C(Cl)C(Cl)=C1Cl,0.0,G1,B,,,Uncharged,Non-ionizable,Clc1ccc(-c2c(Cl)c(Cl)c(Cl)c(Cl)c2Cl)c(Cl)c1Cl
2594,B-2956,-10.1035,ClC1=CC(Cl)=C(C(Cl)=C1Cl)C1=C(Cl)C(Cl)=C(Cl)C(Cl)=C1Cl,0.0,G1,B,,,Uncharged,Non-ionizable,Clc1cc(Cl)c(-c2c(Cl)c(Cl)c(Cl)c(Cl)c2Cl)c(Cl)c1Cl
2595,B-2957,-8.6036,ClC1=CC=CC(=C1Cl)C1=C(Cl)C(Cl)=CC(Cl)=C1Cl,0.3518,G3,B,,,Uncharged,Non-ionizable,Clc1cccc(-c2c(Cl)c(Cl)cc(Cl)c2Cl)c1Cl
2596,B-2958,-7.6794,ClC1=CC=C(Cl)C(=C1)C1=CC(Cl)=C(Cl)C(Cl)=C1Cl,0.0,G1,B,,,Uncharged,Non-ionizable,Clc1ccc(Cl)c(-c2cc(Cl)c(Cl)c(Cl)c2Cl)c1
2597,B-2963,-8.4024,CC1(C)C(C=C(Br)Br)C1C(=O)OC(C#N)C1=CC=CC(OC2=CC=CC=C2)=C1,0.0,G1,B,,,Uncharged,Non-ionizable,CC1(C)C(C=C(Br)Br)C1C(=O)OC(C#N)c1cccc(Oc2ccccc2)c1
2598,B-2967,-7.8566,ClC1=CC2=C(Cl)C=CC=C2C(Cl)=C1Cl,0.0,G1,B,,,Uncharged,Non-ionizable,Clc1cc2c(Cl)cccc2c(Cl)c1Cl
2599,B-2968,-7.8228,ClC1=CC(Cl)=C2C=C(Cl)C=C(Cl)C2=C1,0.0,G1,B,,,Uncharged,Non-ionizable,Clc1cc(Cl)c2cc(Cl)cc(Cl)c2c1
2600,B-2973,-3.2109,IC1=CC=C2COC(=O)C2=C1,0.0,G1,B,,,Uncharged,Non-ionizable,O=C1OCc2ccc(I)cc21
2601,B-2977,-4.2918,COC1=CC=C(Cl)C(Cl)=C1Cl,0.0,G1,B,,,Uncharged,Non-ionizable,COc1ccc(Cl)c(Cl)c1Cl
2602,B-2978,-6.3931,CCC=C(C)C(OC(=O)C1C(C=C(C)C)C1(C)C)C#C,0.0,G1,B,,,Uncharged,Non-ionizable,C#CC(OC(=O)C1C(C=C(C)C)C1(C)C)C(C)=CCC
2603,B-2980,-5.5263,CCOP(=S)(OCC)OC(Cl)C(Cl)(Cl)Cl,0.0,G1,B,,,Uncharged,Non-ionizable,CCOP(=S)(OCC)OC(Cl)C(Cl)(Cl)Cl
2604,B-2986,-4.8292,CC(C)(C)C(O)C(OC1=CC=C(C=C1)C1=CC=CC=C1)N1C=NC=N1,0.0,G1,B,,,Uncharged,Non-ionizable,CC(C)(C)C(O)C(Oc1ccc(-c2ccccc2)cc1)n1cncn1
2605,B-2987,-7.4346,ClC1=CC=CC=C1C1=C(Cl)C=C(Cl)C(Cl)=C1Cl,0.0,G1,B,,,Uncharged,Non-ionizable,Clc1ccccc1-c1c(Cl)cc(Cl)c(Cl)c1Cl
2606,B-2988,-3.3918,CC(C)(C)C(O)C(OC1=CC=C(Cl)C=C1)N1C=NC=N1,0.2891,G3,B,,,Uncharged,Non-ionizable,CC(C)(C)C(O)C(Oc1ccc(Cl)cc1)n1cncn1
2607,B-2989,-0.9811,CCCN1C=NC2=C1C(=O)N(CCCCC(C)=O)C(=O)N2C,0.0,G1,B,,,Uncharged,Non-ionizable,CCCn1cnc2c1c(=O)n(CCCCC(C)=O)c(=O)n2C
2608,B-2992,-1.66,CC1=C(C)S(=O)(=O)CCS1(=O)=O,0.095,G3,B,,,Uncharged,Non-ionizable,CC1=C(C)S(=O)(=O)CCS1(=O)=O
2609,B-2993,-7.5226,ClC1=CC=CC=C1C1=CC(Cl)=C(Cl)C(Cl)=C1Cl,0.1563,G3,B,,,Uncharged,Non-ionizable,Clc1ccccc1-c1cc(Cl)c(Cl)c(Cl)c1Cl
2610,B-2994,-0.9802,CCCOP(=O)(OCC)OCCC,0.0,G1,B,,,Uncharged,Non-ionizable,CCCOP(=O)(OCC)OCCC
2611,B-2997,-5.4025,CCCCCCCCSC(=O)OC1=CC(Cl)=NN=C1C1=CC=CC=C1,0.0,G1,B,,,Uncharged,Non-ionizable,CCCCCCCCSC(=O)Oc1cc(Cl)nnc1-c1ccccc1
2612,B-2998,-4.7206,ClC1=CC=C(OC2=CC=CC=C2)C=C1Cl,0.0,G1,B,,,Uncharged,Non-ionizable,Clc1ccc(Oc2ccccc2)cc1Cl
2613,B-3000,-6.1799,ClC1=CC=C(C(Cl)=C1Cl)C1=CC=CC=C1,0.0,G1,B,,,Uncharged,Non-ionizable,Clc1ccc(-c2ccccc2)c(Cl)c1Cl
2614,B-3001,-6.5557,ClC1=CC2=C(Cl)C=C(Cl)C=C2C=C1,0.0,G1,B,,,Uncharged,Non-ionizable,Clc1cc(Cl)c2cc(Cl)ccc2c1
2615,B-3002,-7.1419,ClC1=CC2=CC(Cl)=C(Cl)C=C2C=C1,0.0,G1,B,,,Uncharged,Non-ionizable,Clc1ccc2cc(Cl)c(Cl)cc2c1
2616,B-3003,-7.5163,ClC1=CC2=C(Cl)C=CC(Cl)=C2C=C1Cl,0.0,G1,B,,,Uncharged,Non-ionizable,Clc1cc2c(Cl)ccc(Cl)c2cc1Cl
2617,B-3007,-7.4721,ClC1=CC=C(C(Cl)=C1)C1=C(Cl)C=C(Cl)C(Cl)=C1Cl,0.0,G1,B,,,Uncharged,Non-ionizable,Clc1ccc(-c2c(Cl)cc(Cl)c(Cl)c2Cl)c(Cl)c1
2618,B-3008,-1.8779,CCCC(C)CC(C)O,0.0,G1,B,,,Uncharged,Non-ionizable,CCCC(C)CC(C)O
2619,B-3009,-3.4377,CC(C)C(O)(C1=CC=C(OC(F)(F)F)C=C1)C1=CN=CN=C1,0.02885,G3,B,,,Uncharged,Non-ionizable,CC(C)C(O)(c1ccc(OC(F)(F)F)cc1)c1cncnc1
2620,B-3011,-7.316,ClC1=CC(Cl)=C(C(Cl)=C1)C1=C(Cl)C=CC=C1Cl,0.0,G1,B,,,Uncharged,Non-ionizable,Clc1cc(Cl)c(-c2c(Cl)cccc2Cl)c(Cl)c1
2621,B-3012,-7.91,ClC1=CC(Cl)=C(C(Cl)=C1)C1=CC=C(Cl)C(Cl)=C1,0.0,G1,B,,,Uncharged,Non-ionizable,Clc1cc(Cl)c(-c2ccc(Cl)c(Cl)c2)c(Cl)c1
2622,B-3013,-7.92,ClC1=CC(Cl)=C(C(Cl)=C1)C1=CC(Cl)=CC(Cl)=C1,0.0,G1,B,,,Uncharged,Non-ionizable,Clc1cc(Cl)cc(-c2c(Cl)cc(Cl)cc2Cl)c1
2623,B-3016,-5.0774,CC(C)(C)C1=CC=C(OP(=O)(OC2=CC=CC=C2)OC2=CC=CC=C2)C=C1,0.0,G1,B,,,Uncharged,Non-ionizable,CC(C)(C)c1ccc(OP(=O)(Oc2ccccc2)Oc2ccccc2)cc1
2624,B-3017,-5.4374,COP(=S)(OC)OC1=C(Cl)C=C(C)C=C1Cl,0.2198,G3,B,,,Uncharged,Non-ionizable,COP(=S)(OC)Oc1c(Cl)cc(C)cc1Cl
2625,B-3018,-4.4288,CSC1=NN=C(C(=O)N1N=CC(C)C)C(C)(C)C,0.0,G1,B,,,Uncharged,Non-ionizable,CSc1nnc(C(C)(C)C)c(=O)n1N=CC(C)C
2626,B-3020,-9.1609,ClC1=CC2=C(C=C1Cl)C1=C(O2)C(Cl)=C(Cl)C(Cl)=C1,0.01955,G3,B,,,Uncharged,Non-ionizable,Clc1cc2oc3c(Cl)c(Cl)c(Cl)cc3c2cc1Cl
2627,B-3024,-8.403,FC(F)(F)C1=CC=CC(=C1)C(N1C=NC=N1)(C1=CC=CC=C1)C1=CC=CC=C1,0.0,G1,B,,,Uncharged,Non-ionizable,FC(F)(F)c1cccc(C(c2ccccc2)(c2ccccc2)n2cncn2)c1
2628,B-3038,-6.2196,ClC1=CC=C(OC2=CC=C(Cl)C=C2Cl)C=C1,0.0,G1,B,,,Uncharged,Non-ionizable,Clc1ccc(Oc2ccc(Cl)cc2Cl)cc1
2629,B-3039,0.4733,CCCOP(=O)(OC)OC,0.0,G1,B,,,Uncharged,Non-ionizable,CCCOP(=O)(OC)OC
2630,B-3041,-8.2399,ClC1=CC(Cl)=C(C(Cl)=C1)C1=CC=C(Cl)C(Cl)=C1Cl,0.0,G1,B,,,Uncharged,Non-ionizable,Clc1cc(Cl)c(-c2ccc(Cl)c(Cl)c2Cl)c(Cl)c1
2631,B-3044,-4.4384,CN1C=C(C(=O)C(=C1)C1=CC=CC(=C1)C(F)(F)F)C1=CC=CC=C1,0.0,G1,B,,,Uncharged,Non-ionizable,Cn1cc(-c2ccccc2)c(=O)c(-c2cccc(C(F)(F)F)c2)c1
2632,B-3046,-7.47,ClC1=CC=C(Cl)C(=C1)C1=C(Cl)C=C(Cl)C=C1Cl,0.0,G1,B,,,Uncharged,Non-ionizable,Clc1cc(Cl)c(-c2cc(Cl)ccc2Cl)c(Cl)c1
2633,B-3047,-8.1199,ClC1=CC(Cl)=C(C(Cl)=C1)C1=CC(Cl)=C(Cl)C=C1Cl,0.0,G1,B,,,Uncharged,Non-ionizable,Clc1cc(Cl)c(-c2cc(Cl)c(Cl)cc2Cl)c(Cl)c1
2634,B-3048,-8.68,ClC1=CC(Cl)=C(C(Cl)=C1)C1=CC(Cl)=C(Cl)C(Cl)=C1Cl,0.0,G1,B,,,Uncharged,Non-ionizable,Clc1cc(Cl)c(-c2cc(Cl)c(Cl)c(Cl)c2Cl)c(Cl)c1
2635,B-3049,-1.4504,CC(C)(S(C)(=O)=O)S(C)(=O)=O,0.0,G1,B,,,Uncharged,Non-ionizable,CC(C)(S(C)(=O)=O)S(C)(=O)=O
2636,B-3050,-0.0094,CN1C=C(I)C=CC1=O,0.0,G1,B,,,Uncharged,Non-ionizable,Cn1cc(I)ccc1=O
2637,B-3052,-4.374,OC(C1=CC=C(Cl)C=C1)(C1=CN=CN=C1)C1=CC=CC=C1Cl,0.0,G1,B,,,Uncharged,Non-ionizable,OC(c1ccc(Cl)cc1)(c1cncnc1)c1ccccc1Cl
2638,B-3053,-3.0031,ClC1=CC=C(C(Cl)=C1)C1(CN2C=NC=N2)OCCO1,0.0,G1,B,,,Uncharged,Non-ionizable,Clc1ccc(C2(Cn3cncn3)OCCO2)c(Cl)c1
2639,B-3054,-3.4929,CCCC1COC(CN2C=NC=N2)(O1)C1=CC=C(Cl)C=C1Cl,0.0,G1,B,,,Uncharged,Non-ionizable,CCCC1COC(Cn2cncn2)(c2ccc(Cl)cc2Cl)O1
2640,B-3055,-3.613,CCC1COC(CN2C=NC=N2)(O1)C1=CC=C(Cl)C=C1Cl,0.0,G1,B,,,Uncharged,Non-ionizable,CCC1COC(Cn2cncn2)(c2ccc(Cl)cc2Cl)O1
2641,B-3056,-7.1547,ClC1=CC=CC(=C1)C1=C(Cl)C=C(Cl)C=C1Cl,0.0,G1,B,,,Uncharged,Non-ionizable,Clc1cccc(-c2c(Cl)cc(Cl)cc2Cl)c1
2642,B-3057,-7.3999,ClC1=CC(Cl)=C(C(Cl)=C1)C1=CC=CC(Cl)=C1Cl,0.0,G1,B,,,Uncharged,Non-ionizable,Clc1cc(Cl)c(-c2cccc(Cl)c2Cl)c(Cl)c1
2643,B-3058,-6.0807,CCOP(=S)(OCC)OC1=CC(Cl)=C(Cl)C(SC)=C1,0.0,G1,B,,,Uncharged,Non-ionizable,CCOP(=S)(OCC)Oc1cc(Cl)c(Cl)c(SC)c1
2644,B-3066,-5.199,ClC1=CC=C(OC2=CC=CC=C2Cl)C=C1Cl,0.0,G1,B,,,Uncharged,Non-ionizable,Clc1ccc(Oc2ccccc2Cl)cc1Cl
2645,B-3067,-0.8622,CCC(=O)OC(C)C(=O)OC,0.0,G1,B,,,Uncharged,Non-ionizable,CCC(=O)OC(C)C(=O)OC
2646,B-3070,-3.163,CN1C=CSC1=NC1=CC=C(C)C=C1C,0.0,G1,B,,,Uncharged,Non-ionizable,Cc1ccc(N=c2sccn2C)c(C)c1
2647,B-3072,-8.48,ClC1=CC=CC(=C1Cl)C1=C(Cl)C=C(Cl)C(Cl)=C1Cl,0.0,G1,B,,,Uncharged,Non-ionizable,Clc1cccc(-c2c(Cl)cc(Cl)c(Cl)c2Cl)c1Cl
2648,B-3078,-6.65,ClC1=CC(Cl)=C(C(Cl)=C1)C1=CC=CC=C1Cl,0.0,G1,B,,,Uncharged,Non-ionizable,Clc1cc(Cl)c(-c2ccccc2Cl)c(Cl)c1
2649,B-3080,-5.5375,CC1=C(Cl)C=C(C=C1Cl)C1=NNC(=O)C=C1,0.0,G1,B,,,Uncharged,Non-ionizable,Cc1c(Cl)cc(-c2ccc(=O)[nH]n2)cc1Cl
2650,B-3082,-3.2899,N#CCON=C(C#N)C1=CC=CC=C1,0.0,G1,B,,,Uncharged,Non-ionizable,N#CCON=C(C#N)c1ccccc1
2651,B-3083,-4.083,OC(C1=CC=C(F)C=C1)(C1=CN=CN=C1)C1=CC=CC=C1Cl,0.0,G1,B,,,Uncharged,Non-ionizable,OC(c1ccc(F)cc1)(c1cncnc1)c1ccccc1Cl
2652,B-3084,-5.6603,ClC1=CC=C(OC2=CC=C(Cl)C(Cl)=C2)C=C1,0.0,G1,B,,,Uncharged,Non-ionizable,Clc1ccc(Oc2ccc(Cl)c(Cl)c2)cc1
2653,B-3085,-1.8281,CCCC(Br)(CCC)C(N)=O,0.0,G1,B,,,Uncharged,Non-ionizable,CCCC(Br)(CCC)C(N)=O
2654,B-3088,-4.7874,CCC1OCC(COC2=CC=C(OC3=CC=CC=C3)C=C2)O1,0.0,G1,B,,,Uncharged,Non-ionizable,CCC1OCC(COc2ccc(Oc3ccccc3)cc2)O1
2655,B-3089,-1.2082,CCCN1C(=O)N(C)C2=C(N(C)C=N2)C1=O,0.0,G1,B,,,Uncharged,Non-ionizable,CCCn1c(=O)c2c(ncn2C)n(C)c1=O
2656,B-3091,-6.7243,CCOC1=CC=C(C=C1)C1(CC1(Cl)Cl)C(=O)OC(C#N)C1=CC=CC(OC2=CC=CC=C2)=C1,0.0,G1,B,,,Uncharged,Non-ionizable,CCOc1ccc(C2(C(=O)OC(C#N)c3cccc(Oc4ccccc4)c3)CC2(Cl)Cl)cc1
2657,B-3097,-2.7353,CCSC1=NN=C(C(=O)N1N)C(C)(C)C,0.0,G1,B,,,Uncharged,Non-ionizable,CCSc1nnc(C(C)(C)C)c(=O)n1N
2658,B-3099,-1.6405,NC(=O)COC(=O)C1=CC=CC=C1,0.0,G1,B,,,Uncharged,Non-ionizable,NC(=O)COC(=O)c1ccccc1
2659,B-3104,-7.62,ClC1=CC=C(C(Cl)=C1)C1=CC=C(Cl)C(Cl)=C1Cl,0.09,G3,B,,,Uncharged,Non-ionizable,Clc1ccc(-c2ccc(Cl)c(Cl)c2Cl)c(Cl)c1
2660,B-3109,-8.3221,CC(C)C(C(=O)OC(C#N)C1=CC=CC(OC2=CC=CC=C2)=C1)C1=CC=C(Cl)C=C1,0.0,G1,B,,,Uncharged,Non-ionizable,CC(C)C(C(=O)OC(C#N)c1cccc(Oc2ccccc2)c1)c1ccc(Cl)cc1
2661,B-3110,-3.5903,CCCC(CN1C=NC=N1)C1=CC=C(Cl)C=C1Cl,0.0,G1,B,,,Uncharged,Non-ionizable,CCCC(Cn1cncn1)c1ccc(Cl)cc1Cl
2662,B-3112,-5.6042,CCOC(=O)C(C)OC1=CC=C(OC2=NC3=CC=C(Cl)C=C3O2)C=C1,0.0,G1,B,,,Uncharged,Non-ionizable,CCOC(=O)C(C)Oc1ccc(Oc2nc3ccc(Cl)cc3o2)cc1
2663,B-3113,-5.437,ClC1=CC=CC(OC2=CC=C(Cl)C(Cl)=C2)=C1,0.0,G1,B,,,Uncharged,Non-ionizable,Clc1cccc(Oc2ccc(Cl)c(Cl)c2)c1
2664,B-3114,-6.9197,CC1(C)C(C(Br)C(Br)(Br)Br)C1C(=O)OC(C#N)C1=CC=CC(OC2=CC=CC=C2)=C1,0.0,G1,B,,,Uncharged,Non-ionizable,CC1(C)C(C(=O)OC(C#N)c2cccc(Oc3ccccc3)c2)C1C(Br)C(Br)(Br)Br
2665,B-3118,0.9095,CC1(CCCC1=O)C#N,0.0,G1,B,,,Uncharged,Non-ionizable,CC1(C#N)CCCC1=O
2666,B-3122,-7.6194,CC1(C)C(C=C(Cl)Cl)C1C(=O)OC(C#N)C1=CC=CC(OC2=CC=CC=C2)=C1,0.0,G1,B,,,Uncharged,Non-ionizable,CC1(C)C(C=C(Cl)Cl)C1C(=O)OC(C#N)c1cccc(Oc2ccccc2)c1
2667,B-3124,-11.4817,ClC1=CC2=C(OC3=C2C(Cl)=C(Cl)C(Cl)=C3Cl)C(Cl)=C1Cl,0.0,G1,B,,,Uncharged,Non-ionizable,Clc1cc2c(oc3c(Cl)c(Cl)c(Cl)c(Cl)c32)c(Cl)c1Cl
2668,B-3126,-6.8395,BrC1=CC2=C(C=C1Br)C1=C(O2)C=C(Br)C(Br)=C1,0.0,G1,B,,,Uncharged,Non-ionizable,Brc1cc2oc3cc(Br)c(Br)cc3c2cc1Br
2669,B-3129,-9.7256,BrC1=CC=C(Br)C(=C1)C1=CC(Br)=C(Br)C=C1Br,0.0,G1,B,,,Uncharged,Non-ionizable,Brc1ccc(Br)c(-c2cc(Br)c(Br)cc2Br)c1
2670,B-3132,-4.3251,ClC1=CC(Cl)=C(C=C1OCC#C)N1N=C2CCCCN2C1=O,0.0,G1,B,,,Uncharged,Non-ionizable,C#CCOc1cc(-n2nc3n(c2=O)CCCC3)c(Cl)cc1Cl
2671,B-3133,-7.9541,CC1(C)C(C=C(Cl)C(F)(F)F)C1C(=O)OC(C#N)C1=CC=CC(OC2=CC=CC=C2)=C1,0.0,G1,B,,,Uncharged,Non-ionizable,CC1(C)C(C=C(Cl)C(F)(F)F)C1C(=O)OC(C#N)c1cccc(Oc2ccccc2)c1
2672,B-3136,-6.65,ClC1=CC=C(C(Cl)=C1)C1=C(Cl)C=CC=C1Cl,0.0,G1,B,,,Uncharged,Non-ionizable,Clc1ccc(-c2c(Cl)cccc2Cl)c(Cl)c1
2673,B-3138,-7.82,ClC1=CC=C(C(Cl)=C1)C1=CC(Cl)=CC(Cl)=C1Cl,0.0,G1,B,,,Uncharged,Non-ionizable,Clc1ccc(-c2cc(Cl)cc(Cl)c2Cl)c(Cl)c1
2674,B-3139,-7.95,ClC1=CC(=CC(Cl)=C1)C1=C(Cl)C=CC(Cl)=C1Cl,0.0,G1,B,,,Uncharged,Non-ionizable,Clc1cc(Cl)cc(-c2c(Cl)ccc(Cl)c2Cl)c1
2675,B-3140,-7.88,ClC1=CC=C(C=C1)C1=C(Cl)C(Cl)=CC(Cl)=C1Cl,0.0,G1,B,,,Uncharged,Non-ionizable,Clc1ccc(-c2c(Cl)c(Cl)cc(Cl)c2Cl)cc1
2676,B-3141,-7.47,ClC1=CC(=CC(Cl)=C1)C1=CC(Cl)=C(Cl)C=C1Cl,0.0,G1,B,,,Uncharged,Non-ionizable,Clc1cc(Cl)cc(-c2cc(Cl)c(Cl)cc2Cl)c1
2677,B-3142,-8.01,ClC1=CC=C(Cl)C(=C1)C1=C(Cl)C=C(Cl)C(Cl)=C1Cl,0.0,G1,B,,,Uncharged,Non-ionizable,Clc1ccc(Cl)c(-c2c(Cl)cc(Cl)c(Cl)c2Cl)c1
2678,B-3143,-8.13,ClC1=CC(=C(Cl)C(Cl)=C1Cl)C1=C(Cl)C=CC=C1Cl,0.0,G1,B,,,Uncharged,Non-ionizable,Clc1cc(-c2c(Cl)cccc2Cl)c(Cl)c(Cl)c1Cl
2679,B-3144,-9.42,ClC1=CC(Cl)=C(Cl)C(=C1)C1=C(Cl)C(Cl)=C(Cl)C(Cl)=C1Cl,0.0,G1,B,,,Uncharged,Non-ionizable,Clc1cc(Cl)c(Cl)c(-c2c(Cl)c(Cl)c(Cl)c(Cl)c2Cl)c1
2680,B-3148,-2.9921,CCS(=O)(=O)OC1=CC=C2OCC(C)(C)C2=C1,0.0,G1,B,,,Uncharged,Non-ionizable,CCS(=O)(=O)Oc1ccc2c(c1)C(C)(C)CO2
2681,B-3151,-4.9499,ClC1=CC=C(OC2=CC=CC=C2Cl)C(Cl)=C1,0.0,G1,B,,,Uncharged,Non-ionizable,Clc1ccc(Oc2ccccc2Cl)c(Cl)c1
2682,B-3155,-0.4424,OCC(Cl)(Cl)Br,0.0,G1,B,,,Uncharged,Non-ionizable,OCC(Cl)(Cl)Br
2683,B-3159,-9.1,ClC1=CC(=CC(Cl)=C1)C1=C(Cl)C(Cl)=C(Cl)C(Cl)=C1Cl,0.0,G1,B,,,Uncharged,Non-ionizable,Clc1cc(Cl)cc(-c2c(Cl)c(Cl)c(Cl)c(Cl)c2Cl)c1
2684,B-3164,-6.8765,CC(C)C(C(=O)OC(C#N)C1=CC=CC(OC2=CC=CC=C2)=C1)C1=CC=C(OC(F)F)C=C1,0.0,G1,B,,,Uncharged,Non-ionizable,CC(C)C(C(=O)OC(C#N)c1cccc(Oc2ccccc2)c1)c1ccc(OC(F)F)cc1
2685,B-3168,-7.2505,ClC1=CC=CC=C1C1=CC(Cl)=C(Cl)C=C1Cl,0.34025,G3,B,,,Uncharged,Non-ionizable,Clc1cc(Cl)c(-c2ccccc2Cl)cc1Cl
2686,B-3169,-6.9069,ClC1=CC(=CC(Cl)=C1Cl)C1=CC=CC=C1Cl,0.17155,G3,B,,,Uncharged,Non-ionizable,Clc1ccccc1-c1cc(Cl)c(Cl)c(Cl)c1
2687,B-3170,-7.3149,ClC1=CC=C(Cl)C(=C1)C1=CC(Cl)=C(Cl)C(Cl)=C1,0.0,G1,B,,,Uncharged,Non-ionizable,Clc1ccc(Cl)c(-c2cc(Cl)c(Cl)c(Cl)c2)c1
2688,B-3175,-5.6042,CCOC(=O)C(C)OC1=CC=C(OC2=NC3=CC=C(Cl)C=C3O2)C=C1,0.0,G1,B,,,Uncharged,Non-ionizable,CCOC(=O)C(C)Oc1ccc(Oc2nc3ccc(Cl)cc3o2)cc1
2689,B-3176,-2.6514,CN1N=C(C)C(C(=O)C2=CC=C(Cl)C=C2Cl)=C1OCC(=O)C1=CC=CC=C1,0.0,G1,B,,,Uncharged,Non-ionizable,Cc1nn(C)c(OCC(=O)c2ccccc2)c1C(=O)c1ccc(Cl)cc1Cl
2690,B-3178,-6.5587,CC1(C)C(C=C(Cl)Cl)C1C(=O)OC(C#N)C1=CC=CC(OC2=CC=CC=C2)=C1,0.72935,G2,B,,,Uncharged,Non-ionizable,CC1(C)C(C=C(Cl)Cl)C1C(=O)OC(C#N)c1cccc(Oc2ccccc2)c1
2691,B-3179,-0.0384,NC(=O)C(=NO)C(N)=O,0.0,G1,B,,,Uncharged,Non-ionizable,NC(=O)C(=NO)C(N)=O
2692,B-3187,-5.8085,FC(F)(F)C1=C(SC(Cl)=N1)C(=O)OCC1=CC=CC=C1,0.0,G1,B,,,Uncharged,Non-ionizable,O=C(OCc1ccccc1)c1sc(Cl)nc1C(F)(F)F
2693,B-3191,-7.1299,ClC1=CC=CC(=C1)C1=CC(Cl)=C(Cl)C=C1Cl,0.0,G1,B,,,Uncharged,Non-ionizable,Clc1cccc(-c2cc(Cl)c(Cl)cc2Cl)c1
2694,B-3192,-7.3999,ClC1=CC=CC=C1C1=C(Cl)C(Cl)=CC(Cl)=C1Cl,0.0,G1,B,,,Uncharged,Non-ionizable,Clc1ccccc1-c1c(Cl)c(Cl)cc(Cl)c1Cl
2695,B-3193,-6.7798,ClC1=CC=C(C(Cl)=C1Cl)C1=C(Cl)C=CC=C1Cl,0.0,G1,B,,,Uncharged,Non-ionizable,Clc1ccc(-c2c(Cl)cccc2Cl)c(Cl)c1Cl
2696,B-3194,-2.4884,CCCCCCOC(=O)C(C)OC(=O)C(C)O,0.0,G1,B,,,Uncharged,Non-ionizable,CCCCCCOC(=O)C(C)OC(=O)C(C)O
2697,B-3195,0.1216,CC1=CC(C)=NC(=N1)C(N)=O,0.0,G1,B,,,Uncharged,Non-ionizable,Cc1cc(C)nc(C(N)=O)n1
2698,B-3199,-5.4817,ClC1=CC=CC=C1C1=NN=C(N=N1)C1=CC=CC=C1Cl,1.29915,G2,B,,,Uncharged,Non-ionizable,Clc1ccccc1-c1nnc(-c2ccccc2Cl)nn1
2699,B-3201,-6.77,ClC1=CC=CC(=C1)C1=CC=C(Cl)C(Cl)=C1Cl,0.0,G1,B,,,Uncharged,Non-ionizable,Clc1cccc(-c2ccc(Cl)c(Cl)c2Cl)c1
2700,B-3202,-6.77,ClC1=CC=C(C=C1)C1=CC(Cl)=CC(Cl)=C1Cl,0.0,G1,B,,,Uncharged,Non-ionizable,Clc1ccc(-c2cc(Cl)cc(Cl)c2Cl)cc1
2701,B-3203,-7.76,ClC1=CC=CC(=C1)C1=C(Cl)C(Cl)=CC(Cl)=C1Cl,0.0,G1,B,,,Uncharged,Non-ionizable,Clc1cccc(-c2c(Cl)c(Cl)cc(Cl)c2Cl)c1
2702,B-3204,-7.3102,ClC1=CC=C(C=C1)C1=CC(Cl)=C(Cl)C(Cl)=C1Cl,0.3899,G3,B,,,Uncharged,Non-ionizable,Clc1ccc(-c2cc(Cl)c(Cl)c(Cl)c2Cl)cc1
2703,B-3205,-7.95,ClC1=CC=C(C=C1)C1=C(Cl)C=C(Cl)C(Cl)=C1Cl,0.0,G1,B,,,Uncharged,Non-ionizable,Clc1ccc(-c2c(Cl)cc(Cl)c(Cl)c2Cl)cc1
2704,B-3206,-7.6505,ClC1=CC=C(C=C1Cl)C1=C(Cl)C=C(Cl)C(Cl)=C1Cl,0.0,G1,B,,,Uncharged,Non-ionizable,Clc1ccc(-c2c(Cl)cc(Cl)c(Cl)c2Cl)cc1Cl
2705,B-3207,-8.48,ClC1=CC=C(C=C1Cl)C1=C(Cl)C(Cl)=CC(Cl)=C1Cl,0.0,G1,B,,,Uncharged,Non-ionizable,Clc1ccc(-c2c(Cl)c(Cl)cc(Cl)c2Cl)cc1Cl
2706,B-3208,-8.27,ClC1=CC=C(Cl)C(=C1Cl)C1=CC(Cl)=C(Cl)C(Cl)=C1,0.0,G1,B,,,Uncharged,Non-ionizable,Clc1cc(-c2c(Cl)ccc(Cl)c2Cl)cc(Cl)c1Cl
2707,B-3209,-8.2696,ClC1=CC(=CC(Cl)=C1)C1=C(Cl)C(Cl)=CC(Cl)=C1Cl,0.0,G1,B,,,Uncharged,Non-ionizable,Clc1cc(Cl)cc(-c2c(Cl)c(Cl)cc(Cl)c2Cl)c1
2708,B-3210,-8.9706,ClC1=CC=C(C(Cl)=C1)C1=C(Cl)C(Cl)=C(Cl)C(Cl)=C1Cl,0.5253,G2,B,,,Uncharged,Non-ionizable,Clc1ccc(-c2c(Cl)c(Cl)c(Cl)c(Cl)c2Cl)c(Cl)c1
2709,B-3211,-9.1,ClC1=CC(Cl)=C(C(Cl)=C1Cl)C1=CC(Cl)=C(Cl)C(Cl)=C1,0.0,G1,B,,,Uncharged,Non-ionizable,Clc1cc(-c2c(Cl)cc(Cl)c(Cl)c2Cl)cc(Cl)c1Cl
2710,B-3213,-9.48,ClC1=CC(Cl)=C(C(Cl)=C1)C1=C(Cl)C(Cl)=C(Cl)C(Cl)=C1Cl,0.0,G1,B,,,Uncharged,Non-ionizable,Clc1cc(Cl)c(-c2c(Cl)c(Cl)c(Cl)c(Cl)c2Cl)c(Cl)c1
2711,B-3214,-9.6997,ClC1=CC(=CC(Cl)=C1Cl)C1=C(Cl)C(Cl)=C(Cl)C(Cl)=C1Cl,0.0,G1,B,,,Uncharged,Non-ionizable,Clc1cc(-c2c(Cl)c(Cl)c(Cl)c(Cl)c2Cl)cc(Cl)c1Cl
2712,B-3215,-8.4901,ClC1=CC(Cl)=C(C(Cl)=C1)C1=C(Cl)C(Cl)=CC(Cl)=C1Cl,0.0,G1,B,,,Uncharged,Non-ionizable,Clc1cc(Cl)c(-c2c(Cl)c(Cl)cc(Cl)c2Cl)c(Cl)c1
2713,B-3216,-3.8003,BrC1=CC=C(Br)C(C=O)=C1,0.0,G1,B,,,Uncharged,Non-ionizable,O=Cc1cc(Br)ccc1Br
2714,B-3219,-4.6937,ClC1=CC=CC(C2=CNC=C2C#N)=C1Cl,0.0,G1,B,,,Uncharged,Non-ionizable,N#Cc1c[nH]cc1-c1cccc(Cl)c1Cl
2715,B-3220,-4.0649,N#CC(=NOCC1OCCO1)C1=CC=CC=C1,0.0,G1,B,,,Uncharged,Non-ionizable,N#CC(=NOCC1OCCO1)c1ccccc1
2716,B-3221,-4.5619,CC(C)(C)C(O)C(CC1=CC=C(Cl)C=C1Cl)N1C=NC=N1,0.0,G1,B,,,Uncharged,Non-ionizable,CC(C)(C)C(O)C(Cc1ccc(Cl)cc1Cl)n1cncn1
2717,B-3223,-4.0017,CCOP(=O)(CC1=CC=C(C=C1)C1=NC2=CC=CC=C2S1)OCC,0.0,G1,B,,,Uncharged,Non-ionizable,CCOP(=O)(Cc1ccc(-c2nc3ccccc3s2)cc1)OCC
2718,B-3228,-2.6404,CSCOC(=O)C1=CC=CC=C1OC(C)=O,0.0,G1,B,,,Uncharged,Non-ionizable,CSCOC(=O)c1ccccc1OC(C)=O
2719,B-3229,-1.7824,CC(=O)OC1=CC=CC=C1C(=O)OCS(C)=O,0.0,G1,B,,,Uncharged,Non-ionizable,CC(=O)Oc1ccccc1C(=O)OC[S+](C)[O-]
2720,B-3230,-3.3936,CC(=O)OC1=CC=CC=C1C(=O)OCS(C)(=O)=O,0.0,G1,B,,,Uncharged,Non-ionizable,CC(=O)Oc1ccccc1C(=O)OCS(C)(=O)=O
2721,B-3234,-3.3651,OC(CN1C=NC=N1)(C1=CC=C(F)C=C1)C1=CC=CC=C1F,0.0,G1,B,,,Uncharged,Non-ionizable,OC(Cn1cncn1)(c1ccc(F)cc1)c1ccccc1F
2722,B-3235,-7.4052,ClC1=CC=CC(=C1Cl)C1=CC(Cl)=C(Cl)C(Cl)=C1,0.0,G1,B,,,Uncharged,Non-ionizable,Clc1cc(-c2cccc(Cl)c2Cl)cc(Cl)c1Cl
2723,B-3239,-4.0388,CCCSP(=O)(OCC)OC1=CN(N=C1)C1=CC=C(Cl)C=C1,0.0,G1,B,,,Uncharged,Non-ionizable,CCCSP(=O)(OCC)Oc1cnn(-c2ccc(Cl)cc2)c1
2724,B-3242,0.0909,CCOC(CC(C)O)OCC,0.0,G1,B,,,Uncharged,Non-ionizable,CCOC(CC(C)O)OCC
2725,B-3251,-7.3209,CC1=C(F)C(F)=C(COC(=O)C2C(C=C(Cl)C(F)(F)F)C2(C)C)C(F)=C1F,0.0,G1,B,,,Uncharged,Non-ionizable,Cc1c(F)c(F)c(COC(=O)C2C(C=C(Cl)C(F)(F)F)C2(C)C)c(F)c1F
2726,B-3253,-7.1447,CCC(C)(C)C(=O)OC1CC(C)C=C2C=CC(C)C(CCC3CC(O)CC(=O)O3)C12,0.0,G1,B,,,Uncharged,Non-ionizable,CCC(C)(C)C(=O)OC1CC(C)C=C2C=CC(C)C(CCC3CC(O)CC(=O)O3)C21
2727,B-3254,-4.2668,CCCCC(O)(CN1C=NC=N1)C1=CC=C(Cl)C=C1Cl,0.0,G1,B,,,Uncharged,Non-ionizable,CCCCC(O)(Cn1cncn1)c1ccc(Cl)cc1Cl
2728,B-3256,-8.5758,CCOC1=CC=C(C=C1)C(C)(C)COCC1=CC=CC(OC2=CC=CC=C2)=C1,0.0121,G3,B,,,Uncharged,Non-ionizable,CCOc1ccc(C(C)(C)COCc2cccc(Oc3ccccc3)c2)cc1
2729,B-3271,-3.9524,CC(C)(C)C(O)C(OC1=CC=C(Cl)C=C1)N1C=NC=N1,0.0,G1,B,,,Uncharged,Non-ionizable,CC(C)(C)C(O)C(Oc1ccc(Cl)cc1)n1cncn1
2730,B-3274,-0.3736,CCOC(C)CCO,0.0,G1,B,,,Uncharged,Non-ionizable,CCOC(C)CCO
2731,B-3275,-6.6262,CC1=C(COC(=O)C2C(C=C(Cl)C(F)(F)F)C2(C)C)C=CC=C1C1=CC=CC=C1,0.0,G1,B,,,Uncharged,Non-ionizable,Cc1c(COC(=O)C2C(C=C(Cl)C(F)(F)F)C2(C)C)cccc1-c1ccccc1
2732,B-3276,-6.5209,CN1N=C(C)C(C(=O)C2=CC=C(Cl)C(C)=C2Cl)=C1OCC(=O)C1=CC=C(C)C=C1,0.0,G1,B,,,Uncharged,Non-ionizable,Cc1ccc(C(=O)COc2c(C(=O)c3ccc(Cl)c(C)c3Cl)c(C)nn2C)cc1
2733,B-3282,-4.5403,CC(C)(C)C(O)C(=CC1=CC=C(Cl)C=C1)N1C=NC=N1,0.0,G1,B,,,Uncharged,Non-ionizable,CC(C)(C)C(O)C(=Cc1ccc(Cl)cc1)n1cncn1
2734,B-3283,-4.5403,CC(C)(C)C(O)C(=CC1=CC=C(Cl)C=C1)N1C=NC=N1,0.0,G1,B,,,Uncharged,Non-ionizable,CC(C)(C)C(O)C(=Cc1ccc(Cl)cc1)n1cncn1
2735,B-3284,-4.9115,CC(C)(C)C(O)C(=CC1=CC=C(Cl)C=C1Cl)N1C=NC=N1,0.0,G1,B,,,Uncharged,Non-ionizable,CC(C)(C)C(O)C(=Cc1ccc(Cl)cc1Cl)n1cncn1
2736,B-3290,-3.1711,CCCCCSS(=O)CCCCC,0.0,G1,B,,,Uncharged,Non-ionizable,CCCCCS[S+]([O-])CCCCC
2737,B-3291,0.4574,COCCCCC=O,0.0,G1,B,,,Uncharged,Non-ionizable,COCCCCC=O
2738,B-3292,-3.0665,CCC(=O)OCC1=CC=C(Cl)C=C1Cl,0.0,G1,B,,,Uncharged,Non-ionizable,CCC(=O)OCc1ccc(Cl)cc1Cl
2739,B-3293,-3.7665,C[Si](CN1C=NC=N1)(C1=CC=C(F)C=C1)C1=CC=C(F)C=C1,0.0,G1,B,,,Uncharged,Non-ionizable,C[Si](Cn1cncn1)(c1ccc(F)cc1)c1ccc(F)cc1
2740,B-3297,-5.3842,ClC1=CC=C(CSC(CN2C=NC=N2)=NC2=CC=C(Cl)C=C2Cl)C=C1,0.0,G1,B,,,Uncharged,Non-ionizable,Clc1ccc(CSC(Cn2cncn2)=Nc2ccc(Cl)cc2Cl)cc1
2741,B-3306,-3.6391,CC(C)C12CCC(C)(O1)C(C2)OCC1=CC=CC=C1C,0.0,G1,B,,,Uncharged,Non-ionizable,Cc1ccccc1COC1CC2(C(C)C)CCC1(C)O2
2742,B-3307,-4.0138,FC(F)(F)C(=NOCC1OCCO1)C1=CC=C(Cl)C=C1,0.0,G1,B,,,Uncharged,Non-ionizable,FC(F)(F)C(=NOCC1OCCO1)c1ccc(Cl)cc1
2743,B-3313,-0.794,CN1C2=C(NC(=O)N2)C=NC1=O,0.0,G1,B,,,Uncharged,Non-ionizable,Cn1c(=O)ncc2[nH]c(=O)[nH]c21
2744,B-3314,-3.6786,CC(C)(C)C(O)C(OC1=CC=C(Cl)C=C1)N1C=NC=N1,0.0,G1,B,,,Uncharged,Non-ionizable,CC(C)(C)C(O)C(Oc1ccc(Cl)cc1)n1cncn1
2745,B-3315,-1.0732,CC(CCO)CCC=O,0.0,G1,B,,,Uncharged,Non-ionizable,CC(CCO)CCC=O
2746,B-3316,-0.9089,CN1C=C2N=CC=NC2=NC1=O,0.0,G1,B,,,Uncharged,Non-ionizable,Cn1cc2nccnc2nc1=O
2747,B-3317,-2.7021,O=C1OCC2=CC=C(C=C12)C#N,0.0,G1,B,,,Uncharged,Non-ionizable,N#Cc1ccc2c(c1)C(=O)OC2
2748,B-3318,-0.1653,CCS(=O)(=O)C(C)(CO)S(=O)(=O)CC,0.0,G1,B,,,Uncharged,Non-ionizable,CCS(=O)(=O)C(C)(CO)S(=O)(=O)CC
2749,B-3326,-2.2644,CCC1=NC2=CNC(=O)N=C2N=C1CC,0.0178,G3,B,,,Uncharged,Non-ionizable,CCc1nc2c[nH]c(=O)nc2nc1CC
2750,B-3332,0.3627,CCOC(=O)C(O)C=C,0.0,G1,B,,,Uncharged,Non-ionizable,C=CC(O)C(=O)OCC
2751,B-3333,-1.1083,CC1CCCC(OC2CCCC(C)O2)O1,0.0,G1,B,,,Uncharged,Non-ionizable,CC1CCCC(OC2CCCC(C)O2)O1
2752,B-3334,-0.6592,CCCOP(=O)(OC)OCCC,0.0,G1,B,,,Uncharged,Non-ionizable,CCCOP(=O)(OC)OCCC
2753,B-3335,-1.985,CN1C=NC2=C(N(C)C(=O)N(C)C2=O)C1=O,0.0,G1,B,,,Uncharged,Non-ionizable,Cn1cnc2c(=O)n(C)c(=O)n(C)c2c1=O
2754,B-3337,-7.5245,CCCCC1=C2C=CC=CC2=CC2=C1C1=C(C=CC=C1)C=C2,0.0,G1,B,,,Uncharged,Non-ionizable,CCCCc1c2ccccc2cc2ccc3ccccc3c12
2755,B-3341,-3.3189,CC(C1CC1)C(O)(CN1C=NC=N1)C1=CC=C(Cl)C=C1,0.0,G1,B,,,Uncharged,Non-ionizable,CC(C1CC1)C(O)(Cn1cncn1)c1ccc(Cl)cc1
2756,B-3344,-3.0376,CCOP(=O)(SC(C)CC)SC(C)CC,0.0,G1,B,,,Uncharged,Non-ionizable,CCOP(=O)(SC(C)CC)SC(C)CC
2757,B-3346,-4.7626,CCOP(=S)(OC(C)C)OC1=CN=C(N=C1)C(C)(C)C,0.0,G1,B,,,Uncharged,Non-ionizable,CCOP(=S)(Oc1cnc(C(C)(C)C)nc1)OC(C)C
2758,B-3347,-7.483,CC(C)(C)N1N=CC(SCC2=CC=C(C=C2)C(C)(C)C)=C(Cl)C1=O,0.0,G1,B,,,Uncharged,Non-ionizable,CC(C)(C)c1ccc(CSc2cnn(C(C)(C)C)c(=O)c2Cl)cc1
2759,B-3349,-3.9788,CN=C1OC(C(=O)C1C1=CC=CC(=C1)C(F)(F)F)C1=CC=CC=C1,0.0,G1,B,,,Uncharged,Non-ionizable,CN=C1OC(c2ccccc2)C(=O)C1c1cccc(C(F)(F)F)c1
2760,B-3351,-2.2601,COC(=O)C1(CC1)S(=O)(=O)C1=CC=CC=C1,0.0,G1,B,,,Uncharged,Non-ionizable,COC(=O)C1(S(=O)(=O)c2ccccc2)CC1
2761,B-3358,-1.3717,CCCCC(=CC)C(N)=O,0.0,G1,B,,,Uncharged,Non-ionizable,CC=C(CCCC)C(N)=O
2762,B-3368,-0.4906,CC(O)C(C)C=O,0.0,G1,B,,,Uncharged,Non-ionizable,CC(O)C(C)C=O
2763,B-3370,-1.489,CN1C(=O)C(C)=NC2=CN=CN=C12,0.0,G1,B,,,Uncharged,Non-ionizable,Cc1nc2cncnc2n(C)c1=O
2764,B-3373,-3.9652,CCC(C)(C)C1CCC(=NO)C(C1)=NO,0.0,G1,B,,,Uncharged,Non-ionizable,CCC(C)(C)C1CCC(=NO)C(=NO)C1
2765,B-3377,-5.9694,CCOC(=O)C(C)OC1=CC=C(OC2=NC3=CC=C(Cl)C=C3N=C2)C=C1,0.0,G1,B,,,Uncharged,Non-ionizable,CCOC(=O)C(C)Oc1ccc(Oc2cnc3cc(Cl)ccc3n2)cc1
2766,B-3380,-2.6468,CCCCOP(=O)(OCCCC)OCCCCOCC,0.0,G1,B,,,Uncharged,Non-ionizable,CCCCOP(=O)(OCCCC)OCCCCOCC
2767,B-3381,-7.4325,CC1(C)C(C=CC(=O)OC(C(F)(F)F)C(F)(F)F)C1C(=O)OC(C#N)C1=CC=CC(OC2=CC=CC=C2)=C1,0.0,G1,B,,,Uncharged,Non-ionizable,CC1(C)C(C=CC(=O)OC(C(F)(F)F)C(F)(F)F)C1C(=O)OC(C#N)c1cccc(Oc2ccccc2)c1
2768,B-3389,-1.113,COC1=NC2=NC=CN=C2C=N1,0.0,G1,B,,,Uncharged,Non-ionizable,COc1ncc2nccnc2n1
2769,B-3390,-1.3713,CN1C(=O)N=CC2=NC=CN=C12,0.0,G1,B,,,Uncharged,Non-ionizable,Cn1c(=O)ncc2nccnc21
2770,B-3392,-1.9986,COC(C)C(C)Cl,0.0,G1,B,,,Uncharged,Non-ionizable,COC(C)C(C)Cl
2771,B-3393,-3.9311,COC1=CC(Br)=C2COC(=O)C2=C1OC,0.0,G1,B,,,Uncharged,Non-ionizable,COc1cc(Br)c2c(c1OC)C(=O)OC2
2772,B-3395,-5.6516,CCOC(=O)C1=NN(C(=N1)C(Cl)(Cl)Cl)C1=CC=C(Cl)C=C1Cl,0.0,G1,B,,,Uncharged,Non-ionizable,CCOC(=O)c1nc(C(Cl)(Cl)Cl)n(-c2ccc(Cl)cc2Cl)n1
2773,B-3401,-8.6113,CCOC1=CC=C(C=C1)[Si](C)(C)CCCC1=CC=C(F)C(OC2=CC=CC=C2)=C1,0.0,G1,B,,,Uncharged,Non-ionizable,CCOc1ccc([Si](C)(C)CCCc2ccc(F)c(Oc3ccccc3)c2)cc1
2774,B-3418,-3.932,CC(C)(C)C(O)(CCC1=CC=C(Cl)C=C1)CN1C=NC=N1,0.0,G1,B,,,Uncharged,Non-ionizable,CC(C)(C)C(O)(CCc1ccc(Cl)cc1)Cn1cncn1
2775,B-3419,-1.8239,NS(=O)(=O)C1=CC=C(SCCO)C=C1,0.0,G1,B,,,Uncharged,Non-ionizable,NS(=O)(=O)c1ccc(SCCO)cc1
2776,B-3420,-2.2472,NS(=O)(=O)C1=CC=C(SCCCO)C=C1,0.0,G1,B,,,Uncharged,Non-ionizable,NS(=O)(=O)c1ccc(SCCCO)cc1
2777,B-3421,-2.6618,NS(=O)(=O)C1=CC=C(SCCCCCO)C=C1,0.0,G1,B,,,Uncharged,Non-ionizable,NS(=O)(=O)c1ccc(SCCCCCO)cc1
2778,B-3428,-5.8479,CC(OC1=CC=C(OC2=NC3=CC=C(Cl)C=C3N=C2)C=C1)C(=O)OCCON=C(C)C,0.0,G1,B,,,Uncharged,Non-ionizable,CC(C)=NOCCOC(=O)C(C)Oc1ccc(Oc2cnc3cc(Cl)ccc3n2)cc1
2779,B-3429,-7.4604,CN1N=C(C)C(C=NOCC2=CC=C(C=C2)C(=O)OC(C)(C)C)=C1OC1=CC=CC=C1,0.0,G1,B,,,Uncharged,Non-ionizable,Cc1nn(C)c(Oc2ccccc2)c1C=NOCc1ccc(C(=O)OC(C)(C)C)cc1
2780,B-3430,-9.9799,CC(C)(COCC1=CC=CC(OC2=CC=CC=C2)=C1)C1=CC=C(OC(F)(F)Br)C=C1,0.0,G1,B,,,Uncharged,Non-ionizable,CC(C)(COCc1cccc(Oc2ccccc2)c1)c1ccc(OC(F)(F)Br)cc1
2781,B-3437,-6.2264,ClC1=CC=C(CCC(CN2C=NC=N2)(C#N)C2=CC=CC=C2)C=C1,0.0,G1,B,,,Uncharged,Non-ionizable,N#CC(CCc1ccc(Cl)cc1)(Cn1cncn1)c1ccccc1
2782,B-3438,-0.6665,CCC1C(C)OC1=O,0.0,G1,B,,,Uncharged,Non-ionizable,CCC1C(=O)OC1C
2783,B-3451,-3.8775,ClC1=CC=C(C(Cl)=C1)C1(CN2C=NC=N2)CC(Br)CO1,0.0,G1,B,,,Uncharged,Non-ionizable,Clc1ccc(C2(Cn3cncn3)CC(Br)CO2)c(Cl)c1
2784,B-3455,-5.6768,COC(=O)CSC1=CC(N=C2SC(=O)N3CCCCN23)=C(F)C=C1Cl,0.0616,G3,B,,,Uncharged,Non-ionizable,COC(=O)CSc1cc(N=c2sc(=O)n3n2CCCC3)c(F)cc1Cl
2785,B-3461,-6.8137,CC1(C)C(C=C(Cl)Cl)C1C(=O)OCC1=C(F)C(F)=CC(F)=C1F,0.0,G1,B,,,Uncharged,Non-ionizable,CC1(C)C(C=C(Cl)Cl)C1C(=O)OCc1c(F)c(F)cc(F)c1F
2786,B-3462,-4.4733,COC1=CC=C(C=C1)C(=O)C1=CSC(=C1)S(N)(=O)=O,0.0,G1,B,,,Uncharged,Non-ionizable,COc1ccc(C(=O)c2csc(S(N)(=O)=O)c2)cc1
2787,B-3464,-4.1481,COC1=CC=C(C=C1)C(=O)C1=COC(=C1)S(N)(=O)=O,0.0,G1,B,,,Uncharged,Non-ionizable,COc1ccc(C(=O)c2coc(S(N)(=O)=O)c2)cc1
2788,B-3465,-4.4492,CC1=CC=C(C=C1)C(=O)C1=CSC(=C1)S(N)(=O)=O,0.0,G1,B,,,Uncharged,Non-ionizable,Cc1ccc(C(=O)c2csc(S(N)(=O)=O)c2)cc1
2789,B-3466,-5.6635,NC(=O)C1=NN(C(=N1)C1=CC=CC=C1)C1=CC=C(Cl)C(COCC(F)(F)C(F)(F)F)=C1,0.0,G1,B,,,Uncharged,Non-ionizable,NC(=O)c1nc(-c2ccccc2)n(-c2ccc(Cl)c(COCC(F)(F)C(F)(F)F)c2)n1
2790,B-3469,-5.0303,CC(OC1=CC=C(OC2=NC3=CC=C(Cl)C=C3N=C2)C=C1)C(=O)OCC1CCCO1,0.0,G1,B,,,Uncharged,Non-ionizable,CC(Oc1ccc(Oc2cnc3cc(Cl)ccc3n2)cc1)C(=O)OCC1CCCO1
2791,B-3473,-6.1439,CC(C)(C)C1=CC=C(CCOC2=NC=NC3=CC=CC=C23)C=C1,0.0,G1,B,,,Uncharged,Non-ionizable,CC(C)(C)c1ccc(CCOc2ncnc3ccccc23)cc1
2792,B-3477,-5.708,CCCCOC(=O)C(C)OC1=CC=C(OC2=CC=C(C=C2F)C#N)C=C1,0.0,G1,B,,,Uncharged,Non-ionizable,CCCCOC(=O)C(C)Oc1ccc(Oc2ccc(C#N)cc2F)cc1
2793,B-3482,-0.463,CC(O)CCCC=O,0.0,G1,B,,,Uncharged,Non-ionizable,CC(O)CCCC=O
2794,B-3485,-4.3288,CC1(C)CCC(CC2=CC=C(Cl)C=C2)C1(O)CN1C=NC=N1,0.0,G1,B,,,Uncharged,Non-ionizable,CC1(C)CCC(Cc2ccc(Cl)cc2)C1(O)Cn1cncn1
2795,B-3486,-4.6828,CC(C)C1CCC(CC2=CC=C(Cl)C=C2)C1(O)CN1C=NC=N1,0.0,G1,B,,,Uncharged,Non-ionizable,CC(C)C1CCC(Cc2ccc(Cl)cc2)C1(O)Cn1cncn1
2796,B-3491,-4.2727,CCOC(=O)C(Cl)CC1=CC(N2N=C(C)N(C(F)F)C2=O)=C(F)C=C1Cl,0.0,G1,B,,,Uncharged,Non-ionizable,CCOC(=O)C(Cl)Cc1cc(-n2nc(C)n(C(F)F)c2=O)c(F)cc1Cl
2797,B-3493,-3.3681,OC1(CCCCCC1N1C=NC=N1)C1=CC=C(Cl)C=C1,0.0,G1,B,,,Uncharged,Non-ionizable,OC1(c2ccc(Cl)cc2)CCCCCC1n1cncn1
2798,B-3494,-5.6161,CCOC(=O)COC1=CC(C2=NN(C)C(OC(F)F)=C2Cl)=C(F)C=C1Cl,0.0,G1,B,,,Uncharged,Non-ionizable,CCOC(=O)COc1cc(-c2nn(C)c(OC(F)F)c2Cl)c(F)cc1Cl
2799,B-3496,-5.1395,FC1(F)OC2=CC=CC(=C2O1)C1=CNC=C1C#N,0.03525,G3,B,,,Uncharged,Non-ionizable,N#Cc1c[nH]cc1-c1cccc2c1OC(F)(F)O2
2800,B-3498,-4.8276,COC=C(C(=O)OC)C1=CC=CC=C1OC1=CC(OC2=CC=CC=C2C#N)=NC=N1,0.0,G1,B,,,Uncharged,Non-ionizable,COC=C(C(=O)OC)c1ccccc1Oc1cc(Oc2ccccc2C#N)ncn1
2801,B-3500,-4.4363,CSC(=O)C1=C2SN=NC2=CC=C1,0.0,G1,B,,,Uncharged,Non-ionizable,CSC(=O)c1cccc2nnsc12
2802,B-3503,-2.5141,NS(=O)(=O)C1=CC=C(SCCCCO)C=C1,0.0,G1,B,,,Uncharged,Non-ionizable,NS(=O)(=O)c1ccc(SCCCCO)cc1
2803,B-3504,-1.032,NS(=O)(=O)C1=CC=C(CCCO)C=C1,0.0,G1,B,,,Uncharged,Non-ionizable,NS(=O)(=O)c1ccc(CCCO)cc1
2804,B-3505,-1.1931,NS(=O)(=O)C1=CC=C(CCCCO)C=C1,0.0,G1,B,,,Uncharged,Non-ionizable,NS(=O)(=O)c1ccc(CCCCO)cc1
2805,B-3506,-1.9712,NS(=O)(=O)C1=CC=C(CCCCCO)C=C1,0.0,G1,B,,,Uncharged,Non-ionizable,NS(=O)(=O)c1ccc(CCCCCO)cc1
2806,B-3508,-3.6037,CON=C(C)C1=CC=CC(OC2=NC(OC)=CC(OC)=N2)=C1C(=O)OC,0.0,G1,B,,,Uncharged,Non-ionizable,CON=C(C)c1cccc(Oc2nc(OC)cc(OC)n2)c1C(=O)OC
2807,B-3509,-5.5754,FC1=CC=C2N=C(N3C=NC=N3)N(C(=O)C2=C1)C1=CC=C(Cl)C=C1Cl,0.0,G1,B,,,Uncharged,Non-ionizable,O=c1c2cc(F)ccc2nc(-n2cncn2)n1-c1ccc(Cl)cc1Cl
2808,B-3513,-4.7631,CS(=O)(=O)C1=CC(=CC=C1C(=O)C1=C(ON=C1)C1CC1)C(F)(F)F,0.0,G1,B,,,Uncharged,Non-ionizable,CS(=O)(=O)c1cc(C(F)(F)F)ccc1C(=O)c1cnoc1C1CC1
2809,B-3516,-5.195,CON=C(C(=O)OC)C1=CC=CC=C1COC1=CC=CC=C1C,0.829003768,G2,B,,,Uncharged,Non-ionizable,CON=C(C(=O)OC)c1ccccc1COc1ccccc1C
2810,B-3518,-2.8803,COC(=O)C1(CC1)S(=O)(=O)C1=CC=C(C)C=C1,0.0,G1,B,,,Uncharged,Non-ionizable,COC(=O)C1(S(=O)(=O)c2ccc(C)cc2)CC1
2811,B-3519,-3.0104,CCOC(=O)C1(CC1)S(=O)(=O)C1=CC=C(C)C=C1,0.0,G1,B,,,Uncharged,Non-ionizable,CCOC(=O)C1(S(=O)(=O)c2ccc(C)cc2)CC1
2812,B-3520,-3.2307,CC(C)OC(=O)C1(CC1)S(=O)(=O)C1=CC=C(C)C=C1,0.0,G1,B,,,Uncharged,Non-ionizable,Cc1ccc(S(=O)(=O)C2(C(=O)OC(C)C)CC2)cc1
2813,B-3521,-3.3086,COC(=O)C1(CC1)S(=O)(=O)C1=CC=C(Cl)C=C1,0.0,G1,B,,,Uncharged,Non-ionizable,COC(=O)C1(S(=O)(=O)c2ccc(Cl)cc2)CC1
2814,B-3522,-3.5401,CC(C)OC(=O)C1(CC1)S(=O)(=O)C1=CC=C(Cl)C=C1,0.0,G1,B,,,Uncharged,Non-ionizable,CC(C)OC(=O)C1(S(=O)(=O)c2ccc(Cl)cc2)CC1
2815,B-3523,-4.1206,CC(C)(C)OC(=O)C1(CC1)S(=O)(=O)C1=CC=C(Cl)C=C1,0.0,G1,B,,,Uncharged,Non-ionizable,CC(C)(C)OC(=O)C1(S(=O)(=O)c2ccc(Cl)cc2)CC1
2816,B-3524,-3.6703,COC(=O)C1(CC1)S(=O)(=O)C1=CC=C(Br)C=C1,0.0,G1,B,,,Uncharged,Non-ionizable,COC(=O)C1(S(=O)(=O)c2ccc(Br)cc2)CC1
2817,B-3530,-6.6782,CCOC1=CC(=CC=C1C1COC(=N1)C1=C(F)C=CC=C1F)C(C)(C)C,0.0,G1,B,,,Uncharged,Non-ionizable,CCOc1cc(C(C)(C)C)ccc1C1COC(c2c(F)cccc2F)=N1
2818,B-3535,-3.55,COC(=O)C1(CCC1)S(=O)(=O)C1=CC=C(Br)C=C1,0.0,G1,B,,,Uncharged,Non-ionizable,COC(=O)C1(S(=O)(=O)c2ccc(Br)cc2)CCC1
2819,B-3536,-4.0104,COC(=O)C1(CCCC1)S(=O)(=O)C1=CC=C(Br)C=C1,0.0,G1,B,,,Uncharged,Non-ionizable,COC(=O)C1(S(=O)(=O)c2ccc(Br)cc2)CCCC1
2820,B-3537,-4.4786,COC(=O)C1(CCCCC1)S(=O)(=O)C1=CC=C(Br)C=C1,0.0,G1,B,,,Uncharged,Non-ionizable,COC(=O)C1(S(=O)(=O)c2ccc(Br)cc2)CCCCC1
2821,B-3538,-2.9996,COC(=O)C1(CCC1)S(=O)(=O)C1=CC=C(Cl)C=C1,0.0,G1,B,,,Uncharged,Non-ionizable,COC(=O)C1(S(=O)(=O)c2ccc(Cl)cc2)CCC1
2822,B-3539,-4.6498,CC(C)OC(=O)C1(CCCC1)S(=O)(=O)C1=CC=C(Cl)C=C1,0.0,G1,B,,,Uncharged,Non-ionizable,CC(C)OC(=O)C1(S(=O)(=O)c2ccc(Cl)cc2)CCCC1
2823,B-3540,-2.9594,CCOC(=O)C1(CCC1)S(=O)(=O)C1=CC=C(C)C=C1,0.0,G1,B,,,Uncharged,Non-ionizable,CCOC(=O)C1(S(=O)(=O)c2ccc(C)cc2)CCC1
2824,B-3541,-3.0005,COC(=O)C1(CCC1)S(=O)(=O)C1=CC=CC=C1,0.0,G1,B,,,Uncharged,Non-ionizable,COC(=O)C1(S(=O)(=O)c2ccccc2)CCC1
2825,B-3542,-2.5501,COC(=O)C1(CCCC1)S(=O)(=O)C1=CC=CC=C1,0.0,G1,B,,,Uncharged,Non-ionizable,COC(=O)C1(S(=O)(=O)c2ccccc2)CCCC1
2826,B-3544,-8.1731,CC(C)C(C(=O)OC(C#N)C1=CC=CC(OC2=CC=C(Br)C=C2)=C1)C1=CC=C(OC(F)F)C=C1,0.0,G1,B,,,Uncharged,Non-ionizable,CC(C)C(C(=O)OC(C#N)c1cccc(Oc2ccc(Br)cc2)c1)c1ccc(OC(F)F)cc1
2827,B-3546,-6.9227,CC(C)OC(=O)C1=CC(C2=NN(C)C(=C2Br)C(F)(F)F)=C(F)C=C1Cl,0.0,G1,B,,,Uncharged,Non-ionizable,CC(C)OC(=O)c1cc(-c2nn(C)c(C(F)(F)F)c2Br)c(F)cc1Cl
2828,B-3550,-3.5832,CC(C)C(C)C,0.0334,G3,B,,,Uncharged,Non-ionizable,CC(C)C(C)C
2829,B-3551,-3.6826,CCC(C)CC,0.0,G1,B,,,Uncharged,Non-ionizable,CCC(C)CC
2830,B-3552,-3.3019,CC1CCCC1,0.0,G1,B,,,Uncharged,Non-ionizable,CC1CCCC1
2831,B-3557,-5.2382,CCCCCCCC,0.0,G1,B,,,Uncharged,Non-ionizable,CCCCCCCC
2832,B-3559,-4.4694,CCCCCCC,0.0303,G3,B,,,Uncharged,Non-ionizable,CCCCCCC
2833,B-3561,-4.1524,C1CCCCCCC1,0.0,G1,B,,,Uncharged,Non-ionizable,C1CCCCCCC1
2834,B-3562,-3.3371,CC(C)(C)C,0.0,G1,B,,,Uncharged,Non-ionizable,CC(C)(C)C
2835,B-3563,-8.1924,C1=CC2=C(C=C1)C1=C3C(C=CC4=C3C(C=C1)=CC=C4)=C2,0.360241635,G5,B,,,Uncharged,Non-ionizable,c1ccc2c(c1)cc1ccc3cccc4ccc2c1c34
2836,B-3564,-8.6679,C1=CC2=C(C=C1)C1=CC3=C(C=C1C=C2)C1=C(C=CC=C1)C=C3,0.30995,G3,B,,,Uncharged,Non-ionizable,c1ccc2c(c1)ccc1cc3c(ccc4ccccc43)cc12
2837,B-3565,-7.9663,CC1=C2CCC3=C2C(C=C1)=CC1=C3C=CC2=C1C=CC=C2,0.02315,G3,B,,,Uncharged,Non-ionizable,Cc1ccc2cc3c(ccc4ccccc43)c3c2c1CC3
2838,B-3566,-7.3854,C1=CC2=CC3=C(C=C2C=C1)C1=C(C=CC=C1)C=C3,0.0127,G3,B,,,Uncharged,Non-ionizable,c1ccc2cc3c(ccc4ccccc43)cc2c1
2839,B-3569,-5.1903,C1=CC2=C(C=C1)C1=C(C=CC=C1)C=C2,0.049202733,G5,B,,,Uncharged,Non-ionizable,c1ccc2c(c1)ccc1ccccc12
2840,B-3575,-5.0981,S1C2=C(C=CC=C2)C2=C1C=CC=C2,0.367739222,G5,B,,,Uncharged,Non-ionizable,c1ccc2c(c1)sc1ccccc12
2841,B-3576,-9.0265,C1=CC2=C3C(=C1)C1=CC=CC4=C1C1=C(C=C4)C=CC(C=C2)=C31,0.0,G1,B,,,Uncharged,Non-ionizable,c1cc2ccc3ccc4ccc5cccc6c(c1)c2c3c4c56
2842,B-3579,-3.9756,C1=CC2=C3C1=CC=CC3=CC=C2,0.0078,G3,B,,,Uncharged,Non-ionizable,C1=Cc2cccc3cccc1c23
2843,B-3580,-8.2405,C1=CC2=CC3=C4C=CC=CC4=C4C=CC=CC4=C3C=C2C=C1,0.0,G1,B,,,Uncharged,Non-ionizable,c1ccc2cc3c4ccccc4c4ccccc4c3cc2c1
2844,B-3581,-6.7447,C1=CC2=C(C=C1)C1=C(C=CC=C1)C1=C2C=CC=C1,0.00935,G3,B,,,Uncharged,Non-ionizable,c1ccc2c(c1)c1ccccc1c1ccccc21
2845,B-3582,-8.0575,C1=CC2=C(C=C1)C1=C(C=C2)C2=C(C=CC=C2)C=C1,0.0,G1,B,,,Uncharged,Non-ionizable,c1ccc2c(c1)ccc1c3ccccc3ccc21
2846,B-3583,-8.4318,C1=CC2=C(C=C1)C1=CC3=C(C=CC4=C3C=CC=C4)C=C1C=C2,0.5309,G2,B,,,Uncharged,Non-ionizable,c1ccc2c(c1)ccc1cc3ccc4ccccc4c3cc12
2847,B-3585,-7.733,C1C2=CC=CC=C2C2=CC3=CC=CC=C3C=C12,0.1494,G3,B,,,Uncharged,Non-ionizable,c1ccc2c(c1)Cc1cc3ccccc3cc1-2
2848,B-3588,-6.9555,CC1=CC2=CC3=CC=CC=C3C=C2C=C1,0.02725,G3,B,,,Uncharged,Non-ionizable,Cc1ccc2cc3ccccc3cc2c1
2849,B-3590,-6.5663,CC1=C2C=CC=CC2=C(C)C2=CC=CC=C12,0.0,G1,B,,,Uncharged,Non-ionizable,Cc1c2ccccc2c(C)c2ccccc12
2850,B-3591,-5.8541,CC1=CC=CC2=C1C=CC1=C2C=CC=C1,0.0,G1,B,,,Uncharged,Non-ionizable,Cc1cccc2c1ccc1ccccc12
2851,B-3592,-5.2184,CC1=CC=CC2=C1CC1=CC=CC=C21,0.0,G1,B,,,Uncharged,Non-ionizable,Cc1cccc2c1Cc1ccccc1-2
2852,B-3593,-5.8367,CC1=CC2=C(C=C1)C1=C(C=CC=C1)C=C2,0.0,G1,B,,,Uncharged,Non-ionizable,Cc1ccc2c(ccc3ccccc32)c1
2853,B-3594,-6.8863,CCC1=CC2=CC3=CC=CC=C3C=C2C=C1,0.0,G1,B,,,Uncharged,Non-ionizable,CCc1ccc2cc3ccccc3cc2c1
2854,B-3598,-3.658,CC(C)(C)C1=CC=CC=C1,0.0,G1,B,,,Uncharged,Non-ionizable,CC(C)(C)c1ccccc1
2855,B-3599,-3.2924,CC(C)C1=CC=CC=C1,0.047888017,G5,B,,,Uncharged,Non-ionizable,CC(C)c1ccccc1
2856,B-3605,-4.6272,C(CC1=CC=CC=C1)C1=CC=CC=C1,0.0,G1,B,,,Uncharged,Non-ionizable,c1ccc(CCc2ccccc2)cc1
2857,B-3606,-3.3622,CCCC1=CC=CC=C1,0.0,G1,B,,,Uncharged,Non-ionizable,CCCc1ccccc1
2858,B-3607,-4.0559,CCCCC1=CC=CC=C1,0.0,G1,B,,,Uncharged,Non-ionizable,CCCCc1ccccc1
2859,B-3613,-3.2759,CCC1=CC=CC=C1CC,0.0,G1,B,,,Uncharged,Non-ionizable,CCc1ccccc1CC
2860,B-3615,-3.7476,CCC1=CC(CC)=CC=C1,0.0,G1,B,,,Uncharged,Non-ionizable,CCc1cccc(CC)c1
2861,B-3616,-3.2037,CC1=CC=CC(C)=C1C,0.0,G1,B,,,Uncharged,Non-ionizable,Cc1cccc(C)c1C
2862,B-3617,-2.3502,C#CC1=CC=CC=C1,0.0,G1,B,,,Uncharged,Non-ionizable,C#Cc1ccccc1
2863,B-3618,-4.6434,CCCCCC1=CC=CC=C1,0.0,G1,B,,,Uncharged,Non-ionizable,CCCCCc1ccccc1
2864,B-3619,-4.1235,CC(C)CC1=CC=CC=C1,0.0,G1,B,,,Uncharged,Non-ionizable,CC(C)Cc1ccccc1
2865,B-3620,-3.2072,CCC1=CC=CC=C1C,0.0,G1,B,,,Uncharged,Non-ionizable,CCc1ccccc1C
2866,B-3621,-6.0177,CC1=CC=C(C=C1)C1=CC=C(C)C=C1,0.0,G1,B,,,Uncharged,Non-ionizable,Cc1ccc(-c2ccc(C)cc2)cc1
2867,B-3622,-3.1026,CCC1=CC=C(C)C=C1,0.0,G1,B,,,Uncharged,Non-ionizable,CCc1ccc(C)cc1
2868,B-3623,-3.9807,CC1=CC(C)=C(C)C(C)=C1C,0.00965,G3,B,,,Uncharged,Non-ionizable,Cc1cc(C)c(C)c(C)c1C
2869,B-3624,-5.2551,CCCCCCC1=CC=CC=C1,0.02255,G3,B,,,Uncharged,Non-ionizable,CCCCCCc1ccccc1
2870,B-3625,-6.46,CCCCCCCCC1=CC=CC=C1,0.0,G1,B,,,Uncharged,Non-ionizable,CCCCCCCCc1ccccc1
2871,B-3632,-2.5295,CC1=CC=CC=C1Cl,0.843197843,G4,B,,,Uncharged,Non-ionizable,Cc1ccccc1Cl
2872,B-3636,-4.0717,BrC1=CC=C(Br)C=C1,0.0,G1,B,,,Uncharged,Non-ionizable,Brc1ccc(Br)cc1
2873,B-3637,-3.1917,CC1=CC=C(Br)C=C1,0.0,G1,B,,,Uncharged,Non-ionizable,Cc1ccc(Br)cc1
2874,B-3638,-3.6298,ClC1=CC=C(Br)C=C1,0.0,G1,B,,,Uncharged,Non-ionizable,Clc1ccc(Br)cc1
2875,B-3641,-3.5435,BrC1=CC(Br)=CC=C1,0.0,G1,B,,,Uncharged,Non-ionizable,Brc1cccc(Br)c1
2876,B-3642,-3.2102,ClC1=CC=CC(Br)=C1,0.0,G1,B,,,Uncharged,Non-ionizable,Clc1cccc(Br)c1
2877,B-3649,-2.5442,FC1=CC=C(CCl)C=C1,0.0,G1,B,,,Uncharged,Non-ionizable,Fc1ccc(CCl)cc1
2878,B-3652,-1.9709,FC1=CC=C(F)C=C1,0.0,G1,B,,,Uncharged,Non-ionizable,Fc1ccc(F)cc1
2879,B-3654,-3.5,BrC1=CC=CC=C1Br,0.0,G1,B,,,Uncharged,Non-ionizable,Brc1ccccc1Br
2880,B-3655,-3.523,CC1=CC=CC(Br)=C1,0.0,G1,B,,,Uncharged,Non-ionizable,Cc1cccc(Br)c1
2881,B-3658,-2.3457,FC1=CC=CC(Cl)=C1,0.0,G1,B,,,Uncharged,Non-ionizable,Fc1cccc(Cl)c1
2882,B-3659,-4.5619,ClC1=CC=C(Cl)C(Cl)=C1Cl,0.188223632,G5,B,,,Uncharged,Non-ionizable,Clc1ccc(Cl)c(Cl)c1Cl
2883,B-3662,-2.6656,FC1=CC=CC(Br)=C1,0.0,G1,B,,,Uncharged,Non-ionizable,Fc1cccc(Br)c1
2884,B-3684,-1.5016,COC1=CC=C(C=O)C=C1,0.159022312,G5,B,,,Uncharged,Non-ionizable,COc1ccc(C=O)cc1
2885,B-3789,-0.4012,CC(C)(C)CO,0.0,G1,B,,,Uncharged,Non-ionizable,CC(C)(C)CO
2886,B-3792,0.3877,CCC(C)O,0.092278475,G5,B,,,Uncharged,Non-ionizable,CCC(C)O
2887,B-3793,-2.5494,OC(C1=CC=CC=C1)C1=CC=CC=C1,0.0103,G3,B,,,Uncharged,Non-ionizable,OC(c1ccccc1)c1ccccc1
2888,B-3794,-0.4319,OCC1=CC=CC=C1,0.01595,G3,B,,,Uncharged,Non-ionizable,OCc1ccccc1
2889,B-3795,-0.3774,OC1CCCCC1,0.081909252,G5,B,,,Uncharged,Non-ionizable,OC1CCCCC1
2890,B-3797,-1.8425,CCCCCCCO,0.018315397,G5,B,,,Uncharged,Non-ionizable,CCCCCCCO
2891,B-3801,-1.3798,OCCCC1=CC=CC=C1,0.068840473,G3,B,,,Uncharged,Non-ionizable,OCCCc1ccccc1
2892,B-3804,-2.0655,CCCCCCC(C)O,0.039782305,G5,B,,,Uncharged,Non-ionizable,CCCCCCC(C)O
2893,B-3808,-1.5507,CCCCCC(C)O,0.0,G1,B,,,Uncharged,Non-ionizable,CCCCCC(C)O
2894,B-3809,-0.2334,CCC(O)CC,0.0,G1,B,,,Uncharged,Non-ionizable,CCC(O)CC
2895,B-3810,-1.1999,CC1=CC=C(CO)C=C1,0.0,G1,B,,,Uncharged,Non-ionizable,Cc1ccc(CO)cc1
2896,B-3811,-1.3931,CCCC(O)CCC,0.0,G1,B,,,Uncharged,Non-ionizable,CCCC(O)CCC
2897,B-3812,-1.4631,CCCCC(O)CC,0.0,G1,B,,,Uncharged,Non-ionizable,CCCCC(O)CC
2898,B-3813,-0.8815,CC1CCC(O)CC1,0.0,G1,B,,,Uncharged,Non-ionizable,CC1CCC(O)CC1
2899,B-3815,-0.8025,CCCC(O)CC,0.0,G1,B,,,Uncharged,Non-ionizable,CCCC(O)CC
2900,B-3816,-0.8726,CCCCC(C)O,0.0087,G3,B,,,Uncharged,Non-ionizable,CCCCC(C)O
2901,B-3818,-2.1019,OCC1=C(Cl)C=CC=C1Cl,0.0,G1,B,,,Uncharged,Non-ionizable,OCc1c(Cl)cccc1Cl
2902,B-3824,-0.7956,CBr,0.0372,G3,B,,,Uncharged,Non-ionizable,CBr
2903,B-3828,-1.086,CCBr,0.0,G1,B,,,Uncharged,Non-ionizable,CCBr
2904,B-3831,-1.6009,CCI,0.0,G1,B,,,Uncharged,Non-ionizable,CCI
2905,B-3833,-2.3345,ICI,0.0,G1,B,,,Uncharged,Non-ionizable,ICI
2906,B-3834,-1.4037,CC(C)Cl,0.0,G1,B,,,Uncharged,Non-ionizable,CC(C)Cl
2907,B-3835,-1.2913,CC(Cl)Cl,0.0,G1,B,,,Uncharged,Non-ionizable,CC(Cl)Cl
2908,B-3837,-0.7383,FC(Cl)Cl,0.0,G1,B,,,Uncharged,Non-ionizable,FC(Cl)Cl
2909,B-3839,-1.2334,FC(F)F,0.344267334,G3,B,,,Uncharged,Non-ionizable,FC(F)F
2910,B-3840,-2.0965,FC(Cl)(Cl)Cl,0.0,G1,B,,,Uncharged,Non-ionizable,FC(Cl)(Cl)Cl
2911,B-3841,-2.6248,ClC(Cl)C(Cl)(Cl)Cl,0.0124,G3,B,,,Uncharged,Non-ionizable,ClC(Cl)C(Cl)(Cl)Cl
2912,B-3842,-3.0423,FC(F)(Cl)C(F)(Cl)Cl,0.0,G1,B,,,Uncharged,Non-ionizable,FC(F)(Cl)C(F)(Cl)Cl
2913,B-3845,-1.7536,ClC(Cl)C(Cl)Cl,0.0068,G3,B,,,Uncharged,Non-ionizable,ClC(Cl)C(Cl)Cl
2914,B-3849,-2.2943,BrC1CCCCC1,0.0,G1,B,,,Uncharged,Non-ionizable,BrC1CCCCC1
2915,B-3853,-3.0753,CCCCCBr,0.0,G1,B,,,Uncharged,Non-ionizable,CCCCCBr
2916,B-3854,-3.8078,CCCCCCBr,0.0,G1,B,,,Uncharged,Non-ionizable,CCCCCCBr
2917,B-3855,-1.6137,ClCCCCl,0.0,G1,B,,,Uncharged,Non-ionizable,ClCCCCl
2918,B-3860,-4.431,CCCCCCCBr,0.0,G1,B,,,Uncharged,Non-ionizable,CCCCCCCBr
2919,B-3861,-3.9957,CCCCCCCCl,0.0,G1,B,,,Uncharged,Non-ionizable,CCCCCCCCl
2920,B-3862,-4.8102,CCCCCCCI,0.0,G1,B,,,Uncharged,Non-ionizable,CCCCCCCI
2921,B-3865,-0.0962,O=CC1=CC=CO1,0.0,G1,B,,,Uncharged,Non-ionizable,O=Cc1ccco1
2922,B-3870,-1.6324,O=CC1=CC=C2OCOC2=C1,0.198974064,G3,B,,,Uncharged,Non-ionizable,O=Cc1ccc2c(c1)OCO2
2923,B-3885,-1.3251,CCOC(=O)C(C)=C,0.030590122,G3,B,,,Uncharged,Non-ionizable,C=C(C)C(=O)OCC
2924,B-3886,-2.039,CC(C)COC(=O)C(C)=C,0.179009316,G3,B,,,Uncharged,Non-ionizable,C=C(C)C(=O)OCC(C)C
2925,B-3901,-0.96,CCOC(=O)CCC(=O)OCC,0.0,G1,B,,,Uncharged,Non-ionizable,CCOC(=O)CCC(=O)OCC
2926,B-3906,-3.4801,CCCCOC(=O)C1=CC=CC=C1,0.0,G1,B,,,Uncharged,Non-ionizable,CCCCOC(=O)c1ccccc1
2927,B-3907,-1.6853,CC(=O)OCC1=CC=CC=C1,0.0,G1,B,,,Uncharged,Non-ionizable,CC(=O)OCc1ccccc1
2928,B-3911,-0.073,CCOC(=O)CC(C)=O,0.036761801,G3,B,,,Uncharged,Non-ionizable,CCOC(=O)CC(C)=O
2929,B-3912,-0.1498,CCC(=O)OC,0.0,G1,B,,,Uncharged,Non-ionizable,CCC(=O)OC
2930,B-3914,-2.8773,CC(C)OC(=O)C1=CC=CC=C1C(=O)OC(C)C,0.0,G1,B,,,Uncharged,Non-ionizable,CC(C)OC(=O)c1ccccc1C(=O)OC(C)C
2931,B-3916,-0.6737,CC(=O)OCCBr,0.0,G1,B,,,Uncharged,Non-ionizable,CC(=O)OCCBr
2932,B-3921,-0.253,CCC(=O)CC,0.015192687,G5,B,,,Uncharged,Non-ionizable,CCC(=O)CC
2933,B-3927,-1.3252,CC(C)CCC(C)=O,0.0,G1,B,,,Uncharged,Non-ionizable,CC(=O)CCC(C)C
2934,B-3931,-0.1513,CC(C)C(C)=O,0.417474146,G5,B,,,Uncharged,Non-ionizable,CC(=O)C(C)C
2935,B-3933,-3.3085,CCCCCCCCC(C)=O,0.0,G1,B,,,Uncharged,Non-ionizable,CCCCCCCCC(C)=O
2936,B-3938,-1.346,CC(C)(O)C(Cl)(Cl)Cl,0.0,G1,B,,,Uncharged,Non-ionizable,CC(C)(O)C(Cl)(Cl)Cl
2937,B-3939,-0.2537,OCC(Cl)(Cl)Cl,0.0,G1,B,,,Uncharged,Non-ionizable,OCC(Cl)(Cl)Cl
2938,B-3940,-1.7123,N#CC1=CC=CC=C1,1.748377764,G4,B,,,Uncharged,Non-ionizable,N#Cc1ccccc1
2939,B-3941,0.2718,CCC#N,0.0,G1,B,,,Uncharged,Non-ionizable,CCC#N
2940,B-3942,0.1474,C=CC#N,0.0,G1,B,,,Uncharged,Non-ionizable,C=CC#N
2941,B-3943,-0.321,CCCC#N,0.007752033,G3,B,,,Uncharged,Non-ionizable,CCCC#N
2942,B-3946,-3.9803,ClC1=CC=CC(Cl)=C1C#N,0.12985,G3,B,,,Uncharged,Non-ionizable,N#Cc1c(Cl)cccc1Cl
2943,B-3950,-4.4373,CCCCCCC=C,0.0,G1,B,,,Uncharged,Non-ionizable,C=CCCCCCC
2944,B-3952,-5.052,CCCCCCCC=C,0.0,G1,B,,,Uncharged,Non-ionizable,C=CCCCCCCC
2945,B-3953,-2.1721,C1C=CC=CC=C1,0.01105,G3,B,,,Uncharged,Non-ionizable,C1=CC=CCC=C1
2946,B-3954,-1.9302,CC=CC,0.0,G1,B,,,Uncharged,Non-ionizable,CC=CC
2947,B-3955,-2.0866,C=CCC=C,0.0,G1,B,,,Uncharged,Non-ionizable,C=CCC=C
2948,B-3956,-3.2261,CCCCC=C,0.0,G1,B,,,Uncharged,Non-ionizable,C=CCCCC
2949,B-3957,-2.6867,C=CCCC=C,0.0,G1,B,,,Uncharged,Non-ionizable,C=CCCC=C
2950,B-3958,-3.732,CCCCCC=C,0.0,G1,B,,,Uncharged,Non-ionizable,C=CCCCCC
2951,B-3960,-2.0587,C1C=CCC=C1,0.04435,G3,B,,,Uncharged,Non-ionizable,C1=CCC=CC1
2952,B-3961,-2.4206,CC1=CNC2=CC=CC=C12,0.0,G1,B,,,Uncharged,Non-ionizable,Cc1c[nH]c2ccccc12
2953,B-3963,-0.7794,N1N=NC2=CC=CC=C12,0.0,G1,B,,,Uncharged,Non-ionizable,c1ccc2[nH]nnc2c1
2954,B-3964,-3.0138,S1C=CC2=CC=CC=C12,0.0,G1,B,,,Uncharged,Non-ionizable,c1ccc2sccc2c1
2955,B-3966,-0.1734,N1C=CC=C1,0.0,G1,B,,,Uncharged,Non-ionizable,c1cc[nH]c1
2956,B-3971,-2.1554,N1N=CC2=CC=CC=C12,0.0,G1,B,,,Uncharged,Non-ionizable,c1ccc2[nH]ncc2c1
2957,B-3972,-1.1548,O1C=NC2=CC=CC=C12,0.0,G1,B,,,Uncharged,Non-ionizable,c1ccc2ocnc2c1
2958,B-3973,-3.0351,C1CC2=CC=CC=C2C1,0.0,G1,B,,,Uncharged,Non-ionizable,c1ccc2c(c1)CCC2
2959,B-3974,-1.4372,CC1=CC=CO1,0.0,G1,B,,,Uncharged,Non-ionizable,Cc1ccco1
2960,B-3976,-1.9598,CC1=NC2=CC=CC=C2N1,0.0,G1,B,,,Uncharged,Non-ionizable,Cc1nc2ccccc2[nH]1
2961,B-3977,-3.1614,CSC1=NC2=CC=CC=C2S1,0.0,G1,B,,,Uncharged,Non-ionizable,CSc1nc2ccccc2s1
2962,B-3978,-2.3899,CC1=CSC=C1,0.0,G1,B,,,Uncharged,Non-ionizable,Cc1ccsc1
2963,B-3979,-2.5846,CCC1=CC=CS1,0.0,G1,B,,,Uncharged,Non-ionizable,CCc1cccs1
2964,B-3981,-0.7083,S=C1NCCN1,0.068380588,G3,B,,,Uncharged,Non-ionizable,S=C1NCCN1
2965,B-3983,-0.7061,FC(F)=C,0.941413344,G2,B,,,Uncharged,Non-ionizable,C=C(F)F
2966,B-3984,-5.1805,ClC1=C(Cl)C(Cl)(Cl)C(Cl)=C1Cl,0.0,G1,B,,,Uncharged,Non-ionizable,ClC1=C(Cl)C(Cl)(Cl)C(Cl)=C1Cl
2967,B-3986,-4.9111,ClC(Cl)=C(Cl)C(Cl)=C(Cl)Cl,0.0,G1,B,,,Uncharged,Non-ionizable,ClC(Cl)=C(Cl)C(Cl)=C(Cl)Cl
2968,B-3987,-1.4995,BrCC=C,0.0,G1,B,,,Uncharged,Non-ionizable,C=CCBr
2969,B-3992,-2.2473,BrCCC=C,0.0,G1,B,,,Uncharged,Non-ionizable,C=CCCBr
2970,B-3995,-3.7413,CC1=CC=CC2=CC=CC=C12,0.023377054,G5,B,,,Uncharged,Non-ionizable,Cc1cccc2ccccc12
2971,B-3996,-3.9706,ClC1=CC=CC2=CC=CC=C12,0.0203,G3,B,,,Uncharged,Non-ionizable,Clc1cccc2ccccc12
2972,B-3999,-3.762,CC1=CC2=CC=CC=C2C=C1,0.0,G1,B,,,Uncharged,Non-ionizable,Cc1ccc2ccccc2c1
2973,B-4000,-4.143,ClC1=CC2=CC=CC=C2C=C1,0.5535,G2,B,,,Uncharged,Non-ionizable,Clc1ccc2ccccc2c1
2974,B-4003,-4.6022,S=C=NC1=CC=CC2=CC=CC=C12,0.0,G1,B,,,Uncharged,Non-ionizable,S=C=Nc1cccc2ccccc12
2975,B-4004,-4.1369,CC1=CC=C(C)C2=CC=CC=C12,0.0,G1,B,,,Uncharged,Non-ionizable,Cc1ccc(C)c2ccccc12
2976,B-4006,-4.2907,CC1=CC2=CC=CC=C2C(C)=C1,0.0,G1,B,,,Uncharged,Non-ionizable,Cc1cc(C)c2ccccc2c1
2977,B-4008,-4.8927,CC1=CC2=CC=C(C)C=C2C=C1,0.09365,G3,B,,,Uncharged,Non-ionizable,Cc1ccc2cc(C)ccc2c1
2978,B-4010,-5.0007,CC1=CC2=CC(C)=C(C)C=C2C=C1,0.0,G1,B,,,Uncharged,Non-ionizable,Cc1ccc2cc(C)c(C)cc2c1
2979,B-4011,-4.2901,CCC1=CC2=CC=CC=C2C=C1,0.0,G1,B,,,Uncharged,Non-ionizable,CCc1ccc2ccccc2c1
2980,B-4012,-4.1644,CCC1=CC=CC2=CC=CC=C12,0.0,G1,B,,,Uncharged,Non-ionizable,CCc1cccc2ccccc12
2981,B-4014,-1.7444,OCC1=CC=CC2=CC=CC=C12,0.0,G1,B,,,Uncharged,Non-ionizable,OCc1cccc2ccccc12
2982,B-4016,-5.3106,O1C2=CC=CC=C2OC2=CC=CC=C12,0.0147,G3,B,,,Uncharged,Non-ionizable,c1ccc2c(c1)Oc1ccccc1O2
2983,B-4017,-5.7196,ClC1=CC=CC2=C1OC1=CC=CC=C1O2,0.0,G1,B,,,Uncharged,Non-ionizable,Clc1cccc2c1Oc1ccccc1O2
2984,B-4018,-5.8359,ClC1=CC=C2OC3=CC=CC=C3OC2=C1,0.01705,G3,B,,,Uncharged,Non-ionizable,Clc1ccc2c(c1)Oc1ccccc1O2
2985,B-4034,0.7314,CCOC(N)=O,0.0593,G3,B,,,Uncharged,Non-ionizable,CCOC(N)=O
2986,B-4035,0.9544,NC(=O)C=C,0.0128,G3,B,,,Uncharged,Non-ionizable,C=CC(N)=O
2987,B-4037,0.2721,CCCC(N)=O,0.0,G1,B,,,Uncharged,Non-ionizable,CCCC(N)=O
2988,B-4045,-1.6374,CCCC#C,0.0,G1,B,,,Uncharged,Non-ionizable,C#CCCC
2989,B-4046,-0.0889,CCOCC,0.015595854,G3,B,,,Uncharged,Non-ionizable,CCOCC
2990,B-4048,-1.3192,CCCOCCC,0.1504,G3,B,,,Uncharged,Non-ionizable,CCCOCCC
2991,B-4050,-1.1694,CCCCCCOCCO,0.0,G1,B,,,Uncharged,Non-ionizable,CCCCCCOCCO
2992,B-4051,-1.9402,CCCCOCCOCCCC,0.0,G1,B,,,Uncharged,Non-ionizable,CCCCOCCOCCCC
2993,B-4054,-0.031,C1CCOCC1,0.0,G1,B,,,Uncharged,Non-ionizable,C1CCOCC1
2994,B-4055,-2.6376,CCCCOCCCC,0.502016142,G4,B,,,Uncharged,Non-ionizable,CCCCOCCCC
2995,B-4058,-1.5162,FC(F)OC(F)(F)C(F)Cl,0.0,G1,B,,,Uncharged,Non-ionizable,FC(F)OC(F)(F)C(F)Cl
2996,B-4059,-1.6157,FC(F)OC(Cl)C(F)(F)F,0.0,G1,B,,,Uncharged,Non-ionizable,FC(F)OC(Cl)C(F)(F)F
2997,B-4071,-5.5526,BrC1=CC=C(C=C1)C1=CC=CC=C1,0.0,G1,B,,,Uncharged,Non-ionizable,Brc1ccc(-c2ccccc2)cc1
2998,B-4072,-4.6185,CC1=CC=C(C=C1)C1=CC=CC=C1,0.0,G1,B,,,Uncharged,Non-ionizable,Cc1ccc(-c2ccccc2)cc1
2999,B-4073,-5.7983,ClC1=CC(=CC=C1)C1=CC(Cl)=CC=C1,0.0,G1,B,,,Uncharged,Non-ionizable,Clc1cccc(-c2cccc(Cl)c2)c1
3000,B-4074,-6.5561,ClC1=CC=C(C=C1)C1=CC=C(Cl)C=C1,0.02195,G3,B,,,Uncharged,Non-ionizable,Clc1ccc(-c2ccc(Cl)cc2)cc1
3001,B-4076,-4.5917,ClC1=CC=CC=C1C1=CC=CC=C1,0.02585,G3,B,,,Uncharged,Non-ionizable,Clc1ccccc1-c1ccccc1
3002,B-4081,-6.3899,ClC1=CC=C(C=C1Cl)C1=CC=CC=C1,0.52505,G2,B,,,Uncharged,Non-ionizable,Clc1ccc(-c2ccccc2)cc1Cl
3003,B-4083,-5.0813,ClC1=CC=CC=C1C1=CC=CC=C1Cl,0.396765727,G5,B,,,Uncharged,Non-ionizable,Clc1ccccc1-c1ccccc1Cl
3004,B-4085,-7.3898,ClC1=CC=CC(Cl)=C1C1=C(Cl)C=CC=C1Cl,0.351912881,G5,B,,,Uncharged,Non-ionizable,Clc1cccc(Cl)c1-c1c(Cl)cccc1Cl
3005,B-4086,-5.3498,ClC1=CC=CC(=C1Cl)C1=CC=CC=C1,0.0,G1,B,,,Uncharged,Non-ionizable,Clc1cccc(-c2ccccc2)c1Cl
3006,B-4088,-7.9107,ClC1=C(Cl)C(Cl)=C(C(Cl)=C1Cl)C1=CC=CC=C1,0.0,G1,B,,,Uncharged,Non-ionizable,Clc1c(Cl)c(Cl)c(-c2ccccc2)c(Cl)c1Cl
3007,B-4089,-5.5851,ClC1=CC=CC(=C1)C1=CC=CC=C1Cl,0.0,G1,B,,,Uncharged,Non-ionizable,Clc1cccc(-c2ccccc2Cl)c1
3008,B-4090,-7.3867,ClC1=CC=C(C=C1Cl)C1=CC(Cl)=C(Cl)C=C1Cl,0.40665,G3,B,,,Uncharged,Non-ionizable,Clc1ccc(-c2cc(Cl)c(Cl)cc2Cl)cc1Cl
3009,B-4091,-6.8995,ClC1=CC=C(C(Cl)=C1)C1=CC=C(Cl)C(Cl)=C1,0.45025,G3,B,,,Uncharged,Non-ionizable,Clc1ccc(-c2ccc(Cl)c(Cl)c2)c(Cl)c1
3010,B-4092,-6.8526,ClC1=CC=C(Cl)C(=C1)C1=CC=C(Cl)C(Cl)=C1,0.1987,G3,B,,,Uncharged,Non-ionizable,Clc1ccc(Cl)c(-c2ccc(Cl)c(Cl)c2)c1
3011,B-4093,-7.7699,ClC1=CC=C(C=C1)C1=CC(Cl)=C(Cl)C=C1Cl,0.0,G1,B,,,Uncharged,Non-ionizable,Clc1ccc(-c2cc(Cl)c(Cl)cc2Cl)cc1
3012,B-4094,-6.8754,ClC1=CC=C(C=C1)C1=CC=C(Cl)C(Cl)=C1Cl,0.0,G1,B,,,Uncharged,Non-ionizable,Clc1ccc(-c2ccc(Cl)c(Cl)c2Cl)cc1
3013,B-4096,-5.2878,ClC1=CC=C(C(Cl)=C1)C1=CC=CC=C1,0.0189,G3,B,,,Uncharged,Non-ionizable,Clc1ccc(-c2ccccc2)c(Cl)c1
3014,B-4099,-5.2993,ClC1=CC=C(Cl)C(=C1)C1=CC=CC=C1,0.02965,G3,B,,,Uncharged,Non-ionizable,Clc1ccc(Cl)c(-c2ccccc2)c1
3015,B-4100,-5.2803,ClC1=CC=C(C=C1)C1=CC=CC=C1Cl,0.092682361,G5,B,,,Uncharged,Non-ionizable,Clc1ccc(-c2ccccc2Cl)cc1
3016,B-4102,-8.3813,ClC1=CC(Cl)=C(C=C1Cl)C1=CC=C(Cl)C(Cl)=C1Cl,0.034168504,G5,B,,,Uncharged,Non-ionizable,Clc1cc(Cl)c(-c2ccc(Cl)c(Cl)c2Cl)cc1Cl
3017,B-4106,-7.7563,BrC1=CC=C(C(Br)=C1Br)C1=CC=C(Br)C(Br)=C1Br,0.0,G1,B,,,Uncharged,Non-ionizable,Brc1ccc(-c2ccc(Br)c(Br)c2Br)c(Br)c1Br
3018,B-4108,-6.4902,ClC1=CC=C(C(Cl)=C1)C1=CC=CC=C1Cl,0.0,G1,B,,,Uncharged,Non-ionizable,Clc1ccc(-c2ccccc2Cl)c(Cl)c1
3019,B-4109,-7.3263,ClC1=CC=C(Cl)C(=C1)C1=CC(Cl)=C(Cl)C=C1Cl,0.28185,G3,B,,,Uncharged,Non-ionizable,Clc1ccc(Cl)c(-c2cc(Cl)c(Cl)cc2Cl)c1
3020,B-4110,-7.1895,ClC1=CC=C(Cl)C(=C1)C1=C(Cl)C=CC(Cl)=C1Cl,0.0,G1,B,,,Uncharged,Non-ionizable,Clc1ccc(Cl)c(-c2c(Cl)ccc(Cl)c2Cl)c1
3021,B-4111,-7.9503,ClC1=CC=C(C(Cl)=C1)C1=CC(Cl)=C(Cl)C=C1Cl,0.0,G1,B,,,Uncharged,Non-ionizable,Clc1ccc(-c2cc(Cl)c(Cl)cc2Cl)c(Cl)c1
3022,B-4113,-7.6499,ClC1=CC=C(C=C1Cl)C1=C(Cl)C=CC(Cl)=C1Cl,0.0,G1,B,,,Uncharged,Non-ionizable,Clc1ccc(-c2c(Cl)ccc(Cl)c2Cl)cc1Cl
3023,B-4115,-7.9032,ClC1=CC=C(Cl)C(=C1Cl)C1=C(Cl)C=CC(Cl)=C1Cl,0.455045355,G5,B,,,Uncharged,Non-ionizable,Clc1ccc(Cl)c(-c2c(Cl)ccc(Cl)c2Cl)c1Cl
3024,B-4116,-5.9003,ClC1=CC=CC=C1C1=C(Cl)C=CC=C1Cl,0.0,G1,B,,,Uncharged,Non-ionizable,Clc1ccccc1-c1c(Cl)cccc1Cl
3025,B-4117,-6.2095,ClC1=CC=C(C=C1)C1=C(Cl)C=CC=C1Cl,0.03475,G3,B,,,Uncharged,Non-ionizable,Clc1ccc(-c2c(Cl)cccc2Cl)cc1
3026,B-4118,-5.944,ClC1=CC=CC(=C1Cl)C1=CC=CC=C1Cl,0.0,G1,B,,,Uncharged,Non-ionizable,Clc1ccccc1-c1cccc(Cl)c1Cl
3027,B-4119,-6.0077,ClC1=CC=CC(=C1)C1=CC(Cl)=CC=C1Cl,0.0,G1,B,,,Uncharged,Non-ionizable,Clc1cccc(-c2cc(Cl)ccc2Cl)c1
3028,B-4121,-6.287,ClC1=CC=C(C=C1Cl)C1=CC=CC=C1Cl,0.1115,G3,B,,,Uncharged,Non-ionizable,Clc1ccc(-c2ccccc2Cl)cc1Cl
3029,B-4122,-6.5541,ClC1=CC=C(C=C1)C1=CC=C(Cl)C(Cl)=C1,0.25295,G3,B,,,Uncharged,Non-ionizable,Clc1ccc(-c2ccc(Cl)c(Cl)c2)cc1
3030,B-4123,-7.2722,ClC1=CC=CC(=C1Cl)C1=CC=CC(Cl)=C1Cl,0.0,G1,B,,,Uncharged,Non-ionizable,Clc1cccc(-c2cccc(Cl)c2Cl)c1Cl
3031,B-4124,-6.4654,ClC1=CC=C(Cl)C(=C1)C1=CC=CC(Cl)=C1Cl,0.11765,G3,B,,,Uncharged,Non-ionizable,Clc1ccc(Cl)c(-c2cccc(Cl)c2Cl)c1
3032,B-4127,-6.8299,ClC1=CC=C(C(Cl)=C1Cl)C1=CC=CC=C1Cl,0.0,G1,B,,,Uncharged,Non-ionizable,Clc1ccccc1-c1ccc(Cl)c(Cl)c1Cl
3033,B-4128,-7.8201,ClC1=CC=C(Cl)C(=C1)C1=CC(Cl)=CC(Cl)=C1Cl,0.0,G1,B,,,Uncharged,Non-ionizable,Clc1ccc(Cl)c(-c2cc(Cl)cc(Cl)c2Cl)c1
3034,B-4129,-7.8218,ClC1=CC(Cl)=C(Cl)C(=C1)C1=C(Cl)C=CC(Cl)=C1Cl,0.0,G1,B,,,Uncharged,Non-ionizable,Clc1cc(Cl)c(Cl)c(-c2c(Cl)ccc(Cl)c2Cl)c1
3035,B-4130,-8.4206,ClC1=CC=CC(=C1Cl)C1=CC(Cl)=C(Cl)C(Cl)=C1Cl,0.289863707,G5,B,,,Uncharged,Non-ionizable,Clc1cccc(-c2cc(Cl)c(Cl)c(Cl)c2Cl)c1Cl
3036,B-4131,-0.953,NC(=O)C1=CC=CC=C1,0.0,G1,B,,,Uncharged,Non-ionizable,NC(=O)c1ccccc1
3037,B-4132,-3.0319,CC1=CC(=O)C2=CC=CC=C2C1=O,0.01905,G3,B,,,Uncharged,Non-ionizable,CC1=CC(=O)c2ccccc2C1=O
3038,B-4136,-2.3822,ClCC1=CC=CC=C1,0.0,G1,B,,,Uncharged,Non-ionizable,ClCc1ccccc1
3039,B-4138,-2.39,CSC1=CC=CC=C1,1.352074784,G2,B,,,Uncharged,Non-ionizable,CSc1ccccc1
3040,B-4141,-3.1772,S=C=NC1=CC=CC=C1,0.0,G1,B,,,Uncharged,Non-ionizable,S=C=Nc1ccccc1
3041,B-4147,-3.1364,S=C=NCC1=CC=CC=C1,0.0,G1,B,,,Uncharged,Non-ionizable,S=C=NCc1ccccc1
3042,B-4149,-1.8427,NC(=O)C1=C(Cl)C=CC=C1Cl,0.0,G1,B,,,Uncharged,Non-ionizable,NC(=O)c1c(Cl)cccc1Cl
3043,B-4154,-4.4544,C1=CC=C(C=C1)N=NC1=CC=CC=C1,0.2572,G3,B,,,Uncharged,Non-ionizable,c1ccc(N=Nc2ccccc2)cc1
3044,B-4164,0.5526,COP(=O)(OC)OC,0.0,G1,B,,,Uncharged,Non-ionizable,COP(=O)(OC)OC
3045,B-4165,-0.0516,CC(C)OP(C)(=O)OC(C)C,0.0,G1,B,,,Uncharged,Non-ionizable,CC(C)OP(C)(=O)OC(C)C
3046,B-4170,-1.563,NS(=O)(=O)C1=CC=CC=C1,0.0,G1,B,,,Uncharged,Non-ionizable,NS(=O)(=O)c1ccccc1
3047,B-4171,-1.3409,CC1=CC=CC(=C1)S(N)(=O)=O,0.0,G1,B,,,Uncharged,Non-ionizable,Cc1cccc(S(N)(=O)=O)c1
3048,B-4173,-7.8092,ClC1=CC=C(C=C1)C(C1=CC=C(Cl)C=C1)C(Cl)(Cl)Cl,0.386036099,G5,B,,,Uncharged,Non-ionizable,Clc1ccc(C(c2ccc(Cl)cc2)C(Cl)(Cl)Cl)cc1
3049,B-4174,-4.5695,COP(=S)(OC)OC1=CC=C(SC)C(C)=C1,0.0,G1,B,,,Uncharged,Non-ionizable,COP(=S)(OC)Oc1ccc(SC)c(C)c1
3050,B-4179,-6.9004,ClC(Cl)=C(C1=CC=C(Cl)C=C1)C1=CC=C(Cl)C=C1,0.7598,G2,B,,,Uncharged,Non-ionizable,ClC(Cl)=C(c1ccc(Cl)cc1)c1ccc(Cl)cc1
3051,B-4186,-6.1094,CCOP(=S)(OCC)OC1=CC=C(Cl)C=C1Cl,0.0,G1,B,,,Uncharged,Non-ionizable,CCOP(=S)(OCC)Oc1ccc(Cl)cc1Cl
3052,B-4189,-2.0027,CC(CCl)OC(C)CCl,0.0,G1,B,,,Uncharged,Non-ionizable,CC(CCl)OC(C)CCl
3053,B-4190,-5.6657,OC(C1=CC=C(Cl)C=C1)(C1=CC=C(Cl)C=C1)C(Cl)(Cl)Cl,0.10885,G3,B,,,Uncharged,Non-ionizable,OC(c1ccc(Cl)cc1)(c1ccc(Cl)cc1)C(Cl)(Cl)Cl
3054,B-4193,-3.3637,CCOC(=O)CC(SP(=S)(OC)OC)C(=O)OCC,0.0,G1,B,,,Uncharged,Non-ionizable,CCOC(=O)CC(SP(=S)(OC)OC)C(=O)OCC
3055,B-4198,-3.7166,CCOP(=S)(OCC)SCSCC,0.1967,G3,B,,,Uncharged,Non-ionizable,CCOP(=S)(OCC)SCSCC
3056,B-4199,-4.2262,CCOP(=S)(OCC)SCCSCC,0.0,G1,B,,,Uncharged,Non-ionizable,CCOP(=S)(OCC)SCCSCC
3057,B-4200,-5.5072,COP(=S)(OC)OC1=CC(Cl)=C(Cl)C=C1Cl,0.718787226,G4,B,,,Uncharged,Non-ionizable,COP(=S)(OC)Oc1cc(Cl)c(Cl)cc1Cl
3058,B-4203,-2.2797,COP(=O)(OC)OC(Br)C(Cl)(Cl)Br,0.0,G1,B,,,Uncharged,Non-ionizable,COP(=O)(OC)OC(Br)C(Cl)(Cl)Br
3059,B-4205,-5.7524,CCOP(=S)(CC)OC1=CC(Cl)=C(Cl)C=C1Cl,0.0,G1,B,,,Uncharged,Non-ionizable,CCOP(=S)(CC)Oc1cc(Cl)c(Cl)cc1Cl
3060,B-4208,-3.4624,CCOP(=O)(OCC)OC(=CCl)C1=CC=C(Cl)C=C1Cl,0.0,G1,B,,,Uncharged,Non-ionizable,CCOP(=O)(OCC)OC(=CCl)c1ccc(Cl)cc1Cl
3061,B-4211,-0.6571,CCCCOC(N)=O,0.011678008,G3,B,,,Uncharged,Non-ionizable,CCCCOC(N)=O
3062,B-4212,0.964,COC(N)=O,0.0,G1,B,,,Uncharged,Non-ionizable,COC(N)=O
3063,B-4213,-0.1302,CCCOC(N)=O,0.0,G1,B,,,Uncharged,Non-ionizable,CCCOC(N)=O
3064,B-4217,-5.2939,COP(=S)(OC)SCSC1=CC=C(Cl)C=C1,0.0,G1,B,,,Uncharged,Non-ionizable,COP(=S)(OC)SCSc1ccc(Cl)cc1
3065,B-4221,-5.6466,ClC1=C(Cl)C(C#N)=C(Cl)C(C#N)=C1Cl,0.63048122,G4,B,,,Uncharged,Non-ionizable,N#Cc1c(Cl)c(Cl)c(Cl)c(C#N)c1Cl
3066,B-4223,-6.0864,COP(=S)(OC)OC1=CC(Cl)=C(Br)C=C1Cl,1.0632,G2,B,,,Uncharged,Non-ionizable,COP(=S)(OC)Oc1cc(Cl)c(Br)cc1Cl
3067,B-4231,-3.7232,COP(=S)(OC)OC1=CC=C(C=C1)C#N,0.0,G1,B,,,Uncharged,Non-ionizable,COP(=S)(OC)Oc1ccc(C#N)cc1
3068,B-4235,-6.2375,COP(=S)(OC)OC1=CC=C(SC2=CC=C(OP(=S)(OC)OC)C=C2)C=C1,0.47625,G3,B,,,Uncharged,Non-ionizable,COP(=S)(OC)Oc1ccc(Sc2ccc(OP(=S)(OC)OC)cc2)cc1
3069,B-4238,-3.5714,COP1(=S)OCC2=CC=CC=C2O1,0.0643,G3,B,,,Uncharged,Non-ionizable,COP1(=S)OCc2ccccc2O1
3070,B-4239,-5.9521,CCOP(=S)(OCC)OC1=CC(Cl)=C(Br)C=C1Cl,0.0,G1,B,,,Uncharged,Non-ionizable,CCOP(=S)(OCC)Oc1cc(Cl)c(Br)cc1Cl
3071,B-4241,-3.3865,CCCOP(=O)(OCCC)OC1=CC=C(SC)C=C1,0.0,G1,B,,,Uncharged,Non-ionizable,CCCOP(=O)(OCCC)Oc1ccc(SC)cc1
3072,B-4242,-5.7037,CCOP(=S)(OC1=CC=C(C=C1)C#N)C1=CC=CC=C1,0.0,G1,B,,,Uncharged,Non-ionizable,CCOP(=S)(Oc1ccc(C#N)cc1)c1ccccc1
3073,B-4243,-4.755,CCOP(=S)(OCC)SCSC(C)(C)C,0.2375,G3,B,,,Uncharged,Non-ionizable,CCOP(=S)(OCC)SCSC(C)(C)C
3074,B-4246,-3.3305,CCOP(=O)(SC1=CC=CC=C1)SC1=CC=CC=C1,0.0,G1,B,,,Uncharged,Non-ionizable,CCOP(=O)(Sc1ccccc1)Sc1ccccc1
3075,B-4247,-6.616,COP(=S)(OC)OC1=CC(Cl)=C(I)C=C1Cl,0.0,G1,B,,,Uncharged,Non-ionizable,COP(=S)(OC)Oc1cc(Cl)c(I)cc1Cl
3076,B-4249,-7.1379,COP(=S)(OC1=CC(Cl)=C(Br)C=C1Cl)C1=CC=CC=C1,0.944337088,G4,B,,,Uncharged,Non-ionizable,COP(=S)(Oc1cc(Cl)c(Br)cc1Cl)c1ccccc1
3077,B-4253,-2.8579,CC(C)OP(=O)(OC(C)C)SCC1=CC=CC=C1,0.0,G1,B,,,Uncharged,Non-ionizable,CC(C)OP(=O)(OC(C)C)SCc1ccccc1
3078,B-4258,-7.2429,CC(C)C(C(=O)OC(C#N)C1=CC=CC(OC2=CC=CC=C2)=C1)C1=CC=C(Cl)C=C1,0.53855,G2,B,,,Uncharged,Non-ionizable,CC(C)C(C(=O)OC(C#N)c1cccc(Oc2ccccc2)c1)c1ccc(Cl)cc1
3079,B-4262,1.3561,CC=O,0.0,G1,B,,,Uncharged,Non-ionizable,CC=O
3080,B-4269,-1.4969,CSSC,0.042010841,G5,B,,,Uncharged,Non-ionizable,CSSC
3081,B-4286,-0.4155,C1=CC2=CN=NC=C2C=C1,0.0,G1,B,,,Uncharged,Non-ionizable,c1ccc2cnncc2c1
3082,B-4287,-3.8813,CCOP(=S)(OCC)OC1=CC(C)=NC(=N1)C(C)C,0.12065,G3,B,,,Uncharged,Non-ionizable,CCOP(=S)(OCC)Oc1cc(C)nc(C(C)C)n1
3083,B-4304,-1.9873,CC1=CC=C(C=C1)S(C)(=O)=O,0.0,G1,B,,,Uncharged,Non-ionizable,Cc1ccc(S(C)(=O)=O)cc1
3084,B-4312,-1.8609,CCOP(=S)(OCC)SCCS(=O)CC,0.0,G1,B,,,Uncharged,Non-ionizable,CCOP(=S)(OCC)SCC[S+]([O-])CC
3085,B-4313,-1.5124,CCOP(=O)(OCC)SCS(=O)CC,0.0,G1,B,,,Uncharged,Non-ionizable,CCOP(=O)(OCC)SC[S+]([O-])CC
3086,B-4314,-0.9137,CCS(=O)CCSP(=S)(OC)OC,0.0,G1,B,,,Uncharged,Non-ionizable,CC[S+]([O-])CCSP(=S)(OC)OC
3087,B-4315,-1.1641,ClCCS(=O)CCCl,0.0,G1,B,,,Uncharged,Non-ionizable,[O-][S+](CCCl)CCCl
3088,B-4316,-2.3074,CCS(=O)CSP(=S)(OC(C)C)OC(C)C,0.0,G1,B,,,Uncharged,Non-ionizable,CC[S+]([O-])CSP(=S)(OC(C)C)OC(C)C
3089,B-4317,-2.8951,CCOP(=S)(OCC)SCS(=O)(=O)C(C)(C)C,0.0,G1,B,,,Uncharged,Non-ionizable,CCOP(=S)(OCC)SCS(=O)(=O)C(C)(C)C
3090,B-4318,0.0433,CCS(=O)(=O)CC,0.0,G1,B,,,Uncharged,Non-ionizable,CCS(=O)(=O)CC
3091,B-4319,-0.9714,CCS(=O)(=O)CI,0.0,G1,B,,,Uncharged,Non-ionizable,CCS(=O)(=O)CI
3092,B-4320,-2.1308,CCOS(=O)(=O)C1=CC=CC=C1,0.0,G1,B,,,Uncharged,Non-ionizable,CCOS(=O)(=O)c1ccccc1
3093,B-4321,-1.7419,COS(=O)(=O)C1=CC=CC=C1,0.0,G1,B,,,Uncharged,Non-ionizable,COS(=O)(=O)c1ccccc1
3094,B-4322,-6.8946,CN1N=C(C)C(C(=O)C2=CC=C(Cl)C=C2Cl)=C1OS(=O)(=O)C1=CC=C(C)C=C1,0.0,G1,B,,,Uncharged,Non-ionizable,Cc1ccc(S(=O)(=O)Oc2c(C(=O)c3ccc(Cl)cc3Cl)c(C)nn2C)cc1
3095,B-4332,-4.4435,O=C1C(=O)C2=CC=CC=C2C2=CC=CC=C12,0.0,G1,B,,,Uncharged,Non-ionizable,O=C1C(=O)c2ccccc2-c2ccccc21
3096,B-4335,-1.6668,CN1N(C(C)=CC1=S)C1=CC=CC=C1,0.0,G1,B,,,Uncharged,Non-ionizable,Cc1cc(=S)n(C)n1-c1ccccc1
3097,B-4337,-1.156,CC(=O)CC1=NCCS1,0.0,G1,B,,,Uncharged,Non-ionizable,CC(=O)CC1=NCCS1
3098,B-4341,-5.6475,CC[Si](CC)(CC)CC,0.0,G1,B,,,Uncharged,Non-ionizable,CC[Si](CC)(CC)CC
3099,B-4351,-1.8868,CC(=O)O[Hg]C1=CC=CC=C1,0.1696,G3,B,,,Uncharged,Non-ionizable,CC(=O)[O-].[Hg+][c]1ccccc1
3100,B-4354,1.1206,C=O,0.0,G1,B,,,Uncharged,Non-ionizable,C=O
3101,B-4355,-0.7241,C#CC#C,0.0,G1,B,,,Uncharged,Non-ionizable,C#CC#C
3102,B-4357,-0.2225,O=C1CC=CS1,0.0,G1,B,,,Uncharged,Non-ionizable,O=C1CC=CS1
3103,B-4359,-0.6537,COS(=O)(=O)OC,0.0,G1,B,,,Uncharged,Non-ionizable,COS(=O)(=O)OC
3104,B-4365,-0.6003,COC(=O)OC(C)C(=O)OC,0.0,G1,B,,,Uncharged,Non-ionizable,COC(=O)OC(C)C(=O)OC
3105,B-4367,-5.2917,CCOP(=S)(OCC)ON=C(C#N)C1=CC=CC=C1Cl,0.0,G1,B,,,Uncharged,Non-ionizable,CCOP(=S)(OCC)ON=C(C#N)c1ccccc1Cl
3106,B-4368,-2.3363,NC(=S)C1=C(Cl)C=CC=C1Cl,0.0,G1,B,,,Uncharged,Non-ionizable,NC(=S)c1c(Cl)cccc1Cl
3107,B-4369,-0.2162,CC(=O)CSC#N,0.0,G1,B,,,Uncharged,Non-ionizable,CC(=O)CSC#N
3108,B-4370,-1.9351,N#CSCC(CSC#N)SC#N,0.0,G1,B,,,Uncharged,Non-ionizable,N#CSCC(CSC#N)SC#N
3109,B-4375,-1.4748,O=C=O,0.0,G1,B,,,Uncharged,Non-ionizable,O=C=O
3110,B-4378,-5.945,ClC1=C(Cl)C2(Cl)C3COS(=O)(=O)OCC3C1(Cl)C2(Cl)Cl,0.0,G1,B,,,Uncharged,Non-ionizable,O=S1(=O)OCC2C(CO1)C1(Cl)C(Cl)=C(Cl)C2(Cl)C1(Cl)Cl
3111,B-4379,-5.8457,CC(C)(C)C1=CC=C(OC2CCCCC2OS(=O)OCC#C)C=C1,0.18326239,G3,B,,,Uncharged,Non-ionizable,C#CCOS(=O)OC1CCCCC1Oc1ccc(C(C)(C)C)cc1
3112,B-4381,-5.9019,ClC1=C(Cl)C2(Cl)C3COS(=O)OCC3C1(Cl)C2(Cl)Cl,0.0,G1,B,,,Uncharged,Non-ionizable,O=S1OCC2C(CO1)C1(Cl)C(Cl)=C(Cl)C2(Cl)C1(Cl)Cl
3113,B-4382,0.2214,O=S1OCCO1,0.0,G1,B,,,Uncharged,Non-ionizable,O=S1OCCO1
3114,B-4383,-4.0312,CCOP(=S)(OCC)OP(=S)(OCC)OCC,0.0,G1,B,,,Uncharged,Non-ionizable,CCOP(=S)(OCC)OP(=S)(OCC)OCC
3115,B-4392,-5.6004,BrC1=CC(Br)=CC(Br)=C1,0.0,G1,B,,,Uncharged,Non-ionizable,Brc1cc(Br)cc(Br)c1
3116,B-4405,-3.0647,FC(F)(F)Cl,0.0,G1,B,,,Uncharged,Non-ionizable,FC(F)(F)Cl
3117,B-4406,-5.0631,CCCCCCCCBr,0.0,G1,B,,,Uncharged,Non-ionizable,CCCCCCCCBr
3118,B-4407,-1.7043,FC(F)(F)C(Cl)Br,0.14715,G3,B,,,Uncharged,Non-ionizable,FC(F)(F)C(Cl)Br
3119,B-4410,-2.4154,CC(=O)OCC(OC(C)=O)C(OC(C)=O)C(OC(C)=O)C(OC(C)=O)C=O,0.0,G1,B,,,Uncharged,Non-ionizable,CC(=O)OCC(OC(C)=O)C(OC(C)=O)C(OC(C)=O)C(C=O)OC(C)=O
3120,B-4423,-9.2068,ClC1=CC2=C(OC3=CC(Cl)=C(Cl)C=C3O2)C=C1Cl,0.5066,G2,B,,,Uncharged,Non-ionizable,Clc1cc2c(cc1Cl)Oc1cc(Cl)c(Cl)cc1O2
3121,B-4424,-12.0605,ClC1=C(Cl)C(Cl)=C2OC3=C(Cl)C(Cl)=C(Cl)C(Cl)=C3OC2=C1Cl,0.36475,G3,B,,,Uncharged,Non-ionizable,Clc1c(Cl)c(Cl)c2c(c1Cl)Oc1c(Cl)c(Cl)c(Cl)c(Cl)c1O2
3122,B-4426,-9.0027,ClC1=CC(Cl)=C2OC3=CC(Cl)=CC(Cl)=C3OC2=C1,0.0,G1,B,,,Uncharged,Non-ionizable,Clc1cc(Cl)c2c(c1)Oc1c(Cl)cc(Cl)cc1O2
3123,B-4427,-7.8292,ClC1=CC=C2OC3=CC(Cl)=CC=C3OC2=C1,0.0,G1,B,,,Uncharged,Non-ionizable,Clc1ccc2c(c1)Oc1ccc(Cl)cc1O2
3124,B-4428,-10.9486,ClC1=CC2=C(OC3=C(Cl)C(Cl)=C(Cl)C(Cl)=C3O2)C=C1Cl,0.480799787,G5,B,,,Uncharged,Non-ionizable,Clc1cc2c(cc1Cl)Oc1c(Cl)c(Cl)c(Cl)c(Cl)c1O2
3125,B-4430,-9.4728,ClC1=CC=C2OC3=C(Cl)C(Cl)=C(Cl)C(Cl)=C3OC2=C1,0.0,G1,B,,,Uncharged,Non-ionizable,Clc1ccc2c(c1)Oc1c(Cl)c(Cl)c(Cl)c(Cl)c1O2
3126,B-4431,-8.6456,ClC1=CC2=C(C=C1Cl)C1=C(O2)C=C(Cl)C(Cl)=C1,0.1072,G3,B,,,Uncharged,Non-ionizable,Clc1cc2oc3cc(Cl)c(Cl)cc3c2cc1Cl
3127,B-4432,-8.8744,ClC1=CC=C2OC3=C(Cl)C(Cl)=C(Cl)C=C3OC2=C1,0.0078,G3,B,,,Uncharged,Non-ionizable,Clc1ccc2c(c1)Oc1cc(Cl)c(Cl)c(Cl)c1O2
3128,B-4435,-6.7798,ClC1=CC=CC(=C1Cl)C1=C(Cl)C=CC(Cl)=C1Cl,0.0,G1,B,,,Uncharged,Non-ionizable,Clc1cccc(-c2c(Cl)ccc(Cl)c2Cl)c1Cl
3129,B-4440,-4.4252,O=C(OOC(=O)C1=CC=CC=C1)C1=CC=CC=C1,0.707479942,G2,B,,,Uncharged,Non-ionizable,O=C(OOC(=O)c1ccccc1)c1ccccc1
3130,B-4469,-0.5642,CN1N(C(=O)C=C1C)C1=CC=CC=C1,0.716477055,G4,B,,,Uncharged,Non-ionizable,Cc1cc(=O)n(-c2ccccc2)n1C
3131,B-4480,-2.7372,CN1C=NC2=C1C(=O)NC(=O)N2C,0.301236962,G5,B,,,Uncharged,Non-ionizable,Cn1cnc2c1c(=O)[nH]c(=O)n2C
3132,B-4488,-4.611,COC1CC(=O)CC(C)C11OC2=C(C1=O)C(OC)=CC(OC)=C2Cl,0.0,G1,B,,,Uncharged,Non-ionizable,COc1cc(OC)c2c(c1Cl)OC1(C2=O)C(C)CC(=O)CC1OC
3133,B-4493,0.6985,OCC(O)C(O)CO,0.0,G1,B,,,Uncharged,Non-ionizable,OCC(O)C(O)CO
3134,B-4495,-2.3788,O=C1N=CNC2=C1C=NN2,0.075754926,G5,B,,,Uncharged,Non-ionizable,O=c1nc[nH]c2[nH]ncc12
3135,B-4510,-4.6301,CC(=O)OCC(=O)C1CCC2C3CCC4=CC(=O)CCC4(C)C3CCC12C,0.0,G1,B,,,Uncharged,Non-ionizable,CC(=O)OCC(=O)C1CCC2C3CCC4=CC(=O)CCC4(C)C3CCC12C
3136,B-4511,-3.6929,CC12CC(O)C3(F)C(CCC4=CC(=O)C=CC34C)C1CC(O)C2(O)C(=O)CO,0.0,G1,B,,,Uncharged,Non-ionizable,CC12C=CC(=O)C=C1CCC1C3CC(O)C(O)(C(=O)CO)C3(C)CC(O)C12F
3137,B-4512,-4.7101,CCCCC(=O)OC1(C(C)CC2C3CCC4=CC(=O)C=CC4(C)C3(F)C(O)CC12C)C(=O)CO,0.0,G1,B,,,Uncharged,Non-ionizable,CCCCC(=O)OC1(C(=O)CO)C(C)CC2C3CCC4=CC(=O)C=CC4(C)C3(F)C(O)CC21C
3138,B-4558,-0.4291,CCOC(C)OCC,0.0,G1,B,,,Uncharged,Non-ionizable,CCOC(C)OCC
3139,B-4559,0.506,COCOC,0.068780612,G5,B,,,Uncharged,Non-ionizable,COCOC
3140,B-4561,-0.0719,CC1OC(C)OC(C)O1,0.0,G1,B,,,Uncharged,Non-ionizable,CC1OC(C)OC(C)O1
3141,B-4562,-0.1726,CCOCOCC,0.0,G1,B,,,Uncharged,Non-ionizable,CCOCOCC
3142,B-4563,-3.6444,CC1CC2C3CCC4=CC(=O)C=CC4(C)C3(F)C(O)CC2(C)C1(O)C(=O)CO,0.0,G1,B,,,Uncharged,Non-ionizable,CC1CC2C3CCC4=CC(=O)C=CC4(C)C3(F)C(O)CC2(C)C1(O)C(=O)CO
3143,B-4564,-4.4577,CC(=O)OCC(=O)C1(O)CCC2C3CCC4=CC(=O)CCC4(C)C3C(O)CC12C,0.648968142,G2,B,,,Uncharged,Non-ionizable,CC(=O)OCC(=O)C1(O)CCC2C3CCC4=CC(=O)CCC4(C)C3C(O)CC21C
3144,B-4565,-4.3037,CC(=O)OCC(=O)C1(O)CCC2C3CCC4=CC(=O)CCC4(C)C3C(=O)CC12C,0.0,G1,B,,,Uncharged,Non-ionizable,CC(=O)OCC(=O)C1(O)CCC2C3CCC4=CC(=O)CCC4(C)C3C(=O)CC21C
3145,B-4566,-3.2408,CC12CC(O)C3C(CCC4=CC(=O)CCC34C)C1CCC2C(=O)CO,0.0,G1,B,,,Uncharged,Non-ionizable,CC12CCC(=O)C=C1CCC1C2C(O)CC2(C)C(C(=O)CO)CCC12
3146,B-4569,-4.3692,CC(=O)OCC(=O)C1(O)CCC2C3CCC4=CC(=O)C=CC4(C)C3C(O)CC12C,0.0,G1,B,,,Uncharged,Non-ionizable,CC(=O)OCC(=O)C1(O)CCC2C3CCC4=CC(=O)C=CC4(C)C3C(O)CC21C
3147,B-4570,-3.1097,CC12CC(=O)C3C(CCC4=CC(=O)CCC34C)C1CCC2(O)C(=O)CO,0.0,G1,B,,,Uncharged,Non-ionizable,CC12CCC(=O)C=C1CCC1C2C(=O)CC2(C)C1CCC2(O)C(=O)CO
3148,B-4571,-4.5526,CC(=O)C1CCC2C3CCC4=CC(=O)CCC4(C)C3CCC12C,0.022235989,G3,B,,,Uncharged,Non-ionizable,CC(=O)C1CCC2C3CCC4=CC(=O)CCC4(C)C3CCC12C
3149,B-4572,-3.9505,CC1(O)CCC2C3CCC4=CC(=O)CCC4(C)C3CCC12C,0.0,G1,B,,,Uncharged,Non-ionizable,CC12CCC(=O)C=C1CCC1C2CCC2(C)C1CCC2(C)O
3150,B-4573,-4.0908,CC12CCC3C(CCC4=CC(=O)CCC34C)C1CCC2O,0.493612447,G3,B,,,Uncharged,Non-ionizable,CC12CCC(=O)C=C1CCC1C2CCC2(C)C(O)CCC12
3151,B-4574,-3.6949,CC12CCC3C(CCC4=CC(=O)CCC34C)C1CCC2=O,0.028724088,G3,B,,,Uncharged,Non-ionizable,CC12CCC3C(CCC4=CC(=O)CCC43C)C1CCC2=O
3152,B-4575,-3.7446,CC12CCC3C(CCC4=CC(=O)CCC34C)C1CCC2C(=O)CO,0.0,G1,B,,,Uncharged,Non-ionizable,CC12CCC(=O)C=C1CCC1C2CCC2(C)C(C(=O)CO)CCC12
3153,B-4576,-4.1297,CC(=O)OCC(=O)C1(O)C(CC2C3CCC4=CC(=O)C=CC4(C)C3(F)C(O)CC12C)OC(C)=O,0.0,G1,B,,,Uncharged,Non-ionizable,CC(=O)OCC(=O)C1(O)C(OC(C)=O)CC2C3CCC4=CC(=O)C=CC4(C)C3(F)C(O)CC21C
3154,B-4577,-4.7076,CC(=O)C1(O)CCC2C3CCC4=CC(=O)CCC4(C)C3CCC12C,0.0,G1,B,,,Uncharged,Non-ionizable,CC(=O)C1(O)CCC2C3CCC4=CC(=O)CCC4(C)C3CCC21C
3155,B-4578,-3.4342,CC12CC(O)C3(F)C(CCC4=CC(=O)CCC34C)C1CCC2(O)C(=O)CO,0.0,G1,B,,,Uncharged,Non-ionizable,CC12CCC(=O)C=C1CCC1C3CCC(O)(C(=O)CO)C3(C)CC(O)C12F
3156,B-4580,-4.0986,CC1CC2C3CCC(O)(C(C)=O)C3(C)CC(O)C2(F)C2(C)C=CC(=O)C=C12,0.0,G1,B,,,Uncharged,Non-ionizable,CC(=O)C1(O)CCC2C3CC(C)C4=CC(=O)C=CC4(C)C3(F)C(O)CC21C
3157,B-4581,-4.9,CC1CC2C3CCC4=CC(=O)C=CC4(C)C3(F)C(O)CC2(C)C1(O)C(=O)COC(C)=O,0.0,G1,B,,,Uncharged,Non-ionizable,CC(=O)OCC(=O)C1(O)C(C)CC2C3CCC4=CC(=O)C=CC4(C)C3(F)C(O)CC21C
3158,B-4583,-1.5187,CC1=CNC(=O)NC1=O,0.00635,G3,B,,,Uncharged,Non-ionizable,Cc1c[nH]c(=O)[nH]c1=O
3159,B-4586,-0.7998,CN1C=CC(=O)NC1=O,0.0,G1,B,,,Uncharged,Non-ionizable,Cn1ccc(=O)[nH]c1=O
3160,B-4603,-2.5417,O=C1C=CC=C2NC=CC=C12,0.0,G1,B,,,Uncharged,Non-ionizable,O=c1cccc2[nH]cccc1-2
3161,B-4641,-0.0166,NC(=O)CCl,0.122827758,G5,B,,,Uncharged,Non-ionizable,NC(=O)CCl
3162,B-4642,0.0643,NC(=O)CBr,0.0,G1,B,,,Uncharged,Non-ionizable,NC(=O)CBr
3163,B-4643,-1.0289,CCC(Cl)(CC)C(N)=O,0.0,G1,B,,,Uncharged,Non-ionizable,CCC(Cl)(CC)C(N)=O
3164,B-4645,-0.5138,NC(=O)C(Cl)CCl,0.0,G1,B,,,Uncharged,Non-ionizable,NC(=O)C(Cl)CCl
3165,C-18,-1.91,CC1=CCC(CC1)C(C)(C)O,0.0092,G3,C,,,Uncharged,Non-ionizable,CC1=CCC(C(C)(C)O)CC1
3166,C-20,-0.3,CC(C)COC(N)=O,0.0,G1,C,,,Uncharged,Non-ionizable,CC(C)COC(N)=O
3167,C-21,-1.72,CC(=C)C1CC=C(C)C(O)C1,0.0,G1,C,,,Uncharged,Non-ionizable,C=C(C)C1CC=C(C)C(O)C1
3168,C-23,0.1,CC(C)(C)OC(N)=O,0.0,G1,C,,,Uncharged,Non-ionizable,CC(C)(C)OC(N)=O
3169,C-30,0.74,OCC1OC(O)C(O)C(O)C1O,0.101525326,G5,C,,,Uncharged,Non-ionizable,OCC1OC(O)C(O)C(O)C1O
3170,C-31,-1.46,CCNC(=S)NCC,0.480956362,G3,C,,,Uncharged,Non-ionizable,CCNC(=S)NCC
3171,C-43,-3.94,ClC(Cl)(Cl)C(Cl)(Cl)Cl,0.338436172,G5,C,,,Uncharged,Non-ionizable,ClC(Cl)(Cl)C(Cl)(Cl)Cl
3172,C-105,-3.84,CC1=CC(C)=C(C)C=C1C,0.3731,G3,C,,,Uncharged,Non-ionizable,Cc1cc(C)c(C)cc1C
3173,C-107,-3.35,ClC1=CC=C(Cl)C=C1,0.151847848,G5,C,,,Uncharged,Non-ionizable,Clc1ccc(Cl)cc1
3174,C-145,-0.35,NC(=O)OCC1=CC=CC=C1,0.0,G1,C,,,Uncharged,Non-ionizable,NC(=O)OCc1ccccc1
3175,C-146,-3.1,COC1=NN(CSP(=S)(OC)OC)C(=O)S1,0.0543,G3,C,,,Uncharged,Non-ionizable,COc1nn(CSP(=S)(OC)OC)c(=O)s1
3176,C-173,-5.23,CC1=C(C)C(C)=C(C)C(C)=C1C,0.3046,G3,C,,,Uncharged,Non-ionizable,Cc1c(C)c(C)c(C)c(C)c1C
3177,C-196,-1.21,N1C=CC2=CC=CC=C12,0.153648001,G3,C,,,Uncharged,Non-ionizable,c1ccc2[nH]ccc2c1
3178,C-201,-4.74,CC12CCC3C(CCC4CC(=O)CCC34C)C1CCC2O,0.0,G1,C,,,Uncharged,Non-ionizable,CC12CCC3C(CCC4CC(=O)CCC43C)C1CCC2O
3179,C-242,-3.19,S=C=NC1=CC=CC(=C1)C#N,0.0,G1,C,,,Uncharged,Non-ionizable,N#Cc1cccc(N=C=S)c1
3180,C-244,-2.34,COC(=O)C1=CC=C(OC)C=C1,0.0362,G3,C,,,Uncharged,Non-ionizable,COC(=O)c1ccc(OC)cc1
3181,C-273,-4.63,CC12CCC3C(CCC4=CC(=O)CCC34)C1CCC2(O)C#C,0.157480157,G5,C,,,Uncharged,Non-ionizable,C#CC1(O)CCC2C3CCC4=CC(=O)CCC4C3CCC21C
3182,C-300,-6.31,ClC1=C(Cl)C2(Cl)C3C4CC(C=C4)C3C1(Cl)C2(Cl)Cl,0.51085,G2,C,,,Uncharged,Non-ionizable,ClC1=C(Cl)C2(Cl)C3C4C=CC(C4)C3C1(Cl)C2(Cl)Cl
3183,C-302,-3.7,CC12CCC3C(CCC4=CC(=O)CCC34C)C1CCC2=O,0.005,G3,C,,,Uncharged,Non-ionizable,CC12CCC3C(CCC4=CC(=O)CCC43C)C1CCC2=O
3184,C-304,-5.19,CCC12CCC3C(CCC4=CC(=O)CCC34)C1CCC2(O)C#C,0.0,G1,C,,,Uncharged,Non-ionizable,C#CC1(O)CCC2C3CCC4=CC(=O)CCC4C3CCC21CC
3185,C-307,0.02,C1=NC2=CN=CN=C2N=C1,0.00715,G3,C,,,Uncharged,Non-ionizable,c1cnc2ncncc2n1
3186,C-376,-4.32,C1=CC=C(C=C1)C1=CC=CC=C1,0.015536623,G5,C,,,Uncharged,Non-ionizable,c1ccc(-c2ccccc2)cc1
3187,C-384,-4.05,IC1=CC=C(C=C1)N=C=S,0.0,G1,C,,,Uncharged,Non-ionizable,S=C=Nc1ccc(I)cc1
3188,C-389,-4.43,CC(=O)C1CCC2C3CCC4=CC(=O)CCC4(C)C3CCC12C,0.0,G1,C,,,Uncharged,Non-ionizable,CC(=O)C1CCC2C3CCC4=CC(=O)CCC4(C)C3CCC12C
3189,C-423,-4.92,CC1=CC=C(C)C2=C(C)C=CC=C12,0.00555,G3,C,,,Uncharged,Non-ionizable,Cc1ccc(C)c2c(C)cccc12
3190,C-433,-3.82,CC(=O)C1CCC2C3CCC4=CC(=O)CCC4(C)C3C(O)CC12C,0.0,G1,C,,,Uncharged,Non-ionizable,CC(=O)C1CCC2C3CCC4=CC(=O)CCC4(C)C3C(O)CC12C
3191,C-437,-5.37,CCC(=O)OC1CCC2C3CCC4=CC(=O)CCC4(C)C3CCC12C,0.0,G1,C,,,Uncharged,Non-ionizable,CCC(=O)OC1CCC2C3CCC4=CC(=O)CCC4(C)C3CCC12C
3192,C-438,-2.27,CS(=O)(=O)OCCCCOS(C)(=O)=O,0.0,G1,C,,,Uncharged,Non-ionizable,CS(=O)(=O)OCCCCOS(C)(=O)=O
3193,C-468,-5.36,ClC1=CC2=CC=CC=C2C=C1Cl,0.4983,G3,C,,,Uncharged,Non-ionizable,Clc1cc2ccccc2cc1Cl
3194,C-471,-5.92,ClC1=CC2=C(Cl)C=CC=C2C=C1,0.0,G1,C,,,Uncharged,Non-ionizable,Clc1ccc2cccc(Cl)c2c1
3195,C-472,-0.85,OCC1OC(OC2=CC=CC=C2CO)C(O)C(O)C1O,0.0,G1,C,,,Uncharged,Non-ionizable,OCc1ccccc1OC1OC(CO)C(O)C(O)C1O
3196,C-477,-5.7,ClC1=CC=CC2=C(Cl)C=CC=C12,0.008,G3,C,,,Uncharged,Non-ionizable,Clc1cccc2c(Cl)cccc12
3197,C-483,-4.44,S=C=NC1=CC2=CC=CC=C2C=C1,0.0,G1,C,,,Uncharged,Non-ionizable,S=C=Nc1ccc2ccccc2c1
3198,C-486,-3.24,CC12CC(O)C3C(CCC4=CC(=O)CCC34C)C1CCC2C(=O)CO,0.0,G1,C,,,Uncharged,Non-ionizable,CC12CCC(=O)C=C1CCC1C2C(O)CC2(C)C(C(=O)CO)CCC12
3199,C-499,-6.01,CCC(C)C(=O)OC1CC(C)C=C2C=CC(C)C(CCC3CC(O)CC(=O)O3)C12,0.0,G1,C,,,Uncharged,Non-ionizable,CCC(C)C(=O)OC1CC(C)C=C2C=CC(C)C(CCC3CC(O)CC(=O)O3)C21
3200,C-530,-4.1,CC1CC2C3CCC(O)(C(C)=O)C3(C)CC(O)C2(F)C2(C)C=CC(=O)C=C12,0.0,G1,C,,,Uncharged,Non-ionizable,CC(=O)C1(O)CCC2C3CC(C)C4=CC(=O)C=CC4(C)C3(F)C(O)CC21C
3201,C-533,-0.91,CN1C=NC2=C1C(=O)N(C)C(=O)N2C,0.034420164,G5,C,,,Uncharged,Non-ionizable,Cn1c(=O)c2c(ncn2C)n(C)c1=O
3202,C-537,-3.49,CC1CC2C3CCC(O)(C(=O)CO)C3(C)CC(O)C2C2(C)C=CC(=O)C=C12,1.399499911,G4,C,,,Uncharged,Non-ionizable,CC1CC2C(C(O)CC3(C)C2CCC3(O)C(=O)CO)C2(C)C=CC(=O)C=C12
3203,C-547,-4.6,O1C2=C(C=CC=C2)C2=C1C=CC=C2,0.120379262,G5,C,,,Uncharged,Non-ionizable,c1ccc2c(c1)oc1ccccc12
3204,C-559,-4.97,CC(=O)OCC(=O)C1CCC2C3CCC4=CC(=O)CCC4(C)C3CCC12C,0.17,G3,C,,,Uncharged,Non-ionizable,CC(=O)OCC(=O)C1CCC2C3CCC4=CC(=O)CCC4(C)C3CCC12C
3205,C-564,-5.49,COC1=CC=C2C3CCC4(C)C(CCC4(O)C#C)C3CCC2=C1,0.0,G1,C,,,Uncharged,Non-ionizable,C#CC1(O)CCC2C3CCc4cc(OC)ccc4C3CCC21C
3206,C-565,-3.11,CC12CC(=O)C3C(CCC4=CC(=O)CCC34C)C1CCC2(O)C(=O)CO,0.0,G1,C,,,Uncharged,Non-ionizable,CC12CCC(=O)C=C1CCC1C2C(=O)CC2(C)C1CCC2(O)C(=O)CO
3207,C-571,-2.38,COC(=O)CS(=O)(=O)C1=CC=C(Cl)C=C1,0.0,G1,C,,,Uncharged,Non-ionizable,COC(=O)CS(=O)(=O)c1ccc(Cl)cc1
3208,C-586,-3.68,CC12CC(O)C3(F)C(CCC4=CC(=O)C=CC34C)C1CC(O)C2(O)C(=O)CO,0.0,G1,C,,,Uncharged,Non-ionizable,CC12C=CC(=O)C=C1CCC1C3CC(O)C(O)(C(=O)CO)C3(C)CC(O)C12F
3209,C-589,-0.94,OCC1CCC(O1)N1C=NC2=C1NC=NC2=O,0.0,G1,C,,,Uncharged,Non-ionizable,O=c1nc[nH]c2c1ncn2C1CCC(CO)O1
3210,C-596,-3.7,C1=CC2=NC3=CC=CC=C3N=C2C=C1,0.0,G1,C,,,Uncharged,Non-ionizable,c1ccc2nc3ccccc3nc2c1
3211,C-606,-3.85,COC(=O)C1(CCCCC1)S(=O)(=O)C1=CC=CC=C1,0.5001,G2,C,,,Uncharged,Non-ionizable,COC(=O)C1(S(=O)(=O)c2ccccc2)CCCCC1
3212,C-609,-4.61,CC(=O)OCC(=O)C1(O)CCC2C3CCC4=CC(=O)CCC4(C)C3C(O)CC12C,0.135,G3,C,,,Uncharged,Non-ionizable,CC(=O)OCC(=O)C1(O)CCC2C3CCC4=CC(=O)CCC4(C)C3C(O)CC21C
3213,C-612,-5.51,CC12CCC3C(CCC4=CC5=C(CC34C)C=NO5)C1CCC2(O)C#C,0.0,G1,C,,,Uncharged,Non-ionizable,C#CC1(O)CCC2C3CCC4=Cc5oncc5CC4(C)C3CCC21C
3214,C-619,-6.0,ClC1=CC=C(C=C1)C1=C(Cl)C=C(Cl)C=C1,0.1041636,G5,C,,,Uncharged,Non-ionizable,Clc1ccc(-c2ccc(Cl)cc2Cl)cc1
3215,C-621,-2.41,CC(C)OC(=O)CS(=O)(=O)C1=CC=C(Cl)C=C1,0.0,G1,C,,,Uncharged,Non-ionizable,CC(C)OC(=O)CS(=O)(=O)c1ccc(Cl)cc1
3216,C-626,-3.34,CC(C)OC(=O)C1(CCC1)S(=O)(=O)C1=CC=C(C)C=C1,0.0,G1,C,,,Uncharged,Non-ionizable,Cc1ccc(S(=O)(=O)C2(C(=O)OC(C)C)CCC2)cc1
3217,C-631,-4.38,CC(=O)OCC(=O)C1(O)CCC2C3CCC4=CC(=O)C=CC4(C)C3C(O)CC12C,0.0,G1,C,,,Uncharged,Non-ionizable,CC(=O)OCC(=O)C1(O)CCC2C3CCC4=CC(=O)C=CC4(C)C3C(O)CC21C
3218,C-638,-2.48,COC(=O)CS(=O)(=O)C1=CC=C(Br)C=C1,0.0,G1,C,,,Uncharged,Non-ionizable,COC(=O)CS(=O)(=O)c1ccc(Br)cc1
3219,C-641,-6.06,ClC1=CC(Cl)=C(C(Cl)=C1)C1=CC=CC=C1,0.053728226,G5,C,,,Uncharged,Non-ionizable,Clc1cc(Cl)c(-c2ccccc2)c(Cl)c1
3220,C-643,-2.59,NS(=O)(=O)C1=CC2=C(S1)SCCC2O,0.0,G1,C,,,Uncharged,Non-ionizable,NS(=O)(=O)c1cc2c(s1)SCCC2O
3221,C-644,-4.61,COC(=O)C1(CCCCC1)S(=O)(=O)C1=CC=C(C)C=C1,0.0,G1,C,,,Uncharged,Non-ionizable,COC(=O)C1(S(=O)(=O)c2ccc(C)cc2)CCCCC1
3222,C-648,-6.29,ClC1=CC=C(Cl)C(=C1Cl)C1=CC=CC=C1,0.1001,G3,C,,,Uncharged,Non-ionizable,Clc1ccc(Cl)c(-c2ccccc2)c1Cl
3223,C-662,-3.42,CCOC1OC2=CC=C(OS(C)(=O)=O)C=C2C1(C)C,0.16895,G3,C,,,Uncharged,Non-ionizable,CCOC1Oc2ccc(OS(C)(=O)=O)cc2C1(C)C
3224,C-670,-3.91,CC(C)OC(=O)C1(CCCC1)S(=O)(=O)C1=CC=C(C)C=C1,0.0,G1,C,,,Uncharged,Non-ionizable,Cc1ccc(S(=O)(=O)C2(C(=O)OC(C)C)CCCC2)cc1
3225,C-676,-4.31,CC1(C)OC2CC3C4CCC5=CC(=O)C=CC5(C)C4(F)C(O)CC3(C)C2(O1)C(=O)CO,0.299369708,G5,C,,,Uncharged,Non-ionizable,CC1(C)OC2CC3C4CCC5=CC(=O)C=CC5(C)C4(F)C(O)CC3(C)C2(C(=O)CO)O1
3226,C-685,-3.31,CCCCC(CN1C=NC=N1)(C#N)C1=CC=C(Cl)C=C1,0.0,G1,C,,,Uncharged,Non-ionizable,CCCCC(C#N)(Cn1cncn1)c1ccc(Cl)cc1
3227,C-688,-3.55,NS(=O)(=O)C1=CC2=C(S1)SCCC2=O,0.0,G1,C,,,Uncharged,Non-ionizable,NS(=O)(=O)c1cc2c(s1)SCCC2=O
3228,C-689,-3.49,NS(=O)(=O)C1=CC2=C(S1)C(=O)CCS2,0.0,G1,C,,,Uncharged,Non-ionizable,NS(=O)(=O)c1cc2c(s1)C(=O)CCS2
3229,C-690,-2.25,NS(=O)(=O)C1=CC2=C(S1)C(O)CCS2,0.0,G1,C,,,Uncharged,Non-ionizable,NS(=O)(=O)c1cc2c(s1)C(O)CCS2
3230,C-692,-4.62,CC(C)OC(=O)C1(CCCCC1)S(=O)(=O)C1=CC=C(C)C=C1,0.0,G1,C,,,Uncharged,Non-ionizable,Cc1ccc(S(=O)(=O)C2(C(=O)OC(C)C)CCCCC2)cc1
3231,C-702,-7.96,ClC1=CC=C(C=C1)C1=CC(Cl)=C(Cl)C(Cl)=C1,0.0,G1,C,,,Uncharged,Non-ionizable,Clc1ccc(-c2cc(Cl)c(Cl)c(Cl)c2)cc1
3232,C-710,-4.9,CC1CC2C3CCC4=CC(=O)C=CC4(C)C3(F)C(O)CC2(C)C1(O)C(=O)COC(C)=O,0.0,G1,C,,,Uncharged,Non-ionizable,CC(=O)OCC(=O)C1(O)C(C)CC2C3CCC4=CC(=O)C=CC4(C)C3(F)C(O)CC21C
3233,C-715,-6.51,ClC1=CC(Cl)=C(C=C1)C1=CC=C(Cl)C=C1Cl,0.296225466,G5,C,,,Uncharged,Non-ionizable,Clc1ccc(-c2ccc(Cl)cc2Cl)c(Cl)c1
3234,C-718,-7.26,ClC1=CC(Cl)=C(C=C1)C1=CC(Cl)=CC=C1Cl,0.34365,G3,C,,,Uncharged,Non-ionizable,Clc1ccc(-c2cc(Cl)ccc2Cl)c(Cl)c1
3235,C-721,-7.04,ClC1=CC(=C(Cl)C=C1)C1=CC(Cl)=CC=C1Cl,0.123975347,G5,C,,,Uncharged,Non-ionizable,Clc1ccc(Cl)c(-c2cc(Cl)ccc2Cl)c1
3236,C-724,-7.16,ClC1=CC(=C(Cl)C(Cl)=C1Cl)C1=CC=CC=C1,0.216013107,G5,C,,,Uncharged,Non-ionizable,Clc1cc(-c2ccccc2)c(Cl)c(Cl)c1Cl
3237,C-733,-7.2,ClC(Cl)C(C1=CC=C(Cl)C=C1)C1=CC=C(Cl)C=C1,0.3245,G3,C,,,Uncharged,Non-ionizable,Clc1ccc(C(c2ccc(Cl)cc2)C(Cl)Cl)cc1
3238,C-747,-3.36,CC(C)(C)C(=O)OCC1OC(CC1O)N1C=C(I)C(=O)NC1=O,0.0,G1,C,,,Uncharged,Non-ionizable,CC(C)(C)C(=O)OCC1OC(n2cc(I)c(=O)[nH]c2=O)CC1O
3239,C-762,-5.52,CC(C)OC(=O)C1(CCCCCC1)S(=O)(=O)C1=CC=C(Cl)C=C1,0.0,G1,C,,,Uncharged,Non-ionizable,CC(C)OC(=O)C1(S(=O)(=O)c2ccc(Cl)cc2)CCCCCC1
3240,C-764,-1.35,NS(=O)(=O)C1=CC2=C(S1)S(=O)CCC2O,0.0,G1,C,,,Uncharged,Non-ionizable,NS(=O)(=O)c1cc2c(s1)[S+]([O-])CCC2O
3241,C-766,-2.84,CCCC(=O)OCC1OC(CC1O)N1C=C(I)C(=O)NC1=O,0.0,G1,C,,,Uncharged,Non-ionizable,CCCC(=O)OCC1OC(n2cc(I)c(=O)[nH]c2=O)CC1O
3242,C-770,-2.76,CC(C)C(=O)OCC1OC(CC1O)N1C=C(I)C(=O)NC1=O,0.0,G1,C,,,Uncharged,Non-ionizable,CC(C)C(=O)OCC1OC(n2cc(I)c(=O)[nH]c2=O)CC1O
3243,C-772,-4.48,CC12CCC3C(CCC4=CC(=O)CCC34C)C1CCC2OC(=O)C1=CC=CC=C1,0.0,G1,C,,,Uncharged,Non-ionizable,CC12CCC(=O)C=C1CCC1C2CCC2(C)C(OC(=O)c3ccccc3)CCC12
3244,C-779,-5.27,CC12CCC3C(CCC4=CC(=O)CCC34C)C1CCC2OC(=O)CCC1=CC=CC=C1,0.0,G1,C,,,Uncharged,Non-ionizable,CC12CCC(=O)C=C1CCC1C2CCC2(C)C(OC(=O)CCc3ccccc3)CCC12
3245,C-780,-5.93,C1=CC2=C(C=C1)C1=C3C2=CC=CC3=CC=C1,0.041587926,G5,C,,,Uncharged,Non-ionizable,c1ccc2c(c1)-c1cccc3cccc-2c13
3246,C-786,-5.43,CC12CCC3C(CCC4=CC(=O)CCC34C)C1CCC2OC(=O)CCCC1=CC=CC=C1,0.0,G1,C,,,Uncharged,Non-ionizable,CC12CCC(=O)C=C1CCC1C2CCC2(C)C(OC(=O)CCCc3ccccc3)CCC12
3247,C-787,-3.4,CCCCC(=O)OCC1OC(CC1O)N1C=C(I)C(=O)NC1=O,0.0,G1,C,,,Uncharged,Non-ionizable,CCCCC(=O)OCC1OC(n2cc(I)c(=O)[nH]c2=O)CC1O
3248,C-788,-8.39,ClC1=CC=C(C=C1Cl)C1=CC(Cl)=C(Cl)C(Cl)=C1,0.0,G1,C,,,Uncharged,Non-ionizable,Clc1ccc(-c2cc(Cl)c(Cl)c(Cl)c2)cc1Cl
3249,C-794,-8.55,ClC1=CC(Cl)=C(C=C1)C1=CC(Cl)=C(Cl)C(Cl)=C1,0.0,G1,C,,,Uncharged,Non-ionizable,Clc1ccc(-c2cc(Cl)c(Cl)c(Cl)c2)c(Cl)c1
3250,C-796,-4.66,CC12CCC3C(CCC4=CC(=O)CCC34C)C1CCC2OC(=O)CC1=CC=CC=C1,0.0,G1,C,,,Uncharged,Non-ionizable,CC12CCC(=O)C=C1CCC1C2CCC2(C)C(OC(=O)Cc3ccccc3)CCC12
3251,C-812,-4.71,CCCCC(=O)OC1(C(C)CC2C3CCC4=CC(=O)C=CC4(C)C3(F)C(O)CC12C)C(=O)CO,0.0,G1,C,,,Uncharged,Non-ionizable,CCCCC(=O)OC1(C(=O)CO)C(C)CC2C3CCC4=CC(=O)C=CC4(C)C3(F)C(O)CC21C
3252,C-814,-7.23,ClC1=CC2=C(OC3=C(O2)C=CC=C3)C=C1Cl,0.0,G1,C,,,Uncharged,Non-ionizable,Clc1cc2c(cc1Cl)Oc1ccccc1O2
3253,C-818,-7.91,ClC1=CC(=C(Cl)C=C1)C1=C(Cl)C(Cl)=C(Cl)C=C1,0.43225,G3,C,,,Uncharged,Non-ionizable,Clc1ccc(Cl)c(-c2ccc(Cl)c(Cl)c2Cl)c1
3254,C-819,-2.68,NS(=O)(=O)C1=CC2=C(S1)S(=O)(=O)CCC2,0.0,G1,C,,,Uncharged,Non-ionizable,NS(=O)(=O)c1cc2c(s1)S(=O)(=O)CCC2
3255,C-820,-4.03,CCOC1=CC=C2N=C(SC2=C1)S(N)(=O)=O,0.243410495,G5,C,,,Uncharged,Non-ionizable,CCOc1ccc2nc(S(N)(=O)=O)sc2c1
3256,C-866,-4.13,CC(=O)OCC(=O)C1(O)C(CC2C3CCC4=CC(=O)C=CC4(C)C3(F)C(O)CC12C)OC(C)=O,0.0,G1,C,,,Uncharged,Non-ionizable,CC(=O)OCC(=O)C1(O)C(OC(C)=O)CC2C3CCC4=CC(=O)C=CC4(C)C3(F)C(O)CC21C
3257,C-872,-2.92,CC1=CC=CC=C1N1C(C)=NC2=C(C=CC=C2)C1=O,0.0,G1,C,,,Uncharged,Non-ionizable,Cc1ccccc1-n1c(C)nc2ccccc2c1=O
3258,C-874,-9.1,ClC1=CC=C(C(Cl)=C1Cl)C1=CC(Cl)=C(Cl)C(Cl)=C1,0.0,G1,C,,,Uncharged,Non-ionizable,Clc1cc(-c2ccc(Cl)c(Cl)c2Cl)cc(Cl)c1Cl
3259,C-885,-8.78,ClC1=CC=C(C(Cl)=C1Cl)C1=C(Cl)C(Cl)=C(Cl)C=C1,0.4286853,G5,C,,,Uncharged,Non-ionizable,Clc1ccc(-c2ccc(Cl)c(Cl)c2Cl)c(Cl)c1Cl
3260,C-894,-3.97,COC1=C2C(=O)C3(OC2=C(Cl)C(OC)=C1)C(C)CC(=O)C=C3OC,0.583598107,G4,C,,,Uncharged,Non-ionizable,COC1=CC(=O)CC(C)C12Oc1c(Cl)c(OC)cc(OC)c1C2=O
3261,C-900,-8.71,ClC1=CC(Cl)=C(C(Cl)=C1)C1=C(Cl)C=C(Cl)C=C1Cl,0.11835,G3,C,,,Uncharged,Non-ionizable,Clc1cc(Cl)c(-c2c(Cl)cc(Cl)cc2Cl)c(Cl)c1
3262,C-901,-3.83,CCCC(=O)OCN1N=CC2=C1N=CN(COC(=O)CCC)C2=O,0.0,G1,C,,,Uncharged,Non-ionizable,CCCC(=O)OCn1cnc2c(cnn2COC(=O)CCC)c1=O
3263,C-907,-5.12,CC(C)(C)CC(=O)OCC(=O)C12OC(C)(C)OC1CC1C3CCC4=CC(=O)C=CC4(C)C3(F)C(O)CC21C,0.0,G1,C,,,Uncharged,Non-ionizable,CC(C)(C)CC(=O)OCC(=O)C12OC(C)(C)OC1CC1C3CCC4=CC(=O)C=CC4(C)C3(F)C(O)CC12C
3264,C-915,-5.29,CC1OC(CC(O)C1O)OC1C(O)CC(OC2C(O)CC(OC3CCC4(C)C(CCC5C4CCC4(C)C(CCC54O)C4=CC(=O)OC4)C3)OC2C)OC1C,0.0,G1,C,,,Uncharged,Non-ionizable,CC1OC(OC2C(O)CC(OC3C(O)CC(OC4CCC5(C)C(CCC6C5CCC5(C)C(C7=CC(=O)OC7)CCC65O)C4)OC3C)OC2C)CC(O)C1O
3265,C-926,-1.57,NS(=O)(=O)C1=CC2=C(S1)C(O)CCS2=O,0.0,G1,C,,,Uncharged,Non-ionizable,NS(=O)(=O)c1cc2c(s1)C(O)CC[S+]2[O-]
3266,C-944,-4.04,COP(=S)(OC)SCN1N=NC2=CC=CC=C2C1=O,0.0707,G3,C,,,Uncharged,Non-ionizable,COP(=S)(OC)SCn1nnc2ccccc2c1=O
3267,C-951,-7.92,ClC1=CC(Cl)=C(C=C1Cl)C1=C(Cl)C=C(Cl)C(Cl)=C1Cl,0.0066,G3,C,,,Uncharged,Non-ionizable,Clc1cc(Cl)c(-c2c(Cl)cc(Cl)c(Cl)c2Cl)cc1Cl
3268,C-961,-8.46,ClC1=CC=C(Cl)C(=C1)C1=C(Cl)C(Cl)=C(Cl)C(Cl)=C1Cl,0.441898943,G5,C,,,Uncharged,Non-ionizable,Clc1ccc(Cl)c(-c2c(Cl)c(Cl)c(Cl)c(Cl)c2Cl)c1
3269,C-964,-6.78,CC1=C2C=CC=CC2=C(C)C2=C1C=CC1=C2C=CC=C1,0.158934794,G5,C,,,Uncharged,Non-ionizable,Cc1c2ccccc2c(C)c2c1ccc1ccccc12
3270,C-966,-6.12,FC1=CC=CC(F)=C1C1=NN=C(N=N1)C1=C(Cl)C=CC=C1,0.0,G1,C,,,Uncharged,Non-ionizable,Fc1cccc(F)c1-c1nnc(-c2ccccc2Cl)nn1
3271,C-979,-1.59,NS(=O)(=O)C1=CC2=C(CC(O)CS2(=O)=O)S1,0.0,G1,C,,,Uncharged,Non-ionizable,NS(=O)(=O)c1cc2c(s1)CC(O)CS2(=O)=O
3272,C-981,-1.54,NS(=O)(=O)C1=CC2=C(S1)S(=O)(=O)CC(O)C2,0.0,G1,C,,,Uncharged,Non-ionizable,NS(=O)(=O)c1cc2c(s1)S(=O)(=O)CC(O)C2
3273,C-983,-1.28,NS(=O)(=O)C1=CC2=C(S1)C(O)CCS2(=O)=O,0.0,G1,C,,,Uncharged,Non-ionizable,NS(=O)(=O)c1cc2c(s1)C(O)CCS2(=O)=O
3274,C-987,-4.74,CC1(O)CC(C2=CC=CC=C2)C2=C(O1)C1=C(OC2=O)C=CC=C1,0.0,G1,C,,,Uncharged,Non-ionizable,CC1(O)CC(c2ccccc2)c2c(c3ccccc3oc2=O)O1
3275,C-992,-9.16,ClC1=CC(=C(Cl)C(Cl)=C1Cl)C1=CC(Cl)=C(Cl)C(Cl)=C1Cl,0.01935,G3,C,,,Uncharged,Non-ionizable,Clc1cc(-c2cc(Cl)c(Cl)c(Cl)c2Cl)c(Cl)c(Cl)c1Cl
3276,C-995,-4.08,CCON=C(OC(=O)C1=CC=CC=C1)C1=C(OC)C(Cl)=CC=C1OC,0.0,G1,C,,,Uncharged,Non-ionizable,CCON=C(OC(=O)c1ccccc1)c1c(OC)ccc(Cl)c1OC
3277,C-1000,-9.38,ClC1=CC(Cl)=C(Cl)C(=C1Cl)C1=C(Cl)C(Cl)=CC(Cl)=C1Cl,0.133363172,G5,C,,,Uncharged,Non-ionizable,Clc1cc(Cl)c(Cl)c(-c2c(Cl)c(Cl)cc(Cl)c2Cl)c1Cl
3278,C-1012,-3.6,CC1=NN=C2CN=C(C3=CC=CC=C3)C3=C(C=CC(Cl)=C3)N12,0.085,G3,C,,,Uncharged,Non-ionizable,Cc1nnc2n1-c1ccc(Cl)cc1C(c1ccccc1)=NC2
3279,C-1013,-8.7,C1=CC2=C3C(C=CC=C3C3=C4C(C=CC=C24)=CC=C3)=C1,0.04995,G3,C,,,Uncharged,Non-ionizable,c1cc2cccc3c4cccc5cccc(c(c1)c23)c54
3280,C-1014,-7.66,C1=CC2=C(C=C1)C1=C3C(C=CC4=C3C2=CC=C4)=CC=C1,0.082906587,G5,C,,,Uncharged,Non-ionizable,c1ccc2c(c1)c1cccc3ccc4cccc2c4c31
3281,C-1018,-5.21,COC1=C2C(=O)C3=C(C=CC=C3)N(C)C2=C2C=CC(C)(C)OC2=C1,0.0,G1,C,,,Uncharged,Non-ionizable,COc1cc2c(c3c1c(=O)c1ccccc1n3C)C=CC(C)(C)O2
3282,C-1021,-9.62,ClC1=C(Cl)C(Cl)=C(Cl)C(=C1)C1=C(Cl)C(Cl)=C(Cl)C(Cl)=C1Cl,0.3244,G3,C,,,Uncharged,Non-ionizable,Clc1cc(-c2c(Cl)c(Cl)c(Cl)c(Cl)c2Cl)c(Cl)c(Cl)c1Cl
3283,C-1023,-5.66,O=P(OC1=CC=CC=C1)(OC1=CC=CC=C1)OC1=CC=CC=C1,0.377078939,G5,C,,,Uncharged,Non-ionizable,O=P(Oc1ccccc1)(Oc1ccccc1)Oc1ccccc1
3284,C-1035,-5.67,CCOC(=O)C(C)OC1=CC=C(OC2=NC3=CC=C(Cl)C=C3S2)C=C1,0.0,G1,C,,,Uncharged,Non-ionizable,CCOC(=O)C(C)Oc1ccc(Oc2nc3ccc(Cl)cc3s2)cc1
3285,C-1037,-4.08,CC1=NN=C2CN=C(C3=CC=CC=C3Cl)C3=C(C=CC(Cl)=C3)N12,0.0,G1,C,,,Uncharged,Non-ionizable,Cc1nnc2n1-c1ccc(Cl)cc1C(c1ccccc1Cl)=NC2
3286,C-1038,-4.47,COC1=CC2=C(C=C1OC)C1C(CO2)OC2=C(C=CC3=C2CC(O3)C(C)=C)C1=O,0.025,G3,C,,,Uncharged,Non-ionizable,C=C(C)C1Cc2c(ccc3c2OC2COc4cc(OC)c(OC)cc4C2C3=O)O1
3287,C-1041,-5.02,CC(OC1=CC=C(OC2=NC3=CC=C(Cl)C=C3N=C2)C=C1)C(=O)OC1CCCO1,0.0,G1,C,,,Uncharged,Non-ionizable,CC(Oc1ccc(Oc2cnc3cc(Cl)ccc3n2)cc1)C(=O)OC1CCCO1
3288,C-1051,-4.74,CC1=CC=C(C=C1)C1=CC(=NN1C1=CC=C(C=C1)S(N)(=O)=O)C(F)(F)F,0.0,G1,C,,,Uncharged,Non-ionizable,Cc1ccc(-c2cc(C(F)(F)F)nn2-c2ccc(S(N)(=O)=O)cc2)cc1
3289,C-1069,-8.83,C1=CC2=C3C4=C5C(C=CC6=C5C5=C3C(C=C2)=CC=C5C=C6)=CC=C14,0.25075,G3,C,,,Uncharged,Non-ionizable,c1cc2ccc3ccc4ccc5ccc6ccc1c1c2c3c4c5c61
3290,C-1074,0.25,N#CCC#N,0.02695,G3,C,,,Uncharged,Non-ionizable,N#CCC#N
3291,C-1083,0.2,CS(C)(=O)=O,0.0,G1,C,,,Uncharged,Non-ionizable,CS(C)(=O)=O
3292,C-1094,-3.81,CC(=CCO)C=CC=C(C)C=CC1=C(C)CCCC1(C)C,1.823531236,G2,C,,,Uncharged,Non-ionizable,CC(C=CC1=C(C)CCCC1(C)C)=CC=CC(C)=CCO
3293,C-1096,-0.89,O=C1C=CC(=O)C=C1,0.183246798,G5,C,,,Uncharged,Non-ionizable,O=C1C=CC(=O)C=C1
3294,C-1117,-1.92,NC(=S)C1=CC=CC=C1,0.0,G1,C,,,Uncharged,Non-ionizable,NC(=S)c1ccccc1
3295,C-1137,-1.72,COC1=CC=C(C=C1)C(N)=O,0.0,G1,C,,,Uncharged,Non-ionizable,COc1ccc(C(N)=O)cc1
3296,C-1139,-1.72,COC1=CC=CC(=C1)C(N)=O,0.0,G1,C,,,Uncharged,Non-ionizable,COc1cccc(C(N)=O)c1
3297,C-1144,-3.9,CC(C)(C)C(=O)OCN1C=C(F)C(=O)N(COC(=O)C(C)(C)C)C1=O,0.0,G1,C,,,Uncharged,Non-ionizable,CC(C)(C)C(=O)OCn1cc(F)c(=O)n(COC(=O)C(C)(C)C)c1=O
3298,C-1156,-1.81,CC(=O)OCN1C=C(F)C(=O)N(COC(C)=O)C1=O,0.0,G1,C,,,Uncharged,Non-ionizable,CC(=O)OCn1cc(F)c(=O)n(COC(C)=O)c1=O
3299,C-1187,-2.95,S=C1N=CNC2=C1NC=N2,1.3016,G2,C,,,Uncharged,Non-ionizable,S=c1nc[nH]c2nc[nH]c12
3300,C-1190,-0.7,CCC(=O)N1C(=O)NC=C(F)C1=O,0.0,G1,C,,,Uncharged,Non-ionizable,CCC(=O)n1c(=O)[nH]cc(F)c1=O
3301,C-1197,-0.91,COC(=O)N1C=C(F)C(=O)NC1=O,0.0,G1,C,,,Uncharged,Non-ionizable,COC(=O)n1cc(F)c(=O)[nH]c1=O
3302,C-1199,-0.67,CC(=O)OCN1C=C(F)C(=O)NC1=O,0.0,G1,C,,,Uncharged,Non-ionizable,CC(=O)OCn1cc(F)c(=O)[nH]c1=O
3303,C-1201,-1.84,COC(=O)C1=CC=CC=C1OC(C)=O,0.0,G1,C,,,Uncharged,Non-ionizable,COC(=O)c1ccccc1OC(C)=O
3304,C-1204,-1.2,CC(=O)OCN1C(=O)NC=C(F)C1=O,0.0,G1,C,,,Uncharged,Non-ionizable,CC(=O)OCn1c(=O)[nH]cc(F)c1=O
3305,C-1211,-1.91,CCC(C)(S(=O)(=O)CC)S(=O)(=O)CC,0.1125,G3,C,,,Uncharged,Non-ionizable,CCC(C)(S(=O)(=O)CC)S(=O)(=O)CC
3306,C-1217,-1.46,CCOC(=O)OCN1C(=O)NC=C(F)C1=O,0.0,G1,C,,,Uncharged,Non-ionizable,CCOC(=O)OCn1c(=O)[nH]cc(F)c1=O
3307,C-1223,-1.47,CCOC(=O)N1C=C(F)C(=O)NC1=O,0.0,G1,C,,,Uncharged,Non-ionizable,CCOC(=O)n1cc(F)c(=O)[nH]c1=O
3308,C-1229,-0.81,CCC(=O)OCN1C=C(F)C(=O)NC1=O,0.0,G1,C,,,Uncharged,Non-ionizable,CCC(=O)OCn1cc(F)c(=O)[nH]c1=O
3309,C-1230,-0.45,CCOC(=O)N1C(=O)NC=C(F)C1=O,0.0,G1,C,,,Uncharged,Non-ionizable,CCOC(=O)n1c(=O)[nH]cc(F)c1=O
3310,C-1232,-5.48,CCC(C)(C)C(=O)OC1CC(C)C=C2C=CC(C)C(CCC3CC(O)CC(=O)O3)C12,0.0,G1,C,,,Uncharged,Non-ionizable,CCC(C)(C)C(=O)OC1CC(C)C=C2C=CC(C)C(CCC3CC(O)CC(=O)O3)C21
3311,C-1233,-2.03,CC(C)(C)C(=O)OCN1C=C(F)C(=O)NC1=O,0.0,G1,C,,,Uncharged,Non-ionizable,CC(C)(C)C(=O)OCn1cc(F)c(=O)[nH]c1=O
3312,C-1237,-1.31,CCCC(=O)OCN1C=C(F)C(=O)NC1=O,0.0,G1,C,,,Uncharged,Non-ionizable,CCCC(=O)OCn1cc(F)c(=O)[nH]c1=O
3313,C-1244,-5.42,CCC(C)C(=O)OC1CCC=C2C=CC(C)C(CCC3CC(O)CC(=O)O3)C12,0.0,G1,C,,,Uncharged,Non-ionizable,CCC(C)C(=O)OC1CCC=C2C=CC(C)C(CCC3CC(O)CC(=O)O3)C21
3314,C-1245,-1.59,CCCCOC(=O)N1C=C(F)C(=O)NC1=O,0.0,G1,C,,,Uncharged,Non-ionizable,CCCCOC(=O)n1cc(F)c(=O)[nH]c1=O
3315,C-1248,-1.89,CC(C)COC(=O)N1C=C(F)C(=O)NC1=O,0.0,G1,C,,,Uncharged,Non-ionizable,CC(C)COC(=O)n1cc(F)c(=O)[nH]c1=O
3316,C-1250,-1.91,FC1=CN(C(=O)OCCCl)C(=O)NC1=O,0.0,G1,C,,,Uncharged,Non-ionizable,O=C(OCCCl)n1cc(F)c(=O)[nH]c1=O
3317,C-1257,-3.35,CCC(C)C(=O)OC1CC(O)C=C2C=CC(C)C(CCC3CC(O)CC(=O)O3)C12,0.0,G1,C,,,Uncharged,Non-ionizable,CCC(C)C(=O)OC1CC(O)C=C2C=CC(C)C(CCC3CC(O)CC(=O)O3)C21
3318,C-1267,-2.24,CCCCCCOC(=O)N1C=C(F)C(=O)NC1=O,0.0,G1,C,,,Uncharged,Non-ionizable,CCCCCCOC(=O)n1cc(F)c(=O)[nH]c1=O
3319,C-1281,-1.79,CC(=O)OC1=CC=CC=C1C(=O)OCC(N)=O,0.0,G1,C,,,Uncharged,Non-ionizable,CC(=O)Oc1ccccc1C(=O)OCC(N)=O
3320,C-1288,-2.56,CC(=O)OCN1N=CC2=C1NC=NC2=O,0.0,G1,C,,,Uncharged,Non-ionizable,CC(=O)OCn1ncc2c(=O)nc[nH]c21
3321,C-1297,-2.58,CCOC(=O)COC(=O)C1=CC=CC=C1OC(C)=O,0.0,G1,C,,,Uncharged,Non-ionizable,CCOC(=O)COC(=O)c1ccccc1OC(C)=O
3322,C-1309,-2.2,CCCC(=O)OCN1C=C2C(NC=NC2=O)=N1,0.0,G1,C,,,Uncharged,Non-ionizable,CCCC(=O)OCn1cc2c(=O)nc[nH]c2n1
3323,C-1311,-2.83,CCCC(=O)OCN1N=CC2=C1NC=NC2=O,0.0,G1,C,,,Uncharged,Non-ionizable,CCCC(=O)OCn1ncc2c(=O)nc[nH]c21
3324,C-1320,-2.17,CC(C)(C)C(=O)OCN1C=C2C(NC=NC2=O)=N1,0.0,G1,C,,,Uncharged,Non-ionizable,CC(C)(C)C(=O)OCn1cc2c(=O)nc[nH]c2n1
3325,C-1322,-6.81,CC1(C)C(C=C(Cl)Cl)C1C(=O)OCC1=C(F)C(F)=CC(F)=C1F,0.0,G1,C,,,Uncharged,Non-ionizable,CC1(C)C(C=C(Cl)Cl)C1C(=O)OCc1c(F)c(F)cc(F)c1F
3326,C-1323,-2.68,CC(C)(C)C(=O)OCN1N=CC2=C1NC=NC2=O,0.0,G1,C,,,Uncharged,Non-ionizable,CC(C)(C)C(=O)OCn1ncc2c(=O)nc[nH]c21
3327,C-1328,-6.77,ClC1=CC(OC2=CC=CC=C2)=CC(Cl)=C1Cl,0.0,G1,C,,,Uncharged,Non-ionizable,Clc1cc(Oc2ccccc2)cc(Cl)c1Cl
3328,C-1334,-6.58,ClC1=CC(Cl)=C(OC2=CC=CC=C2)C=C1Cl,0.0,G1,C,,,Uncharged,Non-ionizable,Clc1cc(Cl)c(Oc2ccccc2)cc1Cl
3329,C-1342,-2.26,FC1=CNC(=O)N(C(=O)C2=CC=CC=C2)C1=O,0.0,G1,C,,,Uncharged,Non-ionizable,O=C(c1ccccc1)n1c(=O)[nH]cc(F)c1=O
3330,C-1354,-2.82,FC1=CN(C(=O)OCC2=CC=CC=C2)C(=O)NC1=O,0.0,G1,C,,,Uncharged,Non-ionizable,O=C(OCc1ccccc1)n1cc(F)c(=O)[nH]c1=O
3331,C-1357,-2.44,FC1=CN(C(=O)OC2=CC=CC=C2)C(=O)NC1=O,0.0,G1,C,,,Uncharged,Non-ionizable,O=C(Oc1ccccc1)n1cc(F)c(=O)[nH]c1=O
3332,C-1362,-3.22,FC1=CNC(=O)N(C(=O)OC2=CC=CC=C2)C1=O,0.0,G1,C,,,Uncharged,Non-ionizable,O=C(Oc1ccccc1)n1c(=O)[nH]cc(F)c1=O
3333,C-1374,-4.05,CC(C)(C)C(O)C(CC1=CC=C(Cl)C=C1)N1C=NC=N1,0.0,G1,C,,,Uncharged,Non-ionizable,CC(C)(C)C(O)C(Cc1ccc(Cl)cc1)n1cncn1
3334,C-1378,-6.82,ClC1=CC(Cl)=C(OC2=CC=C(Cl)C=C2Cl)C=C1,0.0,G1,C,,,Uncharged,Non-ionizable,Clc1ccc(Oc2ccc(Cl)cc2Cl)c(Cl)c1
3335,C-1380,-2.45,FC1=CNC(=O)N(COC(=O)OC2=CC=CC=C2)C1=O,0.0,G1,C,,,Uncharged,Non-ionizable,O=C(OCn1c(=O)[nH]cc(F)c1=O)Oc1ccccc1
3336,C-1388,-1.99,CC(=O)OCN1C=C2C(=N1)N=CN(COC(C)=O)C2=O,0.0,G1,C,,,Uncharged,Non-ionizable,CC(=O)OCn1cc2c(=O)n(COC(C)=O)cnc2n1
3337,C-1391,-3.93,COC1=CC2=CC=C(C=C2C=C1)C(C)C(=O)OCC(N)=O,0.0,G1,C,,,Uncharged,Non-ionizable,COc1ccc2cc(C(C)C(=O)OCC(N)=O)ccc2c1
3338,C-1410,-7.67,ClC1=CC=C(OC2=C(Cl)C(Cl)=C(Cl)C=C2)C=C1Cl,0.0,G1,C,,,Uncharged,Non-ionizable,Clc1ccc(Oc2ccc(Cl)c(Cl)c2Cl)cc1Cl
3339,C-1417,-4.52,COP(=O)(OC)OC(=CCl)C1=C(Cl)C=C(Cl)C(Cl)=C1,0.0,G1,C,,,Uncharged,Non-ionizable,COP(=O)(OC)OC(=CCl)c1cc(Cl)c(Cl)cc1Cl
3340,C-1418,-5.19,CON=C(C(=O)OC)C1=C(COC2=C(C)C=CC=C2)C=CC=C1,0.0,G1,C,,,Uncharged,Non-ionizable,CON=C(C(=O)OC)c1ccccc1COc1ccccc1C
3341,C-1425,-4.05,O=C(OCN1N=CC2=C1NC=NC2=O)C1=CC=CC=C1,0.0,G1,C,,,Uncharged,Non-ionizable,O=C(OCn1ncc2c(=O)nc[nH]c21)c1ccccc1
3342,C-1427,-3.55,CCCC(=O)OCN1C=C2C(=N1)N=CN(COC(=O)CCC)C2=O,0.0,G1,C,,,Uncharged,Non-ionizable,CCCC(=O)OCn1cc2c(=O)n(COC(=O)CCC)cnc2n1
3343,C-1430,-3.58,CCOP(=S)(OCC)OC1=CC=C(C=C1)S(C)(=O)=O,0.47085,G3,C,,,Uncharged,Non-ionizable,CCOP(=S)(OCC)Oc1ccc(S(C)(=O)=O)cc1
3344,C-1435,-3.91,CC(C)(C)C(=O)OCN1C=C2C(=N1)N=CN(COC(=O)C(C)(C)C)C2=O,0.0,G1,C,,,Uncharged,Non-ionizable,CC(C)(C)C(=O)OCn1cc2c(=O)n(COC(=O)C(C)(C)C)cnc2n1
3345,C-1437,-8.72,ClC1=CC(Cl)=C(OC2=CC(Cl)=C(Cl)C(Cl)=C2)C=C1Cl,0.0,G1,C,,,Uncharged,Non-ionizable,Clc1cc(Cl)c(Oc2cc(Cl)c(Cl)c(Cl)c2)cc1Cl
3346,C-1438,-5.54,CC(C)OC1=C(Cl)C=C(Cl)C(=C1)N1N=C(OC1=O)C(C)(C)C,0.0765,G3,C,,,Uncharged,Non-ionizable,CC(C)Oc1cc(-n2nc(C(C)(C)C)oc2=O)c(Cl)cc1Cl
3347,C-1441,-8.78,ClC1=CC=C(OC2=C(Cl)C(Cl)=C(Cl)C(Cl)=C2)C=C1Cl,0.0,G1,C,,,Uncharged,Non-ionizable,Clc1ccc(Oc2cc(Cl)c(Cl)c(Cl)c2Cl)cc1Cl
3348,C-1442,-8.36,ClC1=CC(Cl)=C(OC2=CC(Cl)=C(Cl)C=C2Cl)C=C1Cl,0.0,G1,C,,,Uncharged,Non-ionizable,Clc1cc(Cl)c(Oc2cc(Cl)c(Cl)cc2Cl)cc1Cl
3349,C-1444,-4.26,CC(C)(C)C(=O)OCN1N=CC2=C1N=CN(COC(=O)C(C)(C)C)C2=O,0.0,G1,C,,,Uncharged,Non-ionizable,CC(C)(C)C(=O)OCn1cnc2c(cnn2COC(=O)C(C)(C)C)c1=O
3350,C-1445,-8.31,ClC1=CC(Cl)=C(Cl)C=C1OC1=C(Cl)C(Cl)=C(Cl)C=C1,0.065,G3,C,,,Uncharged,Non-ionizable,Clc1cc(Cl)c(Oc2ccc(Cl)c(Cl)c2Cl)cc1Cl
3351,C-1446,-3.11,COC(=O)N1C2=CC=CC=C2N=C1C1=CSC=N1,0.0,G1,C,,,Uncharged,Non-ionizable,COC(=O)n1c(-c2cscn2)nc2ccccc21
3352,C-1447,-8.14,ClC1=CC=C(OC2=C(Cl)C(Cl)=C(Cl)C=C2)C(Cl)=C1Cl,0.0,G1,C,,,Uncharged,Non-ionizable,Clc1ccc(Oc2ccc(Cl)c(Cl)c2Cl)c(Cl)c1Cl
3353,C-1449,-8.44,ClC1=CC=C(OC2=C(Cl)C(Cl)=C(Cl)C(Cl)=C2)C(Cl)=C1,0.0,G1,C,,,Uncharged,Non-ionizable,Clc1ccc(Oc2cc(Cl)c(Cl)c(Cl)c2Cl)c(Cl)c1
3354,C-1450,-8.04,ClC1=CC(Cl)=C(OC2=C(Cl)C=C(Cl)C(Cl)=C2)C(Cl)=C1,0.0,G1,C,,,Uncharged,Non-ionizable,Clc1cc(Cl)c(Oc2cc(Cl)c(Cl)cc2Cl)c(Cl)c1
3355,C-1453,-8.1,ClC1=CC(Cl)=C(OC2=C(Cl)C(Cl)=C(Cl)C=C2)C(Cl)=C1,0.0,G1,C,,,Uncharged,Non-ionizable,Clc1cc(Cl)c(Oc2ccc(Cl)c(Cl)c2Cl)c(Cl)c1
3356,C-1455,-8.94,ClC1=CC=C(OC2=C(Cl)C(Cl)=C(Cl)C(Cl)=C2Cl)C=C1,0.0,G1,C,,,Uncharged,Non-ionizable,Clc1ccc(Oc2c(Cl)c(Cl)c(Cl)c(Cl)c2Cl)cc1
3357,C-1464,-2.92,CCOC(=O)N1C2=CC=CC=C2N=C1C1=CSC=N1,0.0,G1,C,,,Uncharged,Non-ionizable,CCOC(=O)n1c(-c2cscn2)nc2ccccc21
3358,C-1477,-3.52,CCCOC(=O)N1C2=CC=CC=C2N=C1C1=CSC=N1,0.0,G1,C,,,Uncharged,Non-ionizable,CCCOC(=O)n1c(-c2cscn2)nc2ccccc21
3359,C-1481,-9.5,ClC1=CC(OC2=CC(Cl)=C(Cl)C=C2Cl)=C(Cl)C(Cl)=C1Cl,0.0,G1,C,,,Uncharged,Non-ionizable,Clc1cc(Cl)c(Oc2cc(Cl)c(Cl)c(Cl)c2Cl)cc1Cl
3360,C-1483,-9.46,ClC1=CC=C(OC2=C(Cl)C(Cl)=C(Cl)C(Cl)=C2Cl)C=C1Cl,0.0,G1,C,,,Uncharged,Non-ionizable,Clc1ccc(Oc2c(Cl)c(Cl)c(Cl)c(Cl)c2Cl)cc1Cl
3361,C-1485,-9.05,ClC1=CC(Cl)=C(Cl)C(OC2=CC(Cl)=C(Cl)C=C2Cl)=C1Cl,0.0,G1,C,,,Uncharged,Non-ionizable,Clc1cc(Cl)c(Oc2c(Cl)c(Cl)cc(Cl)c2Cl)cc1Cl
3362,C-1487,-9.09,ClC1=CC=C(OC2=C(Cl)C(Cl)=CC(Cl)=C2Cl)C(Cl)=C1Cl,0.0,G1,C,,,Uncharged,Non-ionizable,Clc1ccc(Oc2c(Cl)c(Cl)cc(Cl)c2Cl)c(Cl)c1Cl
3363,C-1488,-8.89,ClC1=CC=C(Cl)C(OC2=C(Cl)C(Cl)=C(Cl)C(Cl)=C2)=C1Cl,0.0,G1,C,,,Uncharged,Non-ionizable,Clc1cc(Oc2c(Cl)ccc(Cl)c2Cl)c(Cl)c(Cl)c1Cl
3364,C-1489,-4.17,CC(C)COC(=O)N1C2=CC=CC=C2N=C1C1=CSC=N1,0.0,G1,C,,,Uncharged,Non-ionizable,CC(C)COC(=O)n1c(-c2cscn2)nc2ccccc21
3365,C-1498,-4.99,COP(=O)(OC1=C(Cl)C=C(Br)C(Cl)=C1)C1=CC=CC=C1,0.0,G1,C,,,Uncharged,Non-ionizable,COP(=O)(Oc1cc(Cl)c(Br)cc1Cl)c1ccccc1
3366,C-1499,-10.1,ClC1=CC(Cl)=C(Cl)C=C1OC1=C(Cl)C(Cl)=C(Cl)C(Cl)=C1Cl,0.02,G3,C,,,Uncharged,Non-ionizable,Clc1cc(Cl)c(Oc2c(Cl)c(Cl)c(Cl)c(Cl)c2Cl)cc1Cl
3367,C-1500,-10.6,ClC1=C(Cl)C(Cl)=C(OC2=C(Cl)C(Cl)=C(Cl)C(Cl)=C2Cl)C=C1,0.0,G1,C,,,Uncharged,Non-ionizable,Clc1ccc(Oc2c(Cl)c(Cl)c(Cl)c(Cl)c2Cl)c(Cl)c1Cl
3368,C-1501,-10.1,ClC1=CC(OC2=C(Cl)C(Cl)=CC(Cl)=C2Cl)=C(Cl)C(Cl)=C1Cl,0.0,G1,C,,,Uncharged,Non-ionizable,Clc1cc(Oc2c(Cl)c(Cl)cc(Cl)c2Cl)c(Cl)c(Cl)c1Cl
3369,C-1503,-3.31,CON=C(C)C1=CC=CC(OC2=NC(OC)=CC(OC)=N2)=C1C(=O)OC,0.0,G1,C,,,Uncharged,Non-ionizable,CON=C(C)c1cccc(Oc2nc(OC)cc(OC)n2)c1C(=O)OC
3370,C-1507,-5.97,CCOC(=O)C(C)OC1=CC=C(OC2=NC3=CC=C(Cl)C=C3N=C2)C=C1,0.0622,G3,C,,,Uncharged,Non-ionizable,CCOC(=O)C(C)Oc1ccc(Oc2cnc3cc(Cl)ccc3n2)cc1
3371,C-1508,-7.41,N1C2=C(C=CC3=C2C=CC=C3)C2=C1C1=C(C=CC=C1)C=C2,0.0,G1,C,,,Uncharged,Non-ionizable,c1ccc2c(c1)ccc1c3ccc4ccccc4c3[nH]c21
3372,C-1514,-4.91,CC1COC(CN2C=NC=N2)(O1)C1=C(Cl)C=C(OC2=CC=C(Cl)C=C2)C=C1,0.23865,G3,C,,,Uncharged,Non-ionizable,CC1COC(Cn2cncn2)(c2ccc(Oc3ccc(Cl)cc3)cc2Cl)O1
3373,C-1515,-6.33,O=C1C2=C(SC(C#N)=C(S2)C#N)C(=O)C2=C1C=CC=C2,0.0,G1,C,,,Uncharged,Non-ionizable,N#Cc1sc2c(=O)c3ccccc3c(=O)c=2sc1C#N
3374,C-1529,-4.87,CC(C)(C)C(C)(C)C,0.0,G1,C,,,Uncharged,Non-ionizable,CC(C)(C)C(C)(C)C
3375,C-1537,-1.48,CCCC(=O)CCC,0.106151098,G5,C,,,Uncharged,Non-ionizable,CCCC(=O)CCC
3376,C-1539,-0.17,OC1CC(O)C(O)C(O)C1O,0.0,G1,C,,,Uncharged,Non-ionizable,OC1CC(O)C(O)C(O)C1O
3377,C-1546,-3.22,IC=CI,0.02835,G3,C,,,Uncharged,Non-ionizable,IC=CI
3378,C-1548,-0.35,CC(C=NO)=NO,0.0,G1,C,,,Uncharged,Non-ionizable,CC(C=NO)=NO
3379,C-1561,-1.44,CCC(Br)(CC)C(N)=O,0.2012,G3,C,,,Uncharged,Non-ionizable,CCC(Br)(CC)C(N)=O
3380,C-1564,-2.16,CC(=NO)C(C)=NO,0.0,G1,C,,,Uncharged,Non-ionizable,CC(=NO)C(C)=NO
3381,C-1583,-3.82,CC12C3CCC(O3)C1(C)C(=O)OC2=O,0.0,G1,C,,,Uncharged,Non-ionizable,CC12C(=O)OC(=O)C1(C)C1CCC2O1
3382,C-1594,-3.93,CC(=O)OC1CC2CCC1(C)C2(C)C,0.0,G1,C,mono-constituent,,Uncharged,Non-ionizable,CC(=O)OC1CC2CCC1(C)C2(C)C
3383,C-1608,-1.09,CC1=CC=CC=C1CO,0.0,G1,C,,,Uncharged,Non-ionizable,Cc1ccccc1CO
3384,C-1619,-6.15,CCCCCCCCCCCCCCCCCC(=O)OC=C,0.0,G1,C,,,Uncharged,Non-ionizable,C=COC(=O)CCCCCCCCCCCCCCCCC
3385,C-1630,0.32,OCC(O)C(O)C(O)C(=O)CO,0.0095,G3,C,,,Uncharged,Non-ionizable,O=C(CO)C(O)C(O)C(O)CO
3386,C-1633,-2.38,N#CC1=C(C=CC=C1)C#N,0.06759144,G5,C,,,Uncharged,Non-ionizable,N#Cc1ccccc1C#N
3387,C-1636,-0.74,O=CC(=O)C1=CC=CC=C1,0.0,G1,C,,,Uncharged,Non-ionizable,O=CC(=O)c1ccccc1
3388,C-1641,-1.34,O=CC1=CC=CC=C1C=O,0.0,G1,C,,,Uncharged,Non-ionizable,O=Cc1ccccc1C=O
3389,C-1653,-6.07,CC12CCC3C(CCC4CC(=O)CCC34C)C1CC=C2,0.0,G1,C,,,Uncharged,Non-ionizable,CC12C=CCC1C1CCC3CC(=O)CCC3(C)C1CC2
3390,C-1665,-3.02,CC12CCC3C(CCC4=CC(=O)CCC34)C1CCC2O,0.0,G1,C,,,Uncharged,Non-ionizable,CC12CCC3C4CCC(=O)C=C4CCC3C1CCC2O
3391,C-1673,-3.59,CC12CC(O)C3C(CCC4CC(O)CCC34C)C1CCC2=O,0.0,G1,C,,,Uncharged,Non-ionizable,CC12CC(O)C3C(CCC4CC(O)CCC43C)C1CCC2=O
3392,C-1678,-1.14,OCNC(=S)C1=CC=CC=C1,0.0,G1,C,,,Uncharged,Non-ionizable,OCNC(=S)c1ccccc1
3393,C-1691,-4.41,CC12CCC3C(CC=C4CC(CCC34C)OC=O)C1CCC2=O,0.0,G1,C,,,Uncharged,Non-ionizable,CC12CCC3C(CC=C4CC(OC=O)CCC43C)C1CCC2=O
3394,C-1699,-5.32,CC12CCC3C(CCC4CC(=O)CCC34C)C1CCC2OC=O,0.0,G1,C,,,Uncharged,Non-ionizable,CC12CCC(=O)CC1CCC1C2CCC2(C)C(OC=O)CCC12
3395,C-1700,-4.26,CCOC1=CC=C(C=C1)N=C=S,0.0,G1,C,,,Uncharged,Non-ionizable,CCOc1ccc(N=C=S)cc1
3396,C-1712,-0.41,CC1=NC2=NC=NC=C2N1,0.01355,G3,C,,,Uncharged,Non-ionizable,Cc1nc2ncncc2[nH]1
3397,C-1713,-4.27,BrC1=CC=C(C=C1)N=C=S,0.0,G1,C,,,Uncharged,Non-ionizable,S=C=Nc1ccc(Br)cc1
3398,C-1717,-4.93,CC12CCC3C(CCC4=CC(=O)CCC34C)C1CCC2OC=O,0.0,G1,C,,,Uncharged,Non-ionizable,CC12CCC(=O)C=C1CCC1C2CCC2(C)C(OC=O)CCC12
3399,C-1718,-4.02,CC(=O)C1=CC=C(C=C1)N=C=S,0.0,G1,C,,,Uncharged,Non-ionizable,CC(=O)c1ccc(N=C=S)cc1
3400,C-1731,-1.52,CC(=O)OC1=CC=C(C=C1)C(C)=O,0.0,G1,C,,,Uncharged,Non-ionizable,CC(=O)Oc1ccc(C(C)=O)cc1
3401,C-1734,-1.64,CC(=O)OC1=CC=C(C=C1)C(N)=O,0.0,G1,C,,,Uncharged,Non-ionizable,CC(=O)Oc1ccc(C(N)=O)cc1
3402,C-1735,-0.6,CC(=O)N1C=C(F)C(=O)NC1=O,0.0,G1,C,,,Uncharged,Non-ionizable,CC(=O)n1cc(F)c(=O)[nH]c1=O
3403,C-1739,-0.6,CC(=O)N1C(=O)NC=C(F)C1=O,0.0,G1,C,,,Uncharged,Non-ionizable,CC(=O)n1c(=O)[nH]cc(F)c1=O
3404,C-1743,-4.7,S=C=NC1=CC(=CC=C1)N=C=S,0.0,G1,C,,,Uncharged,Non-ionizable,S=C=Nc1cccc(N=C=S)c1
3405,C-1745,-4.53,CC(=O)OC1CCC2(C)C3CCC4(C)C(CCC4=O)C3CC=C2C1,0.035,G3,C,,,Uncharged,Non-ionizable,CC(=O)OC1CCC2(C)C(=CCC3C4CCC(=O)C4(C)CCC32)C1
3406,C-1747,-1.48,COC1=NC=C2NC=NC2=N1,0.0,G1,C,,,Uncharged,Non-ionizable,COc1ncc2[nH]cnc2n1
3407,C-1753,-1.53,COC1=C2NC=NC2=NC=N1,0.0,G1,C,,,Uncharged,Non-ionizable,COc1ncnc2nc[nH]c12
3408,C-1755,-1.52,OCC1=NC2=NC=NC=C2N1,0.0,G1,C,,,Uncharged,Non-ionizable,OCc1nc2ncncc2[nH]1
3409,C-1758,-0.01,CC1=NC2=NC=NC=C2N=C1,0.414587026,G5,C,,,Uncharged,Non-ionizable,Cc1cnc2cncnc2n1
3410,C-1766,-5.35,CC(=O)OC1CCC2C3CCC4CC(=O)CCC4(C)C3CCC12C,0.0,G1,C,,,Uncharged,Non-ionizable,CC(=O)OC1CCC2C3CCC4CC(=O)CCC4(C)C3CCC12C
3411,C-1769,-2.5,COC(=O)C1=CC=C(OC(C)=O)C=C1,0.0,G1,C,,,Uncharged,Non-ionizable,COC(=O)c1ccc(OC(C)=O)cc1
3412,C-1771,-4.69,CCC(=O)OC1CCC2(C)C3CCC4(C)C(CCC4=O)C3CC=C2C1,0.0,G1,C,,,Uncharged,Non-ionizable,CCC(=O)OC1CCC2(C)C(=CCC3C4CCC(=O)C4(C)CCC32)C1
3413,C-1782,-4.68,IC1=CC=CC(=C1)N=C=S,0.0,G1,C,,,Uncharged,Non-ionizable,S=C=Nc1cccc(I)c1
3414,C-1785,-7.32,CC1C2C(CC3C4CC=C5CC(O)CCC5(C)C4CCC23C)OC11CCC(C)CO1,0.0,G1,C,,,Uncharged,Non-ionizable,CC1CCC2(OC1)OC1CC3C4CC=C5CC(O)CCC5(C)C4CCC3(C)C1C2C
3415,C-1789,-2.0,O=C1NC=C2N=CC=NC2=N1,0.0265,G3,C,,,Uncharged,Non-ionizable,O=c1nc2nccnc2c[nH]1
3416,C-1791,-4.05,CCOC(=O)C1=CC=C(C=C1)N=C=S,0.0,G1,C,,,Uncharged,Non-ionizable,CCOC(=O)c1ccc(N=C=S)cc1
3417,C-1814,-1.28,CCCC(=O)N1C(=O)NC=C(F)C1=O,0.0,G1,C,,,Uncharged,Non-ionizable,CCCC(=O)n1c(=O)[nH]cc(F)c1=O
3418,C-1823,-0.71,ClC1=NC2=NC=CN=C2C=N1,0.0056,G3,C,,,Uncharged,Non-ionizable,Clc1ncc2nccnc2n1
3419,C-1824,-5.91,CCCC(=O)OC1CCC2C3CCC4=CC(=O)CCC4C3CCC12C,0.0,G1,C,,,Uncharged,Non-ionizable,CCCC(=O)OC1CCC2C3CCC4=CC(=O)CCC4C3CCC12C
3420,C-1826,-4.76,CCCCC(=O)OC1CCC2(C)C3CCC4(C)C(CCC4=O)C3CC=C2C1,0.0,G1,C,,,Uncharged,Non-ionizable,CCCCC(=O)OC1CCC2(C)C(=CCC3C4CCC(=O)C4(C)CCC32)C1
3421,C-1834,-0.77,CCC(=O)OCN1C(=O)NC=C(F)C1=O,0.0,G1,C,,,Uncharged,Non-ionizable,CCC(=O)OCn1c(=O)[nH]cc(F)c1=O
3422,C-1835,-1.14,COC1=NC2=CN=CN=C2N=C1,0.115,G3,C,,,Uncharged,Non-ionizable,COc1cnc2ncncc2n1
3423,C-1836,-0.91,COC1=NC2=NC=NC=C2N=C1,0.0,G1,C,,,Uncharged,Non-ionizable,COc1cnc2cncnc2n1
3424,C-1843,-0.46,CC1=NC2=CN=CN=C2N=C1C,0.0,G1,C,,,Uncharged,Non-ionizable,Cc1nc2cncnc2nc1C
3425,C-1845,-2.71,S=C1NC2=C(C=NC=N2)N=C1,0.0,G1,C,,,Uncharged,Non-ionizable,S=c1cnc2cncnc2[nH]1
3426,C-1846,-2.68,S=C1NC=C2N=CC=NC2=N1,0.045,G3,C,,,Uncharged,Non-ionizable,S=c1nc2nccnc2c[nH]1
3427,C-1849,-2.3,CCCCC(=O)N1C(=O)NC=C(F)C1=O,0.0,G1,C,,,Uncharged,Non-ionizable,CCCCC(=O)n1c(=O)[nH]cc(F)c1=O
3428,C-1850,-0.77,OCC1OC(C(O)C1O)N1C=CC(O)=CC1=O,0.0,G1,C,,,Uncharged,Non-ionizable,O=c1cc(O)ccn1C1OC(CO)C(O)C1O
3429,C-1852,-0.92,CN1C(=O)C=NC2=C1N=CN=C2,0.00555,G3,C,,,Uncharged,Non-ionizable,Cn1c(=O)cnc2cncnc21
3430,C-1853,-5.28,CC(=O)OC1(C)CCC2C3CCC4=CC(=O)CCC4(C)C3CCC12C,0.0,G1,C,,,Uncharged,Non-ionizable,CC(=O)OC1(C)CCC2C3CCC4=CC(=O)CCC4(C)C3CCC21C
3431,C-1854,-1.07,CN1C=NC2=C(N=CC=N2)C1=O,0.00755,G3,C,,,Uncharged,Non-ionizable,Cn1cnc2nccnc2c1=O
3432,C-1855,0.3,OCC1OC(CO)(OC2OC(COC3OC(CO)C(O)C(O)C3O)C(O)C(O)C2O)C(O)C1O,0.355,G3,C,,,Uncharged,Non-ionizable,OCC1OC(OCC2OC(OC3(CO)OC(CO)C(O)C3O)C(O)C(O)C2O)C(O)C(O)C1O
3433,C-1859,-3.48,CC12CC(=O)C3C(CCC4=CC(=O)CCC34C)C1CCC2=O,0.0,G1,C,,,Uncharged,Non-ionizable,CC12CC(=O)C3C(CCC4=CC(=O)CCC43C)C1CCC2=O
3434,C-1860,-7.16,CC(C)(C)C(=O)OC1(CCC2C3CCC4=CC(=O)CCC4C3CCC12C)C#C,0.0,G1,C,,,Uncharged,Non-ionizable,C#CC1(OC(=O)C(C)(C)C)CCC2C3CCC4=CC(=O)CCC4C3CCC21C
3435,C-1871,-5.93,CCCC(=O)OC1CCC2C3CCC4=CC(=O)CCC4(C)C3CCC12C,0.0,G1,C,,,Uncharged,Non-ionizable,CCCC(=O)OC1CCC2C3CCC4=CC(=O)CCC4(C)C3CCC12C
3436,C-1872,-1.13,CCCC(=O)OCN1C(=O)NC=C(F)C1=O,0.0,G1,C,,,Uncharged,Non-ionizable,CCCC(=O)OCn1c(=O)[nH]cc(F)c1=O
3437,C-1887,-6.19,CCCCC(=O)OC1CCC2C3CCC4=CC(=O)CCC4(C)C3CCC12C,0.0,G1,C,,,Uncharged,Non-ionizable,CCCCC(=O)OC1CCC2C3CCC4=CC(=O)CCC4(C)C3CCC12C
3438,C-1895,-1.66,CCCCC(=O)OCN1C(=O)NC=C(F)C1=O,0.0,G1,C,,,Uncharged,Non-ionizable,CCCCC(=O)OCn1c(=O)[nH]cc(F)c1=O
3439,C-1898,-1.55,CSC1=NC2=NC=NC=C2N=C1,0.0,G1,C,,,Uncharged,Non-ionizable,CSc1cnc2cncnc2n1
3440,C-1918,-2.11,CCCCCC(=O)OCN1C(=O)NC=C(F)C1=O,0.0,G1,C,,,Uncharged,Non-ionizable,CCCCCC(=O)OCn1c(=O)[nH]cc(F)c1=O
3441,C-1921,-3.58,CCCC(=NOCC)C1C(=O)CC(CC1=O)C1CCCSC1,0.0,G1,C,,,Uncharged,Non-ionizable,CCCC(=NOCC)C1C(=O)CC(C2CCCSC2)CC1=O
3442,C-1923,-3.44,CC(=O)OC1=CC2=CC=CC=C2C=C1,0.0,G1,C,,,Uncharged,Non-ionizable,CC(=O)Oc1ccc2ccccc2c1
3443,C-1924,-5.72,CCCCCCCCC(=O)OC1CCC2C3CCC4=CC(=O)CCC4C3CCC12C,0.0,G1,C,,,Uncharged,Non-ionizable,CCCCCCCCC(=O)OC1CCC2C3CCC4=CC(=O)CCC4C3CCC12C
3444,C-1930,-4.85,CC1=CC=C(OC2=CC=C(C)C=C2)C=C1,0.0,G1,C,,,Uncharged,Non-ionizable,Cc1ccc(Oc2ccc(C)cc2)cc1
3445,C-1933,-2.7,OCN1C(=O)OC2=CC=C(Cl)C=C12,0.0,G1,C,,,Uncharged,Non-ionizable,O=c1oc2ccc(Cl)cc2n1CO
3446,C-1934,-2.38,CC(=O)N1N=CC2=C1NC=NC2=O,0.0,G1,C,,,Uncharged,Non-ionizable,CC(=O)n1ncc2c(=O)nc[nH]c21
3447,C-1935,-5.25,ClC1=CC(=CC(Cl)=C1)C1(CC(Cl)(Cl)Cl)CO1,0.0,G1,C,,,Uncharged,Non-ionizable,Clc1cc(Cl)cc(C2(CC(Cl)(Cl)Cl)CO2)c1
3448,C-1942,-0.18,CCC1=NC2=CN=CN=C2N=C1CC,0.03,G3,C,,,Uncharged,Non-ionizable,CCc1nc2cncnc2nc1CC
3449,C-1957,-3.29,CCCCCCCC(=O)OCN1C(=O)NC=C(F)C1=O,0.0,G1,C,,,Uncharged,Non-ionizable,CCCCCCCC(=O)OCn1c(=O)[nH]cc(F)c1=O
3450,C-1965,-1.72,OCN1N=CC2=C1N=CN(CO)C2=O,0.0,G1,C,,,Uncharged,Non-ionizable,O=c1c2cnn(CO)c2ncn1CO
3451,C-1966,-2.81,CCC(=O)N1N=CC2=C1NC=NC2=O,0.0,G1,C,,,Uncharged,Non-ionizable,CCC(=O)n1ncc2c(=O)nc[nH]c21
3452,C-1969,-6.89,CCCCCCC(=O)OC1(CCC2C3CCC4=CC(=O)CCC4C3CCC12C)C#C,0.0,G1,C,,,Uncharged,Non-ionizable,C#CC1(OC(=O)CCCCCC)CCC2C3CCC4=CC(=O)CCC4C3CCC21C
3453,C-1971,-1.17,CC(=O)C1=CC=C(OC2OC(CO)C(O)C(O)C2O)C=C1,0.0,G1,C,,,Uncharged,Non-ionizable,CC(=O)c1ccc(OC2OC(CO)C(O)C(O)C2O)cc1
3454,C-1982,-4.85,S=C=NC1=CC=C(C=C1)C1=CC=CC=C1,0.0,G1,C,,,Uncharged,Non-ionizable,S=C=Nc1ccc(-c2ccccc2)cc1
3455,C-1985,-5.96,C1CC2=CC=C3CCCC4=C3C2=C(C1)C=C4,0.0,G1,C,,,Uncharged,Non-ionizable,c1cc2c3c(ccc4c3c1CCC4)CCC2
3456,C-1987,-3.27,CCCC(=O)N1N=CC2=C1NC=NC2=O,0.0,G1,C,,,Uncharged,Non-ionizable,CCCC(=O)n1ncc2c(=O)nc[nH]c21
3457,C-1996,-4.4,CC(=O)OC1=CC=C(C=C1)C1=CC=CC=C1,0.0,G1,C,,,Uncharged,Non-ionizable,CC(=O)Oc1ccc(-c2ccccc2)cc1
3458,C-2001,-0.71,OCC1OC(CC1O)N1C=C(C(=O)NC1=O)C(F)(F)F,0.0,G1,C,,,Uncharged,Non-ionizable,O=c1[nH]c(=O)n(C2CC(O)C(CO)O2)cc1C(F)(F)F
3459,C-2002,-0.41,CN1C2=C(N(CO)C=N2)C(=O)N(C)C1=O,0.0,G1,C,,,Uncharged,Non-ionizable,Cn1c(=O)c2c(ncn2CO)n(C)c1=O
3460,C-2007,-2.15,CC(=O)OCSC1=C2NC=NC2=NC=N1,0.0,G1,C,,,Uncharged,Non-ionizable,CC(=O)OCSc1ncnc2nc[nH]c12
3461,C-2012,-3.48,CC12CC(=O)C3C(CCC4=CC(=O)C=CC34C)C1CCC2(O)C(=O)CO,0.0,G1,C,,,Uncharged,Non-ionizable,CC12C=CC(=O)C=C1CCC1C2C(=O)CC2(C)C1CCC2(O)C(=O)CO
3462,C-2013,-2.1,OC1CCN2C1=NC1=C(C=CC=C1)C2=O,0.0,G1,C,,,Uncharged,Non-ionizable,O=c1c2ccccc2nc2n1CCC2O
3463,C-2015,0.02,CCCN1C=NC2=C1C(=O)N(C)C(=O)N2C,0.0,G1,C,,,Uncharged,Non-ionizable,CCCn1cnc2c1c(=O)n(C)c(=O)n2C
3464,C-2024,-2.39,CCC(=O)OCSC1=C2NC=NC2=NC=N1,0.0,G1,C,,,Uncharged,Non-ionizable,CCC(=O)OCSc1ncnc2nc[nH]c12
3465,C-2038,-2.69,CCCC(=O)OCSC1=C2NC=NC2=NC=N1,0.0,G1,C,,,Uncharged,Non-ionizable,CCCC(=O)OCSc1ncnc2nc[nH]c12
3466,C-2039,-1.87,COC1=C(OC2OC(CO)C(O)C(O)C2O)C=CC(C=CCO)=C1,0.0,G1,C,,,Uncharged,Non-ionizable,COc1cc(C=CCO)ccc1OC1OC(CO)C(O)C(O)C1O
3467,C-2043,-7.51,ClC1=CC2=C(Cl)C=CC(Cl)=C2C(Cl)=C1,0.0,G1,C,,,Uncharged,Non-ionizable,Clc1cc(Cl)c2c(Cl)ccc(Cl)c2c1
3468,C-2046,-3.5,NC(=O)C1=CN(CC2=C(F)C=CC=C2F)N=N1,0.0,G1,C,,,Uncharged,Non-ionizable,NC(=O)c1cn(Cc2c(F)cccc2F)nn1
3469,C-2052,-3.06,N1C2=CN=CN=C2N=C1C1=CC=CC=C1,0.0,G1,C,,,Uncharged,Non-ionizable,c1ccc(-c2nc3ncncc3[nH]2)cc1
3470,C-2055,-4.32,BrC1=C(C=CC2=CC=CC=C12)N=C=S,0.0,G1,C,,,Uncharged,Non-ionizable,S=C=Nc1ccc2ccccc2c1Br
3471,C-2058,-5.01,FCCOC(=O)CC1=CC=C(C=C1)C1=CC=CC=C1,0.0,G1,C,,,Uncharged,Non-ionizable,O=C(Cc1ccc(-c2ccccc2)cc1)OCCF
3472,C-2061,-1.4,CN1C2=C(N(C=N2)C(C)=O)C(=O)N(C)C1=O,0.0,G1,C,,,Uncharged,Non-ionizable,CC(=O)n1cnc2c1c(=O)n(C)c(=O)n2C
3473,C-2064,-3.1,CCCCC(=O)OCSC1=C2NC=NC2=NC=N1,0.0,G1,C,,,Uncharged,Non-ionizable,CCCCC(=O)OCSc1ncnc2nc[nH]c12
3474,C-2067,-5.4,O=C(C1=CC=CC=C1)C1=CC=CC(=C1)N=C=S,0.0,G1,C,,,Uncharged,Non-ionizable,O=C(c1ccccc1)c1cccc(N=C=S)c1
3475,C-2076,-5.91,ClC1=CC=C(OC2=C(Cl)C=CC=C2Cl)C=C1,0.0,G1,C,,,Uncharged,Non-ionizable,Clc1ccc(Oc2c(Cl)cccc2Cl)cc1
3476,C-2077,-3.63,CCCCCC(=O)OCSC1=C2NC=NC2=NC=N1,0.0,G1,C,,,Uncharged,Non-ionizable,CCCCCC(=O)OCSc1ncnc2nc[nH]c12
3477,C-2081,-6.11,ClC1=CC(Cl)=C(OC2=CC=CC=C2)C(Cl)=C1,0.0,G1,C,,,Uncharged,Non-ionizable,Clc1cc(Cl)c(Oc2ccccc2)c(Cl)c1
3478,C-2086,-5.95,ClC1=CC=C(Cl)C(OC2=CC=CC=C2)=C1Cl,0.0,G1,C,,,Uncharged,Non-ionizable,Clc1ccc(Cl)c(Oc2ccccc2)c1Cl
3479,C-2091,-1.1,CCC(=O)N1C=NC2=C1C(=O)N(C)C(=O)N2C,0.0,G1,C,,,Uncharged,Non-ionizable,CCC(=O)n1cnc2c1c(=O)n(C)c(=O)n2C
3480,C-2106,-6.22,CSC(=O)C1(OC(C)=O)C(C)CC2C3CCC4=CC(=O)C=CC4(C)C3(F)C(O)CC12C,0.0,G1,C,,,Uncharged,Non-ionizable,CSC(=O)C1(OC(C)=O)C(C)CC2C3CCC4=CC(=O)C=CC4(C)C3(F)C(O)CC21C
3481,C-2112,-4.85,O=C(OC1=CC=CC(=C1)N=C=S)C1=CC=CC=C1,0.0,G1,C,,,Uncharged,Non-ionizable,O=C(Oc1cccc(N=C=S)c1)c1ccccc1
3482,C-2114,-1.24,COC(=O)N1C=NC2=C1C(=O)N(C)C(=O)N2C,0.0,G1,C,,,Uncharged,Non-ionizable,COC(=O)n1cnc2c1c(=O)n(C)c(=O)n2C
3483,C-2117,-1.83,CN1C2=C(N(COC(C)=O)C=N2)C(=O)N(C)C1=O,0.0,G1,C,,,Uncharged,Non-ionizable,CC(=O)OCn1cnc2c1c(=O)n(C)c(=O)n2C
3484,C-2123,-4.62,CCCCCCCC(=O)OCSC1=C2NC=NC2=NC=N1,0.0,G1,C,,,Uncharged,Non-ionizable,CCCCCCCC(=O)OCSc1ncnc2nc[nH]c12
3485,C-2127,-1.53,CCCC(=O)N1C=NC2=C1C(=O)N(C)C(=O)N2C,0.0,G1,C,,,Uncharged,Non-ionizable,CCCC(=O)n1cnc2c1c(=O)n(C)c(=O)n2C
3486,C-2129,-4.24,CC(=O)OCC(=O)C1(O)CCC2C3CCC4=CC(=O)C=CC4(C)C3C(=O)CC12C,0.0,G1,C,,,Uncharged,Non-ionizable,CC(=O)OCC(=O)C1(O)CCC2C3CCC4=CC(=O)C=CC4(C)C3C(=O)CC21C
3487,C-2138,-1.86,CCOC(=O)OCN1C=NC2=C1C(=O)N(C)C(=O)N2C,0.0,G1,C,,,Uncharged,Non-ionizable,CCOC(=O)OCn1cnc2c1c(=O)n(C)c(=O)n2C
3488,C-2140,-6.23,ClC1=CC(=C(Cl)C(Cl)=C1)C1=CC=CC=C1Cl,0.0,G1,C,,,Uncharged,Non-ionizable,Clc1cc(Cl)c(Cl)c(-c2ccccc2Cl)c1
3489,C-2141,-1.65,CCOC(=O)N1C=NC2=C1C(=O)N(C)C(=O)N2C,0.0,G1,C,,,Uncharged,Non-ionizable,CCOC(=O)n1cnc2c1c(=O)n(C)c(=O)n2C
3490,C-2145,-2.3,CCC(=O)OCN1C=NC2=C1C(=O)N(C)C(=O)N2C,0.0,G1,C,,,Uncharged,Non-ionizable,CCC(=O)OCn1cnc2c1c(=O)n(C)c(=O)n2C
3491,C-2150,-6.3,ClC1=CC=CC(=C1Cl)C1=C(Cl)C=CC=C1Cl,0.0,G1,C,,,Uncharged,Non-ionizable,Clc1cccc(-c2c(Cl)cccc2Cl)c1Cl
3492,C-2152,-2.82,OCCN1C=CC(=O)C(O)=C1C(O)C1=CC=CC=C1,0.0,G1,C,,,Uncharged,Non-ionizable,O=c1ccn(CCO)c(C(O)c2ccccc2)c1O
3493,C-2153,-6.98,ClC1=CC=C(OC2=CC(Cl)=C(Cl)C=C2)C=C1Cl,0.0,G1,C,,,Uncharged,Non-ionizable,Clc1ccc(Oc2ccc(Cl)c(Cl)c2)cc1Cl
3494,C-2158,-7.35,ClC1=CC=C(OC2=CC(Cl)=C(Cl)C(Cl)=C2)C=C1,0.0,G1,C,,,Uncharged,Non-ionizable,Clc1ccc(Oc2cc(Cl)c(Cl)c(Cl)c2)cc1
3495,C-2159,-7.32,ClC1=CC(OC2=CC=C(Cl)C(Cl)=C2)=CC(Cl)=C1,0.0,G1,C,,,Uncharged,Non-ionizable,Clc1cc(Cl)cc(Oc2ccc(Cl)c(Cl)c2)c1
3496,C-2160,-2.12,CCCCC(=O)N1C=NC2=C1C(=O)N(C)C(=O)N2C,0.0,G1,C,,,Uncharged,Non-ionizable,CCCCC(=O)n1cnc2c1c(=O)n(C)c(=O)n2C
3497,C-2163,-7.0,ClC1=CC=C(OC2=CC(Cl)=C(Cl)C=C2)C(Cl)=C1,0.0,G1,C,,,Uncharged,Non-ionizable,Clc1ccc(Oc2ccc(Cl)c(Cl)c2)c(Cl)c1
3498,C-2165,-7.04,ClC1=CC=C(OC2=CC(Cl)=C(Cl)C=C2Cl)C=C1,0.0,G1,C,,,Uncharged,Non-ionizable,Clc1ccc(Oc2cc(Cl)c(Cl)cc2Cl)cc1
3499,C-2171,-7.14,ClC1=CC=C(OC2=CC(Cl)=CC(Cl)=C2)C(Cl)=C1,0.0,G1,C,,,Uncharged,Non-ionizable,Clc1cc(Cl)cc(Oc2ccc(Cl)cc2Cl)c1
3500,C-2172,-7.07,ClC1=CC=C(Cl)C(OC2=CC=C(Cl)C(Cl)=C2)=C1,0.0,G1,C,,,Uncharged,Non-ionizable,Clc1ccc(Cl)c(Oc2ccc(Cl)c(Cl)c2)c1
3501,C-2173,-7.01,ClC1=CC=C(OC2=CC=C(Cl)C(Cl)=C2Cl)C=C1,0.0,G1,C,,,Uncharged,Non-ionizable,Clc1ccc(Oc2ccc(Cl)c(Cl)c2Cl)cc1
3502,C-2174,-2.46,CCC(=O)OCC1OC(CC1O)N1C=C(I)C(=O)NC1=O,0.0,G1,C,,,Uncharged,Non-ionizable,CCC(=O)OCC1OC(n2cc(I)c(=O)[nH]c2=O)CC1O
3503,C-2175,-7.14,ClC1=CC=C(OC2=CC(Cl)=CC(Cl)=C2Cl)C=C1,0.0,G1,C,,,Uncharged,Non-ionizable,Clc1ccc(Oc2cc(Cl)cc(Cl)c2Cl)cc1
3504,C-2176,-6.9,ClC1=C(Cl)C=C(OC2=CC=CC(Cl)=C2Cl)C=C1,0.0,G1,C,,,Uncharged,Non-ionizable,Clc1ccc(Oc2cccc(Cl)c2Cl)cc1Cl
3505,C-2177,-2.17,CN1C2=C(N(COC(=O)C(C)(C)C)C=N2)C(=O)N(C)C1=O,0.0,G1,C,,,Uncharged,Non-ionizable,Cn1c(=O)c2c(ncn2COC(=O)C(C)(C)C)n(C)c1=O
3506,C-2178,-7.27,ClC1=CC=CC(OC2=CC(Cl)=C(Cl)C=C2Cl)=C1,0.0,G1,C,,,Uncharged,Non-ionizable,Clc1cccc(Oc2cc(Cl)c(Cl)cc2Cl)c1
3507,C-2179,-6.83,ClC1=CC=C(OC2=C(Cl)C=C(Cl)C=C2Cl)C=C1,0.0,G1,C,,,Uncharged,Non-ionizable,Clc1ccc(Oc2c(Cl)cc(Cl)cc2Cl)cc1
3508,C-2181,-7.09,ClC1=CC=CC(OC2=CC=C(Cl)C(Cl)=C2Cl)=C1,0.0,G1,C,,,Uncharged,Non-ionizable,Clc1cccc(Oc2ccc(Cl)c(Cl)c2Cl)c1
3509,C-2182,-6.77,ClC1=CC(OC2=CC=C(Cl)C=C2Cl)=C(Cl)C=C1,0.0,G1,C,,,Uncharged,Non-ionizable,Clc1ccc(Oc2cc(Cl)ccc2Cl)c(Cl)c1
3510,C-2184,-1.45,CCCOC(=O)N1C=NC2=C1C(=O)N(C)C(=O)N2C,0.0,G1,C,,,Uncharged,Non-ionizable,CCCOC(=O)n1cnc2c1c(=O)n(C)c(=O)n2C
3511,C-2185,-6.56,ClC1=CC=CC(Cl)=C1OC1=CC(Cl)=C(Cl)C=C1,0.0,G1,C,,,Uncharged,Non-ionizable,Clc1ccc(Oc2c(Cl)cccc2Cl)cc1Cl
3512,C-2186,-6.65,ClC1=CC(Cl)=C(OC2=CC=CC(Cl)=C2Cl)C=C1,0.0,G1,C,,,Uncharged,Non-ionizable,Clc1ccc(Oc2cccc(Cl)c2Cl)c(Cl)c1
3513,C-2188,-6.64,ClC1=CC=C(OC2=C(Cl)C=CC(Cl)=C2Cl)C=C1,0.0,G1,C,,,Uncharged,Non-ionizable,Clc1ccc(Oc2c(Cl)ccc(Cl)c2Cl)cc1
3514,C-2191,-1.86,CCCC(=O)OCN1C=NC2=C1C(=O)N(C)C(=O)N2C,0.0,G1,C,,,Uncharged,Non-ionizable,CCCC(=O)OCn1cnc2c1c(=O)n(C)c(=O)n2C
3515,C-2192,-7.0,ClC1=CC(Cl)=C(Cl)C=C1OC1=C(Cl)C=CC=C1,0.0,G1,C,,,Uncharged,Non-ionizable,Clc1cc(Cl)c(Oc2ccccc2Cl)cc1Cl
3516,C-2194,-6.74,ClC1=CC=C(OC2=C(Cl)C=CC=C2)C(Cl)=C1Cl,0.0,G1,C,,,Uncharged,Non-ionizable,Clc1ccccc1Oc1ccc(Cl)c(Cl)c1Cl
3517,C-2196,-7.52,ClC1=C(Cl)C(Cl)=C(Cl)C(OC2=CC=CC=C2)=C1,0.0,G1,C,,,Uncharged,Non-ionizable,Clc1cc(Oc2ccccc2)c(Cl)c(Cl)c1Cl
3518,C-2200,-7.06,ClC1=CC(Cl)=C(Cl)C(Cl)=C1OC1=CC=CC=C1,0.0,G1,C,,,Uncharged,Non-ionizable,Clc1cc(Cl)c(Oc2ccccc2)c(Cl)c1Cl
3519,C-2202,-7.02,ClC1=CC(Cl)=C(Cl)C(OC2=CC=CC=C2)=C1Cl,0.0,G1,C,,,Uncharged,Non-ionizable,Clc1cc(Cl)c(Cl)c(Oc2ccccc2)c1Cl
3520,C-2204,-1.93,CCCCOC(=O)N1C=NC2=C1C(=O)N(C)C(=O)N2C,0.0,G1,C,,,Uncharged,Non-ionizable,CCCCOC(=O)n1cnc2c1c(=O)n(C)c(=O)n2C
3521,C-2205,-2.37,CCCCC(=O)OCN1C=NC2=C1C(=O)N(C)C(=O)N2C,0.0,G1,C,,,Uncharged,Non-ionizable,CCCCC(=O)OCn1cnc2c1c(=O)n(C)c(=O)n2C
3522,C-2215,-6.75,CC1=C2CCCCC2=CC2=C1C=CC1=C2C=CC=C1,0.0,G1,C,,,Uncharged,Non-ionizable,Cc1c2c(cc3c1ccc1ccccc13)CCCC2
3523,C-2217,-2.64,CCCCCC(=O)OCN1C=NC2=C1C(=O)N(C)C(=O)N2C,0.0,G1,C,,,Uncharged,Non-ionizable,CCCCCC(=O)OCn1cnc2c1c(=O)n(C)c(=O)n2C
3524,C-2218,-2.54,CC(=O)OCSC1=C2N=CN(COC(C)=O)C2=NC=N1,0.0,G1,C,,,Uncharged,Non-ionizable,CC(=O)OCSc1ncnc2c1ncn2COC(C)=O
3525,C-2224,-2.05,CN1N=C(SC1=NS(C)(=O)=O)S(N)(=O)=O,0.0,G1,C,,,Uncharged,Non-ionizable,Cn1nc(S(N)(=O)=O)sc1=NS(C)(=O)=O
3526,C-2230,-6.96,ClC1=CC(Cl)=C(Cl)C(=C1)C1=C(Cl)C(Cl)=CC=C1,0.0,G1,C,,,Uncharged,Non-ionizable,Clc1cc(Cl)c(Cl)c(-c2cccc(Cl)c2Cl)c1
3527,C-2235,-4.96,CCCN1C2=C(NC(=N2)C2CCCC2)C(=O)N(CCC)C1=O,0.0,G1,C,,,Uncharged,Non-ionizable,CCCn1c(=O)c2[nH]c(C3CCCC3)nc2n(CCC)c1=O
3528,C-2241,-3.0,CCCCCCOC(=O)N1C=NC2=C1C(=O)N(C)C(=O)N2C,0.0,G1,C,,,Uncharged,Non-ionizable,CCCCCCOC(=O)n1cnc2c1c(=O)n(C)c(=O)n2C
3529,C-2243,-8.25,ClC1=CC=C(OC2=CC(Cl)=C(Cl)C(Cl)=C2)C=C1Cl,0.0,G1,C,,,Uncharged,Non-ionizable,Clc1ccc(Oc2cc(Cl)c(Cl)c(Cl)c2)cc1Cl
3530,C-2244,-7.75,CC12CCC3C(CCC4=CC(=O)CCC34)C1CCC2(OC(=O)C1=CC=CC=C1)C#C,0.0,G1,C,,,Uncharged,Non-ionizable,C#CC1(OC(=O)c2ccccc2)CCC2C3CCC4=CC(=O)CCC4C3CCC21C
3531,C-2245,-7.83,ClC1=CC=C(OC2=C(Cl)C=C(Cl)C(Cl)=C2)C=C1Cl,0.0,G1,C,,,Uncharged,Non-ionizable,Clc1ccc(Oc2cc(Cl)c(Cl)cc2Cl)cc1Cl
3532,C-2247,-7.89,ClC1=CC=C(OC2=CC(Cl)=C(Cl)C(Cl)=C2)C(Cl)=C1,0.0,G1,C,,,Uncharged,Non-ionizable,Clc1ccc(Oc2cc(Cl)c(Cl)c(Cl)c2)c(Cl)c1
3533,C-2248,-4.23,O=C(N1N=CC2=C1NC=NC2=O)C1=CC=CC=C1,0.0,G1,C,,,Uncharged,Non-ionizable,O=C(c1ccccc1)n1ncc2c(=O)nc[nH]c21
3534,C-2249,-7.13,ClC1=CC=C(C=C1)C(C1=C(Cl)C=CC=C1)C(Cl)(Cl)Cl,0.2549,G3,C,,,Uncharged,Non-ionizable,Clc1ccc(C(c2ccccc2Cl)C(Cl)(Cl)Cl)cc1
3535,C-2250,-8.06,ClC1=CC(OC2=C(Cl)C=C(Cl)C(Cl)=C2)=CC(Cl)=C1,0.0,G1,C,,,Uncharged,Non-ionizable,Clc1cc(Cl)cc(Oc2cc(Cl)c(Cl)cc2Cl)c1
3536,C-2251,-7.83,ClC1=CC(OC2=CC=C(Cl)C(Cl)=C2)=C(Cl)C(Cl)=C1,0.0,G1,C,,,Uncharged,Non-ionizable,Clc1cc(Cl)c(Cl)c(Oc2ccc(Cl)c(Cl)c2)c1
3537,C-2252,-7.61,ClC1=CC=C(OC2=C(Cl)C=C(Cl)C(Cl)=C2)C(Cl)=C1,0.0,G1,C,,,Uncharged,Non-ionizable,Clc1ccc(Oc2cc(Cl)c(Cl)cc2Cl)c(Cl)c1
3538,C-2253,-7.86,ClC1=CC(OC2=C(Cl)C(Cl)=C(Cl)C=C2)=CC(Cl)=C1,0.0,G1,C,,,Uncharged,Non-ionizable,Clc1cc(Cl)cc(Oc2ccc(Cl)c(Cl)c2Cl)c1
3539,C-2254,-8.06,ClC1=CC=C(OC2=C(Cl)C(Cl)=C(Cl)C(Cl)=C2)C=C1,0.0,G1,C,,,Uncharged,Non-ionizable,Clc1ccc(Oc2cc(Cl)c(Cl)c(Cl)c2Cl)cc1
3540,C-2255,-7.62,ClC1=CC(Cl)=C(OC2=CC=C(Cl)C(Cl)=C2)C(Cl)=C1,0.0,G1,C,,,Uncharged,Non-ionizable,Clc1cc(Cl)c(Oc2ccc(Cl)c(Cl)c2)c(Cl)c1
3541,C-2258,-7.44,ClC1=CC=C(OC2=C(Cl)C(Cl)=C(Cl)C=C2)C(Cl)=C1,0.0,G1,C,,,Uncharged,Non-ionizable,Clc1ccc(Oc2ccc(Cl)c(Cl)c2Cl)c(Cl)c1
3542,C-2259,-7.56,ClC1=CC=C(Cl)C(OC2=C(Cl)C=C(Cl)C(Cl)=C2)=C1,0.0,G1,C,,,Uncharged,Non-ionizable,Clc1ccc(Cl)c(Oc2cc(Cl)c(Cl)cc2Cl)c1
3543,C-2260,-7.64,ClC1=CC=C(OC2=C(Cl)C(Cl)=CC(Cl)=C2)C(Cl)=C1,0.0,G1,C,,,Uncharged,Non-ionizable,Clc1ccc(Oc2cc(Cl)cc(Cl)c2Cl)c(Cl)c1
3544,C-2261,-7.35,ClC1=CC=C(OC2=C(Cl)C(Cl)=CC=C2Cl)C=C1Cl,0.0,G1,C,,,Uncharged,Non-ionizable,Clc1ccc(Oc2c(Cl)ccc(Cl)c2Cl)cc1Cl
3545,C-2262,-7.77,ClC1=CC=C(OC2=C(Cl)C(Cl)=C(Cl)C=C2Cl)C=C1,0.0,G1,C,,,Uncharged,Non-ionizable,Clc1ccc(Oc2c(Cl)cc(Cl)c(Cl)c2Cl)cc1
3546,C-2263,-3.45,CCCCCCCC(=O)OCN1C=NC2=C1C(=O)N(C)C(=O)N2C,0.0,G1,C,,,Uncharged,Non-ionizable,CCCCCCCC(=O)OCn1cnc2c1c(=O)n(C)c(=O)n2C
3547,C-2264,-7.33,ClC1=CC=C(OC2=C(Cl)C=C(Cl)C=C2Cl)C(Cl)=C1,0.0,G1,C,,,Uncharged,Non-ionizable,Clc1ccc(Oc2c(Cl)cc(Cl)cc2Cl)c(Cl)c1
3548,C-2265,-7.48,ClC1=CC(Cl)=C(OC2=CC=CC(Cl)=C2Cl)C=C1Cl,0.0,G1,C,,,Uncharged,Non-ionizable,Clc1cc(Cl)c(Oc2cccc(Cl)c2Cl)cc1Cl
3549,C-2266,-7.7,ClC1=CC=C(Cl)C(OC2=C(Cl)C(Cl)=C(Cl)C=C2)=C1,0.0,G1,C,,,Uncharged,Non-ionizable,Clc1ccc(Cl)c(Oc2ccc(Cl)c(Cl)c2Cl)c1
3550,C-2268,-7.38,ClC1=C(Cl)C(Cl)=C(OC2=CC=CC(Cl)=C2Cl)C=C1,0.0,G1,C,,,Uncharged,Non-ionizable,Clc1cccc(Oc2ccc(Cl)c(Cl)c2Cl)c1Cl
3551,C-2269,-7.76,ClC1=CC=C(OC2=C(Cl)C(Cl)=CC(Cl)=C2Cl)C=C1,0.0,G1,C,,,Uncharged,Non-ionizable,Clc1ccc(Oc2c(Cl)c(Cl)cc(Cl)c2Cl)cc1
3552,C-2271,-7.24,ClC1=CC=C(OC2=C(Cl)C(Cl)=CC=C2Cl)C(Cl)=C1,0.0,G1,C,,,Uncharged,Non-ionizable,Clc1ccc(Oc2c(Cl)ccc(Cl)c2Cl)c(Cl)c1
3553,C-2272,-7.12,ClC1=CC(Cl)=C(OC2=C(Cl)C=CC=C2Cl)C=C1Cl,0.0,G1,C,,,Uncharged,Non-ionizable,Clc1cc(Cl)c(Oc2c(Cl)cccc2Cl)cc1Cl
3554,C-2273,-7.23,ClC1=CC=CC(Cl)=C1OC1=C(Cl)C(Cl)=C(Cl)C=C1,0.0,G1,C,,,Uncharged,Non-ionizable,Clc1ccc(Oc2c(Cl)cccc2Cl)c(Cl)c1Cl
3555,C-2276,-7.94,ClC1=C(Cl)C(Cl)=C(OC2=CC=CC=C2)C(Cl)=C1Cl,0.0,G1,C,,,Uncharged,Non-ionizable,Clc1c(Cl)c(Cl)c(Oc2ccccc2)c(Cl)c1Cl
3556,C-2277,-2.78,CCC(=O)OCSC1=C2N=CN(COC(=O)CC)C2=NC=N1,0.0,G1,C,,,Uncharged,Non-ionizable,CCC(=O)OCSc1ncnc2c1ncn2COC(=O)CC
3557,C-2291,-5.0,CN1C2=C(NC(=N2)C2=CC=CC=C2)C(=O)N(C)C1=O,0.0,G1,C,,,Uncharged,Non-ionizable,Cn1c(=O)c2[nH]c(-c3ccccc3)nc2n(C)c1=O
3558,C-2292,-4.59,CCCN1C2=C(NC(=N2)C(C2CC2)C2CC2)C(=O)N(CCC)C1=O,0.0,G1,C,,,Uncharged,Non-ionizable,CCCn1c(=O)c2[nH]c(C(C3CC3)C3CC3)nc2n(CCC)c1=O
3559,C-2298,-3.71,CCCC(=O)OCSC1=C2N=CN(COC(=O)CCC)C2=NC=N1,0.0,G1,C,,,Uncharged,Non-ionizable,CCCC(=O)OCSc1ncnc2c1ncn2COC(=O)CCC
3560,C-2302,-3.16,CCCN1C2=C(NC(=N2)C2CCC(=O)C2)C(=O)N(CCC)C1=O,0.0,G1,C,,,Uncharged,Non-ionizable,CCCn1c(=O)c2[nH]c(C3CCC(=O)C3)nc2n(CCC)c1=O
3561,C-2303,-8.49,ClC1=CC(OC2=C(Cl)C(Cl)=C(Cl)C=C2)=CC(Cl)=C1Cl,0.0,G1,C,,,Uncharged,Non-ionizable,Clc1cc(Oc2ccc(Cl)c(Cl)c2Cl)cc(Cl)c1Cl
3562,C-2305,-3.34,CC(=O)OCN1C=C(F)C(=O)N(C(=O)C2=CC=CC=C2)C1=O,0.0,G1,C,,,Uncharged,Non-ionizable,CC(=O)OCn1cc(F)c(=O)n(C(=O)c2ccccc2)c1=O
3563,C-2311,-8.41,ClC1=CC(OC2=CC(Cl)=C(Cl)C=C2Cl)=C(Cl)C(Cl)=C1,0.0,G1,C,,,Uncharged,Non-ionizable,Clc1cc(Cl)c(Cl)c(Oc2cc(Cl)c(Cl)cc2Cl)c1
3564,C-2313,-8.55,ClC1=CC(Cl)=C(Cl)C(OC2=C(Cl)C(Cl)=C(Cl)C=C2)=C1,0.0,G1,C,,,Uncharged,Non-ionizable,Clc1cc(Cl)c(Cl)c(Oc2ccc(Cl)c(Cl)c2Cl)c1
3565,C-2315,-8.3,ClC1=CC=C(OC2=C(Cl)C(Cl)=CC(Cl)=C2Cl)C=C1Cl,0.0,G1,C,,,Uncharged,Non-ionizable,Clc1ccc(Oc2c(Cl)c(Cl)cc(Cl)c2Cl)cc1Cl
3566,C-2316,-8.47,ClC1=CC(Cl)=C(OC2=C(Cl)C(Cl)=C(Cl)C=C2Cl)C=C1,0.0,G1,C,,,Uncharged,Non-ionizable,Clc1ccc(Oc2c(Cl)cc(Cl)c(Cl)c2Cl)c(Cl)c1
3567,C-2319,-7.88,ClC1=CC(Cl)=C(OC2=C(Cl)C(Cl)=CC=C2Cl)C=C1Cl,0.0,G1,C,,,Uncharged,Non-ionizable,Clc1cc(Cl)c(Oc2c(Cl)ccc(Cl)c2Cl)cc1Cl
3568,C-2322,-6.66,CN1C2=C(NC(C=CC3=CC=CC=C3)=N2)C(=O)N(C)C1=O,0.0,G1,C,,,Uncharged,Non-ionizable,Cn1c(=O)c2[nH]c(C=Cc3ccccc3)nc2n(C)c1=O
3569,C-2323,-8.42,ClC1=CC(Cl)=C(OC2=C(Cl)C(Cl)=CC(Cl)=C2Cl)C=C1,0.0,G1,C,,,Uncharged,Non-ionizable,Clc1ccc(Oc2c(Cl)c(Cl)cc(Cl)c2Cl)c(Cl)c1
3570,C-2324,-7.96,ClC1=C(Cl)C(Cl)=C(OC2=C(Cl)C=CC(Cl)=C2Cl)C=C1,0.0,G1,C,,,Uncharged,Non-ionizable,Clc1ccc(Oc2c(Cl)ccc(Cl)c2Cl)c(Cl)c1Cl
3571,C-2326,-1.16,CN1N=C(SC1=NS(=O)(=O)C(F)(F)F)S(N)(=O)=O,0.0,G1,C,,,Uncharged,Non-ionizable,Cn1nc(S(N)(=O)=O)sc1=NS(=O)(=O)C(F)(F)F
3572,C-2329,-3.31,CN1C(=NC2=C1C(=O)N(C)C(=O)N2C)C1=CC=CC=C1,0.0,G1,C,,,Uncharged,Non-ionizable,Cn1c(=O)c2c(nc(-c3ccccc3)n2C)n(C)c1=O
3573,C-2341,-4.33,CCCCC(=O)OCSC1=C2N=CN(COC(=O)CCCC)C2=NC=N1,0.0,G1,C,,,Uncharged,Non-ionizable,CCCCC(=O)OCSc1ncnc2c1ncn2COC(=O)CCCC
3574,C-2345,-5.85,CCCN1C2=C(NC(=N2)C23CC4CC2CC(C3)C4)C(=O)N(CCC)C1=O,0.0,G1,C,,,Uncharged,Non-ionizable,CCCn1c(=O)c2[nH]c(C34CC5CC(CC3C5)C4)nc2n(CCC)c1=O
3575,C-2350,-3.76,FC1=CC=CC(F)=C1C1SCC2=NC3=CC=CC=C3N12,0.0,G1,C,,,Uncharged,Non-ionizable,Fc1cccc(F)c1C1SCc2nc3ccccc3n21
3576,C-2355,-3.73,CCCC(=O)OCN1C=C(F)C(=O)N(C(=O)C2=CC=CC=C2)C1=O,0.0,G1,C,,,Uncharged,Non-ionizable,CCCC(=O)OCn1cc(F)c(=O)n(C(=O)c2ccccc2)c1=O
3577,C-2358,-3.73,CC(C)(C)C(=O)OC1=CC=C2N=C(SC2=C1)S(N)(=O)=O,0.0,G1,C,,,Uncharged,Non-ionizable,CC(C)(C)C(=O)Oc1ccc2nc(S(N)(=O)=O)sc2c1
3578,C-2362,-8.9,ClC1=CC=C(C=C1Cl)C1=C(Cl)C(Cl)=C(Cl)C(Cl)=C1Cl,0.0,G1,C,,,Uncharged,Non-ionizable,Clc1ccc(-c2c(Cl)c(Cl)c(Cl)c(Cl)c2Cl)cc1Cl
3579,C-2363,-9.1,ClC1=CC(=CC(Cl)=C1Cl)C1=C(Cl)C(Cl)=CC(Cl)=C1Cl,0.0,G1,C,,,Uncharged,Non-ionizable,Clc1cc(-c2c(Cl)c(Cl)cc(Cl)c2Cl)cc(Cl)c1Cl
3580,C-2368,-5.55,CN1C(C=CC2=CC=CC=C2)=NC2=C1C(=O)N(C)C(=O)N2C,0.0,G1,C,,,Uncharged,Non-ionizable,Cn1c(=O)c2c(nc(C=Cc3ccccc3)n2C)n(C)c1=O
3581,C-2381,-9.54,ClC1=CC(OC2=C(Cl)C(Cl)=C(Cl)C(Cl)=C2)=CC(Cl)=C1Cl,0.0,G1,C,,,Uncharged,Non-ionizable,Clc1cc(Oc2cc(Cl)c(Cl)c(Cl)c2Cl)cc(Cl)c1Cl
3582,C-2383,-2.97,C1CC2=CC3=C(C=C4C=CC=CC4=C3)C3=C2C1=CC=C3,0.0,G1,C,,,Uncharged,Non-ionizable,c1ccc2cc3c(cc4c5c(cccc53)CC4)cc2c1
3583,C-2394,-9.64,ClC1=CC=C(OC2=C(Cl)C(Cl)=C(Cl)C(Cl)=C2Cl)C(Cl)=C1,0.0,G1,C,,,Uncharged,Non-ionizable,Clc1ccc(Oc2c(Cl)c(Cl)c(Cl)c(Cl)c2Cl)c(Cl)c1
3584,C-2396,-3.85,O=C1OC(C2=C1C=CC=C2)(C1=CC=CC=C1)C1=CC=CC=C1,0.0,G1,C,,,Uncharged,Non-ionizable,O=C1OC(c2ccccc2)(c2ccccc2)c2ccccc21
3585,C-2400,-7.52,CCCCC1=CC2=CC3=C(C=CC4=C3C=CC=C4)C=C2C=C1,0.0,G1,C,,,Uncharged,Non-ionizable,CCCCc1ccc2cc3ccc4ccccc4c3cc2c1
3586,C-2404,-7.44,CC1=C2C=C(Cl)C=CC2=CC2=C1C=CC1=C2C=CC=C1,0.0,G1,C,,,Uncharged,Non-ionizable,Cc1c2cc(Cl)ccc2cc2c1ccc1ccccc12
3587,C-2413,-3.18,CCOP(=O)(OCC)OC1=CC2=C(C=C1)C(C)=C(Cl)C(=O)O2,0.0,G1,C,,,Uncharged,Non-ionizable,CCOP(=O)(OCC)Oc1ccc2c(C)c(Cl)c(=O)oc2c1
3588,C-2426,-8.57,CCCCCC1=C2C=CC=CC2=CC2=C1C=CC1=C2C=CC=C1,0.0,G1,C,,,Uncharged,Non-ionizable,CCCCCc1c2ccccc2cc2c1ccc1ccccc12
3589,C-2427,-10.1,ClC1=CC(OC2=CC(Cl)=C(Cl)C(Cl)=C2Cl)=C(Cl)C(Cl)=C1Cl,0.015,G3,C,,,Uncharged,Non-ionizable,Clc1cc(Oc2cc(Cl)c(Cl)c(Cl)c2Cl)c(Cl)c(Cl)c1Cl
3590,C-2439,-10.3,ClC1=CC2=C(C3=C(O2)C(Cl)=C(Cl)C(Cl)=C3)C(Cl)=C1Cl,0.015,G3,C,,,Uncharged,Non-ionizable,Clc1cc2c(oc3cc(Cl)c(Cl)c(Cl)c32)c(Cl)c1Cl
3591,C-2445,-3.31,CN1C(=O)N(C)C2=NC3=C(N=C2C1=O)C(=O)N(C)C(=O)N3C,0.0,G1,C,,,Uncharged,Non-ionizable,Cn1c(=O)c2nc3c(=O)n(C)c(=O)n(C)c3nc2n(C)c1=O
3592,C-2449,-5.84,CC1(O)CC(C2=CC=C(Cl)C=C2)C2=C(O1)C1=C(OC2=O)C=CC=C1,0.0,G1,C,,,Uncharged,Non-ionizable,CC1(O)CC(c2ccc(Cl)cc2)c2c(c3ccccc3oc2=O)O1
3593,C-2450,-4.52,CC1=C(C(=NO1)C1=CC=CC=C1)C1=CC=C(C=C1)S(N)(=O)=O,0.0,G1,C,,,Uncharged,Non-ionizable,Cc1onc(-c2ccccc2)c1-c1ccc(S(N)(=O)=O)cc1
3594,C-2475,-2.48,CN1N=C(SC1=NS(=O)(=O)CC1=CC=CC=C1)S(N)(=O)=O,0.0,G1,C,,,Uncharged,Non-ionizable,Cn1nc(S(N)(=O)=O)sc1=NS(=O)(=O)Cc1ccccc1
3595,C-2480,-2.84,CN1N=C(SC1=NS(=O)(=O)C1=CC=C(C)C=C1)S(N)(=O)=O,0.0,G1,C,,,Uncharged,Non-ionizable,Cc1ccc(S(=O)(=O)N=c2sc(S(N)(=O)=O)nn2C)cc1
3596,C-2484,-0.91,OCC1OC2OC3C(CO)OC(OC4C(CO)OC(OC5C(CO)OC(OC6C(CO)OC(OC7C(CO)OC(OC1C(O)C2O)C(O)C7O)C(O)C6O)C(O)C5O)C(O)C4O)C(O)C3O,0.017734293,G3,C,,,Uncharged,Non-ionizable,OCC1OC2OC3C(CO)OC(OC4C(CO)OC(OC5C(CO)OC(OC6C(CO)OC(OC7C(CO)OC(OC1C(O)C2O)C(O)C7O)C(O)C6O)C(O)C5O)C(O)C4O)C(O)C3O
3597,C-2486,-2.03,CN1N=C(SC1=NS(=O)(=O)C1=CC=C(F)C=C1)S(N)(=O)=O,0.0,G1,C,,,Uncharged,Non-ionizable,Cn1nc(S(N)(=O)=O)sc1=NS(=O)(=O)c1ccc(F)cc1
3598,C-2490,-8.11,CC12CCC3C(CCC4=CC(=O)CCC34)C1CCC2(OC(=O)C1=CC=C(C=C1)C1=CC=CC=C1)C#C,0.0,G1,C,,,Uncharged,Non-ionizable,C#CC1(OC(=O)c2ccc(-c3ccccc3)cc2)CCC2C3CCC4=CC(=O)CCC4C3CCC21C
3599,C-2497,-2.44,CN1N=C(SC1=NS(=O)(=O)C1=CC=C(Cl)C=C1)S(N)(=O)=O,0.0,G1,C,,,Uncharged,Non-ionizable,Cn1nc(S(N)(=O)=O)sc1=NS(=O)(=O)c1ccc(Cl)cc1
3600,C-2504,-6.84,CC12CCC3C(CCC4=CC(=O)CCC34)C1CCC2(OC(=O)C1=CC=C(OC2=CC=CC=C2)C=C1)C#C,0.0,G1,C,,,Uncharged,Non-ionizable,C#CC1(OC(=O)c2ccc(Oc3ccccc3)cc2)CCC2C3CCC4=CC(=O)CCC4C3CCC21C
3601,C-2505,-2.76,COC1=CC=C(C=C1)S(=O)(=O)N=C1SC(=NN1C)S(N)(=O)=O,0.0,G1,C,,,Uncharged,Non-ionizable,COc1ccc(S(=O)(=O)N=c2sc(S(N)(=O)=O)nn2C)cc1
3602,C-2516,-3.0,CN1N=C(SC1=NS(=O)(=O)C1=C(C)C=C(C)C=C1C)S(N)(=O)=O,0.0,G1,C,,,Uncharged,Non-ionizable,Cc1cc(C)c(S(=O)(=O)N=c2sc(S(N)(=O)=O)nn2C)c(C)c1
3603,C-2522,-2.51,CN1N=C(SC1=NS(=O)(=O)C1=CC=C(Br)C=C1)S(N)(=O)=O,0.0,G1,C,,,Uncharged,Non-ionizable,Cn1nc(S(N)(=O)=O)sc1=NS(=O)(=O)c1ccc(Br)cc1
3604,C-2543,-2.77,CN1N=C(SC1=NS(=O)(=O)C1=CC=C(I)C=C1)S(N)(=O)=O,0.0,G1,C,,,Uncharged,Non-ionizable,Cn1nc(S(N)(=O)=O)sc1=NS(=O)(=O)c1ccc(I)cc1
3605,C-2557,-1.84,OCC1OC2OC3C(CO)OC(OC4C(CO)OC(OC5C(CO)OC(OC6C(CO)OC(OC7C(CO)OC(OC8C(CO)OC(OC1C(O)C2O)C(O)C8O)C(O)C7O)C(O)C6O)C(O)C5O)C(O)C4O)C(O)C3O,0.029827425,G3,C,,,Uncharged,Non-ionizable,OCC1OC2OC3C(CO)OC(OC4C(CO)OC(OC5C(CO)OC(OC6C(CO)OC(OC7C(CO)OC(OC8C(CO)OC(OC1C(O)C2O)C(O)C8O)C(O)C7O)C(O)C6O)C(O)C5O)C(O)C4O)C(O)C3O
3606,C-2575,-0.75,OCC1OC2OC3C(CO)OC(OC4C(CO)OC(OC5C(CO)OC(OC6C(CO)OC(OC7C(CO)OC(OC8C(CO)OC(OC9C(CO)OC(OC1C(O)C2O)C(O)C9O)C(O)C8O)C(O)C7O)C(O)C6O)C(O)C5O)C(O)C4O)C(O)C3O,0.053734561,G3,C,,,Uncharged,Non-ionizable,OCC1OC2OC3C(CO)OC(OC4C(CO)OC(OC5C(CO)OC(OC6C(CO)OC(OC7C(CO)OC(OC8C(CO)OC(OC9C(CO)OC(OC1C(O)C2O)C(O)C9O)C(O)C8O)C(O)C7O)C(O)C6O)C(O)C5O)C(O)C4O)C(O)C3O
3607,D-11,-6.41,CCCCCCCCCCCC,0.62655,G2,D,,,Uncharged,Non-ionizable,CCCCCCCCCCCC
3608,D-16,-7.456,CCCCCCCCCCCCCC,0.24955,G3,D,,,Uncharged,Non-ionizable,CCCCCCCCCCCCCC
3609,D-91,-1.275,BrC=C,0.0,G1,D,,,Uncharged,Non-ionizable,C=CBr
3610,D-101,-0.858,CCOC=C,0.053941412,G3,D,,,Uncharged,Non-ionizable,C=COCC
3611,D-147,-1.344,COP(=O)(OC)OC=C(Cl)Cl,0.04865,G3,D,,,Uncharged,Non-ionizable,COP(=O)(OC)OC=C(Cl)Cl
3612,D-267,-4.63,CCOP(=S)(OCC)ON=C(C#N)C1=CC=CC=C1,0.11595,G3,D,,,Uncharged,Non-ionizable,CCOP(=S)(OCC)ON=C(C#N)c1ccccc1
3613,D-277,-2.245,CSC1=NN=C(C(=O)N1N)C(C)(C)C,0.0324,G3,D,,,Uncharged,Non-ionizable,CSc1nnc(C(C)(C)C)c(=O)n1N
3614,D-296,-1.993,CCOP(=O)(OCC)SCN1N=NC2=CC=CC=C2C1=O,0.0,G1,D,,,Uncharged,Non-ionizable,CCOP(=O)(OCC)SCn1nnc2ccccc2c1=O
3615,D-303,-3.834,COC(=O)C(C)OC1=CC=C(OC2=CC=C(Cl)C=C2Cl)C=C1,0.849914428,G4,D,,,Uncharged,Non-ionizable,COC(=O)C(C)Oc1ccc(Oc2ccc(Cl)cc2Cl)cc1
3616,D-306,-6.99,CC1(C)C(C=C(Cl)Cl)C1C(=O)OCC1=CC=CC(OC2=CC=CC=C2)=C1,0.4122,G3,D,,,Uncharged,Non-ionizable,CC1(C)C(C=C(Cl)Cl)C1C(=O)OCc1cccc(Oc2ccccc2)c1
3617,D-508,-2.511,FC(F)(F)C1=CC=CC=C1,0.2538,G3,D,,,Uncharged,Non-ionizable,FC(F)(F)c1ccccc1
3618,D-1325,-1.063,CC1=C(O)C(=O)C=CO1,0.0,G1,D,,,Uncharged,Non-ionizable,Cc1occc(=O)c1O
3619,D-1335,-4.402,CC12CCC3C(CCC4CC(O)CCC34C)C1CCC2=O,0.00905,G3,D,,,Uncharged,Non-ionizable,CC12CCC3C(CCC4CC(O)CCC43C)C1CCC2=O
3620,D-1336,-4.122,CC12CCC3C(CC=C4CC(O)CCC34C)C1CCC2=O,0.24456433,G5,D,,,Uncharged,Non-ionizable,CC12CCC3C(CC=C4CC(O)CCC43C)C1CCC2=O
3621,D-1341,-0.489,OCC(O)C=O,0.0,G1,D,,,Uncharged,Non-ionizable,O=CC(O)CO
3622,D-1355,0.402,CCOS(C)(=O)=O,0.0,G1,D,,,Uncharged,Non-ionizable,CCOS(C)(=O)=O
3623,D-1365,-1.36,ClC=C,0.369665017,G5,D,,,Uncharged,Non-ionizable,C=CCl
3624,D-1366,-0.276,FC=C,0.138291667,G3,D,,,Uncharged,Non-ionizable,C=CF
3625,D-1378,-3.411,FC(F)(F)C(F)(F)Cl,0.0072,G3,D,,,Uncharged,Non-ionizable,FC(F)(F)C(F)(F)Cl
3626,D-1379,-4.518,FC(F)(F)C(F)(F)C(F)(F)F,0.0,G1,D,,,Uncharged,Non-ionizable,FC(F)(F)C(F)(F)C(F)(F)F
3627,D-1392,-2.432,CC(C)CBr,0.0,G1,D,,,Uncharged,Non-ionizable,CC(C)CBr
3628,D-1393,-3.163,CCC(C)C,0.007907229,G3,D,,,Uncharged,Non-ionizable,CCC(C)C
3629,D-1405,-1.634,CC(C)(O)C1CCC(C)(O)CC1,0.411081187,G5,D,,,Uncharged,Non-ionizable,CC1(O)CCC(C(C)(C)O)CC1
3630,D-1428,-0.1,OC1C(O)C(O)C(O)C(O)C1O,0.674166316,G4,D,,,Uncharged,Non-ionizable,OC1C(O)C(O)C(O)C(O)C1O
3631,D-1450,-2.374,ClCC(Br)CBr,0.0452,G3,D,,,Uncharged,Non-ionizable,ClCC(Br)CBr
3632,D-1451,-0.115,OC(CCl)CCl,0.0,G1,D,,,Uncharged,Non-ionizable,OC(CCl)CCl
3633,D-1458,-3.567,ClC(Cl)(Cl)C1=CC=CC=C1,0.0,G1,D,,,Uncharged,Non-ionizable,ClC(Cl)(Cl)c1ccccc1
3634,D-1473,-3.695,C(OCC1=CC=CC=C1)C1=CC=CC=C1,0.013581772,G3,D,,,Uncharged,Non-ionizable,c1ccc(COCc2ccccc2)cc1
3635,D-1486,-1.905,CCCOC(=O)CCC,0.076847613,G5,D,,,Uncharged,Non-ionizable,CCCOC(=O)CCC
3636,D-1502,-3.74,CCCC(C)C,0.02465,G3,D,,,Uncharged,Non-ionizable,CCCC(C)C
3637,D-1513,-2.159,CC(C)CC(O)CC(C)C,0.1759,G3,D,,,Uncharged,Non-ionizable,CC(C)CC(O)CC(C)C
3638,D-1519,-0.294,NC(=S)NCC=C,0.0,G1,D,,,Uncharged,Non-ionizable,C=CCNC(N)=S
3639,D-1523,-1.261,C=COC=C,0.15065,G3,D,,,Uncharged,Non-ionizable,C=COC=C
3640,D-1545,-1.927,CCS(=O)(=O)C(C)(C)S(=O)(=O)CC,0.0,G1,D,,,Uncharged,Non-ionizable,CCS(=O)(=O)C(C)(C)S(=O)(=O)CC
3641,D-1546,-3.638,FC1(F)C(F)(F)C(F)(F)C1(F)F,0.1448,G3,D,,,Uncharged,Non-ionizable,FC1(F)C(F)(F)C(F)(F)C1(F)F
3642,D-1573,-1.901,FC(Br)C(F)(F)F,0.0,G1,D,,,Uncharged,Non-ionizable,FC(Br)C(F)(F)F
3643,D-1603,-4.652,CC(=O)C1CCC2C3CC=C4CC(O)CCC4(C)C3CCC12C,0.0,G1,D,,,Uncharged,Non-ionizable,CC(=O)C1CCC2C3CC=C4CC(O)CCC4(C)C3CCC12C
3644,D-1625,-2.0,FC1=CC=CC=C1F,0.4998,G3,D,,,Uncharged,Non-ionizable,Fc1ccccc1F
3645,D-1627,-1.478,FC(F)(F)COC=C,0.0,G1,D,,,Uncharged,Non-ionizable,C=COCC(F)(F)F
3646,D-1635,-3.955,CC1OC(OC2CCC3(C)C4CCC5(C)C(CCC5(O)C4CCC3=C2)C2=COC(=O)C=C2)C(O)C(O)C1O,0.0,G1,D,,,Uncharged,Non-ionizable,CC1OC(OC2C=C3CCC4C(CCC5(C)C(c6ccc(=O)oc6)CCC45O)C3(C)CC2)C(O)C(O)C1O
3647,D-1673,-1.507,CC(C)(C)Cl,0.0,G1,D,,,Uncharged,Non-ionizable,CC(C)(C)Cl
3648,D-1675,-4.512,CCOC(=O)C(O)(C1=CC=C(Cl)C=C1)C1=CC=C(Cl)C=C1,0.0569,G3,D,,,Uncharged,Non-ionizable,CCOC(=O)C(O)(c1ccc(Cl)cc1)c1ccc(Cl)cc1
3649,D-1678,-2.0,CC(C)CCl,0.0,G1,D,,,Uncharged,Non-ionizable,CC(C)CCl
3650,D-1688,-1.226,CC(=O)C1=C(O)C=C(C)OC1=O,0.650360851,G2,D,,,Uncharged,Non-ionizable,CC(=O)c1c(O)cc(C)oc1=O
3651,D-1689,-1.784,COC1=C(C#N)C(=O)N(C)C=C1,0.0,G1,D,,,Uncharged,Non-ionizable,COc1ccn(C)c(=O)c1C#N
3652,D-1691,-0.517,OCC(O)C(O)C(O)C(O)C(O)CO,0.0,G1,D,,,Uncharged,Non-ionizable,OCC(O)C(O)C(O)C(O)C(O)CO
3653,D-1697,-1.174,CC(=O)C1=CC=C(OC2OC(CO)C(O)C(O)C2O)C=C1,0.0,G1,D,,,Uncharged,Non-ionizable,CC(=O)c1ccc(OC2OC(CO)C(O)C(O)C2O)cc1
3654,D-1712,-2.467,CCCCCOC(=O)CCC,0.4771,G3,D,,,Uncharged,Non-ionizable,CCCCCOC(=O)CCC
3655,D-1724,-0.265,COC(=O)C1=COC(OC2OC(CO)C(O)C(O)C2O)C2C(C)CC(=O)C12,0.0,G1,D,,,Uncharged,Non-ionizable,COC(=O)C1=COC(OC2OC(CO)C(O)C(O)C2O)C2C(C)CC(=O)C12
3656,D-1756,-3.504,CCCOC(=O)CN1C=C(I)C(=O)C(I)=C1,0.0,G1,D,,,Uncharged,Non-ionizable,CCCOC(=O)Cn1cc(I)c(=O)c(I)c1
3657,D-1761,-4.452,BrC1=CC=C(I)C=C1,0.05405,G3,D,,,Uncharged,Non-ionizable,Brc1ccc(I)cc1
3658,D-1767,-0.293,CC1=CCC(=O)O1,0.0,G1,D,,,Uncharged,Non-ionizable,CC1=CCC(=O)O1
3659,D-1774,-0.411,CC(C)C(C)(C)O,0.0201,G3,D,,,Uncharged,Non-ionizable,CC(C)C(C)(C)O
3660,D-1775,-0.723,CC(C)(C)C(C)(C)O,0.0,G1,D,,,Uncharged,Non-ionizable,CC(C)(C)C(C)(C)O
3661,D-1776,-5.284,CC(=O)OC1(CCC2C3C=C(C)C4=CC(=O)CCC4(C)C3CCC12C)C(C)=O,0.0,G1,D,,,Uncharged,Non-ionizable,CC(=O)OC1(C(C)=O)CCC2C3C=C(C)C4=CC(=O)CCC4(C)C3CCC21C
3662,D-1782,-1.001,CCCC(C)(O)CC,0.00565,G3,D,,,Uncharged,Non-ionizable,CCCC(C)(O)CC
3663,D-1791,-1.481,O=C1C=CNC2=CC=CC=C12,0.0575,G3,D,,,Uncharged,Non-ionizable,O=c1cc[nH]c2ccccc12
3664,D-1795,-4.217,IC1=CC=CC=C1I,0.01145,G3,D,,,Uncharged,Non-ionizable,Ic1ccccc1I
3665,D-1807,-2.49,CCCCC(O)CCCC,0.0,G1,D,,,Uncharged,Non-ionizable,CCCCC(O)CCCC
3666,D-1816,-2.63,CCCC(C)Cl,0.13485,G3,D,,,Uncharged,Non-ionizable,CCCC(C)Cl
3667,D-1821,-4.518,IC1=CC(I)=CC=C1,0.026,G3,D,,,Uncharged,Non-ionizable,Ic1cccc(I)c1
3668,D-1834,-2.744,CCCCCCCC(C)O,0.0,G1,D,,,Uncharged,Non-ionizable,CCCCCCCC(C)O
3669,D-1848,-3.203,ClC1=CC=CC=C1Br,0.204422765,G5,D,,,Uncharged,Non-ionizable,Clc1ccccc1Br
3670,D-1894,-5.298,CC(C)C1=CC2=CC=CC=C2C=C1,0.0,G1,D,,,Uncharged,Non-ionizable,CC(C)c1ccc2ccccc2c1
3671,D-1905,-5.407,CC12CCC3C(CCC4CC5SC5CC34C)C1CCC2O,0.0,G1,D,,,Uncharged,Non-ionizable,CC12CCC3C(CCC4CC5SC5CC43C)C1CCC2O
3672,D-1910,-1.747,C#CCCCC#C,0.0,G1,D,,,Uncharged,Non-ionizable,C#CCCCC#C
3673,D-1912,-2.487,CC(C)CCCCCCO,1.258323463,G4,D,,,Uncharged,Non-ionizable,CC(C)CCCCCCO
3674,D-1917,-1.19,CC(=C)C1C2OC(=O)C1C1(O)C3OC3C3(CO3)C1(C)C2O,0.0,G1,D,,,Uncharged,Non-ionizable,C=C(C)C1C2OC(=O)C1C1(O)C3OC3C3(CO3)C1(C)C2O
3675,D-1930,-4.094,CCCCCCCC#C,0.07325,G3,D,,,Uncharged,Non-ionizable,C#CCCCCCCC
3676,D-1932,-1.42,CC(=C)C1(O)C2OC(=O)C1C1(O)C3OC3C3(CO3)C1(C)C2O,0.0,G1,D,,,Uncharged,Non-ionizable,C=C(C)C1(O)C2OC(=O)C1C1(O)C3OC3C3(CO3)C1(C)C2O
3677,D-1964,-2.591,CCCCCC(O)CCC,0.0,G1,D,,,Uncharged,Non-ionizable,CCCCCC(O)CCC
3678,D-1995,-2.419,CCCC(CC)(CC)CO,0.0,G1,D,,,Uncharged,Non-ionizable,CCCC(CC)(CC)CO
3679,D-2004,-1.843,OCC(O)C1OC2OC(OC2C1O)C(Cl)(Cl)Cl,0.0,G1,D,,,Uncharged,Non-ionizable,OCC(O)C1OC2OC(C(Cl)(Cl)Cl)OC2C1O
3680,D-2011,-4.933,CC(C)OC(=O)C(O)(C1=CC=C(Br)C=C1)C1=CC=C(Br)C=C1,0.8493,G2,D,,,Uncharged,Non-ionizable,CC(C)OC(=O)C(O)(c1ccc(Br)cc1)c1ccc(Br)cc1
3681,D-2037,-1.614,CC(Cl)=CCl,0.0,G1,D,,,Uncharged,Non-ionizable,CC(Cl)=CCl
3682,D-2066,-1.202,COC(=O)C1C2CC(C=C2)C1C(=O)OC,0.0,G1,D,,,Uncharged,Non-ionizable,COC(=O)C1C2C=CC(C2)C1C(=O)OC
3683,D-2069,-5.693,CCOC(=O)C=C(C)C=CCC(C)CCCC(C)C,0.2842,G3,D,,,Uncharged,Non-ionizable,CCOC(=O)C=C(C)C=CCC(C)CCCC(C)C
3684,D-2100,-5.674,CCOC(=O)C(C)OC1=CC=CC(OC2=NC3=CC=C(Cl)C=C3S2)=C1,0.0,G1,D,,,Uncharged,Non-ionizable,CCOC(=O)C(C)Oc1cccc(Oc2nc3ccc(Cl)cc3s2)c1
3685,E-2,-2.64,C1CCCC1,0.006405101,G3,E,,,Uncharged,Non-ionizable,C1CCCC1
3686,E-5,-3.55,CCC(C)(C)C,0.0603,G3,E,,,Uncharged,Non-ionizable,CCC(C)(C)C
3687,E-6,-3.1,C1CCCCC1,0.073812844,G5,E,,,Uncharged,Non-ionizable,C1CCCCC1
3688,E-13,-2.54,CCC=CC,0.0,G1,E,,,Uncharged,Non-ionizable,CC=CCC
3689,E-17,-3.82,CCCCC=CC,0.0,G1,E,,,Uncharged,Non-ionizable,CC=CCCCC
3690,E-27,-2.36,CCCCC#C,0.0,G1,E,,,Uncharged,Non-ionizable,C#CCCCC
3691,E-36,-3.31,CC1=CC=C(C)C(C)=C1,0.006625147,G3,E,,,Uncharged,Non-ionizable,Cc1ccc(C)c(C)c1
3692,E-42,-3.75,CCC1=CC=C(CC)C=C1,0.073698045,G5,E,,,Uncharged,Non-ionizable,CCc1ccc(CC)cc1
3693,E-43,-3.77,CC(C)C1=CC=C(C)C=C1,0.0057,G3,E,,,Uncharged,Non-ionizable,Cc1ccc(C(C)C)cc1
3694,E-51,-4.17,C(C1=CC=CC=C1)C1=CC=CC=C1,0.04665,G3,E,,,Uncharged,Non-ionizable,c1ccc(Cc2ccccc2)cc1
3695,E-52,-4.91,C1C2=CC=CC=C2C2=CC=CC=C12,0.176754936,G5,E,,,Uncharged,Non-ionizable,c1ccc2c(c1)Cc1ccccc1-2
3696,E-58,-4.74,CC1=CC=CC2=C(C)C=CC=C12,0.033176297,G5,E,,,Uncharged,Non-ionizable,Cc1cccc2c(C)cccc12
3697,E-59,-4.72,CC1=CC2=CC=CC=C2C=C1C,0.08745,G3,E,,,Uncharged,Non-ionizable,Cc1cc2ccccc2cc1C
3698,E-63,-4.63,C1CC2=C3C1=CC=CC3=CC=C2,0.053029012,G5,E,,,Uncharged,Non-ionizable,c1cc2c3c(cccc3c1)CC2
3699,E-66,-5.89,CC1=C2C=CC=CC2=CC2=CC=CC=C12,0.0114,G3,E,,,Uncharged,Non-ionizable,Cc1c2ccccc2cc2ccccc12
3700,E-89,-0.63,ClCCl,0.089251267,G3,E,,,Uncharged,Non-ionizable,ClCCl
3701,E-92,-1.54,ClC(Cl)Br,0.09635,G3,E,,,Uncharged,Non-ionizable,ClC(Cl)Br
3702,E-93,-1.9,ClC(Br)Br,0.013026383,G5,E,,,Uncharged,Non-ionizable,ClC(Br)Br
3703,E-100,-1.68,BrCCBr,0.0121,G3,E,,,Uncharged,Non-ionizable,BrCCBr
3704,E-110,-2.29,CCCI,0.0,G1,E,,,Uncharged,Non-ionizable,CCCI
3705,E-117,-2.03,CCCCCl,0.448714863,G5,E,,,Uncharged,Non-ionizable,CCCCCl
3706,E-127,-2.69,CC(Cl)C(C)(C)Cl,0.0,G1,E,,,Uncharged,Non-ionizable,CC(Cl)C(C)(C)Cl
3707,E-138,-1.3,ClC=CCl,0.0,G1,E,,,Uncharged,Non-ionizable,ClC=CCl
3708,E-139,-3.22,IC=CI,0.0,G1,E,,,Uncharged,Non-ionizable,IC=CI
3709,E-140,-1.96,ClC=C(Cl)Cl,0.063496171,G5,E,,,Uncharged,Non-ionizable,ClC=C(Cl)Cl
3710,E-148,-4.23,ClC(Cl)=CC(Cl)=C(Cl)Cl,0.0,G1,E,,,Uncharged,Non-ionizable,ClC(Cl)=CC(Cl)=C(Cl)Cl
3711,E-176,-4.88,ClC1=CC=CC(=C1)C1=CC=CC=C1,0.0821,G3,E,,,Uncharged,Non-ionizable,Clc1cccc(-c2ccccc2)c1
3712,E-182,-5.21,ClC1=CC=CC(Cl)=C1C1=CC=CC=C1,0.12175,G3,E,,,Uncharged,Non-ionizable,Clc1cccc(Cl)c1-c1ccccc1
3713,E-183,-6.27,ClC1=CC(Cl)=C(C=C1Cl)C1=CC=CC=C1,0.1057436,G5,E,,,Uncharged,Non-ionizable,Clc1cc(Cl)c(-c2ccccc2)cc1Cl
3714,E-203,-8.56,ClC1=CC(Cl)=C(C=C1Cl)C1=CC(Cl)=C(Cl)C=C1Cl,0.02039695,G5,E,,,Uncharged,Non-ionizable,Clc1cc(Cl)c(-c2cc(Cl)c(Cl)cc2Cl)cc1Cl
3715,E-208,-8.71,ClC1=CC(Cl)=C(C(Cl)=C1)C1=CC(Cl)=CC(Cl)=C1Cl,0.0,G1,E,,,Uncharged,Non-ionizable,Clc1cc(Cl)c(-c2cc(Cl)cc(Cl)c2Cl)c(Cl)c1
3716,E-225,0.04,CC(C)CO,0.047572864,G5,E,,,Uncharged,Non-ionizable,CC(C)CO
3717,E-238,-1.11,CCCC(C)CO,0.0606,G3,E,,,Uncharged,Non-ionizable,CCCC(C)CO
3718,E-239,-1.04,CCC(C)(C)CO,0.0443,G3,E,,,Uncharged,Non-ionizable,CCC(C)(C)CO
3719,E-241,-1.17,CCC(CC)CO,0.11865,G3,E,,,Uncharged,Non-ionizable,CCC(CC)CO
3720,E-256,-0.89,CCC(C)C(C)(C)O,0.016045006,G5,E,,,Uncharged,Non-ionizable,CCC(C)C(C)(C)O
3721,E-258,-0.85,CCC(O)(CC)CC,0.00505,G3,E,,,Uncharged,Non-ionizable,CCC(O)(CC)CC
3722,E-290,0.58,CCC=O,0.070847409,G3,E,,,Uncharged,Non-ionizable,CCC=O
3723,E-291,-0.85,CCCCC=O,0.086732188,G5,E,,,Uncharged,Non-ionizable,CCCCC=O
3724,E-292,-1.3,CCCCCC=O,0.0253,G3,E,,,Uncharged,Non-ionizable,CCCCCC=O
3725,E-296,0.32,CC=CC=O,0.0,G1,E,,,Uncharged,Non-ionizable,CC=CC=O
3726,E-299,0.52,CCC(C)=O,0.087876046,G5,E,,,Uncharged,Non-ionizable,CCC(C)=O
3727,E-300,-0.19,CCCC(C)=O,0.09286591,G5,E,,,Uncharged,Non-ionizable,CCCC(C)=O
3728,E-301,-0.8,CCCCC(C)=O,0.02115,G3,E,,,Uncharged,Non-ionizable,CCCCC(C)=O
3729,E-307,-0.83,CCCC(=O)C=C,0.0,G1,E,,,Uncharged,Non-ionizable,C=CC(=O)CCC
3730,E-347,-0.49,CCCOC=O,0.0563,G3,E,,,Uncharged,Non-ionizable,CCCOC=O
3731,E-349,-0.72,CCCOC(C)=O,0.013663893,G5,E,,,Uncharged,Non-ionizable,CCCOC(C)=O
3732,E-356,-0.82,CCOC(=O)CC(=O)OCC,0.00955,G3,E,,,Uncharged,Non-ionizable,CCOC(=O)CC(=O)OCC
3733,E-367,-0.22,COC(=O)C=C,0.035849391,G5,E,,,Uncharged,Non-ionizable,C=CC(=O)OC
3734,E-368,-0.74,CCOC(=O)C=C,0.052044736,G5,E,,,Uncharged,Non-ionizable,C=CC(=O)OCC
3735,E-369,-0.8,COC(=O)C(C)=C,0.041336193,G5,E,,,Uncharged,Non-ionizable,C=C(C)C(=O)OC
3736,E-373,-2.35,CCOC(=O)C1=CC=CC=C1C(=O)OCC,0.030660629,G5,E,,,Uncharged,Non-ionizable,CCOC(=O)c1ccccc1C(=O)OCC
3737,E-376,-5.64,CCCCOC(=O)C1=CC=CC=C1C(=O)OCC1=CC=CC=C1,0.300443908,G5,E,,,Uncharged,Non-ionizable,CCCCOC(=O)c1ccccc1C(=O)OCc1ccccc1
3738,E-386,-0.77,CCOCCOCC,0.3101,G3,E,,,Uncharged,Non-ionizable,CCOCCOCC
3739,E-390,-3.96,O(C1=CC=CC=C1)C1=CC=CC=C1,0.026678697,G5,E,,,Uncharged,Non-ionizable,c1ccc(Oc2ccccc2)cc1
3740,E-392,-4.85,CC1=CC(OC2=CC(C)=CC=C2)=CC=C1,0.0,G1,E,,,Uncharged,Non-ionizable,Cc1cccc(Oc2cccc(C)c2)c1
3741,E-394,0.56,C1CCOC1,0.292257117,G5,E,,,Uncharged,Non-ionizable,C1CCOC1
3742,E-396,-0.82,O1C=CC=C1,0.006493825,G3,E,,,Uncharged,Non-ionizable,c1ccoc1
3743,E-400,0.64,OCC1(O)OCC(O)C(O)C1O,0.325,G3,E,,,Uncharged,Non-ionizable,OCC1(O)OCC(O)C(O)C1O
3744,E-405,-4.28,CC(=O)SC1CC2=CC(=O)CCC2(C)C2CCC3(C)C(CCC33CCC(=O)O3)C12,0.055,G3,E,,,Uncharged,Non-ionizable,CC(=O)SC1CC2=CC(=O)CCC2(C)C2CCC3(C)C(CCC34CCC(=O)O4)C12
3745,E-411,-4.71,CC(=O)C1(O)CCC2C3CCC4=CC(=O)CCC4(C)C3CCC12C,0.428210488,G5,E,,,Uncharged,Non-ionizable,CC(=O)C1(O)CCC2C3CCC4=CC(=O)CCC4(C)C3CCC21C
3746,E-414,-3.77,CC1CC2C3CCC4=CC(=O)C=CC4(C)C3(F)C(O)CC2(C)C1(O)C(=O)CO,0.105475116,G5,E,,,Uncharged,Non-ionizable,CC1CC2C3CCC4=CC(=O)C=CC4(C)C3(F)C(O)CC2(C)C1(O)C(=O)CO
3747,E-436,-1.12,ClCCOCCCl,0.092358614,G5,E,,,Uncharged,Non-ionizable,ClCCOCCCl
3748,E-562,-1.48,O=C1NC=CC(=O)N1,0.00665,G3,E,,,Uncharged,Non-ionizable,O=c1cc[nH]c(=O)[nH]1
3749,E-602,-0.8,CCCN(=O)=O,0.01315,G3,E,,,PureChargeSeparation,Non-ionizable,CCC[N+](=O)[O-]
3750,E-603,-1.8,O=N(=O)C1=CC=CC=C1,0.02175641,G5,E,,,PureChargeSeparation,Non-ionizable,O=[N+]([O-])c1ccccc1
3751,E-660,-5.14,CCCCSP(=O)(SCCCC)SCCCC,0.24715,G3,E,,,Uncharged,Non-ionizable,CCCCSP(=O)(SCCCC)SCCCC
3752,E-671,-0.29,ClCCC#N,0.0,G1,E,,,Uncharged,Non-ionizable,N#CCCCl
3753,E-672,-0.96,CC=CCC#N,0.0,G1,E,,,Uncharged,Non-ionizable,CC=CCC#N
3754,E-689,-4.79,CC(=O)OC1(CCC2C3CCC4=CC(=O)CCC4C3CCC12C)C#C,0.04,G3,E,,,Uncharged,Non-ionizable,C#CC1(OC(C)=O)CCC2C3CCC4=CC(=O)CCC4C3CCC21C
3755,E-709,-3.0,CCOC(=O)C=CC1=CC=CC=C1,0.0,G1,E,,,Uncharged,Non-ionizable,CCOC(=O)C=Cc1ccccc1
3756,E-731,-5.35,CC(=O)OC1(CCC2C3C=C(C)C4=CC(=O)CCC4(C)C3CCC12C)C(C)=O,0.03,G3,E,,,Uncharged,Non-ionizable,CC(=O)OC1(C(C)=O)CCC2C3C=C(C)C4=CC(=O)CCC4(C)C3CCC21C
3757,E-749,-1.5,ClCCS(=O)(=O)CCl,0.0,G1,E,,,Uncharged,Non-ionizable,O=S(=O)(CCl)CCCl
3758,E-764,-4.98,ClC1=CC(Cl)=C(Cl)C2=NSN=C12,0.0,G1,E,,,Uncharged,Non-ionizable,Clc1cc(Cl)c2nsnc2c1Cl
3759,E-765,-0.87,ClC1=NC2=CN=CN=C2N=C1,0.12735,G3,E,,,Uncharged,Non-ionizable,Clc1cnc2ncncc2n1
3760,E-768,-2.71,S=C1NC2=CN=CN=C2N=C1,0.0,G1,E,,,Uncharged,Non-ionizable,S=c1cnc2ncncc2[nH]1
3761,E-773,-0.83,C=CCSS(=O)CC=C,0.0,G1,E,,,Uncharged,Non-ionizable,C=CCS[S+]([O-])CC=C
3762,E-777,-1.47,CCCCCOC(N)=O,0.0,G1,E,,,Uncharged,Non-ionizable,CCCCCOC(N)=O
3763,E-778,-0.8,CC(C)(C)COC(N)=O,0.0,G1,E,,,Uncharged,Non-ionizable,CC(C)(C)COC(N)=O
3764,E-779,1.09,OCC(O)C(O)C(O)C(O)CO,0.534524861,G4,E,,,Uncharged,Non-ionizable,OCC(O)C(O)C(O)C(O)CO
3765,E-786,0.06,CC1=NC2=CN=CN=C2N=C1,0.0,G1,E,,,Uncharged,Non-ionizable,Cc1cnc2ncncc2n1
3766,E-789,-1.76,CSC1=NC=NC2=NC=CN=C12,0.3025,G3,E,,,Uncharged,Non-ionizable,CSc1ncnc2nccnc12
3767,E-797,-0.94,CC1CCCCC1=O,0.0,G1,E,,,Uncharged,Non-ionizable,CC1CCCCC1=O
3768,E-798,-1.92,CCCCCCOC(N)=O,0.0,G1,E,,,Uncharged,Non-ionizable,CCCCCCOC(N)=O
3769,E-806,-1.67,CC(=O)OC1CCCCC1,0.0,G1,E,,,Uncharged,Non-ionizable,CC(=O)OC1CCCCC1
3770,E-817,-1.84,OCC(O)C1OC2OC(OC2C1O)C(Cl)(Cl)Cl,0.0,G1,E,,,Uncharged,Non-ionizable,OCC(O)C1OC2OC(C(Cl)(Cl)Cl)OC2C1O
3771,E-819,-3.39,CCN(CC)C(=S)SCC(Cl)=C,0.0201,G3,E,,,Uncharged,Non-ionizable,C=C(Cl)CSC(=S)N(CC)CC
3772,E-829,-2.62,CCCCCCCOC(N)=O,0.0,G1,E,,,Uncharged,Non-ionizable,CCCCCCCOC(N)=O
3773,E-831,-2.82,CN1C(=O)ON(C1=O)C1=CC=C(Cl)C(Cl)=C1,1.246155732,G4,E,,,Uncharged,Non-ionizable,Cn1c(=O)on(-c2ccc(Cl)c(Cl)c2)c1=O
3774,E-847,-3.3,CCCCCCCCOC(N)=O,0.0,G1,E,,,Uncharged,Non-ionizable,CCCCCCCCOC(N)=O
3775,E-848,-5.64,ClC1=C(Cl)C2(Cl)C3C=CCC3C1(Cl)C2(Cl)Cl,0.125,G3,E,,,Uncharged,Non-ionizable,ClC1=C(Cl)C2(Cl)C3CC=CC3C1(Cl)C2(Cl)Cl
3776,E-849,-5.46,OC1C=CC2C1C1(Cl)C(Cl)=C(Cl)C2(Cl)C1(Cl)Cl,0.0,G1,E,,,Uncharged,Non-ionizable,OC1C=CC2C1C1(Cl)C(Cl)=C(Cl)C2(Cl)C1(Cl)Cl
3777,E-863,-3.13,COC1=CC=C(C=CC)C=C1,0.0,G1,E,,,Uncharged,Non-ionizable,CC=Cc1ccc(OC)cc1
3778,E-866,-0.17,CN1C2=C(N(CC(O)CO)C=N2)C(=O)N(C)C1=O,0.1436,G3,E,,,Uncharged,Non-ionizable,Cn1c(=O)c2c(ncn2CC(O)CO)n(C)c1=O
3779,E-870,-2.06,CC(C)=CCCC(C)=CC=O,0.0,G1,E,,,Uncharged,Non-ionizable,CC(C)=CCCC(C)=CC=O
3780,E-871,-2.18,CC1CCC(CC1=O)C(C)=C,0.0,G1,E,,,Uncharged,Non-ionizable,C=C(C)C1CCC(C)C(=O)C1
3781,E-892,-2.3,CCOP(=S)(OCC)OC1=CC=C(C=C1)S(C)=O,0.056,G3,E,,,Uncharged,Non-ionizable,CCOP(=S)(OCC)Oc1ccc([S+](C)[O-])cc1
3782,E-919,-4.47,CC(=O)OC1=C(C=C(C(C)=C1N(=O)=O)N(=O)=O)C(C)(C)C,0.0,G1,E,,,PureChargeSeparation,Non-ionizable,CC(=O)Oc1c(C(C)(C)C)cc([N+](=O)[O-])c(C)c1[N+](=O)[O-]
3783,E-923,-4.69,CCCCCCCCCCCC(=O)OC,0.124342145,G3,E,,,Uncharged,Non-ionizable,CCCCCCCCCCCC(=O)OC
3784,E-927,-4.61,O=C1N=C(OC2=CC=CC=C12)C1=CC=CC=C1,0.0,G1,E,,,Uncharged,Non-ionizable,O=c1nc(-c2ccccc2)oc2ccccc12
3785,E-937,-2.52,OC(CC1=CC=CC=C1)C1=CC=CC=C1,0.0,G1,E,,,Uncharged,Non-ionizable,OC(Cc1ccccc1)c1ccccc1
3786,E-955,-3.09,CC1C2CCC3(C)C=CC(=O)C(C)=C3C2OC1=O,0.0,G1,E,,,Uncharged,Non-ionizable,CC1=C2C3OC(=O)C(C)C3CCC2(C)C=CC1=O
3787,E-980,-5.59,C1CCC(CC1)[Sn](C1CCCCC1)C1CCCCC1,0.0,G1,E,,,Uncharged,Non-ionizable,C1CC[CH]([Sn]([CH]2CCCCC2)[CH]2CCCCC2)CC1
3788,E-990,-6.7,CC12CCC3C(CCC4CCCCC34C)C1CCC2=O,0.0,G1,E,,,Uncharged,Non-ionizable,CC12CCC3C(CCC4CCCCC43C)C1CCC2=O
3789,E-991,-4.4,CC12CCC3C(CCC4CC(O)CCC34C)C1CCC2=O,0.12,G3,E,,,Uncharged,Non-ionizable,CC12CCC3C(CCC4CC(O)CCC43C)C1CCC2=O
3790,E-993,-5.19,COC(C)(C)CCCC(C)CC=CC(C)=CC(=O)OC(C)C,0.0,G1,E,,,Uncharged,Non-ionizable,COC(C)(C)CCCC(C)CC=CC(C)=CC(=O)OC(C)C
3791,E-999,-6.29,CC1(C)C(C=C(Cl)Cl)C1C(=O)OCC1=CC=CC(OC2=CC=CC=C2)=C1,0.76,G2,E,,,Uncharged,Non-ionizable,CC1(C)C(C=C(Cl)Cl)C1C(=O)OCc1cccc(Oc2ccccc2)c1
3792,E-1002,-3.85,CC12CCC(=O)C=C1CCC1C3CCC(C(=O)CO)C33CC(OC3O)C21,0.0,G1,E,,,Uncharged,Non-ionizable,CC12CCC(=O)C=C1CCC1C2C2CC3(C(O)O2)C(C(=O)CO)CCC13
3793,E-1005,-4.65,CC(=O)C1CCC2C3CC=C4CC(O)CCC4(C)C3CCC12C,0.0,G1,E,,,Uncharged,Non-ionizable,CC(=O)C1CCC2C3CC=C4CC(O)CCC4(C)C3CCC12C
3794,E-1011,-5.24,CC(C)=CC1C(C(=O)OCC2=CC=CC(OC3=CC=CC=C3)=C2)C1(C)C,1.15895,G2,E,,,Uncharged,Non-ionizable,CC(C)=CC1C(C(=O)OCc2cccc(Oc3ccccc3)c2)C1(C)C
3795,E-1026,-2.77,CCC1=CC=CC=C1,0.030126058,G5,E,,,Uncharged,Non-ionizable,CCc1ccccc1
3796,E-1036,-8.6,C1=CC2=CC3=CC4=CC=CC=C4C=C3C=C2C=C1,0.22249357,G5,E,,,Uncharged,Non-ionizable,c1ccc2cc3cc4ccccc4cc3cc2c1
3797,E-1038,-2.68,C1=CC2=C(C=C1)C1=C(C=C2)N=CC=N1,0.0,G1,E,,,Uncharged,Non-ionizable,c1ccc2c(c1)ccc1nccnc12
3798,E-1042,-2.31,ClC(Cl)(Cl)Cl,0.042216288,G5,E,,,Uncharged,Non-ionizable,ClC(Cl)(Cl)Cl
3799,E-1053,-1.32,BrC=CBr,0.0,G1,E,,,Uncharged,Non-ionizable,BrC=CBr
3800,E-1060,-5.65,ClC1=CC(Cl)=C(Cl)C(Cl)=C1Cl,0.225823043,G5,E,,,Uncharged,Non-ionizable,Clc1cc(Cl)c(Cl)c(Cl)c1Cl
3801,E-1062,-5.2,ClC1=CC=C(C=C1)C1=CC=CC=C1,0.030073835,G5,E,,,Uncharged,Non-ionizable,Clc1ccc(-c2ccccc2)cc1
3802,E-1064,-6.02,ClC1=CC=C(Cl)C(=C1)C1=CC=CC=C1Cl,0.1056,G3,E,,,Uncharged,Non-ionizable,Clc1ccc(Cl)c(-c2ccccc2Cl)c1
3803,E-1067,-6.8,ClC1=CC=C(Cl)C(=C1)C1=C(Cl)C=CC=C1Cl,0.00605,G3,E,,,Uncharged,Non-ionizable,Clc1ccc(Cl)c(-c2c(Cl)cccc2Cl)c1
3804,E-1077,-0.39,CC(C)C(C)CO,0.01005,G3,E,,,Uncharged,Non-ionizable,CC(C)C(C)CO
3805,E-1106,-0.66,CCOC(=O)CC,0.035206244,G3,E,,,Uncharged,Non-ionizable,CCOC(=O)CC
3806,E-1116,-1.85,COC1=CC=CC=C1,0.09246691,G5,E,,,Uncharged,Non-ionizable,COc1ccccc1
3807,E-1118,-0.42,CCCCOCCO,0.67375,G2,E,,,Uncharged,Non-ionizable,CCCCOCCO
3808,E-1121,-3.75,CC12CCC3C(CCC4=CC(=O)CCC34C)C1CCC2C(=O)CO,0.15,G3,E,,,Uncharged,Non-ionizable,CC12CCC(=O)C=C1CCC1C2CCC2(C)C(C(=O)CO)CCC12
3809,E-1122,-3.43,CC12CC(O)C3(F)C(CCC4=CC(=O)CCC34C)C1CCC2(O)C(=O)CO,0.941523588,G4,E,,,Uncharged,Non-ionizable,CC12CCC(=O)C=C1CCC1C3CCC(O)(C(=O)CO)C3(C)CC(O)C12F
3810,E-1183,-4.04,COP(=S)(OC)OC1=CC=C(C(C)=C1)N(=O)=O,0.179435912,G5,E,,,PureChargeSeparation,Non-ionizable,COP(=S)(OC)Oc1ccc([N+](=O)[O-])c(C)c1
3811,E-1216,-1.55,CSC1=NC2=CN=CN=C2N=C1,0.0,G1,E,,,Uncharged,Non-ionizable,CSc1cnc2ncncc2n1
3812,E-1236,-1.85,CC1(C)C2CCC(C)(C2)C1=O,0.0,G1,E,,,Uncharged,Non-ionizable,CC12CCC(C1)C(C)(C)C2=O
3813,E-1237,-2.49,CC(C)C1CCC(C)CC1=O,0.06967741,G3,E,mono-constituent,,Uncharged,Non-ionizable,CC1CCC(C(C)C)C(=O)C1
3814,E-1240,-1.2,COC(=O)C1C2CC(C=C2)C1C(=O)OC,0.0,G1,E,,,Uncharged,Non-ionizable,COC(=O)C1C2C=CC(C2)C1C(=O)OC
3815,E-1251,-2.85,O=C(OC1=CC=CC=C1)C1=CC=CC=C1,0.0,G1,E,,,Uncharged,Non-ionizable,O=C(Oc1ccccc1)c1ccccc1
3816,E-1267,-5.66,CC12CCC3C(CCC4=CC(=O)CCC34C)C1CCC2(O)C#C,0.03,G3,E,,,Uncharged,Non-ionizable,C#CC1(O)CCC2C3CCC4=CC(=O)CCC4(C)C3CCC21C
3817,F-6,-3.07,N1C2=CN=CN=C2N=C1C1=CC=CC=C1,0.0,G1,F,,,Uncharged,Non-ionizable,c1ccc(-c2nc3ncncc3[nH]2)cc1
3818,F-12,-2.51,O=C1CC(CC(=O)C1)C1=CC=CC=C1,0.0,G1,F,,,Uncharged,Non-ionizable,O=C1CC(=O)CC(c2ccccc2)C1
3819,F-15,-3.51,CC1=CC=C(C=C1)S(=O)(=O)N(Cl)Cl,0.022,G3,F,,,Uncharged,Non-ionizable,Cc1ccc(S(=O)(=O)N(Cl)Cl)cc1
3820,F-17,-2.31,CCC1OC(=O)C2=C1C=CC(=C2)C#N,0.0,G1,F,,,Uncharged,Non-ionizable,CCC1OC(=O)c2cc(C#N)ccc21
3821,F-20,-1.37,CC1=NC2=C(C=CC=C2)N=C(C)C1,0.0,G1,F,,,Uncharged,Non-ionizable,CC1=Nc2ccccc2N=C(C)C1
3822,F-21,-2.65,CC1=CC2=C(C=C1)S(=O)(=O)C=C2,0.0,G1,F,,,Uncharged,Non-ionizable,Cc1ccc2c(c1)C=CS2(=O)=O
3823,F-26,-2.67,CC1=CS(=O)(=O)C2=C1C=CC=C2,0.0,G1,F,,,Uncharged,Non-ionizable,CC1=CS(=O)(=O)c2ccccc21
3824,F-27,-2.22,CC1(C)SCC(COC(N)=O)S1,0.0,G1,F,,,Uncharged,Non-ionizable,CC1(C)SCC(COC(N)=O)S1
3825,F-29,-1.89,NC(=O)OCC1COC2(CCCCC2)O1,0.0,G1,F,,,Uncharged,Non-ionizable,NC(=O)OCC1COC2(CCCCC2)O1
3826,F-30,-3.52,NC(=O)OCC1CSC2(CCCCC2)S1,0.0,G1,F,,,Uncharged,Non-ionizable,NC(=O)OCC1CSC2(CCCCC2)S1
3827,F-32,-5.23,CC1=CC2=CC3=C(OC(=O)C=C3C)C=C2O1,0.0,G1,F,,,Uncharged,Non-ionizable,Cc1cc2cc3c(C)cc(=O)oc3cc2o1
3828,F-37,-3.28,BrN(Br)S(=O)(=O)C1=CC=CC=C1,0.0,G1,F,,,Uncharged,Non-ionizable,O=S(=O)(c1ccccc1)N(Br)Br
3829,F-38,-2.82,NC(=O)OCC1CSC2(CCCCC2)O1,0.0,G1,F,,,Uncharged,Non-ionizable,NC(=O)OCC1CSC2(CCCCC2)O1
3830,F-42,-3.11,CC(C)C1OCC2(CO1)COC(OC2)C(C)C,0.0,G1,F,,,Uncharged,Non-ionizable,CC(C)C1OCC2(CO1)COC(C(C)C)OC2
3831,F-43,-2.68,COC1=CC(OC)=CC(OC)=C1,0.0,G1,F,,,Uncharged,Non-ionizable,COc1cc(OC)cc(OC)c1
3832,F-59,-2.91,CC1(C)OC(=O)C2=C1C=CC(=C2)C#N,0.0,G1,F,,,Uncharged,Non-ionizable,CC1(C)OC(=O)c2cc(C#N)ccc21
3833,F-73,-1.74,CCOC(=O)C1=CNC(=S)N=C1,0.0,G1,F,,,Uncharged,Non-ionizable,CCOC(=O)c1cnc(=S)[nH]c1
3834,F-74,-4.57,O=S1(=O)C2=C(C=CC=C2)C2=C1C=CC=C2,0.0,G1,F,,,Uncharged,Non-ionizable,O=S1(=O)c2ccccc2-c2ccccc21
3835,F-81,-3.72,O=C1C=CC2=NC3=C(SC2=C1)C=CC=C3,0.0,G1,F,,,Uncharged,Non-ionizable,O=c1ccc2nc3ccccc3sc-2c1
3836,F-85,-4.35,CC1=CC=C(C=C1)C1=NC2=CC=CC=C2S1,0.0,G1,F,,,Uncharged,Non-ionizable,Cc1ccc(-c2nc3ccccc3s2)cc1
3837,F-86,-3.74,O=C1OC2=C(C=C1)C=C1C=COC1=C2,0.0,G1,F,,,Uncharged,Non-ionizable,O=c1ccc2cc3ccoc3cc2o1
3838,F-97,-4.04,O=C1NC2=C(N1)C(=S)NC(=O)N2,0.0,G1,F,,,Uncharged,Non-ionizable,O=c1[nH]c(=S)c2[nH]c(=O)[nH]c2[nH]1
3839,F-103,-4.46,CN1C2=C(C=CC=C2)C(=O)C2=C1C=CC=C2,0.0,G1,F,,,Uncharged,Non-ionizable,Cn1c2ccccc2c(=O)c2ccccc21
3840,F-119,-5.16,COC(=O)C1=CC2=CC3=C(OC(=O)C=C3C)C(C)=C2O1,0.0,G1,F,,,Uncharged,Non-ionizable,COC(=O)c1cc2cc3c(C)cc(=O)oc3c(C)c2o1
3841,F-136,-2.85,CCCCOP(=O)(OCCCC)OCCCC,0.0641,G3,F,,,Uncharged,Non-ionizable,CCCCOP(=O)(OCCCC)OCCCC
3842,F-156,-1.14,CCCCCCOC(=O)C(C)O,0.0,G1,F,,,Uncharged,Non-ionizable,CCCCCCOC(=O)C(C)O
3843,F-164,-2.04,ClCCS(=O)CCS(=O)CCCl,0.0,G1,F,,,Uncharged,Non-ionizable,[O-][S+](CCCl)CC[S+]([O-])CCCl
3844,F-186,-1.82,COC(OC(C)=O)C(OC(C)=O)C(OC(C)=O)C(COC(C)=O)OC(C)=O,0.0,G1,F,,,Uncharged,Non-ionizable,COC(OC(C)=O)C(OC(C)=O)C(OC(C)=O)C(COC(C)=O)OC(C)=O
3845,F-192,-2.63,NS(=O)(=O)C1=NC2=CC=CC=C2S1,0.0,G1,F,,,Uncharged,Non-ionizable,NS(=O)(=O)c1nc2ccccc2s1
3846,F-199,-3.06,CCCCCCCCCCOC(=O)C(C)O,0.0,G1,F,,,Uncharged,Non-ionizable,CCCCCCCCCCOC(=O)C(C)O
3847,F-209,-2.73,COC(=O)C(C#N)C(=O)CC(C)C,0.0,G1,F,,,Uncharged,Non-ionizable,COC(=O)C(C#N)C(=O)CC(C)C
3848,F-221,-3.39,CCCCCCCCOC(=O)C(C)OC(C)=O,0.0,G1,F,,,Uncharged,Non-ionizable,CCCCCCCCOC(=O)C(C)OC(C)=O
3849,F-223,-1.74,CCCC(C)(COC(N)=O)COC(N)=O,0.061573549,G5,F,,,Uncharged,Non-ionizable,CCCC(C)(COC(N)=O)COC(N)=O
3850,F-238,-2.1,CC(=O)OC(OC(C)=O)C(OC(C)=O)OC(C)=O,1.21,G2,F,,,Uncharged,Non-ionizable,CC(=O)OC(OC(C)=O)C(OC(C)=O)OC(C)=O
3851,F-240,-4.57,CCCCCCOC(=O)CCCCCCCCC(=O)OCCCCCC,0.0,G1,F,,,Uncharged,Non-ionizable,CCCCCCOC(=O)CCCCCCCCC(=O)OCCCCCC
3852,F-241,-1.95,CCCS(=O)(=O)C(S(=O)(=O)CCC)S(=O)(=O)CCC,0.0,G1,F,,,Uncharged,Non-ionizable,CCCS(=O)(=O)C(S(=O)(=O)CCC)S(=O)(=O)CCC
3853,F-248,-2.97,CCCCS(=O)(=O)C(S(=O)(=O)CCCC)S(=O)(=O)CCCC,0.0,G1,F,,,Uncharged,Non-ionizable,CCCCS(=O)(=O)C(S(=O)(=O)CCCC)S(=O)(=O)CCCC
3854,F-268,-1.16,FC(F)(F)C(=O)C1=CC=CC=C1,0.0,G1,F,,,Uncharged,Non-ionizable,O=C(c1ccccc1)C(F)(F)F
3855,F-291,-4.52,COP(=O)(OC)OC(=CCl)C1=C(Cl)C=C(Cl)C(Cl)=C1,0.0,G1,F,,,Uncharged,Non-ionizable,COP(=O)(OC)OC(=CCl)c1cc(Cl)c(Cl)cc1Cl
3856,F-295,-3.05,BrC1C(OC(=O)C1=O)C1=CC=C(Br)C=C1,0.0,G1,F,,,Uncharged,Non-ionizable,O=C1OC(c2ccc(Br)cc2)C(Br)C1=O
3857,F-321,-3.6,COC1=C2C=COC2=CC2=C1C=CC(=O)O2,0.0,G1,F,,,Uncharged,Non-ionizable,COc1c2ccoc2cc2oc(=O)ccc12
3858,F-323,-3.52,COC1=C2OC=CC2=CC2=C1OC(=O)C=C2,0.0688,G3,F,,,Uncharged,Non-ionizable,COc1c2occc2cc2ccc(=O)oc12
3859,F-324,-4.0,CC1=CC(=O)N(O)C2=C1C1=CC=CC=C1C=C2,0.0,G1,F,,,Uncharged,Non-ionizable,Cc1cc(=O)n(O)c2ccc3ccccc3c12
3860,F-335,-3.49,CCCCCOC(=O)C1=C(C=CC=C1)C(=O)OCCCCC,0.0,G1,F,,,Uncharged,Non-ionizable,CCCCCOC(=O)c1ccccc1C(=O)OCCCCC
3861,F-347,-1.91,CC(C)C1=C(C)N(C)N(C1=O)C1=CC=CC=C1,0.0,G1,F,,,Uncharged,Non-ionizable,Cc1c(C(C)C)c(=O)n(-c2ccccc2)n1C
3862,F-349,-2.3,CC(=NO)C(=NO)C1=CC=CC=C1,0.0,G1,F,,,Uncharged,Non-ionizable,CC(=NO)C(=NO)c1ccccc1
3863,F-351,-0.73,COC1=C(OCC(O)CO)C=CC=C1,0.0659,G3,F,,,Uncharged,Non-ionizable,COc1ccccc1OCC(O)CO
3864,F-352,-1.02,OCCOC1=CC(OCCO)=CC=C1,0.0,G1,F,,,Uncharged,Non-ionizable,OCCOc1cccc(OCCO)c1
3865,F-360,-1.52,CN1N=C(OC2=NC(C)=CC(C)=N2)C=C1C,0.0,G1,F,,,Uncharged,Non-ionizable,Cc1cc(C)nc(Oc2cc(C)n(C)n2)n1
3866,F-367,-2.68,CC12CCC3(O)C(CCC4=CC(=O)CCC34C)C1CCC2=O,0.0,G1,F,,,Uncharged,Non-ionizable,CC12CCC3(O)C(CCC4=CC(=O)CCC43C)C1CCC2=O
3867,F-378,-2.06,O=S(=O)(C1CCCCC1)C1CCCCC1,0.0,G1,F,,,Uncharged,Non-ionizable,O=S(=O)(C1CCCCC1)C1CCCCC1
3868,F-380,-1.46,COC1=CC2=CC=C(CCC(C)=O)C=C2C=C1,0.0,G1,F,,,Uncharged,Non-ionizable,COc1ccc2cc(CCC(C)=O)ccc2c1
3869,F-383,-3.48,COC1=C(OC)C2=C(COC2=O)C(=C1)C#N,0.0,G1,F,,,Uncharged,Non-ionizable,COc1cc(C#N)c2c(c1OC)C(=O)OC2
3870,F-401,-1.39,COC1=CC=C(C=C1)C(O)C(O)C1=CC=CC=C1,0.0,G1,F,,,Uncharged,Non-ionizable,COc1ccc(C(O)C(O)c2ccccc2)cc1
3871,F-429,-5.28,CC1=CC2=CC3=C(OC(=O)C=C3C)C(C)=C2O1,0.0,G1,F,,,Uncharged,Non-ionizable,Cc1cc2cc3c(C)cc(=O)oc3c(C)c2o1
3872,F-459,-3.82,CCCOC(=O)C1=C(C=CC=C1)C(=O)OCCC,0.2275,G3,F,,,Uncharged,Non-ionizable,CCCOC(=O)c1ccccc1C(=O)OCCC
3873,F-460,-8.56,CCCCCCCOC(=O)C1=C(C=CC=C1)C(=O)OCCCCCCC,0.0,G1,F,,,Uncharged,Non-ionizable,CCCCCCCOC(=O)c1ccccc1C(=O)OCCCCCCC
3874,F-489,-2.94,ON=C1C(=O)C=CC2=C1C=CC=C2,0.0,G1,F,,,Uncharged,Non-ionizable,O=C1C=Cc2ccccc2C1=NO
3875,F-563,-3.08,NS(=O)(=O)C1=C(C=CC=C1)C1=NC(=O)C2=C(N1)C=CC=C2,0.0,G1,F,,,Uncharged,Non-ionizable,NS(=O)(=O)c1ccccc1-c1nc(=O)c2ccccc2[nH]1
3876,F-582,-0.3,CC1C2C(O)CCC(O)C2CCC1=O,0.0,G1,F,,,Uncharged,Non-ionizable,CC1C(=O)CCC2C(O)CCC(O)C12
3877,F-585,-6.41,CC(C)(C)CC(C)(C)C1CCC(=NO)C(C1)=NO,0.0,G1,F,,,Uncharged,Non-ionizable,CC(C)(C)CC(C)(C)C1CCC(=NO)C(=NO)C1
3878,F-595,-1.52,CC1(C)C2CCC(C2)C(=O)C1=O,0.0,G1,F,,,Uncharged,Non-ionizable,CC1(C)C(=O)C(=O)C2CCC1C2
3879,F-596,-1.26,CCOC(=O)C(O)C1=CC=CC=C1,0.0,G1,F,,,Uncharged,Non-ionizable,CCOC(=O)C(O)c1ccccc1
3880,F-598,-2.52,CC1(C)C2CCC1(C)C(=NO)C2=NO,0.0,G1,F,,,Uncharged,Non-ionizable,CC12CCC(C(=NO)C1=NO)C2(C)C
3881,F-612,-4.16,CC(O)C1(O)CCC2C3CCC4=CC(=O)CCC4(C)C3CCC12C,0.0,G1,F,,,Uncharged,Non-ionizable,CC(O)C1(O)CCC2C3CCC4=CC(=O)CCC4(C)C3CCC21C
3882,F-622,-1.32,CC1CCC(C)C(=NO)C1=NO,0.0,G1,F,,,Uncharged,Non-ionizable,CC1CCC(C)C(=NO)C1=NO
3883,F-623,-1.83,CCC1CCC(=NO)C(C1)=NO,0.0,G1,F,,,Uncharged,Non-ionizable,CCC1CCC(=NO)C(=NO)C1
3884,F-626,-3.33,NC(=O)CC1=CC=C(C=C1)C1=CC=CC=C1,0.0,G1,F,,,Uncharged,Non-ionizable,NC(=O)Cc1ccc(-c2ccccc2)cc1
3885,F-636,-1.53,COC1=C(C=C(C)C=C1)S(N)(=O)=O,0.0,G1,F,,,Uncharged,Non-ionizable,COc1ccc(C)cc1S(N)(=O)=O
3886,F-645,-1.64,CC(C(N)=O)S(=O)(=O)C1=CC=CC=C1,0.0,G1,F,,,Uncharged,Non-ionizable,CC(C(N)=O)S(=O)(=O)c1ccccc1
3887,F-652,-3.0,COC1=CC=CC(OCC(O)CO)=C1OC,0.0,G1,F,,,Uncharged,Non-ionizable,COc1cccc(OCC(O)CO)c1OC
3888,F-668,-1.52,CC(=O)OC1C(OC2OC(C)(C)OC12)C1COC(C)(C)O1,0.0,G1,F,,,Uncharged,Non-ionizable,CC(=O)OC1C(C2COC(C)(C)O2)OC2OC(C)(C)OC21
3889,F-686,-3.02,COC1=CC=C(C=C1)S(=O)(=O)C1=COC(=C1)S(N)(=O)=O,0.0,G1,F,,,Uncharged,Non-ionizable,COc1ccc(S(=O)(=O)c2coc(S(N)(=O)=O)c2)cc1
3890,F-687,-4.22,COC1=CC=C(C=C1)S(=O)(=O)C1=CSC(=C1)S(N)(=O)=O,0.0,G1,F,,,Uncharged,Non-ionizable,COc1ccc(S(=O)(=O)c2csc(S(N)(=O)=O)c2)cc1
3891,F-697,-2.61,CC1=CC2OC3CC(O)C(C)(C33CO3)C2(CO)CC1,0.0,G1,F,,,Uncharged,Non-ionizable,CC1=CC2OC3CC(O)C(C)(C2(CO)CC1)C31CO1
3892,F-790,-4.36,CCOC(=O)CC1=CC=C(C=C1)C1=NC2=CC=CC=C2S1,0.0,G1,F,,,Uncharged,Non-ionizable,CCOC(=O)Cc1ccc(-c2nc3ccccc3s2)cc1
3893,F-799,-4.78,COC(=O)C(C)C1=CC2=CC=C(OC)C=C2C=C1,0.0,G1,F,,,Uncharged,Non-ionizable,COC(=O)C(C)c1ccc2cc(OC)ccc2c1
3894,F-805,-7.22,CCCCOC(=O)C1=C(C=CC=C1)C(=O)OCC(CC)CCCC,0.0,G1,F,,,Uncharged,Non-ionizable,CCCCOC(=O)c1ccccc1C(=O)OCC(CC)CCCC
3895,F-810,-4.6,CCOC1=CC(=O)C2(OC3=C(C2=O)C(OC)=CC(OC)=C3Cl)C(C)C1,0.0,G1,F,,,Uncharged,Non-ionizable,CCOC1=CC(=O)C2(Oc3c(Cl)c(OC)cc(OC)c3C2=O)C(C)C1
3896,F-812,-5.22,CCCOC1=CC(=O)C2(OC3=C(C2=O)C(OC)=CC(OC)=C3Cl)C(C)C1,0.0,G1,F,,,Uncharged,Non-ionizable,CCCOC1=CC(=O)C2(Oc3c(Cl)c(OC)cc(OC)c3C2=O)C(C)C1
3897,F-834,-3.49,FC1=CN(CC2=CC=C(Cl)C=C2)C(=O)NC1=O,0.0,G1,F,,,Uncharged,Non-ionizable,O=c1[nH]c(=O)n(Cc2ccc(Cl)cc2)cc1F
3898,F-836,-2.75,COC1=CC=C(CN2C=C(F)C(=O)NC2=O)C=C1,0.0,G1,F,,,Uncharged,Non-ionizable,COc1ccc(Cn2cc(F)c(=O)[nH]c2=O)cc1
3899,F-838,-5.09,CC1=C2OC3=C(CCCC3)C2=C2OC(=O)C=C(C)C2=C1,0.0,G1,F,,,Uncharged,Non-ionizable,Cc1cc(=O)oc2c1cc(C)c1oc3c(c12)CCCC3
3900,F-840,-1.23,OCCOC1=CC=C(OCCO)C=C1,0.025064103,G3,F,,,Uncharged,Non-ionizable,OCCOc1ccc(OCCO)cc1
3901,F-850,-5.4,CCCCOC1=CC(=O)C2(OC3=C(C2=O)C(OC)=CC(OC)=C3Cl)C(C)C1,0.0,G1,F,,,Uncharged,Non-ionizable,CCCCOC1=CC(=O)C2(Oc3c(Cl)c(OC)cc(OC)c3C2=O)C(C)C1
3902,F-857,-1.01,FC1=CN(C2CCCO2)C(=O)NC1=O,0.0,G1,F,,,Uncharged,Non-ionizable,O=c1[nH]c(=O)n(C2CCCO2)cc1F
3903,F-858,-5.0,CCOC1=CC(=O)CC(C)C11OC2=C(C1=O)C(OC)=CC(OC)=C2Cl,0.0,G1,F,,,Uncharged,Non-ionizable,CCOC1=CC(=O)CC(C)C12Oc1c(Cl)c(OC)cc(OC)c1C2=O
3904,F-866,-4.7,CCOC1=C(Cl)C2=C(C(=O)C3(O2)C(C)CC(=O)C=C3OCC)C(OC)=C1,0.0,G1,F,,,Uncharged,Non-ionizable,CCOC1=CC(=O)CC(C)C12Oc1c(Cl)c(OCC)cc(OC)c1C2=O
3905,F-867,-4.52,CCCOC1=CC(=O)CC(C)C11OC2=C(C1=O)C(OC)=CC(OC)=C2Cl,0.0,G1,F,,,Uncharged,Non-ionizable,CCCOC1=CC(=O)CC(C)C12Oc1c(Cl)c(OC)cc(OC)c1C2=O
3906,F-878,-4.7,CCCCOC1=CC(=O)CC(C)C11OC2=C(C1=O)C(OC)=CC(OC)=C2Cl,0.0,G1,F,,,Uncharged,Non-ionizable,CCCCOC1=CC(=O)CC(C)C12Oc1c(Cl)c(OC)cc(OC)c1C2=O
3907,F-879,-2.63,CCCCCCCC(=O)OC1C(O)C(O)OC(CO)C1O,0.0,G1,F,,,Uncharged,Non-ionizable,CCCCCCCC(=O)OC1C(O)C(O)OC(CO)C1O
3908,F-935,-2.92,CC1=CC=C(CN2C=C(F)C(=O)NC2=O)C=C1,0.0,G1,F,,,Uncharged,Non-ionizable,Cc1ccc(Cn2cc(F)c(=O)[nH]c2=O)cc1
3909,F-944,-3.94,FC1=CN(CC2=C(Cl)C=C(Cl)C=C2)C(=O)NC1=O,0.0,G1,F,,,Uncharged,Non-ionizable,O=c1[nH]c(=O)n(Cc2ccc(Cl)cc2Cl)cc1F
3910,F-955,-1.65,NS(=O)(=O)C1=CC2=C(S1)S(=O)(=O)CCC2O,0.145,G3,F,,,Uncharged,Non-ionizable,NS(=O)(=O)c1cc2c(s1)S(=O)(=O)CCC2O
3911,F-957,-2.8,O=C(C(=O)C1=CC=CC=C1)C1=CC=CC=C1,0.0,G1,F,,,Uncharged,Non-ionizable,O=C(C(=O)c1ccccc1)c1ccccc1
3912,F-996,-5.48,COC1=CC2=CC=C(C=C2C=C1)C(C)C(=O)OC(C)C,0.0,G1,F,,,Uncharged,Non-ionizable,COc1ccc2cc(C(C)C(=O)OC(C)C)ccc2c1
3913,F-998,-4.2,CCOC(=O)C1CCN2C1=CC=C2C(=O)C1=CC=CC=C1,0.0,G1,F,,,Uncharged,Non-ionizable,CCOC(=O)C1CCn2c(C(=O)c3ccccc3)ccc21
3914,F-1013,-3.92,OCCCCC1=CC2=C(OCC3=C(SC=C3)C2=O)C=C1,0.0,G1,F,,,Uncharged,Non-ionizable,O=C1c2cc(CCCCO)ccc2OCc2ccsc21
3915,F-1053,-5.24,CCOC(=O)C(C)C1=CC2=CC=C(OC)C=C2C=C1,0.045,G3,F,,,Uncharged,Non-ionizable,CCOC(=O)C(C)c1ccc2cc(OC)ccc2c1
3916,F-1054,-5.82,CCCOC(=O)C(C)C1=CC2=CC=C(OC)C=C2C=C1,0.0,G1,F,,,Uncharged,Non-ionizable,CCCOC(=O)C(C)c1ccc2cc(OC)ccc2c1
3917,F-1055,-7.53,CCCCOC(=O)C(C)C1=CC2=CC=C(OC)C=C2C=C1,0.0,G1,F,,,Uncharged,Non-ionizable,CCCCOC(=O)C(C)c1ccc2cc(OC)ccc2c1
3918,F-1056,-3.33,COC1=CC2=CC=C(C=C2C=C1)C(C)C(=O)OCCO,0.0,G1,F,,,Uncharged,Non-ionizable,COc1ccc2cc(C(C)C(=O)OCCO)ccc2c1
3919,F-1057,-6.5,COC1=CC2=CC=C(C=C2C=C1)C(C)C(=O)OC(C)(C)C,0.0,G1,F,,,Uncharged,Non-ionizable,COc1ccc2cc(C(C)C(=O)OC(C)(C)C)ccc2c1
3920,F-1058,-6.97,CCCCCOC(=O)C(C)C1=CC2=CC=C(OC)C=C2C=C1,0.0,G1,F,,,Uncharged,Non-ionizable,CCCCCOC(=O)C(C)c1ccc2cc(OC)ccc2c1
3921,F-1059,-3.31,COC1=CC2=CC=C(C=C2C=C1)C(C)C(=O)OCC(C)O,0.0,G1,F,,,Uncharged,Non-ionizable,COc1ccc2cc(C(C)C(=O)OCC(C)O)ccc2c1
3922,F-1060,-3.4,COC1=CC2=CC=C(C=C2C=C1)C(C)C(=O)OCCCO,0.0,G1,F,,,Uncharged,Non-ionizable,COc1ccc2cc(C(C)C(=O)OCCCO)ccc2c1
3923,F-1061,-7.54,CCCCCCOC(=O)C(C)C1=CC2=CC=C(OC)C=C2C=C1,0.0,G1,F,,,Uncharged,Non-ionizable,CCCCCCOC(=O)C(C)c1ccc2cc(OC)ccc2c1
3924,F-1062,-7.12,CCCCCCCOC(=O)C(C)C1=CC2=CC=C(OC)C=C2C=C1,0.0,G1,F,,,Uncharged,Non-ionizable,CCCCCCCOC(=O)C(C)c1ccc2cc(OC)ccc2c1
3925,F-1063,-4.65,COC1=CC2=CC=C(C=C2C=C1)C(C)C(=O)OCC(C)=O,0.0,G1,F,,,Uncharged,Non-ionizable,COc1ccc2cc(C(C)C(=O)OCC(C)=O)ccc2c1
3926,F-1064,-7.33,CCC#CCCOC(=O)C(C)C1=CC2=CC=C(OC)C=C2C=C1,0.0,G1,F,,,Uncharged,Non-ionizable,CCC#CCCOC(=O)C(C)c1ccc2cc(OC)ccc2c1
3927,F-1065,-2.62,COC1=CC2=CC=C(C=C2C=C1)C(C)C(=O)OCC(O)CO,0.0,G1,F,,,Uncharged,Non-ionizable,COc1ccc2cc(C(C)C(=O)OCC(O)CO)ccc2c1
3928,F-1066,-5.07,COC1=CC2=CC=C(C=C2C=C1)C(C)C(=O)OC1CCCCC1O,0.0,G1,F,,,Uncharged,Non-ionizable,COc1ccc2cc(C(C)C(=O)OC3CCCCC3O)ccc2c1
3929,F-1067,-3.17,CCCCCCCC(=O)OC1C(OC2OC(C)(C)OC12)C(O)CO,0.0,G1,F,,,Uncharged,Non-ionizable,CCCCCCCC(=O)OC1C(C(O)CO)OC2OC(C)(C)OC21
3930,F-1068,-5.59,COC1=CC2=CC=C(C=C2C=C1)C(C)C(=O)OC1CCCCC1=O,0.0,G1,F,,,Uncharged,Non-ionizable,COc1ccc2cc(C(C)C(=O)OC3CCCCC3=O)ccc2c1
3931,F-1069,-7.36,CCC=CCCOC(=O)C(C)C1=CC2=CC=C(OC)C=C2C=C1,0.0,G1,F,,,Uncharged,Non-ionizable,CCC=CCCOC(=O)C(C)c1ccc2cc(OC)ccc2c1
3932,F-1070,-3.98,COC1=CC2=CC=C(C=C2C=C1)C(C)C(=O)OC1COC2C(O)COC12,0.0,G1,F,,,Uncharged,Non-ionizable,COc1ccc2cc(C(C)C(=O)OC3COC4C(O)COC34)ccc2c1
3933,F-1074,-5.0,COC1=CC2=C(OC1=O)C=C1OC=C(C)C1=C2,0.0,G1,F,,,Uncharged,Non-ionizable,COc1cc2cc3c(C)coc3cc2oc1=O
3934,F-1075,-4.9,COC(=O)C1=CC2=C(OC1=O)C(C)=C1OC=C(C)C1=C2,0.0,G1,F,,,Uncharged,Non-ionizable,COC(=O)c1cc2cc3c(C)coc3c(C)c2oc1=O
3935,F-1090,-4.25,CC12CCC3C(CCC4=CC(=O)CCC34C)C1CCC2OC(=O)C(CO)CO,0.0,G1,F,,,Uncharged,Non-ionizable,CC12CCC(=O)C=C1CCC1C2CCC2(C)C(OC(=O)C(CO)CO)CCC12
3936,F-1091,-2.92,OCC1OC(C(O)C1O)N1C2=CC=CC=C2N=C1C1=CC=CO1,0.0,G1,F,,,Uncharged,Non-ionizable,OCC1OC(n2c(-c3ccco3)nc3ccccc32)C(O)C1O
3937,F-1092,-2.33,OCC1OC(C(O)C(O)C1O)N1C2=CC=CC=C2N=C1C1=CC=CO1,0.0,G1,F,,,Uncharged,Non-ionizable,OCC1OC(n2c(-c3ccco3)nc3ccccc32)C(O)C(O)C1O
3938,F-1093,-2.91,CCCCCCCCSC1C(O)C(O)OC(CO)C1O,0.0,G1,F,,,Uncharged,Non-ionizable,CCCCCCCCSC1C(O)C(O)OC(CO)C1O
3939,F-1118,-2.65,FC1=CN(CC2=CC=CC=C2)C(=O)NC1=O,0.0,G1,F,,,Uncharged,Non-ionizable,O=c1[nH]c(=O)n(Cc2ccccc2)cc1F
3940,F-1120,-0.62,OCC1OCOC2COCOC12,0.0,G1,F,,,Uncharged,Non-ionizable,OCC1OCOC2COCOC12
3941,F-1132,-4.52,CS(=O)(=O)C1=CC=C(C=C1)C1=C(C(=O)OC1)C1=CC=CC=C1,0.535,G2,F,,,Uncharged,Non-ionizable,CS(=O)(=O)c1ccc(C2=C(c3ccccc3)C(=O)OC2)cc1
3942,F-1134,-2.12,OCC1OC2OC(OC2C1O)C(Cl)(Cl)Cl,0.0,G1,F,,,Uncharged,Non-ionizable,OCC1OC2OC(C(Cl)(Cl)Cl)OC2C1O
3943,F-1141,-1.11,OCC1OC(OCCC2=C3C=CC=CC3=CC=C2)C(O)C(O)C1O,0.0,G1,F,,,Uncharged,Non-ionizable,OCC1OC(OCCc2cccc3ccccc23)C(O)C(O)C1O
3944,F-1143,-1.66,OC1COC(OC2=CC=CC=C2)C(O)C1O,0.0,G1,F,,,Uncharged,Non-ionizable,OC1COC(Oc2ccccc2)C(O)C1O
3945,F-1152,-1.46,OCC1OC(OC2=CC=CC=C2)C(O)C(O)C1O,0.0,G1,F,,,Uncharged,Non-ionizable,OCC1OC(Oc2ccccc2)C(O)C(O)C1O
3946,F-1163,-1.95,CC1C2C(CC(C)C3CC(=O)C(C)=C3C2O)OC1=O,0.0,G1,F,,,Uncharged,Non-ionizable,CC1=C2C(O)C3C(CC(C)C2CC1=O)OC(=O)C3C
3947,F-1179,-2.19,CC1C2C(CC(C)C3C=CC(=O)C3(C)C2OC(C)=O)OC1=O,0.0,G1,F,,,Uncharged,Non-ionizable,CC(=O)OC1C2C(CC(C)C3C=CC(=O)C31C)OC(=O)C2C
3948,F-1186,-4.4,COC1=CC(=O)C2(OC3=C(C2=O)C(OC)=CC(OC)=C3Cl)C(C)C1,0.0,G1,F,,,Uncharged,Non-ionizable,COC1=CC(=O)C2(Oc3c(Cl)c(OC)cc(OC)c3C2=O)C(C)C1
3949,F-1189,-2.34,COC1=CC(OC)=C(Cl)C2=C1C(=O)C1(O2)C(C)CC(O)CC1O,0.0,G1,F,,,Uncharged,Non-ionizable,COc1cc(OC)c2c(c1Cl)OC1(C2=O)C(C)CC(O)CC1O
3950,F-1191,-4.57,CC12CCC3C(CCC4CC(O)CCC34C)C1(O)CCC2C1=CC(=O)OC1,0.0,G1,F,,,Uncharged,Non-ionizable,CC12CCC(O)CC1CCC1C2CCC2(C)C(C3=CC(=O)OC3)CCC12O
3951,F-1198,-3.13,OCC(O)C(O)C1=NN(C2=NC3=CC=CC=C3N=C12)C1=CC=CC=C1,0.0,G1,F,,,Uncharged,Non-ionizable,OCC(O)C(O)c1nn(-c2ccccc2)c2nc3ccccc3nc12
3952,G-14,-6.98,BrC1=CC(Br)=C(Br)C=C1Br,0.00655,G3,G,,,Uncharged,Non-ionizable,Brc1cc(Br)c(Br)cc1Br
3953,G-26,-2.74,FC(F)(Cl)C(F)(F)Cl,0.1894,G3,G,,,Uncharged,Non-ionizable,FC(F)(Cl)C(F)(F)Cl
3954,G-56,-1.74,CC12CCC(CC1)C(C)(C)O2,0.090668738,G5,G,,,Uncharged,Non-ionizable,CC12CCC(CC1)C(C)(C)O2
3955,G-68,-1.94,CCC=C,0.231335907,G3,G,,,Uncharged,Non-ionizable,C=CCC
3956,G-79,-5.51,CCCCCCCCC=C,0.331862246,G5,G,,,Uncharged,Non-ionizable,C=CCCCCCCCC
3957,G-92,-4.55,IC1=CC=CC2=CC=CC=C12,0.0,G1,G,,,Uncharged,Non-ionizable,Ic1cccc2ccccc12
3958,G-115,0.62,CCCO,0.30055,G3,G,,,Uncharged,Non-ionizable,CCCO
3959,G-117,-11.6,ClC1=C(Cl)C(Cl)=C(C(Cl)=C1Cl)C1=C(Cl)C(Cl)=C(Cl)C(Cl)=C1Cl,0.369294294,G5,G,,,Uncharged,Non-ionizable,Clc1c(Cl)c(Cl)c(-c2c(Cl)c(Cl)c(Cl)c(Cl)c2Cl)c(Cl)c1Cl
3960,G-126,-7.21,ClC1=CC=CC(=C1Cl)C1=CC(Cl)=C(Cl)C=C1Cl,0.07475,G3,G,,,Uncharged,Non-ionizable,Clc1cc(Cl)c(-c2cccc(Cl)c2Cl)cc1Cl
3961,G-127,-7.43,ClC1=CC=C(C(Cl)=C1)C1=C(Cl)C=CC(Cl)=C1Cl,0.1303,G3,G,,,Uncharged,Non-ionizable,Clc1ccc(-c2c(Cl)ccc(Cl)c2Cl)c(Cl)c1
3962,G-130,-4.36,CC(C)C(C)(C)C,0.0,G1,G,,,Uncharged,Non-ionizable,CC(C)C(C)(C)C
3963,G-152,-6.29,ClC1=CC=C(C=C1)C1=CC=CC(Cl)=C1Cl,0.0157,G3,G,,,Uncharged,Non-ionizable,Clc1ccc(-c2cccc(Cl)c2Cl)cc1
3964,G-167,-6.27,ClC1=CC=C(C=C1)C1=CC(Cl)=CC=C1Cl,0.00725,G3,G,,,Uncharged,Non-ionizable,Clc1ccc(-c2cc(Cl)ccc2Cl)cc1
3965,G-195,-2.23,CC1=CC=CC=C1Br,0.0,G1,G,,,Uncharged,Non-ionizable,Cc1ccccc1Br
3966,G-212,-2.46,CCCC=C(CC)C=O,0.0,G1,G,,,Uncharged,Non-ionizable,CCCC=C(C=O)CC
3967,G-213,-1.52,CCC(CC)C=O,0.0,G1,G,,,Uncharged,Non-ionizable,CCC(C=O)CC
3968,G-238,-5.08,CCCCCC(C)C,0.0,G1,G,,,Uncharged,Non-ionizable,CCCCCC(C)C
3969,G-258,0.43,CC(C)O,0.39555,G3,G,,,Uncharged,Non-ionizable,CC(C)O
3970,G-287,-0.18,CC(C)C(C)O,0.0085,G3,G,,,Uncharged,Non-ionizable,CC(C)C(C)O
3971,G-289,-0.72,CCC(C)CCO,0.311577995,G5,G,,,Uncharged,Non-ionizable,CCC(C)CCO
3972,G-296,-7.92,CC1=CC2=C(C=C1)C1=C(C=C2)C2=C3C(CC2)=CC=CC3=C1,0.0,G1,G,,,Uncharged,Non-ionizable,Cc1ccc2c(ccc3c4c5c(cccc5cc32)CC4)c1
3973,G-346,-2.58,CCCCC(=O)CCCC,0.00675,G3,G,,,Uncharged,Non-ionizable,CCCCC(=O)CCCC
3974,G-365,0.26,CC#N,0.56332755,G2,G,,,Uncharged,Non-ionizable,CC#N
3975,G-374,-3.85,CC12CCC(=O)C=C1CCC1C3CCC(C(=O)CO)C3(CC(O)C21)C=O,0.0,G1,G,,,Uncharged,Non-ionizable,CC12CCC(=O)C=C1CCC1C2C(O)CC2(C=O)C(C(=O)CO)CCC12
3976,G-383,-0.77,OCC1OC(OCC2OC(OC(C#N)C3=CC=CC=C3)C(O)C(O)C2O)C(O)C(O)C1O,0.0,G1,G,,,Uncharged,Non-ionizable,N#CC(OC1OC(COC2OC(CO)C(O)C(O)C2O)C(O)C(O)C1O)c1ccccc1
3977,G-495,-0.092,ClCC#N,0.10705,G3,G,,,Uncharged,Non-ionizable,N#CCCl
3978,G-502,-4.53,CC(C)OC(=O)C(O)(C1=CC=C(Cl)C=C1)C1=CC=CC(Cl)=C1,0.0,G1,G,,,Uncharged,Non-ionizable,CC(C)OC(=O)C(O)(c1ccc(Cl)cc1)c1cccc(Cl)c1
3979,G-514,-1.3,ClC=CCl,0.0712,G3,G,,,Uncharged,Non-ionizable,ClC=CCl
3980,G-515,-4.3,CC1CCCCC1C,0.023723453,G5,G,,,Uncharged,Non-ionizable,CC1CCCCC1C
3981,G-523,-4.21,CC(=O)OCC(=O)C1(O)CCC2C3CCC4=CC(=O)CCC4(C)C3C(=O)CC12C,0.129034879,G5,G,,,Uncharged,Non-ionizable,CC(=O)OCC(=O)C1(O)CCC2C3CCC4=CC(=O)CCC4(C)C3C(=O)CC21C
3982,G-525,-5.382,CCOP(=S)(OCC)OC1=CC=C2OC(=O)C(Cl)=C(C)C2=C1,0.0,G1,G,,,Uncharged,Non-ionizable,CCOP(=S)(OCC)Oc1ccc2oc(=O)c(Cl)c(C)c2c1
3983,G-532,-0.88,OC1CCCCCC1,0.0,G1,G,,,Uncharged,Non-ionizable,OC1CCCCCC1
3984,G-533,-3.18,C1CCC=CCC1,0.00825,G3,G,,,Uncharged,Non-ionizable,C1=CCCCCC1
3985,G-542,-1.29,OC1CCCCCCC1,0.0,G1,G,,,Uncharged,Non-ionizable,OC1CCCCCCC1
3986,G-549,-7.337,CC1(C)C(C=C(Cl)Cl)C1C(=O)OC(C#N)C1=CC=C(F)C(OC2=CC=CC=C2)=C1,1.184287839,G4,G,,,Uncharged,Non-ionizable,CC1(C)C(C=C(Cl)Cl)C1C(=O)OC(C#N)c1ccc(F)c(Oc2ccccc2)c1
3987,G-550,-8.176,CC1(C)C(C=C(Cl)C(F)(F)F)C1C(=O)OC(C#N)C1=CC=CC(OC2=CC=CC=C2)=C1,0.0,G1,G,,,Uncharged,Non-ionizable,CC1(C)C(C=C(Cl)C(F)(F)F)C1C(=O)OC(C#N)c1cccc(Oc2ccccc2)c1
3988,G-560,-8.402,CC1(C)C(C=C(Br)Br)C1C(=O)OC(C#N)C1=CC=CC(OC2=CC=CC=C2)=C1,0.0,G1,G,,,Uncharged,Non-ionizable,CC1(C)C(C=C(Br)Br)C1C(=O)OC(C#N)c1cccc(Oc2ccccc2)c1
3989,G-589,-2.42,CCSSCC,0.09505,G3,G,,,Uncharged,Non-ionizable,CCSSCC
3990,G-595,-6.144,CCCCCCOC(=O)C1=CC=CC=C1C(=O)OCCCCCC,0.422545082,G5,G,,,Uncharged,Non-ionizable,CCCCCCOC(=O)c1ccccc1C(=O)OCCCCCC
3991,G-599,-2.24,CC(C)SC(C)C,0.0,G1,G,,,Uncharged,Non-ionizable,CC(C)SC(C)C
3992,G-611,-2.58,CCCSCCC,0.0,G1,G,,,Uncharged,Non-ionizable,CCCSCCC
3993,G-613,-7.32,CC1COC2CC3(C)C(CC4C5C=C6CC(O)CCC6(C)CC5CCC34C)OC2C1,0.0,G1,G,,,Uncharged,Non-ionizable,CC1COC2CC3(C)C(CC4C5C=C6CC(O)CCC6(C)CC5CCC43C)OC2C1
3994,G-659,-2.35,CCCCCC(=O)OCC,0.02181992,G5,G,,,Uncharged,Non-ionizable,CCCCCC(=O)OCC
3995,G-668,-0.4,C=C,0.965361749,G2,G,,,Uncharged,Non-ionizable,C=C
3996,G-686,-1.8,OC(CN1C=NC=N1)(CN1C=NC=N1)C1=CC=C(F)C=C1F,0.0,G1,G,,,Uncharged,Non-ionizable,OC(Cn1cncn1)(Cn1cncn1)c1ccc(F)cc1F
3997,G-690,-5.613,CC1CC2C3CC(F)C4=CC(=O)C=CC4(C)C3(F)C(O)CC2(C)C1(O)C(=O)CO,0.0,G1,G,,,Uncharged,Non-ionizable,CC1CC2C3CC(F)C4=CC(=O)C=CC4(C)C3(F)C(O)CC2(C)C1(O)C(=O)CO
3998,G-704,0.64,OCC1OC(O)(CO)C(O)C1O,0.0,G1,G,,,Uncharged,Non-ionizable,OCC1OC(O)(CO)C(O)C1O
3999,G-732,-3.09,CC12CC(O)C3C(CCC4=CC(=O)CCC34C)C1CCC2(O)C(=O)CO,0.100343161,G5,G,,,Uncharged,Non-ionizable,CC12CCC(=O)C=C1CCC1C2C(O)CC2(C)C1CCC2(O)C(=O)CO
4000,G-743,-3.01,IC1=CC=CC=C1,0.116985507,G5,G,,,Uncharged,Non-ionizable,Ic1ccccc1
4001,G-771,-3.021,COC1=C2OC=CC2=C(OC)C2=C1OC(C)=CC2=O,0.319632257,G5,G,,,Uncharged,Non-ionizable,COc1c2occc2c(OC)c2c(=O)cc(C)oc12
4002,G-776,-4.64,ClC1C(Cl)C(Cl)C(Cl)C(Cl)C1Cl,0.523626071,G4,G,,,Uncharged,Non-ionizable,ClC1C(Cl)C(Cl)C(Cl)C(Cl)C1Cl
4003,G-790,-1.899,COC1=C(OC)C2C(COC2=O)C=C1,0.0,G1,G,,,Uncharged,Non-ionizable,COC1=C(OC)C2C(=O)OCC2C=C1
4004,G-811,0.46,COC(C)=O,0.461965374,G5,G,,,Uncharged,Non-ionizable,COC(C)=O
4005,G-815,-0.82,CCCOC(=O)CC,0.260390367,G3,G,,,Uncharged,Non-ionizable,CCCOC(=O)CC
4006,G-819,-1.87,CCCCCC(=O)OC,0.060357989,G3,G,,,Uncharged,Non-ionizable,CCCCCC(=O)OC
4007,G-823,-3.38,CCCCCCCCC(=O)OC,0.2482,G3,G,,,Uncharged,Non-ionizable,CCCCCCCCC(=O)OC
4008,G-824,-3.17,CCCCCCCC(=O)OC,0.110216576,G3,G,,,Uncharged,Non-ionizable,CCCCCCCC(=O)OC
4009,G-825,-1.36,CCCC(=O)OCC,0.044003813,G5,G,,,Uncharged,Non-ionizable,CCCC(=O)OCC
4010,G-875,-0.22,CCN(=O)=O,0.012896089,G3,G,,,PureChargeSeparation,Non-ionizable,CC[N+](=O)[O-]
4011,G-885,-4.57,CC12CCC3C(CCC4=CC(=O)CCC34O)C1CCC2(O)C#C,0.0,G1,G,,,Uncharged,Non-ionizable,C#CC1(O)CCC2C3CCC4=CC(=O)CCC4(O)C3CCC21C
4012,G-923,-4.03,ClC1=CC=C(I)C=C1,0.242558584,G5,G,,,Uncharged,Non-ionizable,Clc1ccc(I)cc1
4013,G-958,-4.862,CCOP(=S)(OCC)ON=C(C#N)C1=CC=CC=C1,0.0,G1,G,,,Uncharged,Non-ionizable,CCOP(=S)(OCC)ON=C(C#N)c1ccccc1
4014,G-964,-7.87,C1=CC2=C(C=C1)C1=C(C=C2)C2=C(C=C1)C1=C(C=CC=C1)C=C2,0.03015,G3,G,,,Uncharged,Non-ionizable,c1ccc2c(c1)ccc1c2ccc2c3ccccc3ccc21
4015,G-978,-3.18,CC12CC(O)C3C(CCC4=CC(=O)C=CC34C)C1CCC2(O)C(=O)CO,0.052141634,G5,G,,,Uncharged,Non-ionizable,CC12C=CC(=O)C=C1CCC1C2C(O)CC2(C)C1CCC2(O)C(=O)CO
4016,G-1002,-1.08,CC=C,0.621528028,G2,G,,,Uncharged,Non-ionizable,C=CC
4017,G-1011,-0.667,NC(=O)C1=CN=CC=N1,0.1236,G3,G,,,Uncharged,Non-ionizable,NC(=O)c1cnccn1
4018,G-1066,0.79,OCC1OC(CO)(OC2OC(CO)C(O)C(O)C2O)C(O)C1O,0.0,G1,G,,,Uncharged,Non-ionizable,OCC1OC(OC2(CO)OC(CO)C(O)C2O)C(O)C(O)C1O
4019,G-1072,0.32,CC=CC=O,0.005,G3,G,,,Uncharged,Non-ionizable,CC=CC=O
4020,G-1078,-4.02,CC12CCC3C(CCC4=CC(=O)CCC34C)C1CCC2O,0.201044149,G5,G,,,Uncharged,Non-ionizable,CC12CCC(=O)C=C1CCC1C2CCC2(C)C(O)CCC12
4021,G-1079,-5.184,CC(=O)OC1CCC2C3CCC4=CC(=O)CCC4(C)C3CCC12C,0.013,G3,G,,,Uncharged,Non-ionizable,CC(=O)OC1CCC2C3CCC4=CC(=O)CCC4(C)C3CCC12C
4022,G-1086,-7.321,CC1=C(F)C(F)=C(COC(=O)C2C(C=C(Cl)C(F)(F)F)C2(C)C)C(F)=C1F,0.0,G1,G,,,Uncharged,Non-ionizable,Cc1c(F)c(F)c(COC(=O)C2C(C=C(Cl)C(F)(F)F)C2(C)C)c(F)c1F
4023,G-1107,-4.15,CC(C)(C)CC1=CC=CC=C1,0.0,G1,G,,,Uncharged,Non-ionizable,CC(C)(C)Cc1ccccc1
4024,G-1122,-2.168,ClC(Cl)(Cl)C#N,0.0,G1,G,,,Uncharged,Non-ionizable,N#CC(Cl)(Cl)Cl
4025,G-1127,-6.01,CC1=CC=C(OP(=O)(OC2=CC=CC(C)=C2)OC2=CC=CC=C2C)C=C1,0.0,G1,G,,,Uncharged,Non-ionizable,Cc1ccc(OP(=O)(Oc2cccc(C)c2)Oc2ccccc2C)cc1
4026,H-11,-3.76,CC12CCCC1C1CCC3CC(=O)C(=O)CC3(C)C1CC2,0.0,G1,H,,,Uncharged,Non-ionizable,CC12CCCC1C1CCC3CC(=O)C(=O)CC3(C)C1CC2
4027,H-25,-3.77,CCC(=O)OCC(=O)C1(OC(=O)CC)C(C)CC2C3CCC4=CC(=O)C=CC4(C)C3(F)C(O)CC12C,0.0,G1,H,,,Uncharged,Non-ionizable,CCC(=O)OCC(=O)C1(OC(=O)CC)C(C)CC2C3CCC4=CC(=O)C=CC4(C)C3(F)C(O)CC21C
4028,H-81,-7.0,CC(C)CCCC(C)C1CCC2C3CC=C4CC(O)CCC4(C)C3CCC12C,0.18,G3,H,,,Uncharged,Non-ionizable,CC(C)CCCC(C)C1CCC2C3CC=C4CC(O)CCC4(C)C3CCC12C
4029,H-94,-12.95,ClC1=C(Cl)C(Cl)=C(OC2=C(Cl)C(Cl)=C(Cl)C(Cl)=C2Cl)C(Cl)=C1Cl,0.0,G1,H,,,Uncharged,Non-ionizable,Clc1c(Cl)c(Cl)c(Oc2c(Cl)c(Cl)c(Cl)c(Cl)c2Cl)c(Cl)c1Cl
4030,H-102,-7.74,BrC1=CC=C(C=C1)C1=CC=C(Br)C=C1,0.0,G1,H,,,Uncharged,Non-ionizable,Brc1ccc(-c2ccc(Br)cc2)cc1
4031,H-130,-1.99,FC(F)(Cl)Cl,0.32265,G3,H,,,Uncharged,Non-ionizable,FC(F)(Cl)Cl
4032,H-137,-1.12,ClC(Cl)COCC(Cl)Cl,0.0,G1,H,,,Uncharged,Non-ionizable,ClC(Cl)COCC(Cl)Cl
4033,H-178,-2.09,CC=CC=CC(C)=CC=C,0.0,G1,H,,,Uncharged,Non-ionizable,C=CC=C(C)C=CC=CC
4034,H-197,-1.08,ClCCCl,0.017420182,G5,H,,,Uncharged,Non-ionizable,ClCCCl
4035,H-215,-8.94,ClC1=CC(Cl)=C(Cl)C(=C1Cl)C1=CC(Cl)=C(Cl)C=C1Cl,0.4986,G3,H,,,Uncharged,Non-ionizable,Clc1cc(Cl)c(-c2c(Cl)c(Cl)cc(Cl)c2Cl)cc1Cl
4036,H-219,-9.12,ClC1=CC=C(OC2=CC(Cl)=C(Cl)C(Cl)=C2Cl)C(Cl)=C1Cl,0.0,G1,H,,,Uncharged,Non-ionizable,Clc1ccc(Oc2cc(Cl)c(Cl)c(Cl)c2Cl)c(Cl)c1Cl
4037,H-231,-7.56,ClC1=C(Cl)C(Cl)=C(Cl)C(Cl)=C1Cl,0.393971914,G5,H,,,Uncharged,Non-ionizable,Clc1c(Cl)c(Cl)c(Cl)c(Cl)c1Cl
4038,H-232,-8.56,ClC1=CC(Cl)=C(Cl)C(=C1)C1=CC(Cl)=CC(Cl)=C1Cl,0.8,G2,H,,,Uncharged,Non-ionizable,Clc1cc(Cl)c(Cl)c(-c2cc(Cl)cc(Cl)c2Cl)c1
4039,H-238,-8.32,ClC1=CC=C(C(Cl)=C1)C1=CC(Cl)=C(Cl)C(Cl)=C1Cl,0.4923339,G5,H,,,Uncharged,Non-ionizable,Clc1ccc(-c2cc(Cl)c(Cl)c(Cl)c2Cl)c(Cl)c1
4040,H-245,-10.66,ClC1=CC2=C(C=C1Cl)C1=C(O2)C(Cl)=C(Cl)C(Cl)=C1Cl,0.02,G3,H,,,Uncharged,Non-ionizable,Clc1cc2oc3c(Cl)c(Cl)c(Cl)c(Cl)c3c2cc1Cl
4041,H-268,-3.82,CC(=O)C1CCC2C3CCC4=CC(=O)CC(O)C4(C)C3CCC12C,0.0,G1,H,,,Uncharged,Non-ionizable,CC(=O)C1CCC2C3CCC4=CC(=O)CC(O)C4(C)C3CCC12C
4042,H-315,-0.88,CCl,0.048638267,G3,H,,,Uncharged,Non-ionizable,CCl
4043,H-341,-3.97,CC1(O)CCC2C3CCC4=CC(=O)CCC4(C)C3CCC12C,0.029439203,G5,H,,,Uncharged,Non-ionizable,CC12CCC(=O)C=C1CCC1C2CCC2(C)C1CCC2(C)O
4044,H-391,-0.6,CC(C)C1(C)CCCC(O)C1,0.0,G1,H,,,Uncharged,Non-ionizable,CC(C)C1(C)CCCC(O)C1
4045,H-392,-0.29,CC(C)C1C(C)CCCC1O,0.0,G1,H,,,Uncharged,Non-ionizable,CC(C)C1C(C)CCCC1O
4046,H-393,-0.24,CC(C)C1(O)CCCC(C)C1,0.0,G1,H,,,Uncharged,Non-ionizable,CC1CCCC(O)(C(C)C)C1
4047,H-409,-2.84,CCC,0.438108508,G5,H,,,Uncharged,Non-ionizable,CCC
4048,H-419,-4.23,CCC(N)=O,0.0,G1,H,,,Uncharged,Non-ionizable,CCC(N)=O
4049,H-426,-8.06,BrC1=CC=C(Br)C(=C1)C1=CC(Br)=CC=C1Br,0.0,G1,H,,,Uncharged,Non-ionizable,Brc1ccc(Br)c(-c2cc(Br)ccc2Br)c1
4050,H-427,-2.72,BrC(Br)C(Br)Br,0.010043904,G5,H,,,Uncharged,Non-ionizable,BrC(Br)C(Br)Br
4051,H-430,-5.13,COC1=C(Cl)C(Cl)=C(Cl)C=C1Cl,0.01,G3,H,,,Uncharged,Non-ionizable,COc1c(Cl)cc(Cl)c(Cl)c1Cl
4052,H-432,-4.68,ClC1=CC(Cl)=C(Cl)C(Cl)=C1,0.067993284,G5,H,,,Uncharged,Non-ionizable,Clc1cc(Cl)c(Cl)c(Cl)c1
4053,H-433,-5.47,ClC1=CC(Cl)=C(Cl)C=C1Cl,0.04485,G3,H,,,Uncharged,Non-ionizable,Clc1cc(Cl)c(Cl)cc1Cl
4054,H-434,-7.99,CC1=C(Cl)C(CC2=C(Cl)C=CC=C2Cl)=CC=C1Cl,0.0,G1,H,,,Uncharged,Non-ionizable,Cc1c(Cl)ccc(Cc2c(Cl)cccc2Cl)c1Cl
4055,H-435,-7.4,CC1=C(Cl)C(CC2=CC=C(Cl)C=C2Cl)=CC=C1Cl,0.0,G1,H,,,Uncharged,Non-ionizable,Cc1c(Cl)ccc(Cc2ccc(Cl)cc2Cl)c1Cl
4056,H-436,-8.03,CC1=C(Cl)C=C(CC2=CC(Cl)=CC=C2Cl)C(Cl)=C1,0.0,G1,H,,,Uncharged,Non-ionizable,Cc1cc(Cl)c(Cc2cc(Cl)ccc2Cl)cc1Cl
4057,H-437,-8.36,CC1=C(Cl)C=C(Cl)C(CC2=C(Cl)C=CC=C2Cl)=C1,0.0,G1,H,,,Uncharged,Non-ionizable,Cc1cc(Cc2c(Cl)cccc2Cl)c(Cl)cc1Cl
4058,H-438,-7.49,CC1=C(Cl)C=C(Cl)C(CC2=CC=C(Cl)C=C2Cl)=C1,0.0,G1,H,,,Uncharged,Non-ionizable,Cc1cc(Cc2ccc(Cl)cc2Cl)c(Cl)cc1Cl
4059,H-439,-8.18,CC1=C(Cl)C(Cl)=C(Cl)C(CC2=CC=C(Cl)C=C2)=C1,0.0,G1,H,,,Uncharged,Non-ionizable,Cc1cc(Cc2ccc(Cl)cc2)c(Cl)c(Cl)c1Cl
4060,H-440,-7.24,CC1=C(CC2=C(Cl)C=CC=C2)C(Cl)=C(Cl)C(Cl)=C1,0.0,G1,H,,,Uncharged,Non-ionizable,Cc1cc(Cl)c(Cl)c(Cl)c1Cc1ccccc1Cl
4061,H-441,-7.44,CC1=C(CC2=CC=C(Cl)C=C2)C(Cl)=C(Cl)C(Cl)=C1,0.0,G1,H,,,Uncharged,Non-ionizable,Cc1cc(Cl)c(Cl)c(Cl)c1Cc1ccc(Cl)cc1
4062,H-447,-8.53,ClC1=CC=C(C=C1Cl)C1=CC=C(Cl)C(Cl)=C1,0.098908589,G5,H,,,Uncharged,Non-ionizable,Clc1ccc(-c2ccc(Cl)c(Cl)c2)cc1Cl
4063,H-450,-6.94,ClC1=CC=C(C=C1)C1=C(Cl)C=C(Cl)C=C1Cl,0.2171,G3,H,,,Uncharged,Non-ionizable,Clc1ccc(-c2c(Cl)cc(Cl)cc2Cl)cc1
4064,H-453,-8.77,ClC1=C(Cl)C(Cl)=C2OC3=CC=CC=C3OC2=C1Cl,0.088828486,G5,H,,,Uncharged,Non-ionizable,Clc1c(Cl)c(Cl)c2c(c1Cl)Oc1ccccc1O2
4065,H-463,-2.74,ClC(Cl)=C(Cl)Cl,0.189837739,G5,H,,,Uncharged,Non-ionizable,ClC(Cl)=C(Cl)Cl
4066,H-475,-7.3,BrC1=CC(Br)=C(C(Br)=C1)C1=CC=CC=C1,0.0,G1,H,,,Uncharged,Non-ionizable,Brc1cc(Br)c(-c2ccccc2)c(Br)c1
4067,H-479,-4.2,COC1=C(Cl)C=C(Cl)C=C1Cl,0.06265,G3,H,,,Uncharged,Non-ionizable,COc1c(Cl)cc(Cl)cc1Cl
4068,H-482,-4.6,ClC1=CC(Cl)=CC(Cl)=C1,0.068032688,G5,H,,,Uncharged,Non-ionizable,Clc1cc(Cl)cc(Cl)c1
4069,H-491,-7.58,ClC1=CC(Cl)=C2OC3=CC=CC=C3OC2=C1Cl,0.031298598,G5,H,,,Uncharged,Non-ionizable,Clc1cc(Cl)c2c(c1Cl)Oc1ccccc1O2
4070,H-496,-2.14,CC(Cl)(Cl)Cl,0.256999246,G5,H,,,Uncharged,Non-ionizable,CC(Cl)(Cl)Cl
4071,H-499,-3.04,FC(Cl)(Cl)CCl,0.0,G1,H,,,Uncharged,Non-ionizable,FC(Cl)(Cl)CCl
4072,H-516,-4.23,ClC(Cl)C(Cl)=C=C(Cl)Cl,0.0,G1,H,,,Uncharged,Non-ionizable,ClC(Cl)=C=C(Cl)C(Cl)Cl
4073,H-517,-10.55,ClC1=C(Cl)C(Cl)=C(Cl)C(OC2=C(Cl)C(Cl)=C(Cl)C(Cl)=C2Cl)=C1,0.475,G3,H,,,Uncharged,Non-ionizable,Clc1cc(Oc2c(Cl)c(Cl)c(Cl)c(Cl)c2Cl)c(Cl)c(Cl)c1Cl
4074,H-519,-8.06,CC1=C(Cl)C=C(Cl)C(CC2=CC(Cl)=CC=C2Cl)=C1,0.0,G1,H,,,Uncharged,Non-ionizable,Cc1cc(Cc2cc(Cl)ccc2Cl)c(Cl)cc1Cl
4075,H-530,-6.05,CCOP(=S)(OCC)SCSC1=CC=C(Cl)C=C1,0.1571,G3,H,,,Uncharged,Non-ionizable,CCOP(=S)(OCC)SCSc1ccc(Cl)cc1
4076,H-553,-4.16,CC1OC(CC(O)C1O)OC1C(O)CC(OC2C(O)CC(OC3CCC4(C)C(CCC5C4CC(O)C4(C)C(CCC54O)C4=CC(=O)OC4)C3)OC2C)OC1C,0.158640754,G5,H,,,Uncharged,Non-ionizable,CC1OC(OC2C(O)CC(OC3C(O)CC(OC4CCC5(C)C(CCC6C5CC(O)C5(C)C(C7=CC(=O)OC7)CCC65O)C4)OC3C)OC2C)CC(O)C1O
4077,H-556,-6.08,ClC1=C(Cl)C2(Cl)C3COS(=O)OCC3C1(Cl)C2(Cl)Cl,0.090204379,G5,H,,,Uncharged,Non-ionizable,O=S1OCC2C(CO1)C1(Cl)C(Cl)=C(Cl)C2(Cl)C1(Cl)Cl
4078,H-572,-7.04,CCC1=CC=C(C=C1)C(C(Cl)Cl)C1=CC=C(CC)C=C1,0.27625,G3,H,,,Uncharged,Non-ionizable,CCc1ccc(C(c2ccc(CC)cc2)C(Cl)Cl)cc1
4079,H-574,-4.01,CC12CCC3C(CC=C4CC(O)CCC34C)C1CCC2=O,0.196129209,G5,H,,,Uncharged,Non-ionizable,CC12CCC3C(CC=C4CC(O)CCC43C)C1CCC2=O
4080,I-24,-2.66,ClC1=CC=C2OC(=O)NC2=C1,0.085,G3,I,,,Uncharged,Non-ionizable,O=c1[nH]c2cc(Cl)ccc2o1
