,SMILES,Name,logS0_25,logS0_t,sd,t,mp,MW,A,B,Sp,E,V,logP_RDKit,Kier_flexibility,SMILES_standard
0,B(C(NC(=O)C(NC(=O)c1nccnc1)Cc2ccccc2)CC(C)C)(O)O,Bortezomib,-2.06,-2.07,0.17,23,123,384.25,1.14,2.37,3.46,2.16,3,0.36,8.09,CC(C)CC(NC(=O)C(Cc1ccccc1)NC(=O)c1cnccn1)B(O)O
1,B(O)(O)O,BoricAcid,-0.09,-0.09,0.17,25,171,61.83,0.94,0.86,0.94,0.51,0.42,-2.05,1.26,OB(O)O
2,B1(OC(=O)C(O1)(CC(=O)O)CC(=O)O)[C@H](CC(C)C)NC(=O)CNC(=O)c2cc(ccc2Cl)Cl,Ixazomibcitrateester,-3.1,-2.93,0.19,37,199,517.12,1.65,2.64,4.73,2.11,3.48,1.54,9.31,CC(C)C[C@H](NC(=O)CNC(=O)c1cc(Cl)ccc1Cl)B1OC(=O)C(CC(=O)O)(CC(=O)O)O1
3,B1(c2ccc(cc2CO1)Oc3ccc(cc3)C#N)O,Crisaborole<EUCRISA>,-3.33,-3.36,0.24,23,178,251.05,0.31,1.03,2.08,1.78,1.83,1.57,2.96,N#Cc1ccc(Oc2ccc3c(c2)COB3O)cc1
4,BrC(C(=O)N)(Br)Br,"2,2,2-Tribromoacetamide",-1.2,-1.27,0.17,20,122,295.76,0.49,0.56,1.6,1.27,1.03,1.31,2.78,NC(=O)C(Br)(Br)Br
5,BrC(C(=O)N)(CC)CC,Carbromide,-1.11,-1.04,0.17,38,67,194.07,0.49,0.62,1.26,0.7,1.24,1.43,3.18,CCC(Br)(CC)C(N)=O
6,BrC(C(=O)N)Br,"2,2-Dibromoacetamide",-1,-1.06,0.17,20,96,216.86,0.57,0.57,1.45,1.01,0.86,0.59,2.76,NC(=O)C(Br)Br
7,BrC(CO)(Br)Br,"2,2,2-Tribromoethanol",-1.06,-0.92,0.17,40,81,282.76,0.42,0.29,0.96,1.06,0.97,1.82,3.26,OCC(Br)(Br)Br
8,BrC1=C(C=C(C=C1)O)C,4-Bromo-3-methylphenol,-1.98,-2.04,0.17,19,64,187.04,0.67,0.38,1.04,1.14,1.09,2.46,1.77,Cc1cc(O)ccc1Br
9,BrC1=C(C=C(C=C1)[N+](=O)[O-])N,2-Bromo-5-nitroaniline,-3.56,-3.56,0.28,25,132,217.02,0.3,0.51,1.82,1.44,1.17,1.94,2.09,Nc1cc([N+](=O)[O-])ccc1Br
10,BrC1=C(C=CC=C1)CO,2-Bromobenzenemethanol,-2.11,-2.16,0.17,20,69,187.04,0.31,0.53,1,1.13,1.09,1.94,2.25,OCc1ccccc1Br
11,BrC1=C(C=O)C=C(C=C1)Br,"2,5-Dibromobenzaldehyde",-3.8,-3.8,0.33,25,70,263.92,0,0.39,1.54,1.48,1.22,3.02,2.62,O=Cc1cc(Br)ccc1Br
12,BrC1=C2C(=C(C(=C1)OC)OC)C(OC2)=O,"4-Bromo-6,7-dimethoxyphthalide",-3.93,-3.93,0.36,25,148,273.08,0,0.81,1.84,1.33,1.54,2.14,2.56,COc1cc(Br)c2c(c1OC)C(=O)OC2
13,BrC1=CC(=C(C=C1)O)CO,Bromsalizol,-0.21,-0.21,0.17,25,113,203.03,0.98,0.79,1.24,1.37,1.15,1.65,2.29,OCc1cc(Br)ccc1O
14,BrC1=CC(=CC=C1)N=C=S,1-Bromo-3-Isothiocyanatobenzene,-4.09,-4.09,0.39,25,62,214.09,0,0.08,1.11,1.57,1.21,3.18,2.75,S=C=Nc1cccc(Br)c1
15,BrC1=CC(OC2=C1C=CC=C2)=O,4-Bromocourmarin,-1.63,-1.65,0.17,23,93,225.04,0,0.5,1.33,1.32,1.24,2.56,1.73,O=c1cc(Br)c2ccccc2o1
16,BrC1=CC3=C(C=C1)NC2=CC=CC=C2S3,3-Bromo-10H-phenothiazine,-6.02,-6.11,0.78,20,162,278.17,0.18,0.43,1.71,2.26,1.65,4.66,2.22,Brc1ccc2c(c1)Sc1ccccc1N2
17,BrC1=CC=C(C=C1)CO,4-Bromobenzenemethanol,-1.89,-1.93,0.17,20,70,187.04,0.31,0.53,1,1.13,1.09,1.94,2.25,OCc1ccc(Br)cc1
18,BrC1=CC=C(NC(C)=O)C=C1,4-Bromoacetanilide,-3.08,-3.08,0.19,25,154,214.06,0.47,0.65,1.62,1.23,1.29,2.41,2.65,CC(=O)Nc1ccc(Br)cc1
19,BrC1=CC=C(O1)C=O,5-Bromo-2-furaldehyde,-1.49,-1.54,0.17,20,84,174.98,0,0.44,1.22,0.93,0.87,1.85,1.48,O=Cc1ccc(Br)o1
20,BrC1=CC=C2C(=C1)C(OC2)=O,6-Bromo-1(3H)-isobenzofuranone,-2.65,-2.65,0.17,25,111,213.03,0,0.42,1.22,1.21,1.14,2.12,1.46,O=C1OCc2ccc(Br)cc21
21,BrC1=CC=CC(=C1)[N+](=O)[O-],3-Bromonitrobenzene,-1.31,-1.31,0.17,25,56,202.01,0,0.21,1.42,1.16,1.07,2.36,2.01,O=[N+]([O-])c1cccc(Br)c1
22,BrC1=CNC(NC1=O)=O,5-Bromouracil,-2.34,-2.37,0.17,23,310,190.98,0.44,0.9,1.63,1.18,0.93,-0.17,1.52,O=c1[nH]cc(Br)c(=O)[nH]1
23,BrC2=C(OCCOC1=C(C=C(C=C1Br)Br)Br)C(=CC(=C2)Br)Br,"1,2-Bis(2,4,6-bromo-3-phenoxy)ethane",-6.54,-6.54,0.89,25,180,687.64,0,0.4,2.41,3.1,2.77,7.72,7.74,Brc1cc(Br)c(OCCOc2c(Br)cc(Br)cc2Br)c(Br)c1
24,BrC2=CC=C(C(C(=O)OC(C)C)(O)C1=CC=C(C=C1)Br)C=C2,"i-Propyl-4,4'-dibromobenzilate<Bromopropylate>",-6.6,-6.63,0.9,20,77,428.12,0.17,1.06,1.72,2.02,2.51,4.4,5.42,CC(C)OC(=O)C(O)(c1ccc(Br)cc1)c1ccc(Br)cc1
25,BrCC2=CC(=O)Nc1ccccc12,NSC-108455,-3.03,-3.03,0.18,25,266,238.08,0.41,0.73,1.72,1.56,1.42,2.42,2.19,O=c1cc(CBr)c2ccccc2[nH]1
26,BrCC[S](=O)(=O)CC,1-Bromo-2-(ethylsulfonyl)ethane,-0.41,-0.44,0.17,18,42,201.08,0,0.57,1.32,0.41,1.13,0.82,3.64,CCS(=O)(=O)CCBr
27,BrN1C(CCC1=O)=O,N-bromosuccinimide,-1.08,-1.08,0.17,25,174,177.98,0,0.94,1.22,1.08,0.87,0.45,1.33,O=C1CCC(=O)N1Br
28,Brc1c(cccc1)C[N+](CC)(C)C,Bretylium(+).Cl,-0.68,-0.69,0.17,23,60,243.17,0,0.15,0.73,0.69,1.72,3.05,3.51,CC[N+](C)(C)Cc1ccccc1Br
29,Brc1cccc(c1)N(c4nc(nc3c4cnn3CC(C)c2ccccc2)SC)C(=O)OCCN5CCN(C)CC5,"Pyrazolo[3,4-d]pyrimidineanalog8",-5.1,-5.17,0.6,20,165,624.6,0,2.46,3.62,4.23,4.33,5.64,9.36,CSc1nc(N(C(=O)OCCN2CCN(C)CC2)c2cccc(Br)c2)c2cnn(CC(C)c3ccccc3)c2n1
30,Brc1cccc(c1)Nc4nc(nc3c4cnn3CC(C)c2ccccc2)SC,"Pyrazolo[3,4-d]pyrimidineanalog2",-7.57,-7.67,1.1,20,186,454.39,0.2,1.16,2.84,3.63,3.04,5.86,5.63,CSc1nc(Nc2cccc(Br)c2)c2cnn(CC(C)c3ccccc3)c2n1
31,C#CCC(Cc1cnc2c(n1)c(nc(n2)N)N)c3ccc(cc3)C(=O)N[C@@H](CCC(=O)O)C(=O)O,Pralatrexate,-4.04,-4.07,0.38,23,216,477.47,1.94,2.58,4.13,3.56,3.46,0.98,7.73,C#CCC(Cc1cnc2nc(N)nc(N)c2n1)c1ccc(C(=O)N[C@@H](CCC(=O)O)C(=O)O)cc1
32,C(#CC)CC(C(C=CC1C(O)CC2C1CC(=CCCCC(=O)O)C2)O)C,Iloprost,-2.53,-2.56,0.17,23,143,360.5,1.2,1.3,1.6,1.46,3.01,3.54,7.93,CC#CCC(C)C(O)C=CC1C(O)CC2CC(=CCCCC(=O)O)CC21
33,C(#CC)CC(C(C=CC1C2c3c(c(ccc3)CCCC(=O)O)OC2CC1O)O)C,Beraprost,-4.34,-4.37,0.44,23,155,398.5,1.2,1.51,2.03,2,3.16,3.29,6.99,CC#CCC(C)C(O)C=CC1C(O)CC2Oc3c(CCCC(=O)O)cccc3C21
34,C(#CC1CC1)C2(C(F)(F)F)c3c(ccc(Cl)c3)NC(=O)O2,Efavirenz,-4.79,-4.8,0.16,23,134,315.68,0.42,0.61,1.38,1.21,1.89,4.07,3.06,O=C1Nc2ccc(Cl)cc2C(C#CC2CC2)(C(F)(F)F)O1
35,C(#CCC)C(C1(C(=O)N(C(=O)NC1=O)C)CC=C)C,Methohexital,-3.09,-3.09,0.19,23,149,262.31,0.24,1.42,1.55,1.27,2.09,1.31,4.49,C=CCC1(C(C)C#CCC)C(=O)NC(=O)N(C)C1=O
36,C(#N)C1=C(C(=O)OC)C(C(C(=O)OC(C)C)=C(N1)C)c2cc([N+](=O)[O-])ccc2,Nilvadipine,-5.46,-5.47,0.67,23,149,385.38,0.13,1.74,2.79,1.75,2.79,2.46,6.16,COC(=O)C1=C(C#N)NC(C)=C(C(=O)OC(C)C)C1c1cccc([N+](=O)[O-])c1
37,C(#N)C1=C(C=CC=C1)C#N,"1,2-Dicyanobenzene",-2.51,-2.51,0.09,25,140,128.13,0,0.4,1.66,0.9,1.03,1.43,1.68,N#Cc1ccccc1C#N
38,C(#N)C1C(=O)NC(=C(c2ccncc2)C=1)C,Milrinone,-2.3,-2.32,0.17,23,264,211.23,0.26,1.36,2.08,1.51,1.64,1.62,2.52,Cc1[nH]c(=O)c(C#N)cc1-c1ccncc1
39,C(#N)C1N(C(=O)C(C23CC4(O)C(CC(C4)C2)CC3)N)C5C(C1)C5,Saxagliptin,-1.25,-1.27,0.17,23,175,315.42,0.52,1.8,2.47,1.97,2.39,1.16,2.66,N#CC1CC2CC2N1C(=O)C(N)C12CCC3CC(CC3(O)C1)C2
40,C(#N)CSCC(=O)NC1(OC)C(=O)N2C(C(=O)O)=C(CSc3nnnn3C)CSC12,Cefmetazole,-3.66,-3.7,0.3,23,191,471.54,0.85,3.18,4.41,3.44,3.03,-0.73,6.91,COC1(NC(=O)CSCC#N)C(=O)N2C(C(=O)O)=C(CSc3nnnn3C)CSC21
41,C(#N)N=C(N)N,2-Cyanoguanidine<Dicyandiamide>,-0.31,-0.31,0.17,25,211,84.08,0.55,1.21,1.02,0.87,0.66,-1.26,1.61,N#CN=C(N)N
42,C(#N)NC(=NC)NCCSCc1c([nH]cn1)C,Cimetidine,-1.6,-1.61,0.22,23,142,252.34,0.74,1.86,1.87,1.66,1.96,0.6,5.96,CN=C(NC#N)NCCSCc1nc[nH]c1C
43,C(#N)c1c(OCC(C)C)ccc(-c2nc(c(C(=O)O)s2)C)c1,Febuxostat,-6.54,-6.54,0.43,25,211,316.38,0.57,1.11,2.25,1.91,2.34,3.72,4.78,Cc1nc(-c2ccc(OCC(C)C)c(C#N)c2)sc1C(=O)O
44,C(#N)c1c(c(c(c(c1Cl)Cl)Cl)C#N)Cl,Chlorothanonil,-5.65,-5.65,0.71,25,250,265.92,0,0.28,1.99,1.43,1.52,4.04,3.48,N#Cc1c(Cl)c(Cl)c(Cl)c(C#N)c1Cl
45,C(#N)c1cc2c(C(c3ccc(F)cc3)(OC2)CCCN(C)C)cc1,Citalopram,-4,-4.02,0.37,23,183,324.4,0,1.08,1.87,1.66,2.53,3.81,4.66,CN(C)CCCC1(c2ccc(F)cc2)OCc2cc(C#N)ccc21
46,C(#N)c1ccc(C(c2ccc(C#N)cc2)n3ncnc3)cc1,Letrozole,-3.81,-3.84,0.11,23,181,285.31,0,0.97,2.92,2.29,2.16,2.66,3.63,N#Cc1ccc(C(c2ccc(C#N)cc2)n2cncn2)cc1
47,C(=C(c1ccccc1)CCCl)(c2ccc(OCCN(C)C)cc2)c3ccccc3,Toremifene,-3.01,-3.03,0.17,23,108,405.97,0,1.11,1.99,2.18,3.3,6.22,7.92,CN(C)CCOc1ccc(C(=C(CCCl)c2ccccc2)c2ccccc2)cc1
48,C(=C/C(=O)O)\C(=O)O,FumaricAcid,-1.35,-1.44,0.04,20,287,116.07,1.14,0.75,1.16,0.5,0.78,-0.29,2.33,O=C(O)/C=C/C(=O)O
49,C(=CC)C1=CC=C(C(=C1)O)O,4-(1-Propenyl)catechol,-1.31,-1.35,0.17,20,85,150.18,0.77,0.6,1.13,1.11,1.21,2.13,2.16,CC=Cc1ccc(O)c(O)c1
50,C(=CC1CC(OC)C(O)CC1)(C2OC(=O)C3N(C(=O)C(=O)C4(OC(C(OC)CC4C)C(OC)CC(CC(=CC(C(=O)CC(O)C2C)CC=C)C)C)O)CCCC3)C,Tacrolimus<FK506>,-5.8,-5.8,0.39,25,126,804.04,0.71,3.98,3.98,2.82,6.38,4.64,17.25,C=CCC1C=C(C)CC(C)CC(OC)C2OC(O)(C(=O)C(=O)N3CCCCC3C(=O)OC(C(C)=CC3CCC(O)C(OC)C3)C(C)C(O)CC1=O)C(C)CC2OC
51,C(=C[N+](=O)[O-])(NCCSCc1nc(sc1)CN(C)C)NC,Nizatidine,-1.18,-1.19,0.17,23,203,331.46,0.27,2.11,2.05,1.82,2.46,1.32,8.1,CNC(=C[N+](=O)[O-])NCCSCc1csc(CN(C)C)n1
52,C(=N/Nc1ccccn1)\c2ccccc2,2-[(2E)-2-Benzylidenehydrazino]pyridine,-4.08,-4.08,0.16,25,151,197.24,0.13,0.82,1.36,1.61,1.58,2.53,3.08,C(=N/Nc1ccccn1)\c1ccccc1
53,C(=N/Nc1ccccn1)\c2ccccn2,Picolinaldehyde2-pyridylhydrazone,-2.97,-2.97,0.16,25,182,198.22,0.13,1.1,1.49,1.65,1.54,1.92,3.02,C(=N/Nc1ccccn1)\c1ccccn1
54,C(=N/Nc1ccccn1)\c2cccnc2,3-Pyridinecarbaldehyde2-pyridylhydrazone,-3.15,-3.15,0.16,25,176,198.22,0.13,1.1,1.49,1.65,1.54,1.92,3.02,C(=N/Nc1ccccn1)\c1cccnc1
55,C(=N/Nc1ccccn1)\c3ccc(OCc2ccccc2)cn3,HydrazoneanalogpH22-49,-4.93,-4.93,0.16,25,161,304.35,0.13,1.4,2.05,2.29,2.35,3.5,4.93,C(=N/Nc1ccccn1)\c1ccc(OCc2ccccc2)cn1
56,C(=NN)(N)N[N+](=O)[O-],Nitroaminoguanidine,-2.61,-2.65,0.6,21,185,119.08,0.69,1.69,1.18,1.06,0.78,-2.04,2.11,NN=C(N)N[N+](=O)[O-]
57,C(=NN=Cc1c(Cl)cccc1Cl)(N)N,Guanabenz,-1.3,-1.32,0.17,23,228,231.09,0.55,1.2,1.02,1.73,1.56,1.6,3.73,NC(N)=NN=Cc1c(Cl)cccc1Cl
58,C(=NOCCCCC(=O)O)(c1cc(C(F)(F)F)ccc1)c2cnccc2,Ridogrel,-4.23,-4.26,0.42,23,149,366.34,0.57,1.08,1.49,1.23,2.51,4.12,6.71,O=C(O)CCCCON=C(c1cccnc1)c1cccc(C(F)(F)F)c1
59,C(=O)(C(C(=O)O)c1ccccc1)NC2C(=O)N3C(C(=O)O)C(SC32)(C)C,Carbenicillin,-3.37,-3.4,0.24,23,180,378.41,1.42,2.41,3.14,2.44,2.59,0.49,4.43,CC1(C)SC2C(NC(=O)C(C(=O)O)c3ccccc3)C(=O)N2C1C(=O)O
60,C(=O)(C(C(=O)O)c1cscc1)NC2C(=O)N3C(C(=O)O)C(SC32)(C)C,Ticarcillin,-2.72,-2.75,0.17,23,180,384.43,1.42,2.35,3.06,2.39,2.52,0.55,4.28,CC1(C)SC2C(NC(=O)C(C(=O)O)c3ccsc3)C(=O)N2C1C(=O)O
61,C(=O)(C(C)C)Nc1cc(C(F)(F)F)c([N+](=O)[O-])cc1,Flutamide,-4.43,-4.43,0.27,25,112,276.22,0.53,0.68,1.76,0.83,1.76,3.21,4.13,CC(C)C(=O)Nc1ccc([N+](=O)[O-])c(C(F)(F)F)c1
62,C(=O)(C(CCC)CCC)O,ValproicAcid,-2.02,-2.05,0.03,23,125,144.22,0.57,0.4,0.62,0.17,1.31,2.29,4.99,CCCC(CCC)C(=O)O
63,C(=O)(C(Cc1cc(I)c(Oc2cc(I)c(c(I)c2)O)c(I)c1)N)O,L-Thyroxine,-6.08,-6.12,0.43,23,236,776.87,1.03,1.31,2.83,4.14,3.07,4.56,7.63,NC(Cc1cc(I)c(Oc2cc(I)c(O)c(I)c2)c(I)c1)C(=O)O
64,C(=O)(C(Cc1cc(c(O)cc1)O)N)O,L-DOPA<Levodopa><3-Hydroxytyrosine>,-2.05,-2.08,0.17,23,270,197.19,1.56,1.44,1.77,1.33,1.43,0.05,2.93,NC(Cc1ccc(O)c(O)c1)C(=O)O
65,C(=O)(C(Cc1ccccc1)CC(O)CN2C(C(=O)NC(C)(C)C)CN(Cc3cnccc3)CC2)NC4c5c(cccc5)CC4O,Indinavir,-4.62,-4.62,0.16,23,168,613.79,0.98,3.59,4.27,3.63,4.9,2.87,10.65,CC(C)(C)NC(=O)C1CN(Cc2cccnc2)CCN1CC(O)CC(Cc1ccccc1)C(=O)NC1c2ccccc2CC1O
66,C(=O)(C(N)C)Nc1c(cccc1C)C,Tocainide,-1.26,-1.28,0.17,23,256,192.26,0.47,1.24,1.62,1.15,1.64,1.59,3.25,Cc1cccc(C)c1NC(=O)C(C)N
67,C(=O)(C(NC(=O)C1CCC(C(C)C)CC1)Cc2ccccc2)O,Nateglinide,-2.96,-2.99,0.17,23,130,317.43,0.83,1.12,2.02,1.29,2.63,3.26,6.2,CC(C)C1CCC(C(=O)NC(Cc2ccccc2)C(=O)O)CC1
68,C(=O)(C(c1ccc(O)cc1)N)NC2C(=O)N3C(C(=O)O)C(SC32)(C)C,Amoxicillin,-1.99,-2.02,0.09,23,194,365.4,1.55,2.9,3.22,2.7,2.54,0.02,4.16,CC1(C)SC2C(NC(=O)C(N)c3ccc(O)cc3)C(=O)N2C1C(=O)O
69,C(=O)(C(c1ccc(cc1)CC(C)C)C)O,Ibuprofen,-3.71,-3.73,0.23,23,75,206.28,0.57,0.51,1.01,0.78,1.78,3.07,3.89,CC(C)Cc1ccc(C(C)C(=O)O)cc1
70,C(=O)(C1(C2(C(C3C(C4(C(=CC(=O)C=C4)C(C3)C)C)C(O)C2)CC1)C)O)CO,Methylprednisolone,-3.05,-3.06,0.18,23,233,374.48,0.73,2,3,2.2,2.9,1.8,4.13,CC1CC2C(C(O)CC3(C)C2CCC3(O)C(=O)CO)C2(C)C=CC(=O)C=C12
71,C(=O)(C1(C2(C(C3C(F)(C4(C(=CC(=O)C=C4)CC3)C)C(O)C2)CC1O)C)O)CO,Triamcinolone,-3.67,-3.69,0.21,23,270,394.44,1.03,2.25,3.21,2.27,2.83,0.62,4.13,CC12C=CC(=O)C=C1CCC1C3CC(O)C(O)(C(=O)CO)C3(C)CC(O)C12F
72,C(=O)(C1(O)Cc2c(c3C(=O)c4c(C(=O)c3c(c2C(OC5OC(C(O)C(N)C5)C)C1)O)c(OC)ccc4)O)CO,Doxorubicin<Adriamycin>,-1.71,-1.74,0.21,23,205,543.53,1.17,3.34,3.69,3.75,3.73,0,6.73,COc1cccc2c1C(=O)c1c(O)c3c(c(O)c1C2=O)CC(O)(C(=O)CO)CC3OC1CC(N)C(O)C(C)O1
73,C(=O)(C1=C(CSC2N1C(=O)C2NC(=O)C(C3=CCC=CC3)N)C)O,Cephradine,-1.1,-1.13,0.13,23,140,349.41,1.06,2.59,3.06,2.45,2.48,0.35,4.51,CC1=C(C(=O)O)N2C(=O)C(NC(=O)C(N)C3=CCC=CC3)C2SC1
74,C(=O)(C1=C(CSc2nnnn2C)CO[C@@H]3[C@@](OC)(C(=O)N13)NC(=O)C(C(=O)O)c4ccc(O)cc4)O,Moxalactam<Latamoxef>,-1,-1.02,0.17,23,191,520.48,1.93,3.67,4.83,3.56,3.35,-1.13,6.66,CO[C@@]1(NC(=O)C(C(=O)O)c2ccc(O)cc2)C(=O)N2C(C(=O)O)=C(CSc3nnnn3C)CO[C@@H]21
75,C(=O)(C1=C(Cl)CCC2N1C(=O)C2NC(=O)C(c3ccccc3)N)O,Loracarbef,-3.13,-3.16,0.2,23,194,349.78,1.06,2.42,3.26,2.3,2.39,0.71,4.3,NC(C(=O)NC1C(=O)N2C(C(=O)O)=C(Cl)CCC12)c1ccccc1
76,C(=O)(C1=C(Cl)CSC2N1C(=O)C2NC(=O)C(c3ccccc3)N)O,Cefaclor,-1.59,-1.63,0.1,23,327,367.81,1.06,2.54,3.41,2.65,2.42,0.62,4.52,NC(C(=O)NC1C(=O)N2C(C(=O)O)=C(Cl)CSC12)c1ccccc1
77,C(=O)(C1C(=O)c2c(N(C=1)CC)cc(c(F)c2)N3CCN(CC3)C)O,Pefloxacin,-4.89,-4.91,0.55,23,271,333.37,0.57,1.86,2.36,1.91,2.46,1.61,4.28,CCn1cc(C(=O)O)c(=O)c2cc(F)c(N3CCN(C)CC3)cc21
78,C(=O)(C1C2C(=C(C(=O)C=1N)C)Oc3c(c(C(=O)NC4C(=O)NC(C(=O)N5C(C(=O)N(CC(=O)N(C(C(=O)OC4C)C(C)C)C)C)CCC5)C(C)C)ccc3C)N=2)NC6C(=O)NC(C(=O)N7C(C(=O)N(CC(=O)N(C(C(=O)OC6C)C(C)C)C)C)CCC7)C(C)C,Dactinomycin<ActinomycinD>,-3.11,-3.1,0.16,23,242,1255.45,1.36,8.49,11.45,6.12,9.49,0.73,21.07,Cc1c2oc3c(C)ccc(C(=O)NC4C(=O)NC(C(C)C)C(=O)N5CCCC5C(=O)N(C)CC(=O)N(C)C(C(C)C)C(=O)OC4C)c3nc-2c(C(=O)NC2C(=O)NC(C(C)C)C(=O)N3CCCC3C(=O)N(C)CC(=O)N(C)C(C(C)C)C(=O)OC2C)c(N)c1=O
79,C(=O)(C1Oc2c(C(=O)C=1)c(OCC(O)COc3c4C(=O)C=C(C(=O)O)Oc4ccc3)ccc2)O,Cromolyn<CromogliciAcid>,-4.37,-4.4,0.45,23,200,468.38,1.33,2.73,3.72,2.95,3.09,2.11,6.02,O=C(O)c1cc(=O)c2c(OCC(O)COc3cccc4oc(C(=O)O)cc(=O)c34)cccc2o1
80,C(=O)(CCCCN1C(=O)c2c(ncn2C)N(C1=O)C)C,Pentoxifylline,-0.15,-0.16,0.29,23,105,278.31,0,1.59,2.42,1.68,2.08,0.19,3.87,CC(=O)CCCCn1c(=O)c2c(ncn2C)n(C)c1=O
81,C(=O)(CCc1cc2c(cc(OC)cc2)cc1)C,Nabumetone,-4.58,-4.58,0.21,25,80,228.29,0,0.7,1.56,1.57,1.86,3.37,3.43,COc1ccc2cc(CCC(C)=O)ccc2c1
82,C(=O)(N)NC(=O)N,ImidodicarbonicDiamide<Biuret>,-0.72,-0.83,0.17,15,190,103.08,1.03,1,1.46,0.86,0.72,-1.27,1.65,NC(=O)NC(N)=O
83,C(=O)(N1C(=O)NCC1)NC(C(=O)NC2C(=O)N3C(C(=O)O)C(SC32)(C)C)c4ccccc4,Azlocillin,-3.97,-4,0.37,23,187,461.5,1.21,3.11,4.01,3.12,3.16,0.09,5.49,CC1(C)SC2C(NC(=O)C(NC(=O)N3CCNC3=O)c3ccccc3)C(=O)N2C1C(=O)O
84,C(=O)(N1C(C(=O)NCC(=O)N)CCC1)C(NC(=O)C(NC(=O)C(NC(=O)C(NC(=O)C(NC(=O)C(NC(=O)C(NC(=O)C2NC(=O)CC2)Cc3cnc[nH]3)Cc4c5c(cccc5)[nH]c4)CO)Cc6ccc(O)cc6)Cc7cc8c(cc7)cccc8)CC(C)C)CCCN=C(N)N,Nafarelin,-5.58,-5.58,0.69,25,189,1322.47,4.74,9.32,13.46,8.93,9.88,-1.62,24.97,CC(C)CC(NC(=O)C(Cc1ccc2ccccc2c1)NC(=O)C(Cc1ccc(O)cc1)NC(=O)C(CO)NC(=O)C(Cc1c[nH]c2ccccc12)NC(=O)C(Cc1cnc[nH]1)NC(=O)C1CCC(=O)N1)C(=O)NC(CCCN=C(N)N)C(=O)N1CCCC1C(=O)NCC(N)=O
85,C(=O)(N1C(C(=O)NCC)CCC1)C(NC(=O)C(NC(=O)C(NC(=O)C(NC(=O)C(NC(=O)C(NC(=O)C(NC(=O)C2NC(=O)CC2)Cc3cnc[nH]3)Cc4c5c(cccc5)[nH]c4)CO)Cc6ccc(O)cc6)CC(C)C)CC(C)C)CCCN=C(N)N,Leuprolide<Leuprorelin>,-3.16,-3.14,0.2,23,153,1209.43,4.25,8.66,11.75,7.23,9.21,-1.44,24.99,CCNC(=O)C1CCCN1C(=O)C(CCCN=C(N)N)NC(=O)C(CC(C)C)NC(=O)C(CC(C)C)NC(=O)C(Cc1ccc(O)cc1)NC(=O)C(CO)NC(=O)C(Cc1c[nH]c2ccccc12)NC(=O)C(Cc1cnc[nH]1)NC(=O)C1CCC(=O)N1
86,C(=O)(N1C(C(=O)O)CC(C2CCCCC2)C1)CP(=O)(O)CCCCc3ccccc3,Fosinoprilat,-4.61,-4.64,0.5,23,166,435.5,0.88,1.96,2.46,1.85,3.41,4.16,8.13,O=C(O)C1CC(C2CCCCC2)CN1C(=O)CP(=O)(O)CCCCc1ccccc1
87,C(=O)(N1C(C(=O)O)CCC1)C(NC(C(=O)O)CCc2ccccc2)CCCCN,Lisinopril,-3.23,-3.23,0.22,23,176,405.5,1.49,2.47,2.98,1.81,3.19,1.24,9.08,NCCCCC(NC(CCc1ccccc1)C(=O)O)C(=O)N1CCCC1C(=O)O
88,C(=O)(N1CCN(c2ccc(OCC3OC(c4c(Cl)cc(Cl)cc4)(OC3)Cn5cncc5)cc2)CC1)C,Ketoconazole,-5.45,-5.45,0.15,25,146,531.44,0,2.22,3.76,3.14,3.72,4.21,7.38,CC(=O)N1CCN(c2ccc(OCC3COC(Cn4ccnc4)(c4ccc(Cl)cc4Cl)O3)cc2)CC1
89,C(=O)(N1c2c(C(=O)Cc3c1cccc3)cccc2)N,Oxcarbazepine,-3.44,-3.47,0.12,23,216,252.27,0.39,1.16,2.45,2.18,1.87,2.64,2.56,NC(=O)N1c2ccccc2CC(=O)c2ccccc21
90,C(=O)(N1c2c(cccc2)C(O)Cc3c1cccc3)N,Licarbazepine<10-Hydroxycarbamazepine>,-3.73,-3.75,0.32,23,188,254.29,0.71,1.3,2.15,2.2,1.91,2.49,2.72,NC(=O)N1c2ccccc2CC(O)c2ccccc21
91,C(=O)(N1c2c(cccc2)C3OC3c4c1cccc4)N,"Carbamazepine10,11-Epoxide",-3.37,-3.4,0.24,23,205,252.28,0.39,1.1,2.17,2.24,1.8,3.03,2,NC(=O)N1c2ccccc2C2OC2c2ccccc21
92,C(=O)(N1c2c(cccn2)NC(=O)c3c1cccc3)CN4CCN(CC4)C,Pirenzepine,-3.01,-3.04,0.17,23,238,351.41,0.42,2.42,3.13,2.7,2.62,1.56,4.4,CN1CCN(CC(=O)N2c3ccccc3C(=O)Nc3cccnc32)CC1
93,C(=O)(NC(=N)N)Cc1c(Cl)cccc1Cl,Guanfacine,-2.36,-2.39,0.17,23,226,246.09,0.6,1.19,1.79,1.69,1.66,1.55,3.94,N=C(N)NC(=O)Cc1c(Cl)cccc1Cl
94,C(=O)(NC(C(O)C)C1OC(SC)C(O)C(O)C1O)C2N(CC(CCC)C2)C,Lincomycin,-0.91,-0.91,0.17,23,156,406.55,1.26,2.93,2.63,2.18,3.1,-0.86,8.36,CCCC1CC(C(=O)NC(C(C)O)C2OC(SC)C(O)C(O)C2O)N(C)C1
95,C(=O)(NCC)CCCC=CCC1C(C=CC(O)CCc2ccccc2)C(O)CC1O,Bimatoprost,-2.71,-2.72,0.17,23,144,415.58,1.19,1.8,2.6,2.04,3.49,3.15,10.84,CCNC(=O)CCCC=CCC1C(O)CC(O)C1C=CC(O)CCc1ccccc1
96,C(=O)(NCCc1c2c(ccc(OC)c2)[nH]c1)C,Melatonin,-3.35,-3.37,1,23,117,232.28,0.57,1.11,2.02,1.61,1.83,1.86,3.32,COc1ccc2[nH]cc(CCNC(C)=O)c2c1
97,C(=O)(NCc1cc(OC)c(O)cc1)CCCCC=CC(C)C,Capsaicin,-3.7,-3.71,0.31,23,66,305.42,0.53,1.15,1.9,1.25,2.6,3.79,8.11,COc1cc(CNC(=O)CCCCC=CC(C)C)ccc1O
98,C(=O)(NCc1ccccc1)Cn2c(ncc2)[N+](=O)[O-],Benznidazole<ROCHAGAN>,-2.97,-2.81,0.17,37,189,260.25,0.26,1.23,2.88,1.78,1.86,1.11,3.87,O=C(Cn1ccnc1[N+](=O)[O-])NCc1ccccc1
99,C(=O)(NO)N,Hydroxyurea,-0.16,-0.18,0.17,23,141,76.06,0.91,0.98,1.4,0.73,0.52,-0.96,1.3,NC(=O)NO
100,C(=O)(NS(=O)(=O)c1ccc(C(=O)C)cc1)NC2CCCCC2,Acetohexamide,-1.94,-1.98,0.17,23,188,324.4,0.59,1.46,2.79,1.76,2.39,2.21,5.18,CC(=O)c1ccc(S(=O)(=O)NC(=O)NC2CCCCC2)cc1
101,C(=O)(NS(=O)(=O)c1ccc(cc1)C)NC2C(C3(C(C2CC3)(C)C)C)O,Glibornuride,-3.23,-3.26,0.22,23,192,366.48,0.84,1.64,2.46,1.96,2.74,2.17,4.16,Cc1ccc(S(=O)(=O)NC(=O)NC2C3CCC(C)(C2O)C3(C)C)cc1
102,C(=O)(NS(=O)(=O)c1ccc(cc1)C)NCCCC,Tolbutamide,-3.36,-3.39,0.09,23,129,270.35,0.59,1.15,2.21,1.33,2.06,1.78,5.15,CCCCNC(=O)NS(=O)(=O)c1ccc(C)cc1
103,C(=O)(NS(=O)(=O)c1ccc(cc1)C)NN2CC3C(C2)CCC3,Gliclazide,-4.88,-4.92,0.37,23,181,323.42,0.59,1.66,2.54,1.93,2.3633,1.63,4.1,Cc1ccc(S(=O)(=O)NC(=O)NN2CC3CCCC3C2)cc1
104,C(=O)(Nc1ccc(O)cc1)C,Acetaminophen<Paracetamol>,-0.78,-0.8,0.1,23,170,151.2,0.91,0.93,1.66,1.12,1.17,1.35,2.11,CC(=O)Nc1ccc(O)cc1
105,C(=O)(Nc1ccc(OCC)cc1)C,Phenacetin,-2.38,-2.39,0.14,23,135,179.22,0.41,0.87,1.55,0.96,1.45,2.04,3.32,CCOc1ccc(NC(C)=O)cc1
106,C(=O)(O)C1C(S(=O)(=O)C2N1C(=O)C2)(Cn3nncc3)C,Tazobactam,-1.81,-1.85,0.17,23,176,300.29,0.57,2.29,2.89,1.83,1.88,-1.52,2.46,CC1(Cn2ccnn2)C(C(=O)O)N2C(=O)CC2S1(=O)=O
107,C(=O)(O)C1C2OC(O)(CC1O)CC(O)CC(O)C(O)CCC(O)CC(O)CC(=O)OC(C(C(O)C(C=CC=CC=CC=CC=CC=CC=CC(OC3OC(C(O)C(C3O)N)C)C2)C)C)C,AmphotericinB,-4.01,-3.97,0.69,23,179,924.09,3.55,5.99,5.12,4.47,7.12,0.71,23.55,CC1C=CC=CC=CC=CC=CC=CC=CC(OC2OC(C)C(O)C(N)C2O)CC2OC(O)(CC(O)CC(O)C(O)CCC(O)CC(O)CC(=O)OC(C)C(C)C1O)CC(O)C2C(=O)O
108,C(=O)(O)CC(O)CC(C=Cc1c(c(c(nc1C(C)C)C(C)C)COC)-c2ccc(F)cc2)O,Cerivastatin,-5.67,-5.7,0.71,23,164,459.56,1.2,1.8,2.25,2.23,3.62,4.88,9.7,COCc1c(C(C)C)nc(C(C)C)c(C=CC(O)CC(O)CC(=O)O)c1-c1ccc(F)cc1
109,C(=O)(O)CC(c1ccc(Cl)cc1)CN,Baclofen,-1.99,-2.01,0.15,23,208,213.67,0.78,1.02,1.47,1.1,1.58,1.86,3.92,NCC(CC(=O)O)c1ccc(Cl)cc1
110,C(=O)(O)CC1(c2c(c3c(c(ccc3)CC)[nH]2)CCO1)CC,Etodolac,-4.42,-4.46,0.46,23,147,287.36,0.88,0.9,1.57,1.69,2.24,3.38,3.49,CCc1cccc2c3c([nH]c12)C(CC)(CC(=O)O)OCC3
111,C(=O)(O)CC1c2c(C(C=1C)=Cc3ccc(SC)cc3)ccc(F)c2,SulindacSulfide,-5.05,-5.08,0.59,23,185,340.42,0.57,0.79,1.66,1.99,2.56,5.35,4.58,CSc1ccc(C=C2C(C)=C(CC(=O)O)c3cc(F)ccc32)cc1
112,C(=O)(O)CCCCC1SCC2C1NC(=O)N2,Biotin,-3.01,-3.05,0.17,23,232,244.31,0.95,1.22,1.86,1.35,1.75,0.8,3.58,O=C(O)CCCCC1SCC2NC(=O)NC21
113,C(=O)(O)CCCCCN,6-AminocaproicAcid,0.75,0.75,0.01,25,205,131.18,0.78,0.91,0.95,0.37,1.13,0.59,5.21,NCCCCCC(=O)O
114,C(=O)(O)CCc1nc(c(-c2ccccc2)o1)-c3ccccc3,Oxaprozin,-2.2,-2.24,0.17,23,159,293.33,0.57,0.92,2.17,2.3,2.21,4.03,4,O=C(O)CCc1nc(-c2ccccc2)c(-c2ccccc2)o1
115,C(=O)(O)COCCN1CCN(C(c2ccc(Cl)cc2)c3ccccc3)CC1,Cetirizine,-3.58,-3.59,0.29,23,113,388.9,0.57,1.76,2.24,2.05,2.94,3.15,7.23,O=C(O)COCCN1CCN(C(c2ccccc2)c2ccc(Cl)cc2)CC1
116,C(=O)(OC(C)C)C1=C(NC(=C(C(=O)OC)C1c2c3c(non3)ccc2)C)C,Isradipine,-4.66,-4.67,0.51,23,169,371.4,0.13,1.79,2.15,2.09,2.71,2.58,4.98,COC(=O)C1=C(C)NC(C)=C(C(=O)OC(C)C)C1c1cccc2nonc12
117,C(=O)(OC(C)C)C1=C(NC(=C(C(=O)OCCOC)C1c2cc([N+](=O)[O-])ccc2)C)C,Nimodipine,-5.22,-5.22,0.3,23,125,418.44,0.13,1.79,2.41,1.6,3.12,2.97,7.71,COCCOC(=O)C1=C(C)NC(C)=C(C(=O)OC(C)C)C1c1cccc([N+](=O)[O-])c1
118,C(=O)(OC(C)C)CCCC=CCC1C(O)CC(O)C1CCC(O)CCc2ccccc2,Latanoprost,-3.94,-3.94,0.36,23,140,432.61,0.94,1.54,2.02,1.64,3.63,4.19,11.27,CC(C)OC(=O)CCCC=CCC1C(O)CC(O)C1CCC(O)CCc1ccccc1
119,C(=O)(OC(OP(=O)(CC(=O)N1C(C(=O)O)CC(C2CCCCC2)C1)CCCCc3ccccc3)C(C)C)CC,Fosinopril,-4.38,-4.41,0.45,23,151,563.68,0.57,2.3,2.74,1.76,4.47,6.12,12.05,CCC(=O)OC(OP(=O)(CCCCc1ccccc1)CC(=O)N1CC(C2CCCCC2)CC1C(=O)O)C(C)C
120,C(=O)(OC(c1ccccc1)(C(CN(C)C)C)Cc2ccccc2)CC,Propoxyphene,-4.5,-4.5,0.34,23,75,339.48,0,1.11,1.63,1.36,2.91,4.28,6.77,CCC(=O)OC(Cc1ccccc1)(c1ccccc1)C(C)CN(C)C
121,C(=O)(OC)C(c1c(Cl)cccc1)N2Cc3c(scc3)CC2,Clopidogrel,-4.77,-4.79,0.64,23,158,321.83,0,0.98,1.71,1.72,2.28,3.67,4.29,COC(=O)C(c1ccccc1Cl)N1CCc2sccc2C1
122,C(=O)(OC1(C(=O)C)C2(C(C3C(C4(C(=CC(=O)CC4)C(C3)C)C)CC2)CC1)C)C,Medroxyprogesterone17-Acetate,-4.24,-4.24,0.34,23,51,386.53,0,1.41,2.84,1.6,3.12,4.66,4.44,CC(=O)OC1(C(C)=O)CCC2C3CC(C)C4=CC(=O)CCC4(C)C3CCC21C
123,C(=O)(OC1(C(=O)C)C2(C(C3C=C(Cl)C4C(C5C(C(=O)C=4)C5)(C3CC2)C)CC1)C)C,CyproteroneAcetate,-5.28,-5.3,0.63,23,201,416.95,0,1.44,3.03,1.96,3.13,4.61,3.93,CC(=O)OC1(C(C)=O)CCC2C3C=C(Cl)C4=CC(=O)C5CC5C4(C)C3CCC21C
124,C(=O)(OC1(C(=O)SCF)C2(C(C3C(F)(C4(C(=CC(=O)C=C4)C(F)C3)C)C(O)C2)CC1C)C)CC,FluticasonePropionate,-5.98,-5.99,0.77,23,273,500.58,0.39,1.84,3.27,2,3.49,4.43,6.16,CCC(=O)OC1(C(=O)SCF)C(C)CC2C3CC(F)C4=CC(=O)C=CC4(C)C3(F)C(O)CC21C
125,C(=O)(OC1C(C(=O)OC)C2N(C(C1)CC2)C)c3ccccc3,Cocaine,-2.27,-2.28,0.01,23,98,303.36,0,1.36,1.76,1.32,2.3,1.87,4.15,COC(=O)C1C(OC(=O)c2ccccc2)CC2CCC1N2C
126,C(=O)(OC1C(C(O)C(C(O)C(C=CC=C(C(=O)Nc2c3c(c4c5C(=O)C(Oc5c(c(c4c2O)O)C)(OC=CC(OC)C1C)C)nc6n3C=CC(=C6)C)C)C)C)C)C,Rifaximin,-5.88,-5.9,0.75,23,202,785.9,1.99,3.89,4.88,5.08,5.86,6.16,11.19,COC1C=COC2(C)Oc3c(C)c(O)c4c(O)c(c5c(nc6cc(C)ccn65)c4c3C2=O)NC(=O)C(C)=CC=CC(C)C(O)C(C)C(O)C(C)C(OC(C)=O)C1C
127,C(=O)(OC1C(C(OC)C=COC2(C(=O)c3c4c(C(=O)C(=C5C4=NC6(N5)CCN(CC(C)C)CC6)NC(=O)C(=CC=CC(C(O)C(C(O)C1C)C)C)C)c(c(c3O2)C)O)C)C)C,Rifabutin,-3.66,-3.65,0.66,23,176,847.03,1.31,4.39,4.43,4.24,6.47,4.62,13.11,COC1C=COC2(C)Oc3c(C)c(O)c4c(c3C2=O)C2=NC3(CCN(CC(C)C)CC3)NC2=C(NC(=O)C(C)=CC=CC(C)C(O)C(C)C(O)C(C)C(OC(C)=O)C1C)C4=O
128,C(=O)(OC1C(OC)C(C(=O)OC)C2C(CN3C(c4c(c5c(cc(OC)cc5)[nH]4)CC3)C2)C1)c6cc(OC)c(OC)c(OC)c6,Reserpine,-5.71,-5.71,0.17,25,265,608.7,0.31,2.76,3.79,3.1,4.45,4.17,8.34,COC(=O)C1C2CC3c4[nH]c5cc(OC)ccc5c4CCN3CC2CC(OC(=O)c2cc(OC)c(OC)c(OC)c2)C1OC
129,C(=O)(OC1C2(C(C(=C(C(OC(=O)C(C(c3ccccc3)NC(=O)OC(C)(C)C)O)C2)C)C(C(=O)C4(C1C5(OC(=O)C)C(OC5)CC4O)C)O)(C)C)O)c6ccccc6,Docetaxel,-5.11,-5.09,0.3,23,232,807.9,1.03,4.01,4.18,3.47,5.92,3.26,11.23,CC(=O)OC12COC1CC(O)C1(C)C(=O)C(O)C3=C(C)C(OC(=O)C(O)C(NC(=O)OC(C)(C)C)c4ccccc4)CC(O)(C(OC(=O)c4ccccc4)C21)C3(C)C
130,C(=O)(OC1C2C(C=CC(C2CCC(O)CC(O)CC(=O)O)C)=CC(O)C1)C(CC)C,Pravastatin,-4.88,-4.89,0.15,25,326,424.54,1.51,1.89,2.11,1.6,3.37,2.44,9.07,CCC(C)C(=O)OC1CC(O)C=C2C=CC(C)C(CCC(O)CC(O)CC(=O)O)C21
131,C(=O)(OC1C2C(OC1)OCC2)NC(C(O)CN(S(=O)(=O)c3ccc(cc3)N)CC(C)C)Cc4ccccc4,Darunavir,-3.56,-3.56,0.15,23,93,547.66,0.64,2.86,3.74,2.97,4.05,2.38,9.27,CC(C)CN(CC(O)C(Cc1ccccc1)NC(=O)OC1COC2OCCC12)S(=O)(=O)c1ccc(N)cc1
132,C(=O)(OC1CN(Cc2ccccc2)CCC1)C3=C(NC(=C(C(=O)OC)C3c4cc([N+](=O)[O-])ccc4)C)C,Benidipine,-7.08,-7.09,1,23,173,505.56,0.13,2.13,2.99,2.51,3.8,4.21,8.03,COC(=O)C1=C(C)NC(C)=C(C(=O)OC2CCCN(Cc3ccccc3)C2)C1c1cccc([N+](=O)[O-])c1
133,C(=O)(OC1COCC1)NC(C(O)CN(S(=O)(=O)c2ccc(cc2)N)CC(C)C)Cc3ccccc3,Amprenavir,-4.09,-4.09,0.23,25,131,505.6,0.64,2.61,3.52,2.71,3.82,2.4,9.51,CC(C)CN(CC(O)C(Cc1ccccc1)NC(=O)OC1CCOC1)S(=O)(=O)c1ccc(N)cc1
134,C(=O)(OC1COCC1)NC(C(OP(=O)(O)O)CN(S(=O)(=O)c2ccc(cc2)N)CC(C)C)Cc3ccccc3,Fosamprenavir,-3.25,-3.28,0.06,23,176,585.62,1.08,3.51,4.08,3.04,4.2,2.52,10.9,CC(C)CN(CC(OP(=O)(O)O)C(Cc1ccccc1)NC(=O)OC1CCOC1)S(=O)(=O)c1ccc(N)cc1
135,C(=O)(OC1c2c(C(=O)N1c3ncc(Cl)cc3)nccn2)N4CCN(CC4)C,Zopiclone,-3.49,-3.51,0.27,23,178,388.82,0,2.43,3.2,2.66,2.62,1.57,4.63,CN1CCN(C(=O)OC2c3nccnc3C(=O)N2c2ccc(Cl)cn2)CC1
136,C(=O)(OCC(=O)C12C3(C(C4C(C5(C(=CC(=O)C=C5)CC4)C)C(O)C3)CC1OC(O2)C6CCCCC6)C)C(C)C,Ciclesonide,-5.7,-5.7,0.72,25,206,540.7,0.31,2.27,3.66,2.49,4.16,4.7,6.75,CC(C)C(=O)OCC(=O)C12OC(C3CCCCC3)OC1CC1C3CCC4=CC(=O)C=CC4(C)C3C(O)CC12C
137,C(=O)(OCC(COC(=O)C)CCn1c2c(nc1)cnc(n2)N)C,Famciclovir,-3.69,-3.7,0.31,23,103,321.34,0.23,1.64,2.5,1.89,2.34,0.54,5.45,CC(=O)OCC(CCn1cnc2cnc(N)nc21)COC(C)=O
138,C(=O)(OCC(OCn1c2c(C(=O)N=C(N2)N)nc1)CO)C(C(C)C)N,Valganciclovir<Valcyte>,-0.69,-0.7,0.17,23,199,354.37,0.86,3.15,2.64,2.32,2.54,-1.44,6.06,CC(C)C(N)C(=O)OCC(CO)OCn1cnc2c(=O)nc(N)[nH]c21
139,C(=O)(OCC(c1ccccc1)COC(=O)N)N,Felbamate,-2.51,-2.53,0.17,23,151,238.25,0.89,1.19,2.12,1.31,1.77,0.96,4.81,NC(=O)OCC(COC(N)=O)c1ccccc1
140,C(=O)(OCC)C(NC1C(=O)N(c2c(cccc2)CC1)CC(=O)O)CCc3ccccc3,Benazepril,-2.66,-2.7,0.17,23,149,424.5,0.71,2.08,2.75,2.17,3.27,2.57,7.78,CCOC(=O)C(CCc1ccccc1)NC1CCc2ccccc2N(CC(=O)O)C1=O
141,C(=O)(OCC)C(NC1C(=O)N2N(CCCC2C(=O)O)CCC1)CCc3ccccc3,Cilazapril,-2.59,-2.62,0.17,23,96,417.51,0.71,2.51,2.7,1.95,3.22,1.6,7.81,CCOC(=O)C(CCc1ccccc1)NC1CCCN2CCCC(C(=O)O)N2C1=O
142,C(=O)(OCC)C1=C(NC(=C(C(=O)OC)C1c2c(Cl)c(Cl)ccc2)C)C,Felodipine,-5.58,-5.58,0.33,23,139,384.26,0.13,1.42,1.85,1.56,2.71,3.96,6.14,CCOC(=O)C1=C(C)NC(C)=C(C(=O)OC)C1c1cccc(Cl)c1Cl
143,C(=O)(OCC)C1=C(NC(=C(C(=O)OC)C1c2cc([N+](=O)[O-])ccc2)C)C,Nitrendipine,-5.21,-5.21,0.29,23,158,360.37,0.13,1.54,2.26,1.56,2.64,2.57,5.76,CCOC(=O)C1=C(C)NC(C)=C(C(=O)OC)C1c1cccc([N+](=O)[O-])c1
144,C(=O)(OCC)NNc1nnc(N(CC(O)C)CC)cc1,Cadralazine,-2.33,-2.34,0.17,23,141,283.33,0.57,1.84,2.14,1.65,2.19,0.76,6.52,CCOC(=O)NNc1ccc(N(CC)CC(C)O)nn1
145,C(=O)(OCC)c1c2n(-c3c(C(=O)N(C2)C)cc(F)cc3)cn1,Flumazenil,-3.35,-3.37,0.24,23,202,303.3,0,1.5,2.63,1.91,2.09,1.77,3.4,CCOC(=O)c1ncn2c1CN(C)C(=O)c1cc(F)ccc1-2
146,C(=O)(OCCCCC)NC1C(F)=CN(C(=O)N=1)C2OC(C(O)C2O)C,Capecitabine,-1.14,-1.14,0.17,23,116,359.36,0.77,2.4,2.57,1.68,2.55,0.76,6.46,CCCCCOC(=O)Nc1nc(=O)n(C2OC(C)C(O)C2O)cc1F
147,C(=O)(OCCOCn1c2c(C(=O)N=C(N2)N)nc1)C(C(C)C)N,Valacyclovir,-0.26,-0.27,0.17,23,206,324.34,0.63,2.75,2.44,2.07,2.34,-0.8,5.29,CC(C)C(N)C(=O)OCCOCn1cnc2c(=O)nc(N)[nH]c21
148,C(=O)(OCC[N+](C(C)C)(C(C)C)C)C1c2c(Oc3c1cccc3)cccc2,Propantheline(+).Br,-0.86,-0.87,0.17,23,160,368.49,0,0.85,1.52,1.32,3.02,1.73,7.29,CC(C)[N+](C)(CCOC(=O)C1c2ccccc2Oc2ccccc21)C(C)C
149,C(=O)(Oc1c(C(=O)O)cccc1)C,AcetylsalicylicAcid<Aspirin>,-1.22,-1.26,0.14,23,137,180.2,0.57,0.77,1.42,0.84,1.29,1.31,2.64,CC(=O)Oc1ccccc1C(=O)O
150,C(=O)(c1c(-c2c(Cl)cccc2)noc1C)NC3C(=O)N4C(C(=O)O)C(SC43)(C)C,Cloxacillin,-4.46,-4.5,0.47,23,206,435.89,0.84,2.32,3.27,3.25,2.89,2.55,4.62,Cc1onc(-c2ccccc2Cl)c1C(=O)NC1C(=O)N2C1SC(C)(C)C2C(=O)O
151,C(=O)(c1c(-c2ccc(O)cc2)sc3c1ccc(O)c3)c4ccc(OCCN5CCCCC5)cc4,Raloxifene<Keoxifene>,-6.27,-6.269,0.5,25,145,473.58,1,1.85,3.12,3.75,3.54,6.08,6.51,O=C(c1ccc(OCCN2CCCCC2)cc1)c1c(-c2ccc(O)cc2)sc2cc(O)ccc12
152,C(=O)(c1c(N=NN(C)C)[nH]cn1)N,Dacarbazine,-1.62,-1.64,0.17,23,205,182.19,0.83,1.76,1.79,1.48,1.33,0.07,2.57,CN(C)N=Nc1[nH]cnc1C(N)=O
153,C(=O)(c1c(O)cccc1)O,SalicylicAcid,-1.71,-1.74,0.08,23,158,138.12,0.7,0.4,1.1,0.91,0.99,1.09,1.58,O=C(O)c1ccccc1O
154,C(=O)(c1c(c(-c2ccc(F)cc2)n(c1C(C)C)CCC(O)CC(O)CC(=O)O)-c3ccccc3)Nc4ccccc4,AtorvastatinAcid,-5.14,-5.18,0.37,23,160,558.66,1.61,2.07,3.71,3.61,4.28,6.31,9.7,CC(C)c1c(C(=O)Nc2ccccc2)c(-c2ccccc2)c(-c2ccc(F)cc2)n1CCC(O)CC(O)CC(=O)O
155,C(=O)(c1c(cc(NC(=O)c2c(cccc2)C)cc1)C)N3c4c(cc(Cl)cc4)C(O)CCC3,Tolvaptan,-5.93,-5.95,0.76,23,221,448.95,0.72,1.86,3.31,3.06,3.36,5.68,6.31,Cc1ccccc1C(=O)Nc1ccc(C(=O)N2CCCC(O)c3cc(Cl)ccc32)c(C)c1
156,C(=O)(c1c(onc1)C)Nc2ccc(C(F)(F)F)cc2,Leflunomide,-4.05,-4.07,0.02,23,166,270.21,0.47,0.81,1.67,1.13,1.69,3.25,3.28,Cc1oncc1C(=O)Nc1ccc(C(F)(F)F)cc1
157,C(=O)(c1c2c(oc1CCCC)ccc(NS(=O)(=O)C)c2)c3ccc(OCCCN(CCCC)CCCC)cc3,Dronedarone,-6.51,-6.51,0.13,25,151,556.77,0.36,1.97,2.98,2.64,4.46,7.05,11.87,CCCCc1oc2ccc(NS(C)(=O)=O)cc2c1C(=O)c1ccc(OCCCN(CCCC)CCCC)cc1
158,C(=O)(c1cc(C(C(=O)O)C)ccc1)c2ccccc2,Ketoprofen,-3.12,-3.15,0.22,23,94,254.28,0.57,0.87,1.97,1.56,1.98,3.11,3.76,CC(C(=O)O)c1cccc(C(=O)c2ccccc2)c1
159,C(=O)(c1cc(OC)c(OCCCN2CCC(c3c4c(on3)cc(F)cc4)CC2)cc1)C,Iloperidone,-4.13,-4.15,0.4,23,119,426.49,0,1.73,2.85,2.49,3.16,4.83,6.51,COc1cc(C(C)=O)ccc1OCCCN1CCC(c2noc3cc(F)ccc23)CC1
160,C(=O)(c1ccc(Cl)cc1)n2c3c(c(c2C)CC(=O)O)cc(OC)cc3,Indomethacin,-5.12,-5.16,0.21,23,159,357.79,0.57,1.24,2.49,2.44,2.53,3.93,4.51,COc1ccc2c(c1)c(CC(=O)O)c(C)n2C(=O)c1ccc(Cl)cc1
161,C(=O)(c1ccc(F)cc1)CCCN2CCC(c3ccc(Br)cc3)(O)CC2,Bromperidol,-3.65,-3.67,0.3,23,155,420.33,0.31,1.45,2.16,2.19,2.85,4.53,6.22,O=C(CCCN1CCC(O)(c2ccc(Br)cc2)CC1)c1ccc(F)cc1
162,C(=O)(c1ccc(NCC2N(C3C(=O)N=C(NC=3NC2)N)C=O)cc1)NC(C(=O)O)CCC(=O)O,FolinicAcid<Leucovorin>,-2.55,-2.57,0.17,23,250,473.45,2.18,4.06,4.64,3.13,3.32,-0.73,7.3,Nc1nc(=O)c2c([nH]1)NCC(CNc1ccc(C(=O)NC(CCC(=O)O)C(=O)O)cc1)N2C=O
163,C(=O)(c1ccc(cc1)N)NCCN(CC)CC,Procainamide,-1.75,-1.77,0.17,23,167,235.33,0.5,1.49,2.11,1.33,2.02,1.34,5.49,CCN(CC)CCNC(=O)c1ccc(N)cc1
164,C(=O)(c1ccncc1)NN,Isoniazid,0.07,0.05,0.1,23,171,137.14,0.47,1.39,1.85,1.19,1.03,-0.31,1.96,NNC(=O)c1ccncc1
165,C(=O)(c1cnccc1)NCCO[N+](=O)[O-],Nicorandil,-1.68,-1.7,0.21,23,93,211.18,0.27,1.09,2.22,1.1,1.45,0.02,4.02,O=C(NCCO[N+](=O)[O-])c1cccnc1
166,C(=O)(c1cnccc1)O,Niacin<NicotinicAcid>,-0.84,-0.87,0.04,23,237,123.11,0.57,0.73,1.21,0.79,0.89,0.78,1.44,O=C(O)c1cccnc1
167,C(=O)(c1cnn(-c2nc3c(c(n2)N)ncn3C4OC(C(O)C4O)CO)c1)NC,Regadenoson,-3.86,-3.89,0.34,23,208,390.36,1.23,3.13,4.2,3.88,2.58,-2.43,4.42,CNC(=O)c1cnn(-c2nc(N)c3ncn(C4OC(CO)C(O)C4O)c3n2)c1
168,C(=O)(c1nnn(c1)Cc2c(F)cccc2F)N,Rufinamide,-3.58,-3.61,0.24,23,241,238.2,0.49,1.12,2.18,1.5,1.54,0.7,2.81,NC(=O)c1cn(Cc2c(F)cccc2F)nn1
169,C(=O)NC1=CC=CC=C1,Formanilide,-0.63,-0.63,0.17,25,46,121.14,0.41,0.65,1.48,0.91,0.97,1.25,1.86,O=CNc1ccccc1
170,C(=S)(N)NC(=O)N,Thioimidodicarbonicdiamide,-1.73,-1.7,0.17,27,181,119.15,0.8,1.06,1.73,1.33,0.83,-1.1,2.07,NC(=O)NC(N)=S
171,C(C(=Cc1n(c(nc1)CCCC)Cc2ccc(C(=O)O)cc2)Cc3sccc3)(=O)O,Eprosartan,-3.69,-3.72,0.31,23,246,424.52,1.14,1.36,2.59,2.26,3.19,4.74,7.19,CCCCc1ncc(C=C(Cc2cccs2)C(=O)O)n1Cc1ccc(C(=O)O)cc1
172,C(C(=O)C4(C3(CC(C2C1(C(=CC(=O)C=C1)CCC2C3CC4)C)O)C)O)OC(=O)C(C)(C)C,Prednisolone-21-Trimethylacetate,-4.39,-4.39,0.25,25,233,444.57,0.48,2.07,3.2,2.07,3.47,3.15,5.38,CC(C)(C)C(=O)OCC(=O)C1(O)CCC2C3CCC4=CC(=O)C=CC4(C)C3C(O)CC21C
173,C(C(=O)NC1C(=O)N2C(C(=O)O)=C(C=C)CSC21)(=NOCC(=O)O)c3nc(sc3)N,Cefixime,-3.89,-3.92,0.28,23,222,453.46,1.64,3.12,4.01,3.2,2.89,-0.54,6.07,C=CC1=C(C(=O)O)N2C(=O)C(NC(=O)C(=NOCC(=O)O)c3csc(N)n3)C2SC1
174,C(C(=O)NC1C(=O)N2C(C(=O)O)=C(CSC3=NC(=O)C(=O)NN3C)CSC21)(=NOC)c4nc(sc4)N,Ceftriaxone,-2.53,-2.56,0.17,23,214,554.59,1.33,4.36,5.18,4.32,3.48,-1.61,7.18,CON=C(C(=O)NC1C(=O)N2C(C(=O)O)=C(CSc3nc(=O)c(=O)[nH]n3C)CSC12)c1csc(N)n1
175,C(C(=O)NC1C(=O)N2C(C(=O)O)=C(CSc3nc(c(s3)CC(=O)O)C)CSC21)(=NOC)c4nc(sc4)N,Cefodizime,-2.54,-2.57,0.17,23,176,584.67,1.64,3.46,4.64,4.11,3.73,1,8.06,CON=C(C(=O)NC1C(=O)N2C(C(=O)O)=C(CSc3nc(C)c(CC(=O)O)s3)CSC12)c1csc(N)n1
176,C(C(=O)NC1C(=O)N2C(C(=O)OCOC(C(C)(C)C)=O)=C(C=Cc3c(ncs3)C)CSC21)(=NOC)c4nc(sc4)N,CefditorenPivoxil,-3.87,-3.89,0.35,23,208,620.73,0.5,3.45,4.52,3.66,4.22,2.3,9.13,CON=C(C(=O)NC1C(=O)N2C(C(=O)OCOC(=O)C(C)(C)C)=C(C=Cc3scnc3C)CSC12)c1csc(N)n1
177,C(C(=O)O)N(CC(=O)O)CC(=O)O,NitrilotriaceticAcid,-2.81,-2.85,0.31,20,242,191.14,1.71,1.52,1.69,0.67,1.28,-1.46,4.45,O=C(O)CN(CC(=O)O)CC(=O)O
178,C(C(=O)O)O,GlycolicAcid,1.079,1.079,0.12,25,77,76.05,0.74,0.63,0.67,0.3,0.52,-0.94,1.52,O=C(O)CO
179,C(C(=O)O)OCC(=O)O,DiglycolicAcid,0.69,0.69,0.03,25,143,134.09,1.14,0.9,1.22,0.38,0.88,-0.83,3.38,O=C(O)COCC(=O)O
180,C(C(C(=O)O)N)C(=O)N,DL-Asparagine·H2O,-0.31,-0.32,0.17,24,235,132.12,1.27,1.48,1.84,0.8,0.96,-1.73,2.66,NC(=O)CC(N)C(=O)O
181,C(C(C(=O)O)N)C(=O)O,DL-AsparticAcid,-1.14,-1.14,0.12,25,230,133.1,1.18,1.26,1.37,0.55,0.92,-1.13,2.66,NC(CC(=O)O)C(=O)O
182,C(C(C(=O)O)N)O,DL-Serine,-0.33,-0.33,0.02,25,240,105.09,1.03,1.3,1.15,0.6,0.76,-1.61,2.32,NC(CO)C(=O)O
183,C(C(C(=O)O)N)SSCC(C(=O)O)N,DL-Cystine,-3.68,-3.68,0.31,25,260,240.31,1.56,2.09,1.98,1.44,1.63,-0.81,6.71,NC(CSSCC(N)C(=O)O)C(=O)O
184,C(C(C(C(C(C(O)=O)N)O)O)O)O,"3,4,5,6-Tetrahydroxynorleucine",-0.84,-0.86,0.17,20,142,195.17,1.8,2.22,1.92,1.22,1.36,-3.53,4.81,NC(C(=O)O)C(O)C(O)C(O)CO
185,C(C(C(CC)C)(COC(N)=O)C)OC(N)=O,Mebutamate,-2.36,-2.37,0.17,23,77,232.28,0.89,1.15,1.61,0.71,1.87,1.23,5.63,CCC(C)C(C)(COC(N)=O)COC(N)=O
186,C(C(C(N(CC)CC)=O)=Cc1cc(c(c(O)c1)O)[N+](=O)[O-])#N,Entacapone,-4.23,-4.26,0.07,23,163,305.29,0.58,1.38,2.85,1.76,2.22,1.78,5.46,CCN(CC)C(=O)C(C#N)=Cc1cc(O)c(O)c([N+](=O)[O-])c1
187,C(C(C(NC(N)=O)=O)(CC)Br)C,Carbromal,-2.84,-2.85,0.17,23,118,237.1,0.67,0.87,1.5,0.92,1.5,1.14,4.23,CCC(Br)(CC)C(=O)NC(N)=O
188,C(C(C(O)=O)N)CC(O)=O,D-GlutamicAcid,-1.29,-1.29,0.21,25,201,147.13,1.35,1.26,1.37,0.55,1.06,-0.74,3.42,NC(CCC(=O)O)C(=O)O
189,C(C(C(O)=O)O)C(O)=O,DL-MalicAcid,1.03,1.03,0.04,25,131,134.09,1.14,0.99,1.1,0.47,0.88,-1.09,2.66,O=C(O)CC(O)C(=O)O
190,C(C(C)(C)C)(=O)OCOP(=O)(OCOC(C(C)(C)C)=O)COCCn1c2c(c(ncn2)N)nc1,AdefovirDipivoxil,-3.91,-3.91,0.39,25,102,501.47,0.23,2.91,2.93,2.09,3.62,2.7,9.12,CC(C)(C)C(=O)OCOP(=O)(COCCn1cnc2c(N)ncnc21)OCOC(=O)C(C)(C)C
191,C(C(C)C1(CC=C)C(=O)NC(NC1=O)=O)C,Talbutal<5-Allyl-5-s-butylbarbituricAcid>,-2.02,-2.02,0.17,25,109,224.26,0.52,1.3,1.4,1.11,1.75,0.96,3.47,C=CCC1(C(C)CC)C(=O)NC(=O)NC1=O
192,C(C(C3(CCC4C2CCC1=CC(CCC1(C2C(CC34C)O)C)=O)O)=O)OC(=O)CC(C)(C)C,HydrocortisoneTebutate,-5.51,-5.51,0.68,25,168,460.61,0.48,2.01,3.11,1.91,3.66,3.77,5.97,CC(C)(C)CC(=O)OCC(=O)C1(O)CCC2C3CCC4=CC(=O)CCC4(C)C3C(O)CC21C
193,C(C(C=O)O)O,DL-Glyceraldehyde,-0.44,-0.49,0.17,18,145,90.08,0.4,0.9,1.03,0.57,0.66,-1.46,2.62,O=CC(O)CO
194,C(C(CCCOc1c(ccc(c1)C)C)(C)C)(=O)O,Gemfibrozil,-4.09,-4.12,0.17,23,61,250.34,0.57,0.71,1.07,0.81,2.12,3.57,4.76,Cc1ccc(C)c(OCCCC(C)(C)C(=O)O)c1
195,C(C(CO)(CO)C)(=O)OC1C(OC)CC(CC(C2OC(=O)C3N(C(=O)C(=O)C4(OC(CC(OC)C(=CC=CC=CC(CC(C(=O)C(OC)C(C(=CC(C(=O)C2)C)C)O)C)C)C)CCC4C)O)CCCC3)C)CC1,Temsirolimus,-5.06,-5.01,0.59,23,134,1030.31,1.02,5.07,5.25,3.46,8.17,5.72,23.86,COC1CC2CCC(C)C(O)(O2)C(=O)C(=O)N2CCCCC2C(=O)OC(C(C)CC2CCC(OC(=O)C(C)(CO)CO)C(OC)C2)CC(=O)C(C)C=C(C)C(O)C(OC)C(=O)C(C)CC(C)C=CC=CC=C1C
196,C(C(CO)(CO)N)O,Tromethamine<TRIS>,0.76,0.76,0.03,25,172,121.14,1.01,1.62,1.16,0.82,0.95,-2.34,2.93,NC(CO)(CO)CO
197,C(C(COC(N)=O)(CCC)C)OC(N)=O,Meprobamate,-1.79,-1.81,0.1,20,105,218.25,0.89,1.12,1.62,0.71,1.73,0.98,5.51,CCCC(C)(COC(N)=O)COC(N)=O
198,C(C(COC(N)=O)(CCC)C)OC(NC(C)C)=O,Carisoprodol,-2.94,-2.94,0.17,25,92,260.33,0.66,1.17,1.57,0.6,2.15,2.02,7.16,CCCC(C)(COC(N)=O)COC(=O)NC(C)C
199,C(C(COC(N)=O)(CCC)C)OC(NCCCC)=O,Tybamate,-2.74,-2.74,0.17,23,52,274.36,0.66,1.14,1.59,0.59,2.29,2.41,8.74,CCCCNC(=O)OCC(C)(CCC)COC(N)=O
200,C(C(CO[N+](=O)[O-])O[N+](=O)[O-])O[N+](=O)[O-],Nitroglycerin,-2.44,-2.45,0.1,23,14,227.09,0,0.45,1.87,0.58,1.29,-1.02,5.13,O=[N+]([O-])OCC(CO[N+](=O)[O-])O[N+](=O)[O-]
201,C(C(Cc1cc(c(O)cc1)O)(N)C)(=O)O,Methyldopa,-1.3,-1.32,0.02,23,300,211.22,1.56,1.45,1.73,1.3,1.57,0.44,2.86,CC(N)(Cc1ccc(O)c(O)c1)C(=O)O
202,C(C(F)(F)CCCS(=O)CCCCCCCCCC1C2C(c3c(cc(O)cc3)C1)CCC4(C(O)CCC42)C)(F)(F)F,Fulvestrant,-5.79,-5.78,0.73,23,105,606.79,0.81,1.61,3.17,1.92,4.48,8.68,10.85,CC12CCC3c4ccc(O)cc4CC(CCCCCCCCC[S+]([O-])CCCC(F)(F)C(F)(F)F)C3C1CCC2O
203,C(C(N)=S)(N)=S,RubeanicAcid__<Dithiooxamide>,-2.43,-2.51,0.17,20,170,120.2,0.42,0.75,1.35,1.62,0.83,-0.44,1.97,NC(=S)C(N)=S
204,C(C(N)C(O)=O)C,?-AminobutyricAcid,0.31,0.31,0.03,25,304,103.12,0.78,0.93,0.93,0.38,0.85,-0.19,2.37,CCC(N)C(=O)O
205,C(C(NC(C1=C(C(=C(I)C(=C1I)NC(C(C)O)=O)C(NC(CO)CO)=O)I)=O)CO)O,Iopamidol·H2O,-0.1,-0.09,0.09,26,189,777.09,2.2,3.48,4.72,4.41,3.68,-1.01,12.35,CC(O)C(=O)Nc1c(I)c(C(=O)NC(CO)CO)c(I)c(C(=O)NC(CO)CO)c1I
206,C(C(NCC(NCC(NCC(O)=O)=O)=O)=O)NC(CNC(CN)=O)=O,Gly-Gly-Gly-Gly-Gly-Gly<Hexaglycine>,-2.76,-2.76,0.04,25,141,360.33,2.06,3.71,5.32,1.91,2.55,-5.39,10.65,NCC(=O)NCC(=O)NCC(=O)NCC(=O)NCC(=O)NCC(=O)O
207,C(C(NCC(NCC(O)=O)=O)=O)NC(CN)=O,Gly-Gly-Gly-Gly<Tetraglycine>,-1.72,-1.72,0.04,25,137,246.22,1.55,2.59,3.57,1.29,1.76,-3.62,7.03,NCC(=O)NCC(=O)NCC(=O)NCC(=O)O
208,C(C(NCC(NCC(O)=O)=O)=O)NC(CNC(CN)=O)=O,Gly-Gly-Gly-Gly-Gly<Pentaglycine>,-2.31,-2.31,0.04,25,138,303.28,1.8,3.15,4.45,1.6,2.15,-4.51,8.84,NCC(=O)NCC(=O)NCC(=O)NCC(=O)NCC(=O)O
209,C(C(NCC(O)=O)=O)N,Gly-Gly<Glycylglycine>,0.17,0.17,0.04,25,258,132.12,1.04,1.46,1.81,0.68,0.96,-1.85,3.38,NCC(=O)NCC(=O)O
210,C(C(O)=O)C(O)=O,MalonicAcid,0.86,0.86,0.24,25,135,104.06,1.14,0.69,1.06,0.34,0.68,-0.45,1.84,O=C(O)CC(=O)O
211,C(C(O)=O)CC(O)=O,SuccinicAcid,-0.19,-0.19,0.03,25,187,118.09,0.97,0.69,1.06,0.34,0.82,-0.06,2.61,O=C(O)CCC(=O)O
212,C(C(O)C(O)C(O)C(O)CCl)Cl,Dichlorodulcitol,-0.62,-0.68,0.17,14,112,219.06,1.23,1.26,1.49,1.08,1.43,-1.09,6.17,OC(CCl)C(O)C(O)C(O)CCl
213,C(C(O)C)(=O)OCCCCC,PentylLactate,-1.2,-1.2,0.17,25,40,160.21,0.17,0.68,0.63,0.19,1.37,1.1,5.84,CCCCCOC(=O)C(C)O
214,C(C(Oc1ccc(C(=O)c2ccc(Cl)cc2)cc1)(C)C)(=O)OC(C)C,Fenofibrate,-5.65,-5.65,0.37,23,81,360.84,0,1.13,2.11,1.62,2.72,4.68,5.85,CC(C)OC(=O)C(C)(C)Oc1ccc(C(=O)c2ccc(Cl)cc2)cc1
215,C(C(Oc1ccc(Cl)cc1)(C)C)(=O)O,ClofibricAcid,-2.86,-2.86,0.17,25,119,214.65,0.57,0.69,1.29,0.92,1.54,2.58,3.01,CC(C)(Oc1ccc(Cl)cc1)C(=O)O
216,C(C([S](CC)(=O)=O)([S](CC)(=O)=O)C)C,Trional,-1.69,-1.69,0.17,16,76,242.36,0,1.15,1.96,0.18,1.8,0.98,4.15,CCC(C)(S(=O)(=O)CC)S(=O)(=O)CC
217,C(C(c1cc(C(C#N)(C)C)cc(c1)Cn2ncnc2)(C)C)#N,Anastrozole,-2.75,-2.77,0.12,23,82,293.37,0,1,2.38,1.73,2.4,2.93,4.01,CC(C)(C#N)c1cc(Cn2cncn2)cc(C(C)(C)C#N)c1
218,C(C(c1ccccc1)(c2ccccc2)O)(=O)OC3CC4[N+]5(C(C3)CC4)CCCC5,Trospium(+).Cl,0.12,0.11,0.17,23,267,392.51,0.17,1.1,1.57,1.79,3.08,0.77,5.93,O=C(OC1CC2CCC(C1)[N+]21CCCC1)C(O)(c1ccccc1)c1ccccc1
219,C(C(c1nc(sc1)N)=CCC(=O)O)(=O)NC2C(=O)N3C(C(=O)O)=CCSC32,Ceftibuten,-3.68,-3.71,0.31,23,207,410.43,1.64,2.77,4.02,3.02,2.63,-0.05,5.19,Nc1nc(C(=CCC(=O)O)C(=O)NC2C(=O)N3C(C(=O)O)=CCSC23)cs1
220,C(C)(=O)C1=CC=C(C=C1)C2=CC=CC=C2,4-Acetylbiphenyl,-3.31,-3.31,0.23,25,121,196.25,0,0.52,1.6,1.62,1.62,3.56,2.63,CC(=O)c1ccc(-c2ccccc2)cc1
221,C(C)(=O)C1=CC=C(C=C1)NC(=O)NC2=CC=C(C=C2)C(C)=O,"1,3-Bis(4-acetylphenyl)urea",-3.73,-3.86,0.32,15,177,296.33,0.59,1.42,2.82,2.06,2.28,3.74,4.68,CC(=O)c1ccc(NC(=O)Nc2ccc(C(C)=O)cc2)cc1
222,C(C)(=O)C1=CC=C(C=C1)NC(C)=O,N-(4-acetyl-phenyl)acetamide,-1.52,-1.62,0.17,15,158,177.2,0.41,0.97,1.86,1.13,1.41,1.85,2.8,CC(=O)Nc1ccc(C(C)=O)cc1
223,C(C)(=O)C1=CC=CC(=C1)NC(=O)N,1-(3-Acetylphenyl)urea,-1.75,-1.87,0.17,15,191,178.19,0.75,1.09,1.95,1.34,1.37,1.38,2.64,CC(=O)c1cccc(NC(N)=O)c1
224,C(C)(=O)N(C(C)=O)C1=CC=C(C=C1)OCC,N-Acetyl-N-(4-ethoxy-phenyl)acetamide,-1.95,-1.95,0.17,25,77,221.26,0,1.12,1.66,1.06,1.75,1.98,4.05,CCOc1ccc(N(C(C)=O)C(C)=O)cc1
225,C(C)(=O)N(C(COC(C1=CC=CC=C1)=O)=O)C,N-Acetyl-2-(benzoyloxy)-N-methylacetamide,-2.85,-2.87,0.17,22,103,235.24,0,1.19,2.11,1.08,1.77,0.85,4.39,CC(=O)N(C)C(=O)COC(=O)c1ccccc1
226,C(C)(=O)NC(=S)N,1-Acetyl-2-thiourea,-0.8,-0.97,0.17,15,165,118.16,0.47,0.95,1.64,1.12,0.87,-0.63,2.29,CC(=O)NC(N)=S
227,C(C)(=O)NC(CC)=O,N-Acetylpropanamide,-0.77,-0.81,0.17,17,78,115.13,0.34,0.72,1.24,0.43,0.94,0.06,2.84,CCC(=O)NC(C)=O
228,C(C)(=O)NC1=C2C(=C(C=C1)OCC)N=CC=C2,5-Acetamido-8-ethoxyquinoline,-1.46,-1.52,0.17,20,144,230.27,0.41,1.22,2.01,1.72,1.78,2.59,3.23,CCOc1ccc(NC(C)=O)c2cccnc12
229,C(C)(=O)NC1=CC=C(C=C1)O,Acetaminophen<Paracetamol>,-1.04,-1.04,0.1,25,170,151.16,0.91,0.93,1.66,1.12,1.17,1.35,2.11,CC(=O)Nc1ccc(O)cc1
230,C(C)(=O)NC1=CC=C(C=C1)[S](=O)(=O)C2=CC=C(C=C2)N,N-[4-[(4-aminophenyl)sulfonyl]phenyl]acetamide,-3.76,-3.61,0.32,37,203,290.34,0.64,1.59,3.18,1.9,2.1,2.06,3.76,CC(=O)Nc1ccc(S(=O)(=O)c2ccc(N)cc2)cc1
231,C(C)(=O)NC1=CC=C(C=C1)[S](=O)(=O)N,N4-Acetylsulfanylamide,-1.75,-1.61,0.17,37,220,214.25,0.85,1.42,2.31,1.49,1.49,0.29,2.88,CC(=O)Nc1ccc(S(N)(=O)=O)cc1
232,C(C)(=O)NC1=CC=CC(=C1)C(C)=O,3-Acetylacetanilide,-1.53,-1.62,0.17,15,152,177.2,0.41,0.97,1.86,1.13,1.41,1.85,2.8,CC(=O)Nc1cccc(C(C)=O)c1
233,C(C)(=O)NC1=CC=CC=C1,Acetanilide,-1.33,-1.33,0.04,25,114,135.17,0.41,0.67,1.42,0.89,1.11,1.64,2.05,CC(=O)Nc1ccccc1
234,C(C)(=O)NCC(=O)NC1=CC=CC=C1,2-(acetylamino)-N-phenylacetamide,-1.52,-1.57,0.17,20,141,192.22,0.66,1.23,2.3,1.2,1.51,0.76,3.66,CC(=O)NCC(=O)Nc1ccccc1
235,C(C)(=O)OC1=CC=CC=C1C(=O)O,AcetylsalicylicAcid<Aspirin>,-1.6,-1.6,0.14,25,137,180.16,0.57,0.77,1.42,0.84,1.29,1.31,2.64,CC(=O)Oc1ccccc1C(=O)O
236,C(C)(C)(C)C1=C(C(=CC(=C1)C(C)(C)C)C(C)(C)C)O,"2,4,6-Tri-t-butylphenol",-3.87,-3.87,0.35,25,131,262.44,0.31,0.52,0.57,0.79,2.47,5.28,3.84,CC(C)(C)c1cc(C(C)(C)C)c(O)c(C(C)(C)C)c1
237,C(C)(C)(C)C1=C(C=CC(=C1)C(C)(C)C)O,"2,4-Di-t-butylphenol",-3.77,-3.77,0.33,25,57,206.33,0.5,0.48,0.68,0.79,1.9,3.99,2.86,CC(C)(C)c1ccc(O)c(C(C)(C)C)c1
238,C(C)(C)(CC)C1CCC(C(C1)=NO)=NO,"(1E,2Z)-N,N'-Dihydroxy-4-(2-methyl-2-butanyl)-1,2-cyclohexanediimine",-3.97,-3.97,0.37,25,131,212.29,0.63,0.95,0.51,0.94,1.78,2.88,3.72,CCC(C)(C)C1CCC(=NO)C(=NO)C1
239,C(C)(C)C1CCC(C(C1)=NO)=NO,"4-i-Propyl-,dioxime,1,2-cyclohexanedione",-2.39,-2.39,0.17,25,135,184.24,0.63,0.94,0.55,0.97,1.5,2.1,3.28,CC(C)C1CCC(=NO)C(=NO)C1
240,C(C)(C)OC(C(O)(C1=CC=C(C=C1)Cl)C2=CC=C(C=C2)Cl)=O,"i-Propyl-4,4'-dichlorobenzilate",-4.52,-4.53,0.48,23,73,339.22,0.17,1.06,1.55,1.65,2.41,4.18,5.11,CC(C)OC(=O)C(O)(c1ccc(Cl)cc1)c1ccc(Cl)cc1
241,C(C)(NC(=O)N)NC(=O)N,"1,1'-(1,1-Ethanediyl)diurea",-0.62,-0.59,0.17,28,145,146.15,1.19,1.41,2.09,1.05,1.1,-1.33,3.02,CC(NC(N)=O)NC(N)=O
242,C(C)=C(C(=O)N)CCCC,(2Z)-2-Ethylidenehexanamide,-1.35,-1.37,0.17,20,85,141.21,0.49,0.67,1.15,0.55,1.31,1.61,4.63,CC=C(CCCC)C(N)=O
243,C(C)=NNC(=O)N,(2E)-2-Ethylidenehydrazinecarboxamide,-0.48,-0.54,0.17,17,138,101.11,0.59,0.84,1.07,0.72,0.8,-0.34,2.66,CC=NNC(N)=O
244,C(C)C(C(=O)N)(C(=O)N)CC,"2,2-Diethylpropanediamide",-1.19,-1.2,0.17,23,116,158.2,0.97,1.17,1.95,0.81,1.33,-0.24,3.05,CCC(CC)(C(N)=O)C(N)=O
245,C(C)C(C(=O)N)CCC(C)C,2-Ethyl-5-methylhexanamide,-2.33,-2.35,0.17,15,90,157.26,0.49,0.65,1.09,0.43,1.49,1.93,4.91,CCC(CCC(C)C)C(N)=O
246,C(C)C(CC)(C(CC(C)C)O)O,"3-Ethyl-6-methyl-3,4-heptanediol",-1.61,-1.6,0.17,15,63,174.28,0.54,0.7,0.65,0.39,1.64,1.94,4.8,CCC(O)(CC)C(O)CC(C)C
247,C(C)C(CC)(CC)NC(=O)N,"(1,1-Diethyl-propyl)urea",-1.81,-1.82,0.17,20,92,158.24,0.59,0.76,1.09,0.5,1.45,1.62,3.93,CCC(CC)(CC)NC(N)=O
248,C(C)C1(NC(NC1=O)=O)C2=CC=CC=C2,Nirvanol<5-Ethyl-5-phenylhydantoin>,-2.17,-2.17,0.24,25,198,204.23,0.44,1.06,1.58,1.37,1.54,1.13,2.19,CCC1(c2ccccc2)NC(=O)NC1=O
249,C(C)C1=CC(=CC(=C1)O)C,3-Ethyl-5-methylphenol,-1.77,-1.77,0.17,25,52,136.19,0.5,0.39,0.79,0.83,1.2,2.26,1.95,CCc1cc(C)cc(O)c1
250,C(C)C1=CNC(NC1=O)=O,5-Ethyluracil,-1.94,-1.94,0.17,25,183,140.14,0.44,0.9,1.42,0.87,1.03,-0.37,1.71,CCc1c[nH]c(=O)[nH]c1=O
251,C(C)C1=NC(=C(C(=N1)N)C)CC,"2,6-Diethyl-5-methyl-4-pyrimidinamine",-2.3,-2.35,0.17,17,144,165.24,0.23,0.75,1.04,1.03,1.44,1.49,2.63,CCc1nc(N)c(C)c(CC)n1
252,C(C)C1CCC2(O1)CCC(O2)CC,"2,7-Diethyl-1,6-dioxaspiro[4,4]nonane",-1.84,-1.85,0.17,15,71,184.28,0,0.52,0.6,0.5,1.56,2.86,2.61,CCC1CCC2(CCC(CC)O2)O1
253,C(C)C1NC(C(NC1=O)CC)=O,"3,6-Diethyl-piperazine-2,5-dione",-1.71,-1.71,0.17,24,161,170.21,0.51,1.42,1.62,0.98,1.36,-0.21,2.68,CCC1NC(=O)C(CC)NC1=O
254,C(C)C1OC(CC1)O,5-Ethyltetrahydro-2-furanol,-0.06,-0.07,0.17,23,49,116.16,0.31,0.56,0.67,0.47,0.96,0.89,1.86,CCC1CCC(O)O1
255,C(C)C2=C(N=C1N=C(N=CC1=N2)O)CC,"6,7-Diethyl-2-pteridinol",-2.21,-2.26,0.17,20,197,204.23,0.5,1.04,1.32,1.68,1.54,1.25,2.45,CCc1nc2cnc(O)nc2nc1CC
256,C(C)C2=C(N=C1N=CN=C(C1=N2)O)CC,"6,7-Diethyl-4-pteridinol",-1.86,-1.91,0.17,20,196,204.23,0.07,1.04,1.32,1.68,1.54,1.25,2.45,CCc1nc2ncnc(O)c2nc1CC
257,C(C)C2=CC=CC3=CC1=CC=CC=C1C=C23,Ethylanthracene,-6.89,-6.89,0.96,25,153,206.29,0,0.24,1.29,2.02,1.74,4.56,2.14,CCc1cccc2cc3ccccc3cc12
258,C(C)C2C1=CC=C(C=C1C(O2)=O)[N+](=O)[O-],3-Ethyl-6-nitrophthalide,-2.55,-2.55,0.17,25,136,207.18,0,0.55,1.62,1.16,1.42,2.22,2.15,CCC1OC(=O)c2cc([N+](=O)[O-])ccc21
259,C(C)C2C1=CC=CC=C1C(O2)=O,3-Ethyl-1(3H)-isobenzofuranone,-1.75,-1.75,0.17,25,90,162.19,0,0.45,1.05,0.89,1.25,2.31,1.61,CCC1OC(=O)c2ccccc21
260,C(C)CC(=O)NC1=CC=CC=C1,2-Ethylacetanilide,-1.62,-1.59,0.17,30,83,163.22,0.41,0.67,1.43,0.89,1.4,2.43,3.32,CCCC(=O)Nc1ccccc1
261,C(C)N(C(=O)C1=CC(OC2=CC=CC=C12)=O)CC,"N,N-Diethyl-4-coumarincarboxamide",-2.16,-2.09,0.17,37,96,245.28,0,1.13,2,1.33,1.88,2.28,3.46,CCN(CC)C(=O)c1cc(=O)oc2ccccc12
262,C(C)N(C(=O)N)C1=C(C=CC=C1)C,1-Ethyl-1-(2-methylphenyl)urea,-0.21,-0.21,0.17,25,135,178.24,0.39,0.84,1.47,1.14,1.5,1.9,2.9,CCN(C(N)=O)c1ccccc1C
263,C(C)N(C(=O)N)N=O,1-Ethyl-1-nitrosourea,-0.95,-0.95,0.17,25,99,117.11,0.39,0.76,1.81,0.7,0.86,0.07,2.53,CCN(N=O)C(N)=O
264,C(C)N(C(=S)N)CC,"N,N-Diethylthiourea",-2.29,-2.24,0.17,37,78,132.23,0.21,0.89,0.95,0.98,1.13,0.57,3.52,CCN(CC)C(N)=S
265,C(C)N(C(C(C)OC1=CC=CC2=CC=CC=C12)=O)CC,"Napropamide<N,N-Diethyl-2-(1-Naphthalenyloxy)propanamide>",-3.54,-3.57,0.28,20,75,271.36,0,1.04,2,1.67,2.25,3.48,4.62,CCN(CC)C(=O)C(C)Oc1cccc2ccccc12
266,C(C)N(C1=NC=NC(=N1)N)CC,"N,N-Diethyl-1,3,5-triazine-2,4-diamine",-1.71,-1.62,0.17,37,149,167.22,0.23,1.02,1.38,1.23,1.36,0.3,2.79,CCN(CC)c1ncnc(N)n1
267,C(C)NC(=O)NC1=NC=C(S1)[N+](=O)[O-],Nithiazide,-2.83,-2.86,0.17,23,228,216.22,0.58,0.97,2.17,1.35,1.41,1.19,3.34,CCNC(=O)Nc1ncc([N+](=O)[O-])s1
268,C(C)NC(C(=O)O)CC,2-(Ethylamino)butanoicAcid,-0.41,-0.42,0.17,23,78,131.17,0.71,0.84,0.79,0.33,1.13,0.46,4.05,CCNC(CC)C(=O)O
269,C(C)NC1=CC=CC2=CC=CC=C12,N-Ethyl-1-naphthalenamine,-3.19,-3.19,0.21,25,50,171.24,0.13,0.47,1.23,1.49,1.47,3.27,2.17,CCNc1cccc2ccccc12
270,C(C)NC1=NC=NC(=N1)N,"N-Ethyl-1,3,5-triazine-2,4-diamine",-1.26,-1.14,0.17,37,172,139.16,0.36,0.96,1.37,1.22,1.07,-0.11,1.99,CCNc1ncnc(N)n1
271,C(C)OC1=C(C=C(C=C1)[N+](=O)[O-])N,2-Ethoxy-5-nitroaniline,-3.19,-3.21,0.21,23,97,182.18,0.31,0.71,1.7,1.22,1.33,1.58,2.69,CCOc1ccc([N+](=O)[O-])cc1N
272,C(C)OC1=C(C=C(C=O)C=C1)OC,"Benzaldehyde,4-Ethoxy-3-methoxy-",-2.19,-2.19,0.17,25,65,180.2,0,0.87,1.79,0.95,1.41,1.91,3.32,CCOc1ccc(C=O)cc1OC
273,C(C)OC1=C(C=CC(=C1)C=NNC(N)=O)O,Bourbonalsemicarbazon,-2.73,-2.8,0.17,16,147,223.23,0.87,1.29,1.81,1.5,1.67,0.79,4.13,CCOc1cc(C=NNC(N)=O)ccc1O
274,C(C)OC1=CC(=C(C=C1)NC(C)=O)C,N-(4-Ethoxy-2-methyl-phenyl)acetamide,-1.84,-1.84,0.17,25,123,193.25,0.41,0.87,1.5,0.98,1.6,2.35,3.51,CCOc1ccc(NC(C)=O)c(C)c1
275,C(C)OC1=CC=C(C=C1)N2C(CCC2=O)=O,"1-(4-Ethoxyphenyl)-2,5-pyrrolidinedione",-2.42,-2.46,0.17,17,111,219.24,0,1.3,1.42,1.4,1.64,1.74,2.9,CCOc1ccc(N2C(=O)CCC2=O)cc1
276,C(C)OC1=CC=C(C=C1)NC(=O)NN,N-(4-Ethoxy-phenyl)hydrazinecarboxamide,-1.61,-1.65,0.17,20,138,195.22,0.73,1.43,1.81,1.32,1.51,1.08,3.75,CCOc1ccc(NC(=O)NN)cc1
277,C(C)OC1=CC=C(C=C1)NC(CO)=O,N-(4-ethoxy-phenyl)-2-hydroxyacetamide,-2.09,-2.11,0.17,23,122,195.22,0.58,1.15,1.61,1.08,1.51,1.02,3.94,CCOc1ccc(NC(=O)CO)cc1
278,C(C)OC1=NC(=NC(=N1)OCC)OCC,"2,4,6-Triethoxysulfidetriazine",-1.48,-1.48,0.17,25,67,213.24,0,1.21,1.22,0.82,1.61,1.07,4.59,CCOc1nc(OCC)nc(OCC)n1
279,C(C)[S](=O)(=O)C(C)(C)[S](=O)(=O)CC,Sulfonmethane,-1.21,-1.22,0.17,16,126,228.33,0,1.15,1.95,0.18,1.66,0.59,3.54,CCS(=O)(=O)C(C)(C)S(=O)(=O)CC
280,C(C)[S](=O)(=O)C(CC)(CC)[S](=O)(=O)CC,Tetronal,-2.07,-2.06,0.17,23,62,256.39,0,1.16,1.96,0.18,1.94,1.37,4.79,CCC(CC)(S(=O)(=O)CC)S(=O)(=O)CC
281,C(C)[S](=O)(=O)C(CC)[S](=O)(=O)CC,"1,1-Bis-ethanesulfonylpropane",-1.46,-1.46,0.17,15,59,228.33,0,1.14,2,0.21,1.66,0.59,4.38,CCC(S(=O)(=O)CC)S(=O)(=O)CC
282,C(C)[S](=O)(=O)C(CO)(C)[S](=O)(=O)CC,"2,2-Bis(ethylsulfonyl)-1-Propanol",-0.16,-0.17,0.17,23,105,244.33,0.31,1.43,2.23,0.38,1.72,-0.44,4.12,CCS(=O)(=O)C(C)(CO)S(=O)(=O)CC
283,C(C1(C(C(CNC1=O)C)=O)CC)C,Methyprylon,-0.38,-0.38,0.17,25,74,183.25,0.26,1.07,1.39,0.79,1.54,1.13,2.74,CCC1(CC)C(=O)NCC(C)C1=O
284,C(C1(C(NC(=O)NC1=O)=O)CC=C)C(C)C,Butalbital<5-Allyl-5-i-butylbarbituricAcid>,-2.12,-2.12,0.07,25,140,224.26,0.52,1.3,1.4,1.11,1.75,0.96,3.47,C=CCC1(CC(C)C)C(=O)NC(=O)NC1=O
285,C(C1(C(NC(=S)NC1=O)=O)C(CCC)C)C=C,Thiamylal,-3.71,-3.71,0.13,25,133,254.35,0.51,1.39,2.06,1.61,2,1.52,4.39,C=CCC1(C(C)CCC)C(=O)NC(=S)NC1=O
286,C(C1(C2(C(C3C(C(=C)C2)C4C(=CC(=O)CC4)CC3)CC1)CC)O)#C,Etonogestrel,-2.79,-2.8,0.17,23,151,324.47,0.4,1.14,2.45,1.9,2.68,4.05,3.59,C#CC1(O)CCC2C3CCC4=CC(=O)CCC4C3C(=C)CC21CC
287,C(C1(C2(C(C3C(C(=C)C2)C4C(=CCCC4)CC3)CC1)CC)O)#C,Desogestrel,-2.97,-2.99,0.17,23,110,310.48,0.4,0.84,1.96,1.69,2.66,4.87,3.54,C#CC1(O)CCC2C3CCC4=CCCCC4C3C(=C)CC21CC
288,C(C1(CCCCC1)CN)C(O)=O,Gabapentin·H2O,-0.05,-0.058,0.17,23,164,171.24,0.78,0.93,0.99,0.56,1.44,1.37,3.09,NCC1(CC(=O)O)CCCCC1
289,C(C1(OC(=O)C)C2(C(C3C(C4C(=CC(=NO)CC4)CC3)CC2)CC1)CC)#C,Norgestimate,-4.25,-4.27,0.42,23,216,369.51,0.4,1.25,2.23,1.82,2.98,4.71,4.61,C#CC1(OC(C)=O)CCC2C3CCC4=CC(=NO)CCC4C3CCC21CC
290,C(C1(OC(=O)C)C2(C(C3C(C4C(=CC(=O)CC4)CC3)CC2)CC1)C)#C,NorethindroneAcetate,-4.82,-4.83,0.07,23,161,340.46,0.09,1.13,2.58,1.66,2.74,4.06,3.87,C#CC1(OC(C)=O)CCC2C3CCC4=CC(=O)CCC4C3CCC21C
291,C(C1=C(C(=C(C(=C1I)NC(C)=O)I)C(O)=O)I)NC(C)=O,Iodamide,-3.57,-3.68,0.08,20,255,627.95,1.38,1.51,3.32,3.27,2.64,2.79,7.09,CC(=O)NCc1c(I)c(NC(C)=O)c(I)c(C(=O)O)c1I
292,C(C1=C(N=C(N=C1O[S](N(C)C)(=O)=O)NCC)C)CCC,Bupirimate,-4.16,-4.16,0.4,25,51,316.43,0.13,1.64,1.83,1.43,2.44,1.74,6.35,CCCCc1c(C)nc(NCC)nc1OS(=O)(=O)N(C)C
293,C(C1=C(NC(=NC1=O)N(C)C)C)CCC,Dimethirimol,-2.24,-2.24,0.17,25,102,209.29,0.26,1.52,1,1.02,1.78,1.49,3.89,CCCCc1c(C)[nH]c(N(C)C)nc1=O
294,C(C1=C(NC(=NC1=O)NCC)C)CCC,Ethyrimol,-3.14,-3.14,0.2,20,160,209.29,0.4,1.47,0.99,1,1.78,1.85,4.33,CCCCc1c(C)[nH]c(NCC)nc1=O
295,C(C1=CC(=C(N)C=C1)Cl)C2=CC(=C(N)C=C2)Cl,"4,4'-Methylene-bis(2-chloroaniline)",-4.27,-4.28,0.43,24,110,267.16,0.45,0.81,2.04,2.01,1.91,3.75,3.46,Nc1ccc(Cc2ccc(N)c(Cl)c2)cc1Cl
296,C(C1=CC(=CC=C1)C(=O)OC)(=O)OC,Dimethylisophthalate,-2.82,-2.83,0.17,23,68,194.19,0,0.78,1.38,0.73,1.43,1.26,3.23,COC(=O)c1cccc(C(=O)OC)c1
297,C(C1=CC=CC=C1)(=O)C2=C(C(=O)OCC)C=CC=C2,Ethyl2-benzoylbenzoate,-3.37,-3.41,0.24,20,60,254.28,0,0.84,1.94,1.45,1.98,3.09,4.08,CCOC(=O)c1ccccc1C(=O)c1ccccc1
298,C(C1=CC=CC=C1)(=O)C2=CC=CC=C2,Benzophenone,-3.12,-3.12,0.19,25,48,182.22,0,0.51,1.59,1.37,1.48,2.92,2.41,O=C(c1ccccc1)c1ccccc1
299,C(C1=CC=CC=C1)(=O)N2CCCCCC2=O,1-Benzoylhexahydro-2H-azepin-2-one,-2.13,-2.17,0.17,20,80,217.27,0,0.95,1.62,1.29,1.73,2.23,3.34,O=C1CCCCCN1C(=O)c1ccccc1
300,C(C1=CC=CC=C1)(=O)NC(C2=CC=CC=C2)=O,N-Benzoylbenzamide,-2.15,-2.27,0.17,15,152,225.25,0.34,0.89,2.15,1.58,1.74,2.26,3.3,O=C(NC(=O)c1ccccc1)c1ccccc1
301,C(C1=CC=CC=C1)(=O)NC(CCCCN)C(=O)O,N-Benzoyl-DL-Lysine,-2.27,-2.28,0.17,23,157,250.3,1.04,1.59,2.27,1.26,1.99,1,5.87,NCCCCC(NC(=O)c1ccccc1)C(=O)O
302,C(C1=CC=CC=C1)(=O)O,BenzoicAcid,-1.59,-1.59,0.05,25,122,122.12,0.57,0.44,1.08,0.75,0.93,1.38,1.49,O=C(O)c1ccccc1
303,C(C1=CC=CC=C1)(=O)OCC(=O)N,2-(Benzoyloxy)acetamide,-1.61,-1.64,0.17,22,121,179.17,0.49,0.99,1.95,1.06,1.33,0.33,3.02,NC(=O)COC(=O)c1ccccc1
304,C(C1=CC=CC=C1)(=O)OCC(=O)N(C)C,"2-(Benzoyloxy)-N,N-dimethylacetamide",-1.36,-1.37,0.17,22,82,207.23,0,1.06,1.92,0.97,1.61,0.93,3.85,CN(C)C(=O)COC(=O)c1ccccc1
305,C(C1=CC=CC=C1)(=O)OCC(=O)N(CC=C)CC=C,"2-(Benzoyloxy)-N,N-bis(2-propenyl)acetamide",-2.55,-2.56,0.17,22,43,259.31,0,1.18,2.06,1.21,2.09,2.04,6.09,C=CCN(CC=C)C(=O)COC(=O)c1ccccc1
306,C(C1=CC=CC=C1)(=O)OCC(=O)N2CCC(CC2)O,1-[(Benzoyloxy)acetyl]-4-piperidinol,-1.33,-1.35,0.17,22,122,263.29,0.31,1.35,2.28,1.38,1.98,0.83,4.51,O=C(OCC(=O)N1CCC(O)CC1)c1ccccc1
307,C(C1=CC=CC=C1)(=O)OCC(=O)N2CCC2,1-[Benzoyloxy(acetyl)]azetidine,-1.59,-1.61,0.17,22,75,219.24,0,1.04,2.01,1.18,1.64,1.08,3.19,O=C(OCC(=O)N1CCC1)c1ccccc1
308,C(C1=CC=CC=C1)(=O)OCC(=O)N2CCCCC2,1-[(Benzoyloxy)acetyl]piperidine,-2.48,-2.5,0.17,22,88,247.29,0,1.05,2.02,1.17,1.92,1.86,4.34,O=C(OCC(=O)N1CCCCC1)c1ccccc1
309,C(C1=CC=CC=C1)(=O)OCC(=O)N2CCCCCC2,1-[(Benzoyloxy)acetyl]hexahydro-1H-azepine,-2.53,-2.54,0.17,22,108,261.32,0,1.05,2.03,1.17,2.07,2.25,4.95,O=C(OCC(=O)N1CCCCCC1)c1ccccc1
310,C(C1=CC=CC=C1)(=O)OCC(=O)N2CCOCC2,4-[(Benzoyloxy)acetyl]morpholine,-1.76,-1.77,0.17,22,104,249.27,0,1.26,2.17,1.21,1.84,0.7,4.3,O=C(OCC(=O)N1CCOCC1)c1ccccc1
311,C(C1=CC=CC=C1)(=O)OCC(=O)NC,2-(Benzoyloxy)-N-methylacetamide,-1.7,-1.72,0.17,22,112,193.2,0.26,1.01,1.91,0.95,1.47,0.59,3.66,CNC(=O)COC(=O)c1ccccc1
312,C(C1=CC=CC=C1)(=O)OCC(=O)NC(C(=O)N)C,2-[[(Benzoyloxy)acetyl]amino]propanamide,-2.69,-2.72,0.17,22,202,250.25,0.74,1.59,2.82,1.37,1.87,-0.17,4.86,CC(NC(=O)COC(=O)c1ccccc1)C(N)=O
313,C(C1=CC=CC=C1)(=O)OCC(=O)NC(C)(C)C,"2-(Benzoyloxy)-N-(1,1-dimethyl-ethyl)acetamide",-2.85,-2.87,0.17,22,113,235.28,0.26,1.05,1.86,0.93,1.89,1.76,4.26,CC(C)(C)NC(=O)COC(=O)c1ccccc1
314,C(C1=CC=CC=C1)(=O)OCC(=O)NC(C)C,2-(Benzoyloxy)-N-(1-methyl-ethyl)acetamide,-2.71,-2.73,0.17,22,130,221.26,0.26,1.04,1.9,0.96,1.75,1.37,4.51,CC(C)NC(=O)COC(=O)c1ccccc1
315,C(C1=CC=CC=C1)(=O)OCC(=O)NCC,2-(Benzoyloxy)-N-ethylacetamide,-2.22,-2.24,0.17,22,106,207.23,0.26,1.01,1.92,0.95,1.61,0.98,4.35,CCNC(=O)COC(=O)c1ccccc1
316,C(C1=CC=CC=C1)(=O)OCC(=O)NCC(=O)N,2-[[(Benzoyloxy)acetyl]amino]acetamide,-1.47,-1.5,0.17,22,152,236.23,0.74,1.56,2.83,1.36,1.73,-0.56,4.68,NC(=O)CNC(=O)COC(=O)c1ccccc1
317,C(C1=CC=CC=C1)(=O)OCC(=O)NCCC,2-(Benzoyloxy)-N-propylacetamide,-2.52,-2.54,0.17,22,90,221.26,0.26,1.02,1.92,0.95,1.75,1.37,5.05,CCCNC(=O)COC(=O)c1ccccc1
318,C(C1=CC=CC=C1)(=O)OCCC(=O)N(C)C,"3-(Benzoyloxy)-N,N-dimethylpropanamide",-1.09,-1.1,0.17,22,50,221.26,0,1.07,1.93,0.96,1.75,1.32,4.51,CN(C)C(=O)CCOC(=O)c1ccccc1
319,C(C1=CC=CC=C1)(=O)OCCCC(=O)N(C)C,"4-(Benzoyloxy)-N,N-dimethylbutanamide",-1.22,-1.23,0.17,22,41,235.28,0,1.07,1.93,0.96,1.89,1.71,5.2,CN(C)C(=O)CCCOC(=O)c1ccccc1
320,C(C1=CC=CC=C1)(=O)OCCN(C(C)=O)C,N-[2-(Benzoyloxy)ethyl]-N-methylacetamide,-0.84,-0.85,0.17,22,51,221.26,0,1.07,1.93,0.96,1.75,1.32,4.51,CC(=O)N(C)CCOC(=O)c1ccccc1
321,C(C1=CC=CC=C1)(C2=CC=CC=C2)O,Benzhydrol,-2.55,-2.55,0.17,25,69,184.24,0.31,0.69,1.26,1.39,1.52,2.77,2.61,OC(c1ccccc1)c1ccccc1
322,C(C1=CC=CC=C1)N(C)N=O,N-Benzyl-N-methylnitrosoamine,-1.52,-1.52,0.17,24,55,150.18,0,0.61,1.48,0.91,1.21,1.8,2.6,CN(Cc1ccccc1)N=O
323,C(C1=CC=CC=C1)NC(=O)N,Benzylurea,-1.14,-0.95,0.17,45,148,150.18,0.59,0.79,1.6,1.1,1.21,0.85,2.49,NC(=O)NCc1ccccc1
324,C(C1=CC=CC=C1)NC(CCCl)=O,Beclamide,-3.28,-3.3,0.23,23,94,197.66,0.26,0.68,1.66,1.01,1.52,1.93,4.33,O=C(CCCl)NCc1ccccc1
325,C(C1=CC=CC=C1C#N)#N,"1,2-Dicyanobenzene",-2.38,-2.38,0.09,25,140,128.13,0,0.4,1.66,0.9,1.03,1.43,1.68,N#Cc1ccccc1C#N
326,C(C1=CC=CC=C1C(=O)OC2=CC=CC=C2)(=O)OC3=CC=CC=C3,Diphenylphthalate,-6.59,-6.59,0.9,25,73,318.33,0,0.95,2.3,1.88,2.36,4.13,4.67,O=C(Oc1ccccc1)c1ccccc1C(=O)Oc1ccccc1
327,C(C1=CC=CC=C1C(=O)OC2CCCCC2)(=O)OC3CCCCC3,Dicyclohexylphthalate,-4.92,-4.92,0.56,24,66,330.42,0,0.82,1.56,1.15,2.62,4.67,5.89,O=C(OC1CCCCC1)c1ccccc1C(=O)OC1CCCCC1
328,C(C1=CC=CC=C1C(=O)OCCC)(=O)OCCC,Dipropylphthalate,-3.36,-3.37,0.24,20,50,250.29,0,0.79,1.39,0.72,1.99,2.82,5.91,CCCOC(=O)c1ccccc1C(=O)OCCC
329,C(C1=CC=CC=C1O)(=O)N,Salicylamide,-1.75,-1.75,0.03,25,141,137.14,0.62,0.61,1.57,1.16,1.03,0.49,1.58,NC(=O)c1ccccc1O
330,C(C1=CC=CC=C1O)(=O)O,SalicylicAcid,-1.8,-1.8,0.08,25,158,138.12,0.7,0.4,1.1,0.91,0.99,1.09,1.58,O=C(O)c1ccccc1O
331,C(C1=CN=CC=C1)(=O)N,Nicotinamide,0.91,0.91,0.05,25,130,122.13,0.49,0.94,1.68,1.04,0.93,0.18,1.44,NC(=O)c1cccnc1
332,C(C1=CN=CC=C1)(=O)NC2=CC=CC=C2,Nicotinanilide<N-Phenylnicotinamide>,-3.09,-3.09,0.19,25,140,198.22,0.41,1.04,2.01,1.51,1.54,2.33,2.74,O=C(Nc1ccccc1)c1cccnc1
333,C(C1=CNNC1=O)C2=CNNC2=O,"4,4'-Methylenebis[1,2-dihydro-3H-pyrazol-3-one",-2.95,-2.95,0.17,25,206,180.17,0.78,2.15,2.53,1.61,1.22,-0.69,1.66,O=c1[nH][nH]cc1Cc1c[nH][nH]c1=O
334,C(C1CCC(CC1)C(O)=O)N,TranexamicAcid,0.04,0.02,0.17,23,300,157.21,0.78,0.95,1.02,0.59,1.3,0.84,2.88,NCC1CCC(C(=O)O)CC1
335,C(C1CCCCC1)(C2CCCCC2)CC3NCCCC3,Perhexiline,-6.67,-6.67,0.91,23,94,277.5,0.13,0.56,0.62,0.8,2.56,5.3,5.82,C1CCC(C(CC2CCCCN2)C2CCCCC2)CC1
336,C(C2(N1CCCCC1)C(NC(=O)NC2=O)=O)C,5-Ethyl-5-(1-piperidyl)barbituricAcid,-2.14,-2.16,0.17,23,215,239.28,0.52,1.69,1.63,1.35,1.79,-0.01,3.14,CCC1(N2CCCCC2)C(=O)NC(=O)NC1=O
337,C(C3(C1=CC2CC(C1)CC2)C(=O)NC(=O)NC3=O)C,Reposal,-2.7,-2.7,0.03,25,213,262.31,0.52,1.31,1.56,1.55,1.96,1.5,2.73,CCC1(C2=CC3CCC(C2)C3)C(=O)NC(=O)NC1=O
338,C(C34C(N1C(CC2=CC=CC(C12)O)(C(N3C)=O)SS4)=O)O,Gliotoxin,-3.73,-3.67,0.32,30,189,326.4,0.46,2.67,2.65,3.07,2.0953,-0.3,2.65,CN1C(=O)C23CC4=CC=CC(O)C4N2C(=O)C1(CO)SS3
339,C(C=C)C1=CC=C(C(=C1)O)O,4-Allylcatechol,-0.79,-0.78,0.17,26,85,150.18,0.77,0.59,1.09,1.07,1.21,1.83,2.16,C=CCc1ccc(O)c(O)c1
340,C(C=C)NC(=S)N,Allylthiourea,-0.22,-0.29,0.17,15,78,116.19,0.34,0.89,1,1.08,0.95,0.01,3.32,C=CCNC(N)=S
341,C(C=C)NC1=NC=NC(=N1)N,2-(Allylamino)-4-amino-s-triazine,-1.12,-1,0.17,37,159,151.17,0.36,1.02,1.43,1.34,1.17,0.05,2.37,C=CCNc1ncnc(N)n1
342,C(C=C)OC(C1=CC=CC=C1C(=O)OCC=C)=O,Diallylphthalate,-3.12,-3.13,0.19,20,66,246.26,0,0.89,1.51,0.97,1.91,2.37,5.37,C=CCOC(=O)c1ccccc1C(=O)OCC=C
343,C(C=C)OC1=C(C(=O)N)C=CC=C1,2-(2-Propenyloxy)benzamide,-2.19,-2.23,0.17,20,77,177.2,0.49,0.93,1.71,1.18,1.41,1.35,3.08,C=CCOc1ccccc1C(N)=O
344,C(C=CC1=C(CCCC1(C)C)C)(=CC=CC(=CCO)C)C,Retinol<VitaminA>,-3.82,-3.81,0.02,23,62,286.46,0.31,0.75,0.81,1.07,2.66,5.51,6.91,CC(C=CC1=C(C)CCCC1(C)C)=CC=CC(C)=CCO
345,C(CC(=O)O)CC(=O)O,GlutaricAcid<PentanedioicAcid>,1.02,1.02,0.03,25,97,132.12,1.14,0.69,1.07,0.34,0.96,0.33,3.42,O=C(O)CCCC(=O)O
346,C(CC(=O)O)CN,4-AminobutyricAcid,1.04,1.04,0.055,25,195,103.12,0.78,0.91,0.94,0.37,0.85,-0.19,3.32,NCCCC(=O)O
347,C(CC(C(=O)O)N)CNC(=N)N,DL-Arginine,0.16,0.14,0.1,20,230,174.2,1.26,1.95,1.24,1.06,1.38,-1.34,4.78,N=C(N)NCCCC(N)C(=O)O
348,C(CC(C)C)OCC(CO)O,"3-Isopentyloxy-propane-1,2-diol",-1.21,-1.21,0.17,23,45,162.23,0.5,0.92,0.83,0.47,1.41,0.4,6.51,CC(C)CCOCC(O)CO
349,C(CC)(=O)OC1=CC=C(C=C1)[N+](=O)[O-],4-Nitrophenylpropionate,-3.89,-3.89,0.35,25,85,195.17,0,0.55,1.61,0.91,1.39,1.91,3.17,CCC(=O)Oc1ccc([N+](=O)[O-])cc1
350,C(CC)C1=NC=NC2=C(C=CC=C12)O,4-Propyl-8-quinazolinol,-2.87,-2.92,0.17,20,132,188.23,0.07,0.86,1.36,1.6,1.48,2.29,2.31,CCCc1ncnc2c(O)cccc12
351,C(CC)OC1=CC=C(C=C1)NC(C)=O,N-(4-Propyl-phenyl)acetamide,-3.09,-3.06,0.19,30,119,193.25,0.41,0.88,1.56,0.96,1.6,2.43,3.98,CCCOc1ccc(NC(C)=O)cc1
352,C(CCC(=O)N)(=O)N,Succinamide,-1.35,-1.48,0.09,15,268,116.12,0.97,1.13,2.01,0.83,0.9,-1.26,2.61,NC(=O)CCC(N)=O
353,C(CCC(=O)O)(=O)O,SuccinicAcid,-0.2,-0.2,0.05,25,187,118.09,0.97,0.69,1.06,0.34,0.82,-0.06,2.61,O=C(O)CCC(=O)O
354,C(CCC(=O)O)CC(=O)O,AdipicAcid<HexanedioicAcid>,-0.77,-0.77,0.03,25,153,146.14,1.14,0.7,1.07,0.34,1.1,0.72,4.27,O=C(O)CCCCC(=O)O
355,C(CCC(=O)O)CCC(=O)O,PimelicAcid<HeptanedioicAcid>,-0.38,-0.38,0.07,25,105,160.17,1.14,0.7,1.08,0.33,1.24,1.11,5.15,O=C(O)CCCCCC(=O)O
356,C(CCC)C(C(O)C1=CC=CC=C1)(CCCC)O,"2-Butyl-1-phenyl-1,2-hexanediol",-3.22,-3.22,0.21,23,91,250.38,0.54,0.9,1.06,0.98,2.24,3.83,6.38,CCCCC(O)(CCCC)C(O)c1ccccc1
357,C(CCC)N(C(=N)N[N+](=O)[O-])[N+](=O)[O-],"N-Butyl-N,N'-dinitroguanidine",-1.71,-1.71,0.17,25,124,205.17,0.26,1.54,1.53,1.04,1.42,0,4.89,CCCCN(C(=N)N[N+](=O)[O-])[N+](=O)[O-]
358,C(CCC)N1C(C2=C(N(C1=O)C)N=C[N]2C)=O,1-Butyltheobromine,-1.66,-1.63,0.02,30,108,236.28,0,1.28,1.92,1.47,1.79,0.23,2.87,CCCCn1c(=O)c2c(ncn2C)n(C)c1=O
359,C(CCC)OC(C(O)CC(=O)OCCCC)=O,DibutylMalate,-2.48,-2.52,0.17,35,80,246.3,0.17,1.02,1.05,0.25,2.01,1.42,9.43,CCCCOC(=O)CC(O)C(=O)OCCCC
360,C(CCC)SC1=CC(=CC(=C1)O)O,"5-(Butylsulfanyl)-1,3-diolbenzene",-2.48,-2.52,0.17,20,109,198.29,1,0.72,1.2,1.34,1.56,2.99,3.96,CCCCSc1cc(O)cc(O)c1
361,C(CCCC(=O)N)(=O)N,Glutaramide,-0.13,-0.26,0.17,10,119,130.15,0.97,1.13,2.01,0.83,1.04,-0.87,3.42,NC(=O)CCCC(N)=O
362,C(CCCC(=O)O)CCC(=O)O,SubericAcid<OctanedioicAcid>,-1.48,-1.48,0.33,25,144,174.2,1.14,0.7,1.08,0.33,1.38,1.5,6.05,O=C(O)CCCCCCC(=O)O
363,C(CCCC(=O)O)CCCC(=O)O,AzelaicAcid<NonanedioicAcid>,-2.12,-2.12,0.09,25,104,188.22,1.14,0.71,1.09,0.33,1.53,1.89,6.96,O=C(O)CCCCCCCC(=O)O
364,C(CCCC)C1=NC(=NC=C1)N[S](=O)(C2=CC=C(C=C2)N)=O,N1-(4-pentyl-2-pyrimidinyl)sulfanilamide,-3.41,-3.2,0.25,37,180,320.42,0.59,1.42,2.54,2.1,2.43,2.59,5.32,CCCCCc1ccnc(NS(=O)(=O)c2ccc(N)cc2)n1
365,C(CCCC)N1C(CCC1=O)=O,N-n-Pentylsuccinimide,-1.12,-1.1,0.17,35,67,169.22,0,0.96,1.02,0.77,1.4,1.33,3.26,CCCCCN1C(=O)CCC1=O
366,C(CCCCC(=O)N)(=O)N,Adipamide,-1.4,-1.52,0.17,12,125,144.17,0.97,1.13,2.02,0.83,1.19,-0.48,4.27,NC(=O)CCCCC(N)=O
367,C(CCCCCC)C2=CC=C(C(=O)C1=CC=CC(=C1)C(=O)O)C=C2,3-(4-Heptyl-benzoyl)benzoicAcid,-7.43,-7.38,0.46,28,150,324.42,0.57,0.86,1.94,1.57,2.68,5.13,6.74,CCCCCCCc1ccc(C(=O)c2cccc(C(=O)O)c2)cc1
368,C(CCCCCSC[C@H](N)C(=O)O)SC[C@H](N)C(=O)O,"S,S'-1,6-Hexanediylbis-L-cysteine",-2.66,-2.67,0.17,20,130,324.47,1.56,2.11,2.01,1.43,2.47,0.84,12.04,N[C@@H](CSCCCCCCSC[C@H](N)C(=O)O)C(=O)O
369,C(CCCCSC[C@H](N)C(=O)O)SC[C@H](N)C(=O)O,"S,S'-1,5-Pentanediylbis-L-cysteine",-2.82,-2.83,0.17,20,130,310.44,1.56,2.11,2.01,1.43,2.33,0.45,11.13,N[C@@H](CSCCCCCSC[C@H](N)C(=O)O)C(=O)O
370,C(CCCSC[C@H](N)C(=O)O)SC[C@H](N)C(=O)O,"S,S-Butanediyldi-L-cysteine",-3.55,-3.56,0.28,20,131,296.41,1.56,2.1,2,1.43,2.19,0.06,10.22,N[C@@H](CSCCCCSC[C@H](N)C(=O)O)C(=O)O
371,C(CCN)CC(=O)O,5-AminovalericAcid,1.04,1.04,0.03,25,157,117.15,0.78,0.91,0.95,0.37,0.99,0.2,4.26,NCCCCC(=O)O
372,C(CN)C(=O)O,?-Alanine,0.9,0.9,0.01,25,198,89.09,0.78,0.9,0.94,0.37,0.71,-0.58,2.41,NCCC(=O)O
373,C(CNC(CCC)=O)NC(CCC)=O,"N,N'-1,2-Ethanediylbisbutanamide",-0.62,-0.62,0.17,25,104,200.28,0.53,1.16,1.96,0.59,1.75,0.82,7.88,CCCC(=O)NCCNC(=O)CCC
374,C(CNC(CCCC)=O)NC(CCCC)=O,"N,N'-1,2-Ethanediylbispentanamide",-1.81,-1.81,0.17,25,107,228.34,0.53,1.17,1.97,0.59,2.03,1.6,9.77,CCCCC(=O)NCCNC(=O)CCCC
375,C(C[C@@H](C(=O)O)N)CNC(=N)N,L-Arginine,0,0,0.11,25,244,174.2,1.26,1.95,1.24,1.06,1.38,-1.34,4.78,N=C(N)NCCC[C@H](N)C(=O)O
376,C(F)(F)(F)COc1c(c(ncc1)CS(=O)c2nc3c(cccc3)[nH]2)C,Lansoprazole,-4.33,-4.33,0.28,25,178,369.4,0.35,1.73,2.97,2.22,2.37,3.52,4.75,Cc1c(OCC(F)(F)F)ccnc1C[S+]([O-])c1nc2ccccc2[nH]1
377,C(F)(F)(F)c1c(S(=O)(=O)N)cc2c(c1)NCNS2(=O)=O,Hydroflumethiazide,-3.02,-3.04,0.09,23,273,331.3,1.01,1.72,2.44,1.7,1.8,0.01,3.24,NS(=O)(=O)c1cc2c(cc1C(F)(F)F)NCNS2(=O)=O
378,C(F)(F)(F)c1cc(ccc1)CCCNC(c2c3c(ccc2)cccc3)C,Cinacalcet,-7.19,-7.21,1.02,23,181,357.42,0.13,0.63,1.37,1.69,2.69,6.14,5.62,CC(NCCCc1cccc(C(F)(F)F)c1)c1cccc2ccccc12
379,C(N(C(N1CCOCC1)=O)CCCC)CN(C(N2CCOCC2)=O)CCCC,Dimorpholamine,0.1,0.1,0.17,25,42,398.55,0,2.04,2.6,1.38,3.26,2.1,10.42,CCCCN(CCN(CCCC)C(=O)N1CCOCC1)C(=O)N1CCOCC1
380,C(N(C(SSC(N(CC)CC)=S)=S)CC)C,Disulfiram<TetraethylthiuramDisulfide>,-2.98,-2.99,0.13,23,70,296.54,0,1.16,1.62,2.12,2.29,3.62,9.79,CCN(CC)C(=S)SSC(=S)N(CC)CC
381,C(N(C(c1sc2c(c1)cccc2)C)O)(=O)N,Zileuton,-2.65,-2.67,0.51,23,145,236.29,0.71,1.15,2.12,1.99,1.71,2.73,2.8,CC(c1cc2ccccc2s1)N(O)C(N)=O
382,C(N(C)C)(=O)Oc1c[n+](ccc1)C,Pyridostigmine(+).Cl,-0.24,-0.26,0.17,23,153,181.21,0,0.7,1.23,0.69,1.43,0.57,2.85,CN(C)C(=O)Oc1ccc[n+](C)c1
383,C(N(C)C)(=O)Oc1cc([N+](C)(C)C)ccc1,Neostigmine(+).Cl,-0.34,-0.35,0.17,23,82,223.29,0,0.73,1.21,0.66,1.86,1.94,3.54,CN(C)C(=O)Oc1cccc([N+](C)(C)C)c1
384,C(N(C)N=O)C(=O)O,N-Nitrososarcosine,0.93,0.93,0.17,25,67,118.09,0.57,0.85,1.46,0.5,0.82,-0.32,2.53,CN(CC(=O)O)N=O
385,C(N(C1=NC(=NC(=N1)NC(C)C)OC)CC)C,Ipatone,-4.89,-4.89,0.2,26,148,239.32,0.13,1.22,1.29,1.21,1.98,1.55,4.93,CCN(CC)c1nc(NC(C)C)nc(OC)n1
386,C(N(C1=NC2=C([N]1C)C(N(C)C(N2C)=O)=O)C)CO,Cafaminol,-0.63,-0.65,0.17,23,105,267.29,0.23,1.87,2.28,1.94,1.94,-1.6,3.19,CN(CCO)c1nc2c(c(=O)n(C)c(=O)n2C)n1C
387,C(N(C3=NC2=C(N1CCCCC1)N=C(N=C2C(=N3)N4CCCCC4)N(CCO)CCO)CCO)CO,Dipyridamole,-5.16,-5.16,0.03,25,163,504.64,0.95,3.03,2.9,3.74,3.87,-0.02,9.67,OCCN(CCO)c1nc(N2CCCCC2)c2nc(N(CCO)CCO)nc(N3CCCCC3)c2n1
388,C(N(CC(=O)O)CC(=O)O)CN(CC(=O)O)CC(=O)O,EDTA<EthylenediamineTetraaceticAcid>,-3.09,-3.09,0.16,25,245,292.25,2.29,2.35,2.33,1,2.01,-2.07,7.85,O=C(O)CN(CCN(CC(=O)O)CC(=O)O)CC(=O)O
389,C(N(N=O)CCCl)(=O)NCCCl,Carmustine,-1.74,-1.75,0.17,23,31,214.05,0.16,0.77,2.06,0.83,1.39,1.16,6.79,O=NN(CCCl)C(=O)NCCCl
390,C(N)(=N)NC(=N)NC1=CC=C([S](=O)(=O)O)C=C1,n-(4-Sulfophenyl)biguanide,-1.92,-2.01,0.17,15,195,257.27,1.02,2.32,2.24,2.05,1.75,-0.24,3.65,N=C(N)NC(=N)Nc1ccc(S(=O)(=O)O)cc1
391,C(N)(OCC(C)C)=O,Isobutylcarbamate,-0.34,-0.3,0.17,37,67,117.15,0.44,0.58,0.91,0.37,0.99,0.74,2.99,CC(C)COC(N)=O
392,C(N)C(NCC(NCC(O)=O)=O)=O,Gly-Gly-Gly<Triglycine>,-0.42,-0.42,0.04,25,138,189.17,1.29,2.03,2.69,0.99,1.36,-2.74,5.2,NCC(=O)NCC(=O)NCC(=O)O
393,C(N)C[S](=O)(=O)O,Taurine,-0.09,-0.09,0.05,25,328,125.15,0.52,1.34,1.64,0.49,0.83,-1.17,2.21,NCCS(=O)(=O)O
394,C(N1C(N(C(=O)C=C1N)C)=O)C(C)=C,Amisometradine,-0.99,-0.99,0.17,25,175,195.22,0.21,1.51,1.66,1.26,1.51,-0.29,2.6,C=C(C)Cn1c(N)cc(=O)n(C)c1=O
395,C(N1C=C(C(=O)C(=C1)I)I)C(OCCC)=O,Propyliodone,-3.39,-3.5,0.25,15,186,447.01,0,1.35,2.02,2.14,2.03,2.01,5.73,CCCOC(=O)Cn1cc(I)c(=O)c(I)c1
396,C(NC#[S]NC)O,Noxythiolin,-0.07,-0.08,0.17,23,89,120.18,0.58,1.22,0.86,0.58,0.91,-0.69,5.49,CNS#CNCO
397,C(NC(=O)N)NC(=O)N,"1,1'-Methylenediurea",-0.68,-0.65,0.17,28,148,132.12,1.19,1.38,2.1,1.05,0.96,-1.72,2.96,NC(=O)NCNC(N)=O
398,C(NC(=O)NCO)O,Dimethylolurea,-3.48,-3.48,0.27,25,126,120.11,1.02,1.31,1.69,0.95,0.86,-1.81,3.91,O=C(NCO)NCO
399,C(NC(NC(\C(=N\OC)C#N)=O)=O)C,Cymoxanil,-2.35,-2.35,0.17,25,161,198.18,0.44,1.39,1.87,0.92,1.46,-0.64,5.46,CCNC(=O)NC(=O)/C(C#N)=N/OC
400,C(NC1=NC(=NC(=N1)Cl)NC(C)(C)C)C,Terbuthylazine,-4.4,-4.43,0.45,20,178,229.72,0.36,0.9,1.19,1.23,1.76,2.17,3.68,CCNc1nc(Cl)nc(NC(C)(C)C)n1
401,C(NC1=NC(=NC(=N1)N)Cl)C,Deisopropylatrazine,-2.38,-2.41,0.17,22,201,173.61,0.46,0.88,1.43,1.33,1.2,0.54,2.43,CCNc1nc(N)nc(Cl)n1
402,C(NNC(N)=S)(N)=S,"1,2-Hydrazinecarbothioamide<2,5-Dithiobiurea>",-1.77,-1.8,0.17,23,151,150.23,0.69,1.63,1.69,1.92,1.03,-1.43,3.13,NC(=S)NNC(N)=S
403,C(OC(CCC)=O)C(CO)O,1-Monobutyrin,-1.33,-1.33,0.17,25,89,162.19,0.5,1,1.08,0.49,1.29,-0.32,5.78,CCCC(=O)OCC(O)CO
404,C(OC1=NC2=C([N]1C)C(N(C)C(N2C)=O)=O)C,"8-Ethoxy-1,3,7-trimethyl-3,7-dihydropurine-2,6-dione",-1.85,-1.9,0.17,19,162,238.25,0,1.43,1.99,1.52,1.7,-0.63,2.53,CCOc1nc2c(c(=O)n(C)c(=O)n2C)n1C
405,C(O\N=C\1C2(C(C(C1)CC2)(C)C)C)C#C,Heptopargil,-2.31,-2.31,0.17,20,70,205.3,0.09,0.53,0.45,0.85,1.75,2.84,2.3,C#CCO/N=C1/CC2CCC1(C)C2(C)C
406,C(P(=O)(O)O)(P(=O)(O)O)(Cl)Cl,ClodronicAcid,-2.77,-2.79,0.17,23,250,244.89,1.25,2.22,1.49,1.3,1.26,0.43,3.22,O=P(O)(O)C(Cl)(Cl)P(=O)(O)O
407,C([C@@H](C(=O)O)N)O,L-Serine,0.61,0.61,0.05,25,220,105.09,1.03,1.3,1.15,0.6,0.76,-1.61,2.32,N[C@@H](CO)C(=O)O
408,C([C@@H](C(=O)O)N)SSC[C@@H](C(=O)O)N,L-Cystine,-3.16,-3.16,0.15,25,260,240.31,1.56,2.09,1.98,1.44,1.63,-0.81,6.71,N[C@@H](CSSC[C@H](N)C(=O)O)C(=O)O
409,C([C@@H](C(=O)O)O)C(=O)O,L-MalicAcid,0.5,0.43,0.17,20,103,134.09,1.14,0.99,1.1,0.47,0.88,-1.09,2.66,O=C(O)C[C@H](O)C(=O)O
410,C([C@@H]([C@@H]1C(=C(C(=O)O1)O)O)O)O,AscorbicAcid<VitaminC>,0.28,0.28,0.07,25,187,176.12,1.12,1.65,1.68,1.23,1.11,-1.41,2.21,O=C1O[C@H]([C@@H](O)CO)C(O)=C1O
411,C([C@@H]1[C@@H]([C@@H]([C@H]([C@@H](O1)O[C@@H]2[C@H](O[C@H]([C@@H]([C@H]2O)O)O)CO)O)O)O)O,?-Lactose,-0.23,-0.24,0.17,20,202,342.3,2.01,3.4,2.69,2.33,2.23,-5.4,6.27,OC[C@H]1O[C@@H](O[C@H]2[C@H](O)[C@@H](O)[C@H](O)O[C@@H]2CO)[C@H](O)[C@@H](O)[C@H]1O
412,C([C@@H]1[C@@H]([C@@H]([C@H]([C@@H](O1)O[C@H]([C@@H](CO)O)[C@@H]([C@H](CO)O)O)O)O)O)O,Lactitol·H2O<IMPORTAL>,0.73,0.73,0.12,25,96,344.31,2.33,3.37,2.8,2.23,2.34,-5.76,8.2,OC[C@@H](O)[C@@H](O[C@@H]1O[C@H](CO)[C@H](O)[C@H](O)[C@H]1O)[C@H](O)[C@@H](O)CO
413,C([C@@H]1[C@H]([C@@H]([C@H]([C@@H](O1)O[C@@H]2[C@H](O[C@H]([C@@H]([C@H]2O)O)O)CO)O)O)O)O,Cellobiose,-0.47,-0.46,0.01,31,235,342.3,2.01,3.4,2.69,2.33,2.23,-5.4,6.27,OC[C@H]1O[C@@H](O[C@H]2[C@H](O)[C@@H](O)[C@H](O)O[C@@H]2CO)[C@H](O)[C@@H](O)[C@@H]1O
414,C([C@@H]1[C@H]([C@@H]([C@H]([C@H](O1)O[C@]2([C@H]([C@@H]([C@H](O2)CO)O)O)CO)O)O)O)O,Sucrose,0.08,0.07,0.01,20,191,342.3,2.01,3.43,2.63,2.32,2.23,-5.4,5.92,OC[C@H]1O[C@@](CO)(O[C@H]2O[C@H](CO)[C@@H](O)[C@H](O)[C@H]2O)[C@@H](O)[C@@H]1O
415,C([C@H](C(=O)O)N)O,D-Serine,0.6,0.6,0.02,25,220,105.09,1.03,1.3,1.15,0.6,0.76,-1.61,2.32,N[C@H](CO)C(=O)O
416,C([C@H](C(=O)O)N)SSC[C@H](C(=O)O)N,D-Cystine,-3.38,-3.38,0.25,25,260,240.31,1.56,2.09,1.98,1.44,1.63,-0.81,6.71,N[C@H](CSSC[C@@H](N)C(=O)O)C(=O)O
417,C([C@H](C(=O)O)O)C(=O)O,D-MalicAcid,0.61,0.61,0.11,25,100,134.09,1.14,0.99,1.1,0.47,0.88,-1.09,2.66,O=C(O)C[C@@H](O)C(=O)O
418,C([C@H]([C@@H]([C@@H]([C@H](CO)O)O)O)O)O,Galactitol,-0.7,-0.77,0.17,15,190,182.17,1.62,1.81,1.75,1.23,1.31,-3.59,5.3,OC[C@@H](O)[C@H](O)[C@H](O)[C@@H](O)CO
419,C([C@H]([C@H]([C@@H]([C@@H](CO)O)O)O)O)O,Mannitol,0.06,0.06,0.06,25,168,182.17,1.62,1.81,1.75,1.23,1.31,-3.59,5.3,OC[C@@H](O)[C@@H](O)[C@H](O)[C@H](O)CO
420,C([C@H]([C@H]([C@@H]([C@H](CO)O)O)O)O)O,Sorbitol,1.15,1.15,0.17,25,111,182.17,1.62,1.81,1.75,1.23,1.31,-3.59,5.3,OC[C@@H](O)[C@@H](O)[C@H](O)[C@@H](O)CO
421,C(\C=C\C(=O)N)(=O)N,Fumaramide,-2.49,-2.51,0.17,23,151,114.1,0.97,1.19,2.11,0.99,0.86,-1.49,2.33,NC(=O)/C=C/C(N)=O
422,C(c1c(F)cc(F)cc1)(C(c2c(F)cncn2)C)(O)Cn3ncnc3,Voriconazole,-2.94,-2.95,0.17,23,129,349.32,0.31,1.5,2.19,1.95,2.3,2.18,4.5,CC(c1ncncc1F)C(O)(Cn1cncn1)c1ccc(F)cc1F
423,C(c1c(ccs1)C)(c2c(ccs2)C)=CCCN3CC(C(=O)O)CCC3,Tiagabine,-4.09,-4.1,0.39,23,176,375.56,0.57,1.02,1.6,1.77,2.89,5.04,6.1,Cc1ccsc1C(=CCCN1CCCC(C(=O)O)C1)c1sccc1C
424,C(c1cc(Nc2c3c(ncn2)cc(OCCOC)c(OCCOC)c3)ccc1)#C,Erlotinib,-5.65,-5.67,0.27,23,128,393.45,0.21,1.74,2.91,2.68,2.99,3.41,7.22,C#Cc1cccc(Nc2ncnc3cc(OCCOC)c(OCCOC)cc23)c1
425,C(c1ccc(S(=O)(=O)Nc2c(Oc3c(OC)cccc3)c(OCCO)nc(-c4ncccn4)n2)cc1)(C)(C)C,Bosentan,-5.71,-5.74,0.03,23,109,551.63,0.6,2.48,3.5,3.64,3.98,4.2,8.27,COc1ccccc1Oc1c(NS(=O)(=O)c2ccc(C(C)(C)C)cc2)nc(-c2ncccn2)nc1OCCO
426,C/1(CCCC=C1)=N/O,2-Cyclohexen-1-oneOxime,-0.94,-0.97,0.19,20,52,111.14,0.31,0.51,0.52,0.74,0.92,1.56,1.67,O/N=C1\C=CCCC1
427,C/1(CCCC=C1)=N\O,2-Cyclohexen-1-oneOxime,-0.68,-0.7,0.19,20,52,111.14,0.31,0.51,0.52,0.74,0.92,1.56,1.67,O/N=C1/C=CCCC1
428,C/C(=C(\C#N)/C(=O)Nc1ccc(cc1)C(F)(F)F)/O,Teriflunomide,-3.96,-3.96,0.11,25,163,270.21,0.78,1.11,2.01,1.05,1.76,3,4.17,C/C(O)=C(\C#N)C(=O)Nc1ccc(C(F)(F)F)cc1
429,C/C(=C\C(=O)O)/C=C/C=C(\C)/c1ccc2c(c1)C(CCC2(C)C)(C)C,MTTO,-5.8,-5.91,0.04,19,229,338.48,0.57,0.76,1.16,1.38,2.95,6.03,5.41,CC(/C=C/C=C(\C)c1ccc2c(c1)C(C)(C)CCC2(C)C)=C\C(=O)O
430,C/C(=C\C1=CC=C(C=C1)C(=O)O)/C2=CC3=C(C=C2)C(CCC3(C)C)(C)C,ArotinoicAcid<TTNPB>,-5.38,-5.5,0.08,19,247,348.49,0.57,0.68,1.4,1.7,2.94,6.29,4.55,C/C(=C\c1ccc(C(=O)O)cc1)c1ccc2c(c1)C(C)(C)CCC2(C)C
431,C/C(=N\Nc1ccc2ccccc2n1)c3ccccn3,HydrazoneanalogpH22-4,-4.52,-4.52,0.16,25,143,262.31,0.13,1.18,1.76,2.35,2.05,3.47,3.37,C/C(=N\Nc1ccc2ccccc2n1)c1ccccn1
432,C/C(=N\Nc2ncnc1ccccc12)c3ccccn3,1-(2-Pyridinyl)ethanone4-quinazolinylhydrazone,-3.63,-3.63,0.16,25,212,263.3,0.13,1.3,1.82,2.38,2.01,2.86,3.33,C/C(=N\Nc1ncnc2ccccc12)c1ccccn1
433,C/C=C(/C)\C(=O)O[C@H]1CCN2[C@@H]1C(=CC2)COC(=O)[C@@]([C@@H](C)OC)(C(C)(C)O)O,Lasiocarpine,-1.8,-1.79,0.17,23,97,411.49,0.36,2.31,1.75,1.34,3.19,0.96,7.26,C/C=C(/C)C(=O)O[C@H]1CCN2CC=C(COC(=O)[C@@](O)([C@@H](C)OC)C(C)(C)O)[C@H]12
434,C/C=C/C(=O)O,trans-CrotonicAcid,0,0,0.33,25,72,86.09,0.57,0.43,0.72,0.33,0.7,0.65,2.13,C/C=C/C(=O)O
435,C/C=C/C/C=C(/C)\[C@@H](CC/C(=C/C=C(\C)/C(=O)c1c(cc(oc1=O)[C@H](C)CC/C=C/NC(=O)OC)O)/C)O,CorallopyroninA,-6.69,-6.69,0.92,25,136,527.65,0.84,2.4,2.83,2.09,4.31,6.23,14.46,C/C=C/C/C=C(/C)[C@H](O)CC/C(C)=C/C=C(\C)C(=O)c1c(O)cc([C@H](C)CC/C=C/NC(=O)OC)oc1=O
436,C/C=C/C1=C(N2[C@@H]([C@@H](C2=O)NC(=O)[C@@H](c3ccc(cc3)O)N)SC1)C(=O)O,Cefprozil·H2O,-1.48,-1.48,0.16,25,222,389.4,1.55,2.89,3.59,2.91,2.73,0.71,5.24,C/C=C/C1=C(C(=O)O)N2C(=O)[C@@H](NC(=O)[C@H](N)c3ccc(O)cc3)[C@H]2SC1
437,C/C=C/C=C/C(=O)O,SorbicAcid,-1.86,-1.79,0.17,30,135,112.13,0.57,0.5,0.83,0.48,0.94,1.2,3.58,C/C=C/C=C/C(=O)O
438,C/C=C\C(=O)O,IsocrotonicAcid,0.01,-0.06,0.17,20,72,86.09,0.57,0.43,0.72,0.33,0.7,0.65,2.13,C/C=C\C(=O)O
439,C1(=C(N=C(C(=N1)Cl)N)N)C(N=C(N)N)=O,Amiloride,-2.87,-2.87,0.05,25,241,229.63,1.01,2.16,2.12,2.33,1.51,-1.29,2.9,NC(N)=NC(=O)c1nc(Cl)c(N)nc1N
440,C1(=CC(=CC2=CC=CC=C12)O)O,Benzoresorcinol,-1.88,-1.95,0.17,20,124,160.17,1,0.66,1.42,1.71,1.2,2.25,1.4,Oc1cc(O)c2ccccc2c1
441,C1(=CC(=CC=C1)CO)CO,"1,3-Benzenedimethanol",-0.23,-0.23,0.17,25,57,138.17,0.63,0.94,0.98,1.05,1.12,0.67,2.42,OCc1cccc(CO)c1
442,C1(=CC(=CC=C1)[S](=O)(=O)N)[S](=O)(=O)N,"1,3-Benzenedisulfonamide",-2.17,-2.17,0.17,25,192,236.27,0.88,1.58,2.38,1.73,1.48,-1.02,2.63,NS(=O)(=O)c1cccc(S(N)(=O)=O)c1
443,C1(=CC=C(C=C1)C=O)C=O,"1,4-Benzenedicarboxaldehyde",-2.77,-2.83,0.17,20,117,134.13,0,0.69,1.67,1.07,1.03,1.31,1.95,O=Cc1ccc(C=O)cc1
444,C1(=CC=C(C=C1)CO)CO,"1,4-Benzenedimethanol",-0.39,-0.39,0.17,25,118,138.17,0.63,0.94,0.98,1.05,1.12,0.67,2.42,OCc1ccc(CO)cc1
445,C1(=CC=C(C=C1)[S](=O)(=O)N)[S](=O)(=O)N,"1,4-Benzenedisulfonamide",-2.53,-2.53,0.17,25,194,236.27,0.88,1.63,2.43,1.76,1.48,-1.02,2.63,NS(=O)(=O)c1ccc(S(N)(=O)=O)cc1
446,C1(=CC=C(N)C=C1)C2=CC=C(N)C=C2,Benzidine,-2.56,-2.56,0.01,25,120,184.24,0.45,0.84,1.94,1.99,1.52,2.52,2.11,Nc1ccc(-c2ccc(N)cc2)cc1
447,C1(=CC=CC2=CC=CC(=C12)N)N,"1,8-Diaminonaphthalene",-2.27,-2.27,0.17,25,67,158.2,0.45,0.75,1.78,1.86,1.29,2,1.4,Nc1cccc2cccc(N)c12
448,C1(=CC=CC2=CC=CC=C12)CC(=O)N,1-Naphthaleneacetamide,-3.89,-3.68,0.35,40,184,185.23,0.49,0.72,1.88,1.71,1.48,1.87,2.19,NC(=O)Cc1cccc2ccccc12
449,C1(=CC=CC2=CC=CC=C12)CO,1-Naphthalenemethanol,-1.74,-1.74,0.17,25,64,158.2,0.31,0.59,1.16,1.52,1.29,2.33,1.8,OCc1cccc2ccccc12
450,C1(=CC=CC2=CC=CC=C12)N,1-Naphthylamine,-1.86,-1.93,0.04,20,49,143.19,0.23,0.49,1.4,1.58,1.19,2.42,1.29,Nc1cccc2ccccc12
451,C1(=CC=CC2=CC=CC=C12)O,1-Naphthol,-2.21,-2.22,0.1,24,95,144.17,0.5,0.45,1.23,1.5,1.14,2.55,1.29,Oc1cccc2ccccc12
452,C1(=CC=CC=C1)C(=O)C(O)C2=CC=CC=C2,Benzoin,-2.85,-2.85,0.17,25,137,212.25,0.17,0.95,1.56,1.52,1.68,2.6,3.13,O=C(c1ccccc1)C(O)c1ccccc1
453,C1(=CC=CC=C1)C(C#N)C2=CC=CC=C2,Diphenylacetonitrile,-2.92,-2.94,0.17,23,74,193.25,0,0.41,1.64,1.34,1.62,3.34,2.8,N#CC(c1ccccc1)c1ccccc1
454,C1(=CC=CC=C1)C(C(CCC)(O)CCC)O,"1-Phenyl-2-propyl-1,2-pentanediol",-2.64,-2.65,0.17,20,95,222.33,0.54,0.89,1.05,0.98,1.96,3.05,4.97,CCCC(O)(CCC)C(O)c1ccccc1
455,C1(=CC=CC=C1)C(CC(C)=O)=O,"1-Phenyl-1,3-butanedione",-2.63,-2.63,0.17,25,56,162.19,0,0.73,1.63,1,1.31,1.85,2.75,CC(=O)CC(=O)c1ccccc1
456,C1(=CC=CC=C1)C(NC(C)=O)NC(C)=O,"N,N'-(phenylmethylene)bis-acetamide",-1.27,-1.31,0.17,20,144,206.24,0.51,1.27,2.37,1.2,1.65,0.96,3.85,CC(=O)NC(NC(C)=O)c1ccccc1
457,C1(=CC=CC=C1)C(O)(C2=CC=CC=C2)C3=CC=CC=C3,Triphenylmethanol,-2.26,-2.26,0.17,25,164,260.34,0.31,0.83,1.66,1.95,2.13,3.97,3.36,OC(c1ccccc1)(c1ccccc1)c1ccccc1
458,C1(=CC=CC=C1)C(O)C(O)C2=CC=CC=C2,Hydrobenzoin,-1.85,-1.93,0.03,15,139,214.26,0.54,1.09,1.47,1.61,1.72,2.45,3.34,OC(c1ccccc1)C(O)c1ccccc1
459,C1(=CC=CC=C1)C2=C(C=CC=C2)O,2-phenylphenol,-2.39,-2.39,0.17,25,59,170.21,0.5,0.49,1.37,1.61,1.38,3.06,2,Oc1ccccc1-c1ccccc1
460,C1(=CC=CC=C1)C2=CC=CC=C2,Diphenyl,-4.3,-4.3,0.27,25,70,154.21,0,0.21,1.16,1.39,1.32,3.35,1.91,c1ccc(-c2ccccc2)cc1
461,C1(=CC=CC=C1)C2NC(NC(C2)=O)=O,"Dihydro-6-phenyl-2,4(1h;3H)-pyrimidinedione",-0.66,-0.68,0.17,23,200,190.2,0.44,1.05,1.63,1.39,1.4,0.96,2.18,O=C1CC(c2ccccc2)NC(=O)N1
462,C1(=CC=CC=C1)C3(C2=CC=CC=C2C(O3)=O)C4=CC=CC=C4,Phthalophenone,-3.85,-3.85,0.34,25,120,286.33,0,0.63,1.92,2.01,2.18,4.15,2.83,O=C1OC(c2ccccc2)(c2ccccc2)c2ccccc21
463,C1(=CC=CC=C1)C3=C(N=C2NC=NC(C2=N3)=O)C4=CC=CC=C4,"6,7-Diphenyl-4(1H)-pteridinone",-3.08,-3.18,0.19,20,223,300.32,0.08,1.25,2.15,3.2,2.2,3.05,3.16,O=c1nc[nH]c2nc(-c3ccccc3)c(-c3ccccc3)nc12
464,C1(=CC=CC=C1)CC(=O)O,PhenylaceticAcid,-0.89,-0.89,0.03,25,77,136.15,0.57,0.45,1.08,0.75,1.07,1.31,2.05,O=C(O)Cc1ccccc1
465,C1(=CC=CC=C1)CCC2=C(C=C(C=C2)O)O,"4-(2-Phenylethyl)-1,3-benzenediol",-2.64,-2.72,0.17,18,129,214.26,1,0.7,1.51,1.59,1.72,2.88,3.11,Oc1ccc(CCc2ccccc2)c(O)c1
466,C1(=CC=CC=C1)CNC2=CC=C(C=C2)[S](=O)(=O)N,Benzylsulfamide,-1.92,-1.79,0.17,37,171,262.33,0.57,1.25,2.25,1.95,1.95,1.95,3.64,NS(=O)(=O)c1ccc(NCc2ccccc2)cc1
467,C1(=CC=CC=C1)CNC2=NC=NC(=N2)N,"2,4-diamine,N-(Phenylmethyl)-1,3,5-triazine",-2.06,-1.91,0.17,37,193,201.23,0.36,1.05,1.83,1.79,1.54,1.07,2.73,Nc1ncnc(NCc2ccccc2)n1
468,C1(=CC=CC=C1)CNC3=C2C(=NC=N2)N=C[NH]3,6-Benzylaminopurine,-3.53,-3.57,0.28,20,233,225.26,0.27,1.49,0.89,1.96,1.67,1.92,2.42,c1ccc(CNc2[nH]cnc3ncnc2-3)cc1
469,C1(=CC=CC=C1)C[N]2C=NC3=C(N=CN=C23)N,9-Benzyladenine,-2.53,-2.71,0.17,15,205,225.25,0.23,1.05,2.17,2.33,1.67,1.46,2.22,Nc1ncnc2c1ncn2Cc1ccccc1
470,C1(=CC=CC=C1)N(C(=O)N)C2=CC=CC=C2,"1,1-Diphenylurea",-3.38,-3.45,0.25,20,239,212.25,0.39,0.88,1.99,1.71,1.68,2.9,2.87,NC(=O)N(c1ccccc1)c1ccccc1
471,C1(=CC=CC=C1)N2C(CNC2=S)=O,3-Phenyl-2-thioxo-4-imidazolidinone,-3.24,-3.24,0.22,25,173,192.24,0.13,1.18,1.88,1.89,1.37,0.91,1.98,O=C1CNC(=S)N1c1ccccc1
472,C1(=CC=CC=C1)N2CCSCC2,4-phenylthiomorpholine,-1.18,-1.25,0.17,16,64,179.29,0,0.57,1.16,1.34,1.43,2.24,2.56,c1ccc(N2CCSCC2)cc1
473,C1(=CC=CC=C1)N=NC2=C(C=CC3=CC=CC=C23)N,1-(Phenylazo)-2-naphthalenamine,-6.07,-5.92,0.79,37,103,247.3,0.23,0.77,1.57,2.39,1.95,4.84,2.94,Nc1ccc2ccccc2c1N=Nc1ccccc1
474,C1(=CC=CC=C1)N=NNC2=CC=CC=C2,"1,3-Diphenyl-1-triazene",-2.58,-2.6,0.17,23,98,197.24,0.13,0.7,1.12,1.58,1.58,3.8,3.08,c1ccc(N=NNc2ccccc2)cc1
475,C1(=CC=CC=C1)NC(=S)N,Phenylthiourea,-1.77,-1.77,0.01,25,154,152.22,0.34,0.77,1.49,1.58,1.18,1.34,2.23,NC(=S)Nc1ccccc1
476,C1(=CC=CC=C1)NC2=CC=CC3=CC=CC=C23,"Naphthalenamine,N-Phenyl-1-",-3.56,-3.56,0.28,25,62,219.29,0.13,0.47,1.73,2.09,1.79,4.58,2.51,c1ccc(Nc2cccc3ccccc23)cc1
477,C1(=CC=CC=C1)N[S](=O)(=O)C=C,N-Phenylethenesulfonamide,-1.42,-1.5,0.17,20,121,183.23,0.36,0.79,1.66,1.21,1.34,1.57,2.49,C=CS(=O)(=O)Nc1ccccc1
478,C1(=CC=CC=C1)O,Phenol,0,0,0.36,25,41,94.11,0.5,0.39,0.9,0.78,0.78,1.39,0.99,Oc1ccccc1
479,C1(=CC=CC=C1)OC(C2=CC=C(C=C2O)N)=O,Fenamisal,-4.52,-4.52,0.48,25,153,229.23,0.36,0.74,1.9,1.66,1.7,2.19,2.96,Nc1ccc(C(=O)Oc2ccccc2)c(O)c1
480,C1(=CC=CC=C1)SC2=CC=C(C=C2)O,4-(Phenylsulfanyl)phenol,-2.75,-2.77,0.17,23,104,202.28,0.5,0.59,1.49,1.73,1.55,3.54,2.75,Oc1ccc(Sc2ccccc2)cc1
481,C1(=CC=CC=C1)SSC[C@H](N)C(=O)O,3-(Phenyldisulfanyl)-L-alanine,-2.58,-2.66,0.17,17,128,229.33,0.78,1.27,1.69,1.64,1.64,1.84,4.85,N[C@@H](CSSc1ccccc1)C(=O)O
482,C1(=CC=CC=C1)[N]2C=C(C=N2)O,4-Hydroxy-1-phenylpyrazole,-1.96,-1.96,0.17,25,115,160.18,0.5,0.75,1.6,1.62,1.2,1.58,1.55,Oc1cnn(-c2ccccc2)c1
483,C1(=CC=CC=C1)[S](=O)(=O)N,Benzenesulfonamide,-1.47,-1.56,0.17,16,151,157.19,0.44,0.88,1.54,1.15,1.1,0.33,1.74,NS(=O)(=O)c1ccccc1
484,C1(=CC=CC=C1)[S](=O)(=O)N2CCCCC2,1-(Phenylsulfonyl)piperidine,-2.5,-2.54,0.17,20,111,225.31,0,0.93,1.62,1.27,1.69,1.86,3.07,O=S(=O)(c1ccccc1)N1CCCCC1
485,C1(=CC=CC=C1)[S](=O)(=O)OC,Methylbenzenesulfonate,-1.74,-1.74,0.17,25,69,172.2,0,0.82,1.66,0.7,1.2,1.02,2.26,COS(=O)(=O)c1ccccc1
486,C1(=CC=CC=C1)[S](=O)(=O)OCC,Ethylbenzenesulfonate,-2.13,-2.13,0.17,25,61,186.23,0,0.83,1.67,0.7,1.34,1.41,2.84,CCOS(=O)(=O)c1ccccc1
487,C1(=CC=CC=C1C(=O)N)C(=O)N,Phthalamide,-2.36,-2.44,0.17,20,222,164.16,0.97,1.21,2.4,1.44,1.23,-0.12,2.09,NC(=O)c1ccccc1C(N)=O
488,C1(=CC=CC=C1N)N,"1,2-Diaminobenzene<Phenylenediamine>",-0.53,-0.43,0.17,35,103,108.14,0.47,0.71,1.42,1.19,0.92,0.85,1.08,Nc1ccccc1N
489,C1(=NC(=NC(=N1)N)N)NC2CC2,Cyromazine,-1.11,-1.11,0.17,25,219,166.19,0.58,1.19,1.78,1.74,1.21,-0.39,1.46,Nc1nc(N)nc(NC2CC2)n1
490,C1(C2=C(CO1)C=CC3=CC=CC=C23)=O,"Naphtho[1,2-c]furan-1(3H)-one",-3.28,-3.31,0.23,23,145,184.19,0,0.48,1.38,1.6,1.33,2.51,1.39,O=C1OCc2ccc3ccccc3c21
491,C1(CCCC1=NO)=NO,N-(2-Nitroso-1-cyclopentenyl)hydroxylamine,-1.99,-1.99,0.17,24,124,128.13,0.63,0.87,0.57,0.96,0.94,0.83,1.67,ON=C1CCCC1=NO
492,C1(CCCCC1)=NNC(=O)N,2-Cyclohexylidenehydrazinecarboxamide,-1.38,-1.41,0.17,20,140,155.2,0.59,0.85,1.12,0.9,1.26,0.97,2.89,NC(=O)NN=C1CCCCC1
493,C1(CCCCC1)=NO,CyclohexanoneOxime,-0.8,-0.8,0.17,25,90,113.16,0.31,0.45,0.42,0.58,0.96,1.78,1.89,ON=C1CCCCC1
494,C1(CCCCC1)C2=C(C=C(C=C2)O)O,"4-Cyclohexyl-1,3-benzenediol",-2.58,-2.58,0.17,25,124,192.26,1,0.63,1.13,1.23,1.57,3.15,2.62,Oc1ccc(C2CCCCC2)c(O)c1
495,C1(CCCCC1)NC(=O)C2=CC=CN=C2,N-Cyclohexylnicotinamide,-2.32,-2.32,0.17,25,128,204.27,0.26,0.98,1.73,1.15,1.67,2.14,3.32,O=C(NC1CCCCC1)c1cccnc1
496,C1(CCCCCC1=NO)=NO,"1,2-CycloheptanedioneDioxime",-1.42,-1.42,0.17,25,108,156.19,0.63,0.88,0.57,0.95,1.22,1.61,2.89,ON=C1CCCCCC1=NO
497,C1(NC(C2=CC=CC=C12)=O)=O,Phthalimide,-2.61,-2.61,0.17,25,238,147.13,0.34,0.77,1.71,1.24,1.02,0.57,1.06,O=C1NC(=O)c2ccccc21
498,C12(CCC(C(C1=O)=O)C2(C)C)C,Camphorquinone,-2.08,-1.99,0.17,37,200,166.22,0,0.71,1.22,0.82,1.33,1.58,1.2,CC12CCC(C(=O)C1=O)C2(C)C
499,C12(CCC(CC1=O)C2(C)C)C,DL-Camphor,-1.93,-1.93,0.32,25,176,152.24,0,0.41,0.73,0.61,1.32,2.4,1.13,CC12CCC(CC1=O)C2(C)C
500,C12(N)CC3CC(C1)CC(C2)C3,Amantadine,-1.95,-1.95,0.5,25,180,151.25,0.21,0.64,0.68,0.84,1.29,1.91,1.07,NC12CC3CC(CC(C3)C1)C2
501,C12C(C(C3C1O3)Cl)C4(C(=C(C2(C4(Cl)Cl)Cl)Cl)Cl)Cl,Epoxyheptachlor,-6.27,-6.29,0.83,23,160,389.32,0,0.6,1.38,2.03,1.96,4.45,2.52,ClC1=C(Cl)C2(Cl)C3C4OC4C(Cl)C3C1(Cl)C2(Cl)Cl
502,C1=C(Br)C=C(C(=C1CN(C2CCCCC2)C)N)Br,Bromhexine,-6.72,-6.72,0.12,25,137,376.14,0.28,0.87,1.65,1.88,2.28,4.56,5.1,CN(Cc1cc(Br)cc(Br)c1N)C1CCCCC1
503,C1=C(Br)C=CC2=C1C(=NCC(=O)N2)C3=CC=CC=N3,Bromazepam,-3.48,-3.48,0.13,25,193,316.16,0.47,1.27,1.93,2.32,1.94,2.63,3.13,O=C1CN=C(c2ccccn2)c2cc(Br)ccc2N1
504,C1=C(Br)C=CC2=C1C(=NCC(N2C)COC)C3=CC=CC=C3Cl,Metaclazepam,-5.45,-5.45,0.67,25,144,393.71,0,0.91,1.71,2.3,2.57,4.4,5.05,COCC1CN=C(c2ccccc2Cl)c2cc(Br)ccc2N1C
505,C1=C(C(=C(C(=C1C(F)(F)F)Cl)[N+](=O)[O-])NC2=C(C=C(C(F)(F)F)C=N2)Cl)[N+](=O)[O-],Fluazinam,-5.42,-5.42,0.66,25,113,465.09,0.22,0.42,1.97,1.61,2.36,5.99,5.81,O=[N+]([O-])c1cc(C(F)(F)F)c(Cl)c([N+](=O)[O-])c1Nc1ncc(C(F)(F)F)cc1Cl
506,C1=C(C(=C(C(=C1I)C(O)=O)I)NC(CCCCC(NC2=C(C(=C(I)C=C2I)C(O)=O)I)=O)=O)I,Iodipamide<Adipiodone>,-5.14,-5.28,0.6,20,307,1139.77,2.25,1.87,4.84,5.86,4.38,6.85,12.75,O=C(CCCCC(=O)Nc1c(I)cc(I)c(C(=O)O)c1I)Nc1c(I)cc(I)c(C(=O)O)c1I
507,C1=C(C(=C(C(=C1I)CC(C(O)=O)CC)I)N)I,IopanoicAcid,-5.85,-5.89,0.66,23,155,570.93,0.85,0.74,2.16,2.91,2.37,3.74,6.23,CCC(Cc1c(I)cc(I)c(N)c1I)C(=O)O
508,C1=C(C(=C(C(=C1I)N(CC(C(O)=O)C)C(C)=O)I)N)I,IocetamicAcid,-5.8,-5.55,0.74,37,224,613.96,0.85,1.27,2.97,3.2,2.63,3.16,6.75,CC(=O)N(CC(C)C(=O)O)c1c(I)cc(I)c(N)c1I
509,C1=C(C(=C(C2=C1OCO2)OC)CC(C3=C(C(=C(OC)C=C3)OC)C(O)=O)=O)CCN(C)C,Narceine,-2.68,-2.76,0.17,13,138,445.47,0.57,2.39,3.49,2.27,3.25,2.67,7.09,COc1ccc(C(=O)Cc2c(CCN(C)C)cc3c(c2OC)OCO3)c(C(=O)O)c1OC
510,C1=C(C(=C(C=C1)C)N(C(C(OC)=O)C)C(CC2=CC=CC=C2)=O)C,Benalaxyl,-3.94,-3.94,0.36,25,79,325.41,0,1.18,2.18,1.6,2.64,3.44,5.74,COC(=O)C(C)N(C(=O)Cc1ccccc1)c1c(C)cccc1C
511,C1=C(C(=C(C=C1)C)N(C(C2=CC=CO2)=O)C(C(OC)=O)C)C,Furalaxyl,-3.1,-3.12,0.19,20,70,301.34,0,1.21,2.05,1.38,2.32,3.1,4.65,COC(=O)C(C)N(C(=O)c1ccco1)c1c(C)cccc1C
512,C1=C(C(=C(C=C1)C)N(C2C(OCC2)=O)C(CCl)=O)C,Ofurace,-3.23,-3.29,0.22,20,146,281.74,0,1.18,2.67,1.44,2.05,2.19,4.1,Cc1cccc(C)c1N(C(=O)CCl)C1CCOC1=O
513,C1=C(C(=C(C=C1)C)NC(CN(CC)CC)=O)C,Lidocaine,-1.88,-1.88,0.08,25,69,234.34,0.26,1.17,1.5,1.1,2.06,2.58,5.16,CCN(CC)CC(=O)Nc1c(C)cccc1C
514,C1=C(C(=C(C=C1)Cl)C(NC2=C(C(C)=O)C=CC(=C2)C)C(N)=O)Cl,Loviride,-5.72,-5.57,0.1,37,185,351.23,0.57,1.27,2.59,2.34,2.5,4.14,5.29,CC(=O)c1ccc(C)cc1NC(C(N)=O)c1c(Cl)cccc1Cl
515,C1=C(C(=C(C=C1C(F)(F)F)[N+](=O)[O-])N(CC2=C(C=CC=C2Cl)F)CC)[N+](=O)[O-],Flumetralin,-6.78,-6.78,0.94,25,102,421.73,0,0.58,2.33,1.61,2.53,5.34,6.08,CCN(Cc1c(F)cccc1Cl)c1c([N+](=O)[O-])cc(C(F)(F)F)cc1[N+](=O)[O-]
516,C1=C(C(=C(C=C1C2=NNC(C=C2)=O)Cl)C)Cl,Diclomezine,-5.54,-5.54,0.68,25,252,255.1,0.26,0.81,1.66,1.72,1.69,3.05,2.99,Cc1c(Cl)cc(-c2ccc(=O)[nH]n2)cc1Cl
517,C1=C(C(=C(C=C1CC2=C(N=C(N)N=C2)N)OC)OCCOC)OC,Tetroxoprim,-2.1,-2.1,0.17,25,155,334.38,0.45,1.84,2.97,2.08,2.52,1.27,6.02,COCCOc1c(OC)cc(Cc2cnc(N)nc2N)cc1OC
518,C1=C(C(=CC(=C1)C)[N+](=O)[O-])[N+](=O)[O-],"3,4-Dinitrotoluene",-3.26,-3.26,0.22,25,58,182.13,0,0.31,1.77,1.12,1.21,1.81,2.23,Cc1ccc([N+](=O)[O-])c([N+](=O)[O-])c1
519,C1=C(C(=CC(=C1Cl)N)OC)C(NCCN(CC)CC)=O,Metoclopramide,-3.58,-3.58,0.09,25,147,299.8,0.5,1.63,2.31,1.5,2.34,2,6.61,CCN(CC)CCNC(=O)c1cc(Cl)c(N)cc1OC
520,C1=C(C(=CC(=C1OCC(=O)OCC)Cl)F)C2=N[N](C(=C2Cl)OC(F)F)C,EthylPyraflufen,-5.62,-5.62,0.7,25,127,413.18,0.09,1.08,2.03,1.65,2.48,4.08,6.6,CCOC(=O)COc1cc(-c2nn(C)c(OC(F)F)c2Cl)c(F)cc1Cl
521,C1=C(C(=CC(=C1[S](N)(=O)=O)Cl)NCC2=CC=CO2)C(O)=O,Furosemide,-4.75,-4.75,0.25,25,206,330.75,1.25,1.5,2.37,2.07,2.1,1.89,4.21,NS(=O)(=O)c1cc(C(=O)O)c(NCc2ccco2)cc1Cl
522,C1=C(C(=CC=C1)C(CCC2=CC=CC=C2)=O)OCC(CNCCC)O,Propafenone,-4.7,-4.7,0.12,25,124,341.45,0.29,1.67,2.04,1.83,2.83,3.24,8.15,CCCNCC(O)COc1ccccc1C(=O)CCc1ccccc1
523,C1=C(C(=CC=C1)C(F)(F)F)C(NC2=CC(=CC=C2)OC(C)C)=O,Flutolanil,-4.67,-4.69,0.51,20,105,323.31,0.41,0.83,1.73,1.18,2.26,4.74,4.93,CC(C)Oc1cccc(NC(=O)c2ccccc2C(F)(F)F)c1
524,C1=C(C(=CC=C1)CC(=O)O)NC2=C(C=CC=C2Cl)Cl,Diclofenac,-5.5,-5.5,0.19,25,168,296.15,0.7,0.67,1.95,1.81,2.03,4.36,4.3,O=C(O)Cc1ccccc1Nc1c(Cl)cccc1Cl
525,C1=C(C(=CC=C1)CC(O)=O)OC2=CC=C(C=C2Cl)Cl,Fenclofenac,-4.86,-4.86,0.01,25,135,297.14,0.57,0.66,1.82,1.64,1.98,4.41,4.3,O=C(O)Cc1ccccc1Oc1ccc(Cl)cc1Cl
526,C1=C(C(=CC=C1)OC)C(=O)N,2-Methoxybenzamide,-1.74,-1.78,0.17,20,85,151.16,0.49,0.87,1.64,1.06,1.17,0.79,2.11,COc1ccccc1C(N)=O
527,C1=C(C(=CC=C1)OC)OCC(COC(N)=O)O,Methocarbamol,-1.53,-1.53,0.15,25,93,241.24,0.63,1.55,2.22,1.32,1.77,0.53,5.09,COc1ccccc1OCC(O)COC(N)=O
528,C1=C(C(=CC=C1)OC2=NC=NC(=C2)OC3=C(C=CC=C3)C#N)\C(C(OC)=O)=C/OC,Azoxystrobin,-4.61,-4.61,0.5,25,116,403.39,0,1.84,3.01,2.32,2.92,4.09,6.59,CO/C=C(/C(=O)OC)c1ccccc1Oc1cc(Oc2ccccc2C#N)ncn1
529,C1=C(C(=CC=C1C(CNC(C)(C)C)O)O)CO,Albuterol<Salbutamol>,-1.32,-1.32,0.05,25,151,239.32,1.19,1.82,1.26,1.43,1.98,1.31,4.51,CC(C)(C)NCC(O)c1ccc(O)c(CO)c1
530,C1=C(C(=CC=C1C(CNC(CCC2=CC=CC=C2)C)O)O)C(N)=O,Labetolol,-3.45,-3.45,0.28,25,192,328.41,1,1.72,2.3,2.15,2.64,2.14,6.35,CC(CCc1ccccc1)NCC(O)c1ccc(O)c(C(N)=O)c1
531,C1=C(C(=CC=C1C(OCC(CCCC)CC)=O)C(OCC(CCCC)CC)=O)C(OCC(CCCC)CC)=O,Tris(2-ethyl-hexyl)trimellitate,-3.74,-3.74,0.32,25,87,546.79,0,1.26,1.76,0.81,4.74,8.81,18.24,CCCCC(CC)COC(=O)c1ccc(C(=O)OCC(CC)CCCC)c(C(=O)OCC(CC)CCCC)c1
532,C1=C(C(=CC=C1CC(C(O)=O)N)O)O,L-DOPA<Levodopa><3-Hydroxytyrosine>,-1.72,-1.72,0.17,25,270,197.19,1.56,1.44,1.77,1.33,1.43,0.05,2.93,NC(Cc1ccc(O)c(O)c1)C(=O)O
533,C1=C(C(=CC=C1Cl)NC(C2=CC=NC=C2)=O)C(C3=CC=CC=C3)O,Inabenfide,-5.6,-5.53,0.7,30,211,338.79,0.78,1.6,2.7,2.5,2.47,4.07,4.89,O=C(Nc1ccc(Cl)cc1C(O)c1ccccc1)c1ccncc1
534,C1=C(C(=CC=C1OC2=CC=C(C=C2Cl)C(F)(F)F)[N+](=O)[O-])C(=O)O,Acifluorfen,-4.82,-4.82,0.54,25,150,361.66,0.57,0.71,2.06,1.45,2.09,4.76,4.65,O=C(O)c1cc(Oc2ccc(C(F)(F)F)cc2Cl)ccc1[N+](=O)[O-]
535,C1=C(C(=NC(=C1)N)N)N=NC2=CC=CC=C2,Phenazopyridine,-3.99,-3.99,0.04,25,139,213.24,0.45,1.09,1.67,2.03,1.64,2.66,2.77,Nc1ccc(N=Nc2ccccc2)c(N)n1
536,C1=C(C(=NC(=O)N1)N)F,5-Fluorocytosine<Flucytosine>,-1.13,-1.15,0.11,23,296,129.09,0.47,1.2,1.27,0.99,0.81,-0.51,1.18,Nc1nc(=O)[nH]cc1F
537,C1=C(C(=NC=C1)NC2=CC(=CC=C2)C(F)(F)F)C(O)=O,NiflumicAcid,-4.09,-4.09,0.08,25,204,282.22,0.72,0.77,1.42,1.33,1.79,3.54,3.6,O=C(O)c1cccnc1Nc1cccc(C(F)(F)F)c1
538,C1=C(C(=NC=C1Cl)C2=CN=C(C=C2)C)C3=CC=C([S](C)(=O)=O)C=C3,Etoricoxib,-3.74,-3.77,0.12,23,128,358.85,0,1.41,2.77,2.6,2.53,4.18,4.39,Cc1ccc(-c2ncc(Cl)cc2-c2ccc(S(C)(=O)=O)cc2)cn1
539,C1=C(C(=O)O)C=CC=C1[N+]([O-])=O,3-NitrobenzoicAcid,-1.72,-1.72,0.09,25,142,167.12,0.64,0.54,1.65,1.02,1.11,1.29,2.05,O=C(O)c1cccc([N+](=O)[O-])c1
540,C1=C(C(=O)OCC)C=CC(=C1)O,Ethylparaben,-2.28,-2.28,0.08,25,116,166.18,0.66,0.72,1.25,0.87,1.27,1.57,2.69,CCOC(=O)c1ccc(O)cc1
541,C1=C(C(C(=O)O)=C)C=CC=C1,AtropicAcid,-2.02,-2.11,0.17,20,107,148.16,0.57,0.52,1.08,0.85,1.17,1.78,2.06,C=C(C(=O)O)c1ccccc1
542,C1=C(C(C(NO)=O)C)C=CC(=C1)CC(C)C,Ibuproxam,-3.03,-3.04,0.18,23,117,221.3,0.57,1.02,1.71,1.13,1.88,2.49,4.5,CC(C)Cc1ccc(C(C)C(=O)NO)cc1
543,C1=C(C(C)(C)C)C=CC(=C1)O,4-t-Butylphenol,-2.42,-2.42,0.06,25,99,150.22,0.5,0.43,0.79,0.79,1.34,2.69,1.9,CC(C)(C)c1ccc(O)cc1
544,C1=C(C(CC)(C)C)C=CC(=C1)O,4-t-Pentylphenol,-3.07,-3.07,0.11,25,95,164.25,0.5,0.44,0.8,0.79,1.48,3.08,2.41,CCC(C)(C)c1ccc(O)cc1
545,C1=C(C(F)(F)F)C(=CC2=C1NCN[S]2(=O)=O)[S](N)(=O)=O,Hydroflumethiazide,-2.97,-2.97,0.52,25,273,331.3,1.01,1.72,2.44,1.7,1.8,0.01,3.24,NS(=O)(=O)c1cc2c(cc1C(F)(F)F)NCNS2(=O)=O
546,C1=C(C(F)(F)F)C(=CC3=C1NC(CC2=CC=CC=C2)N[S]3(=O)=O)[S](N)(=O)=O,Bendroflumethiazide,-4.53,-4.53,0.16,25,222,421.42,1.01,1.84,2.89,2.28,2.55,1.63,4.71,NS(=O)(=O)c1cc2c(cc1C(F)(F)F)NC(Cc1ccccc1)NS2(=O)=O
547,C1=C(C(F)(F)F)C=C(C(=C1Cl)[N]2C(=C([S](C(F)(F)F)=O)C(=N2)C#N)N)Cl,Fipronil,-5.29,-5.36,0.63,20,201,437.15,0.3,1.32,3.15,1.97,2.25,4.28,5.19,N#Cc1nn(-c2c(Cl)cc(C(F)(F)F)cc2Cl)c(N)c1[S+]([O-])C(F)(F)F
548,C1=C(C(F)(F)F)C=C(C(=C1[N+](=O)[O-])N(CCCC)CC)[N+](=O)[O-],Benefin<Benfluralin>,-6.53,-6.53,0.88,25,66,335.28,0,0.55,1.84,0.99,2.2,4.15,5.88,CCCCN(CC)c1c([N+](=O)[O-])cc(C(F)(F)F)cc1[N+](=O)[O-]
549,C1=C(C(F)(F)F)C=CC3=C1\C(C2=C(C=CC=C2)S3)=C/CCN4CCN(CCO)CC4,Flupenthixol,-4.04,-4.04,0.38,25,154,434.53,0.23,1.63,1.72,2.33,3.09,4.6,6.53,OCCN1CCN(CC/C=C2/c3ccccc3Sc3ccc(C(F)(F)F)cc32)CC1
550,C1=C(C(N(C(N)=O)O)C)SC2=CC=CC=C12,Zileuton,-3.37,-3.37,0.63,25,145,236.29,0.71,1.15,2.12,1.99,1.71,2.73,2.8,CC(c1cc2ccccc2s1)N(O)C(N)=O
551,C1=C(C(N)=O)N=N[N]1CC2=C(C=CC=C2F)F,Rufinamide,-3.5,-3.5,0.24,25,241,238.2,0.49,1.12,2.18,1.5,1.54,0.7,2.81,NC(=O)c1cn(Cc2c(F)cccc2F)nn1
552,C1=C(C(NCC(OC)=O)=O)C=CC=C1,MethylhippuricAcid,-1.09,-1.06,0.17,30,88,193.2,0.26,1.01,1.91,0.95,1.47,0.59,3.66,COC(=O)CNC(=O)c1ccccc1
553,C1=C(C(NN)=O)C=CN=C1,Isoniazid,0.01,0.01,0.1,25,171,137.14,0.47,1.39,1.85,1.19,1.03,-0.31,1.96,NNC(=O)c1ccncc1
554,C1=C(C(O)=O)C=C(C(=C1NCCCC)OC2=CC=CC=C2)[S](N)(=O)=O,Bumetanide,-4.59,-4.63,0.49,23,231,364.42,1.16,1.7,2.65,2.2,2.64,3.04,6,CCCCNc1cc(C(=O)O)cc(S(N)(=O)=O)c1Oc1ccccc1
555,C1=C(C(O)=O)C=CC(=C1)C,4-ToluicAcid,-2.66,-2.66,0.51,25,180,136.15,0.57,0.44,1.02,0.77,1.07,1.69,1.72,Cc1ccc(C(=O)O)cc1
556,C1=C(C(O)=O)C=CC(=C1C(O)=O)C(O)=O,TrimelliticAcid,-1.08,-1.08,0.02,25,219,210.15,1.71,1.1,1.84,1.14,1.36,0.78,2.71,O=C(O)c1ccc(C(=O)O)c(C(=O)O)c1
557,C1=C(C(O)=O)C=CC2=C1C(C3=C(O2)C=CC(=C3)[S](C)=O)=O,Tixanox,-5,-5,0.39,25,190,302.31,0.57,1.7,3.26,2.41,2.01,2.38,3.1,C[S+]([O-])c1ccc2oc3ccc(C(=O)O)cc3c(=O)c2c1
558,C1=C(C(OCC)=O)C=CC(=C1)N,Benzocaine,-2.32,-2.32,0.11,25,90,165.19,0.23,0.76,1.43,0.94,1.31,1.45,2.69,CCOC(=O)c1ccc(N)cc1
559,C1=C(C(OCC)=O)C=CC=C1N,Tricaine,-2.33,-2.35,0.17,23,91,165.19,0.23,0.76,1.43,0.94,1.31,1.45,2.69,CCOC(=O)c1cccc(N)c1
560,C1=C(C(OCCCC)=O)C=CC(=C1)N,Butamben<4-Aminobutylbenzoate>,-3.13,-3.13,0.17,25,56,193.25,0.23,0.77,1.44,0.94,1.6,2.23,3.98,CCCCOC(=O)c1ccc(N)cc1
561,C1=C(C(OCCN(CC)CC)=O)C=CC(=C1)N,Procaine<Novacaine>,-2.38,-2.38,0.6,25,61,236.31,0.23,1.27,1.62,1.11,1.98,1.77,5.49,CCN(CC)CCOC(=O)c1ccc(N)cc1
562,C1=C(C(OCCN(CC)CC)=O)C=CC(=C1)OCC,Parethoxycaine,-2.73,-2.74,0.17,23,173,265.36,0,1.17,1.34,0.86,2.22,2.58,6.96,CCOc1ccc(C(=O)OCCN(CC)CC)cc1
563,C1=C(C)C4=C(C2=C1C=C3C(=C2)C=CC=C3)C=CC=C4C,"Benz(a)anthracene-4,5-Dimethylene",-7.97,-7.97,1.18,25,153,256.35,0,0.29,1.55,2.76,2.11,5.76,2.34,Cc1cccc2c1c(C)cc1cc3ccccc3cc12
564,C1=C(C)C=CC(=C1)N,4-Methylaniline,-1.14,-1.22,0.05,15,44,107.16,0.23,0.43,1.02,0.88,0.96,1.58,1.2,Cc1ccc(N)cc1
565,C1=C(C)C=CC(=C1)[S](C)(=O)=O,4-Methylsulfonyltoluene,-1.99,-1.99,0.17,25,71,170.23,0,0.65,1.49,0.7,1.28,1.4,2,Cc1ccc(S(C)(=O)=O)cc1
566,C1=C(C)C=CC(=C1O)C(C)C,Thymol,-2.19,-2.19,0.04,25,50,150.22,0.5,0.42,0.78,0.84,1.34,2.82,2.18,Cc1ccc(C(C)C)c(O)c1
567,C1=C(C)C=CC(=C1OCCCC(C(O)=O)(C)C)C,Gemfibrozil,-4.33,-4.17,0.12,37,61,250.34,0.57,0.71,1.07,0.81,2.12,3.57,4.76,Cc1ccc(C)c(OCCCC(C)(C)C(=O)O)c1
568,C1=C(C)C=CC2=C1N3N(C(=N2)N(C)C)C(=O)C(C3=O)CCC,Azapropazone<Apazone>,-3.63,-3.68,0.08,22,188,300.36,0,2.16,2.1,2.15,2.3,2.06,3.39,CCCC1C(=O)N2C(N(C)C)=Nc3ccc(C)cc3N2C1=O
569,C1=C(C)ON=C1C(NNCC2=CC=CC=C2)=O,Isocarboxazid,-2.46,-2.46,0.17,25,106,231.25,0.39,1.38,2.16,1.61,1.74,1.42,3.52,Cc1cc(C(=O)NNCc2ccccc2)no1
570,C1=C(C=C(C(=C1)OCC(=O)O)CO)Cl,Cloxyfonac,-2.15,-2.19,0.17,23,141,216.62,0.88,1.06,1.49,1.19,1.45,1.3,3.73,O=C(O)COc1ccc(Cl)cc1CO
571,C1=C(C=C(C(=C1C(C)(C)C)O)C(C)(C)C)C,"2,6-Di-t-butyl-4-methylphenol<BHT>",-5.56,-5.56,0.69,25,71,220.36,0.31,0.48,0.62,0.82,2.04,4.3,3.11,Cc1cc(C(C)(C)C)c(O)c(C(C)(C)C)c1
572,C1=C(C=C(C4=C1C(C2C(O)C(O)C(C(O2)CO)O)C3=CC=CC(=C3C4=O)O)O)CO,Aloin,-1.64,-1.7,0.17,20,218,418.4,1.74,2.53,3.01,3.37,2.86,-0.89,5.27,O=C1c2c(O)cccc2C(C2OC(CO)C(O)C(O)C2O)c2cc(CO)cc(O)c21
573,C1=C(C=C(C=C1Cl)Cl)N2C(C(OC2=O)(C=C)C)=O,Vinclozolin,-5.01,-5.04,0.58,20,108,286.11,0,0.92,1.38,1.57,1.84,3.42,3.09,C=CC1(C)OC(=O)N(c2cc(Cl)cc(Cl)c2)C1=O
574,C1=C(C=C(OC)C(=C1OC)OC)CC2=C(N=C(N)N=C2)N,Trimethoprim,-2.95,-2.95,0.17,25,201,290.33,0.45,1.62,2.81,2.04,2.18,1.26,4.32,COc1cc(Cc2cnc(N)nc2N)cc(OC)c1OC
575,C1=C(C=C([N+](=O)[O-])C=C1C(OC(C)C)=O)C(OC(C)C)=O,Di-i-propyl5-nitroisophthalate,-5.02,-5.04,0.58,20,65,295.29,0,0.94,1.93,1.01,2.17,2.73,5.4,CC(C)OC(=O)c1cc(C(=O)OC(C)C)cc([N+](=O)[O-])c1
576,C1=C(C=CC(=C1)Br)NC(N)=O,1-(4-Bromophenyl)urea,-1.63,-1.63,0.17,25,226,215.05,0.8,0.77,1.7,1.44,1.25,1.94,2.49,NC(=O)Nc1ccc(Br)cc1
577,C1=C(C=CC(=C1)Br)[S](=O)(=O)C2(C(=O)OC)CCCCC2,Methyl(1-(4-bromo)phenylsulfonyl)cyclohexanecarboxylate,-4.48,-4.48,0.47,25,112,361.26,0,1,2.19,1.26,2.27,3.1,4.54,COC(=O)C1(S(=O)(=O)c2ccc(Br)cc2)CCCCC1
578,C1=C(C=CC(=C1)C#N)C(O)=O,4-CyanobenzoicAcid,-2.08,-2.17,0.17,20,221,147.14,0.66,0.59,1.56,0.92,1.09,1.26,1.88,N#Cc1ccc(C(=O)O)cc1
579,C1=C(C=CC(=C1)C#N)OCC(CN(CCC[S](CCC)=O)CC)O,Almokalant,-1.16,-1.17,0.17,23,134,352.5,0.14,2.17,2.82,1.75,2.86,2.17,10.33,CCC[S+]([O-])CCCN(CC)CC(O)COc1ccc(C#N)cc1
580,C1=C(C=CC(=C1)C)[S](=O)(=O)C2(C(=O)OC(C)C)CC2,i-Propyl1-[(4-methylphenyl)sulfonyl]cyclopropanecarboxylate,-3.23,-3.23,0.22,25,66,282.36,0,1.04,1.92,0.96,2.09,2.25,3.43,Cc1ccc(S(=O)(=O)C2(C(=O)OC(C)C)CC2)cc1
581,C1=C(C=CC(=C1)C2(C(N(C(=O)O2)NC3=CC=CC=C3)=O)C)OC4=CC=CC=C4,Famoxadone,-6.8,-6.86,0.94,20,141,374.4,0.13,1.63,2.65,2.64,2.74,4.7,4.45,CC1(c2ccc(Oc3ccccc3)cc2)OC(=O)N(Nc2ccccc2)C1=O
582,C1=C(C=CC(=C1)CC(N)=O)OCC(CNC(C)C)O,Atenolol,-1.3,-1.3,0.3,25,147,266.34,0.78,1.85,1.97,1.48,2.18,0.45,6.32,CC(C)NCC(O)COc1ccc(CC(N)=O)cc1
583,C1=C(C=CC(=C1)CC)NC(=O)C,4-Ethylacetanilide,-2.18,-2.15,0.17,30,127,163.22,0.41,0.67,1.37,0.91,1.4,2.21,2.85,CCc1ccc(NC(C)=O)cc1
584,C1=C(C=CC(=C1)CCOC)OCC(CNC(C)C)O,Metoprolol,-1.2,-1.2,0.2,25,120,267.37,0.29,1.52,1.22,1.1,2.26,1.61,7.48,COCCc1ccc(OCC(O)CNC(C)C)cc1
585,C1=C(C=CC(=C1)Cl)CO,4-Chlorobenzylalcohol,-1.72,-1.76,0.17,20,75,142.59,0.31,0.53,0.92,0.95,1.04,1.83,2.09,OCc1ccc(Cl)cc1
586,C1=C(C=CC(=C1)Cl)[S](=O)(=O)C2(C(=O)OC(C)(C)C)CC2,t-Butyl(1-(4-chloro)phenylsulfonyl)cyclopropanecarboxylate,-4.12,-4.12,0.4,25,111,316.81,0,1.03,2.04,1.06,2.21,2.99,3.63,CC(C)(C)OC(=O)C1(S(=O)(=O)c2ccc(Cl)cc2)CC1
587,C1=C(C=CC(=C1)Cl)[S](=O)(=O)C2(C(=O)OC(C)C)CC2,Isopropyl1-[(4-chlorophenyl)sulfonyl]cyclopropanecarboxylate,-3.54,-3.54,0.28,25,90,302.78,0,1.02,2.08,1.09,2.07,2.6,3.62,CC(C)OC(=O)C1(S(=O)(=O)c2ccc(Cl)cc2)CC1
588,C1=C(C=CC(=C1)Cl)[S](=O)(=O)C2(C(=O)OC(C)C)CCCC2,i-Propyl(1-(4-Cl)phenylsulfonyl)cyclopent,-4.65,-4.65,0.5,25,93,330.83,0,1.03,2.09,1.09,2.35,3.38,4.63,CC(C)OC(=O)C1(S(=O)(=O)c2ccc(Cl)cc2)CCCC1
589,C1=C(C=CC(=C1)N)C(OCCCN(CCCC)CCCC)=O,Butacaine,-5.12,-5.12,0.33,23,101,306.45,0.23,1.28,1.65,1.1,2.68,3.72,9.32,CCCCN(CCCC)CCCOC(=O)c1ccc(N)cc1
590,C1=C(C=CC(=C1)N)C2=CC=C(C=C2)Cl,4'-Chloro-4-biphenylamine,-4.61,-4.64,0.5,23,134,203.67,0.23,0.52,1.63,1.84,1.55,3.59,2.42,Nc1ccc(-c2ccc(Cl)cc2)cc1
591,C1=C(C=CC(=C1)N)[S](=O)(NC(=O)OC)=O,Asulam,-1.66,-1.66,0.17,25,144,230.25,0.67,1.29,2.46,1.46,1.55,0.31,3.15,COC(=O)NS(=O)(=O)c1ccc(N)cc1
592,C1=C(C=CC(=C1)NC(=O)C)/C=N/NC(=S)N,Thiacetazone<Amithiozone>,-3.47,-3.47,0.16,25,225,236.3,0.75,1.61,2.06,2.06,1.77,0.81,4.41,CC(=O)Nc1ccc(/C=N/NC(N)=S)cc1
593,C1=C(C=CC(=C1)N[S](C)(=O)=O)C(CCCN(CCCCCCC)CC)O,Ibutilide,-1.81,-1.81,0.17,23,143,384.59,0.67,1.71,1.96,1.5,3.23,4.16,10.86,CCCCCCCN(CC)CCCC(O)c1ccc(NS(C)(=O)=O)cc1
594,C1=C(C=CC(=C1)O)C(CC)=O,4-Hydroxypropiophenone,-2.54,-2.64,0.17,15,149,150.18,0.66,0.7,1.35,1.02,1.21,1.98,2.26,CCC(=O)c1ccc(O)cc1
595,C1=C(C=CC(=C1)O)C(CC)C,4-s-Butylphenol,-2.19,-2.19,0.17,25,62,150.22,0.5,0.43,0.84,0.81,1.34,2.91,2.52,CCC(C)c1ccc(O)cc1
596,C1=C(C=CC(=C1)O)C(OC)=O,Methylparaben,-1.8,-1.78,0.11,27,131,152.15,0.66,0.72,1.24,0.87,1.13,1.18,2.11,COC(=O)c1ccc(O)cc1
597,C1=C(C=CC(=C1)OCCCN2CCOCC2)OCCCC,Pramoxine,-3.02,-3.02,0.3,25,81,293.41,0,1.24,1.38,1.09,2.43,2.97,7.4,CCCCOc1ccc(OCCCN2CCOCC2)cc1
598,C1=C(C=CC(=C1)[N+]([O-])=O)[S](=O)(=O)C2(C(=O)OC(C)C)CC2,Isopropyl1-[(4-nitrophenyl)sulfonyl]cyclopropanecarboxylate,-4.26,-4.26,0.43,25,123,313.33,0,1.13,2.54,1.21,2.12,1.85,3.75,CC(C)OC(=O)C1(S(=O)(=O)c2ccc([N+](=O)[O-])cc2)CC1
599,C1=C(C=CC(=C1)[N+]([O-])=O)[S](=O)(=O)C2(C(=O)OC(C)C)CCC2,i-Propyl(1-(4-nitro)phenylsulfonyl)cyclobutan,-3.76,-3.76,0.32,25,66,327.36,0,1.14,2.55,1.21,2.26,2.24,4.24,CC(C)OC(=O)C1(S(=O)(=O)c2ccc([N+](=O)[O-])cc2)CCC1
600,C1=C(C=CC(=C1)[N+]([O-])=O)[S](=O)(=O)C2(C(=O)OC(C)C)CCCCCC2,i-Propyl1-[(4-nitrophenyl)sulfonyl]cycloheptanecarboxylate,-5.07,-5.07,0.59,25,84,369.44,0,1.15,2.56,1.2,2.69,3.41,5.82,CC(C)OC(=O)C1(S(=O)(=O)c2ccc([N+](=O)[O-])cc2)CCCCCC1
601,C1=C(C=CC(=C1)[N+]([O-])=O)[S](=O)(=O)C2(C(=O)OC)CC2,Methyl(1-(4-nitro)phenylsulfonyl)cyclopropanecarboxylate,-3.38,-3.38,0.25,25,127,285.28,0,1.1,2.55,1.2,1.84,1.07,3.05,COC(=O)C1(S(=O)(=O)c2ccc([N+](=O)[O-])cc2)CC1
602,C1=C(C=CC(=C1)[S](NC(NC2CCCCC2)=O)(=O)=O)CCNC(=O)C3=C(C=CC(=C3)Cl)OC,Glibenclamide<Glyburide>,-5.9,-5.9,0.34,25,173,494.01,0.85,2.01,3.84,2.64,3.56,3.64,8.57,COc1ccc(Cl)cc1C(=O)NCCc1ccc(S(=O)(=O)NC(=O)NC2CCCCC2)cc1
603,C1=C(C=CC(=C1Cl)COC(C[N]2C=NC=C2)C3=C(C=C(C=C3)Cl)Cl)Cl,Miconazole,-5.07,-5.07,0.09,25,161,416.13,0,0.79,2.33,2.37,2.72,6.45,6.26,Clc1ccc(COC(Cn2ccnc2)c2ccc(Cl)cc2Cl)c(Cl)c1
604,C1=C(C=CC(=C1OC)O)CO,Vanillylalcohol,-1.85,-1.89,0.17,20,115,154.16,0.59,0.89,1.11,1.01,1.17,0.89,2.33,COc1cc(CO)ccc1O
605,C1=C(C=CC2=C1CCCC2)O,"5,6,7,8-Tetrahydro-2-naphthalenol",-1.96,-1.99,0.17,20,57,148.21,0.5,0.37,0.88,1.04,1.23,2.27,1.57,Oc1ccc2c(c1)CCCC2
606,C1=C(C=CC2=CC=CC=C12)C(C)=O,2-Acetonaphthanone,-2.8,-2.8,0.17,25,56,170.21,0,0.48,1.45,1.51,1.38,3.04,1.86,CC(=O)c1ccc2ccccc2c1
607,C1=C(C=CC2=CC=CC=C12)N,2-Naphthylamine,-4.26,-4.35,0.42,18,113,143.19,0.23,0.49,1.4,1.58,1.19,2.42,1.29,Nc1ccc2ccccc2c1
608,C1=C(C=CC2=CC=CC=C12)O,2-Naphthol,-2.28,-2.28,0.1,25,123,144.17,0.5,0.45,1.23,1.5,1.14,2.55,1.29,Oc1ccc2ccccc2c1
609,C1=C(C=CC3=C1N(CCCN2CCC(CC2)O)C4=C(S3)C=CC=C4)C#N,Periciyazine,-4.25,-4.1,0.42,37,117,365.5,0.31,1.49,2.58,2.72,2.81,4.01,5.17,N#Cc1ccc2c(c1)N(CCCN1CCC(O)CC1)c1ccccc1S2
610,C1=C(C=CC3=C1N(CCCN2CCN(CC2)C)C4=C(S3)C=CC=C4)C(F)(F)F,Trifluoperazine,-5.44,-5.44,0.23,25,25,407.5,0,1.42,1.79,2.17,2.89,4.95,5.58,CN1CCN(CCCN2c3ccccc3Sc3ccc(C(F)(F)F)cc32)CC1
611,C1=C(C=CC=C1)C(C2CCCCC2)(CCN3CCCCC3)O,Trihexyphenidyl,-5.47,-5.48,0.54,23,115,301.47,0.31,1.08,1.16,1.37,2.63,4.33,5.54,OC(CCN1CCCCC1)(c1ccccc1)C1CCCCC1
612,C1=C(C=CC=C1)C(N2CCN(CC2)C)C3=CC=CC=C3,Cyclizine,-4.58,-4.5,0.04,37,106,266.39,0,1.21,1.55,1.7,2.26,3.02,4.15,CN1CCN(C(c2ccccc2)c2ccccc2)CC1
613,C1=C(C=CC=C1)C(NC(N(C2=CC=C(C=C2)C)C)=O)(C)C,Methyldymron,-3.32,-3.35,0.24,20,72,282.39,0.16,0.98,1.83,1.59,2.38,4.08,4.32,Cc1ccc(N(C)C(=O)NC(C)(C)c2ccccc2)cc1
614,C1=C(C=CC=C1)CC2=C(C=CC(=C2)Cl)O,Clorofene,-3.17,-3.17,0.2,25,49,218.68,0.67,0.47,1.42,1.53,1.65,3.64,2.93,Oc1ccc(Cl)cc1Cc1ccccc1
615,C1=C(C=CC=C1)NC2=CC=CC=C2,Diphenylamine,-3.45,-3.5,0.14,20,54,169.23,0.13,0.42,1.41,1.37,1.42,3.43,2.28,c1ccc(Nc2ccccc2)cc1
616,C1=C(C=CC=C1Br)\C=C\C(O)=O,3-BromocinnamicAcid,-2.72,-2.72,0.17,25,178,227.06,0.57,0.51,1.34,1.23,1.35,2.55,3.05,O=C(O)/C=C/c1cccc(Br)c1
617,C1=C(C=CC=C1C)C(O)=O,3-ToluicAcid,-2.18,-2.18,0.39,25,109,136.15,0.57,0.44,1.02,0.77,1.07,1.69,1.72,Cc1cccc(C(=O)O)c1
618,C1=C(C=CC=C1C)NC(C)=O,3-Methylacetanilide<3-Acetotoluide>,-2.09,-2.09,0.17,25,66,149.19,0.41,0.67,1.37,0.92,1.25,1.95,2.26,CC(=O)Nc1cccc(C)c1
619,C1=C(C=CC=C1C2C(=C(NC(=C2C(OC)=O)C)C)C(OCC)=O)[N+](=O)[O-],Nitrendipine,-5.64,-5.64,0.29,25,158,360.37,0.13,1.54,2.26,1.56,2.64,2.57,5.76,CCOC(=O)C1=C(C)NC(C)=C(C(=O)OC)C1c1cccc([N+](=O)[O-])c1
620,C1=C(C=CC=C1C2C(=C(NC(=C2C(OC)=O)C)C)C(OCCN(CC3=CC=CC=C3)C)=O)[N+](=O)[O-],Nicardipine,-5.39,-5.39,0.65,25,137,479.53,0.13,2.12,2.91,2.29,3.62,3.68,8.38,COC(=O)C1=C(C)NC(C)=C(C(=O)OCCN(C)Cc2ccccc2)C1c1cccc([N+](=O)[O-])c1
621,C1=C(C=CC=C1F)C(O)=O,3-FluorobenzoicAcid,-2.01,-2.01,0.17,25,124,140.12,0.64,0.45,1.04,0.67,0.95,1.52,1.66,O=C(O)c1cccc(F)c1
622,C1=C(C=CC=C1N4CCN(CCCN2C(N3C(=N2)C=CC=C3)=O)CC4)Cl,Trazodone,-3.32,-3.32,0.04,25,87,371.87,0,1.92,2.47,2.64,2.73,2.36,4.95,O=c1n(CCCN2CCN(c3cccc(Cl)c3)CC2)nc2ccccn12
623,C1=C(C=CC=C1O)C(O)=O,3-HydroxybenzoicAcid,-1.3,-1.29,0.04,26,202,138.12,1.06,0.72,1.29,0.98,0.99,1.09,1.58,O=C(O)c1cccc(O)c1
624,C1=C(C=CC=C1OC2=CC=C([N+]([O-])=O)C=C2)C,1-Methyl-3-(4-nitrophenoxy)benzene,-4.66,-4.66,0.51,25,96,229.23,0,0.51,1.76,1.49,1.7,3.7,3.05,Cc1cccc(Oc2ccc([N+](=O)[O-])cc2)c1
625,C1=C(C=NC=C1C(O)=O)C(O)=O,DinicotinicAcid,-2.33,-2.33,0.17,25,324,167.12,1.14,1.06,1.59,0.99,1.11,0.48,2.05,O=C(O)c1cncc(C(=O)O)c1
626,C1=C(CC(O)=O)C=CC2=C1N(C3=C(S2)C=CC=C3)C,MetiazinicAcid,-4.33,-4.24,0.18,30,144,271.34,0.57,0.89,1.93,2.16,1.98,3.55,2.95,CN1c2ccccc2Sc2ccc(CC(=O)O)cc21
627,C1=C(CC)C=CC(=C1)O,4-Ethylphenol,-1.47,-1.47,0.12,25,45,122.17,0.5,0.39,0.85,0.81,1.06,1.95,1.73,CCc1ccc(O)cc1
628,C1=C(CCC(O)=O)C=CC=C1,HydrocinnamicAcid,-1.34,-1.42,0.17,20,107,150.18,0.57,0.45,1.08,0.75,1.21,1.7,2.66,O=C(O)CCc1ccccc1
629,C1=C(Cl)C(=CC2=C1NC(=N[S]2(=O)=O)CSCC3=CC=CC=C3)[S](N)(=O)=O,Benzthiazide,-5.21,-5.21,0.93,25,232,431.95,0.64,1.9,3.31,2.87,2.74,2.43,5.31,NS(=O)(=O)c1cc2c(cc1Cl)NC(CSCc1ccccc1)=NS2(=O)=O
630,C1=C(Cl)C(=CC2=C1NC(CC)NC2=O)[S](N)(=O)=O,Quinethazone,-3.29,-3.29,0.23,25,251,289.74,0.85,1.61,2.54,2.07,1.89,0.88,3.22,CCC1NC(=O)c2cc(S(N)(=O)=O)c(Cl)cc2N1
631,C1=C(Cl)C(=CC2=C1NC(CCl)N([S]2(=O)=O)C)[S](N)(=O)=O,Methyclothiazide,-3.78,-3.78,0.33,25,225,360.24,0.64,1.84,2.91,2.3,2.14,0.6,3.95,CN1C(CCl)Nc2cc(Cl)c(S(N)(=O)=O)cc2S1(=O)=O
632,C1=C(Cl)C(=CC=C1Cl)C2(OCC(CCC)O2)C[N]3C=NC=N3,Propiconazole,-3.44,-3.49,0.26,20,134,342.23,0,0.98,2,1.91,2.34,3.65,4.68,CCCC1COC(Cn2cncn2)(c2ccc(Cl)cc2Cl)O1
633,C1=C(Cl)C=C(C(=C1C(OC)=O)Cl)N,MethylChloramben,-3.21,-3.26,0.21,20,123,220.05,0.3,0.68,1.6,1.2,1.42,2.36,3.01,COC(=O)c1cc(Cl)cc(N)c1Cl
634,C1=C(Cl)C=C(C(=C1Cl)O)C,"2,4-Dichloro-6-methylphenol",-2.04,-2.04,0.17,25,76,177.03,0.5,0.23,0.88,1,1.16,3.01,2.07,Cc1cc(Cl)cc(Cl)c1O
635,C1=C(Cl)C=CC(=C1C(F)(F)F)N=C([N]2C=CN=C2)COCCC,Triflumizole,-1.43,-1.44,0.17,20,64,345.76,0,0.82,1.36,1.22,2.28,4.56,5.79,CCCOCC(=Nc1ccc(Cl)cc1C(F)(F)F)n1ccnc1
636,C1=C(Cl)C=CC2=C1C(=NC(C(=O)N2)O)C3=CC=CC=C3Cl,Lorazepam,-3.6,-3.6,0.08,25,167,321.16,0.64,1.29,1.83,2.37,2.11,3.1,3.67,O=C1Nc2ccc(Cl)cc2C(c2ccccc2Cl)=NC1O
637,C1=C(Cl)C=CC2=C1C(=NC(O)C(N2)=O)C3=CC=CC=C3,Oxazepam,-4.16,-4.16,0.04,25,206,286.72,0.64,1.29,1.75,2.23,1.99,2.45,3.25,O=C1Nc2ccc(Cl)cc2C(c2ccccc2)=NC1O
638,C1=C(Cl)C=CC2=C1C(=NCC(=O)N2C)C3=CC=CC=C3,Diazepam,-3.78,-3.78,0.1,25,132,284.75,0,1.04,1.72,2.11,2.07,3.15,3.28,CN1C(=O)CN=C(c2ccccc2)c2cc(Cl)ccc21
639,C1=C(Cl)C=CC2=C1C(=NCC(=O)N2CCN(CC)CC)C3=C(F)C=CC=C3,Flurazepam,-3.13,-3.13,0.04,25,80,387.89,0,1.55,1.89,2.18,2.9,4,6.24,CCN(CC)CCN1C(=O)CN=C(c2ccccc2F)c2cc(Cl)ccc21
640,C1=C(Cl)C=CC2=C1C(=NCCN2C)C3=CC=CC=C3,Medazepam,-4.6,-4.6,1.16,25,127,270.76,0,0.67,1.4,1.92,2.06,3.63,3.26,CN1CCN=C(c2ccccc2)c2cc(Cl)ccc21
641,C1=C(Cl)C=CC2=C1N(C3=C(S2)C=CC=C3)CCCN(C)C,Chlorpromazine,-5.55,-5.55,0.04,25,57,318.87,0,0.99,1.83,2.26,2.41,4.89,4.43,CN(C)CCCN1c2ccccc2Sc2ccc(Cl)cc21
642,C1=C(Cl)C=CC2=C1N(C3=C(S2)C=CC=C3)CCCN4CCN(CC4)C,Prochlorperazine,-4.75,-4.75,0.26,25,228,373.95,0,1.47,2.11,2.63,2.82,4.58,5.22,CN1CCN(CCCN2c3ccccc3Sc3ccc(Cl)cc32)CC1
643,C1=C(Cl)C=CC2=C1NC(=C3C(=N2)C=CC=C3)N4CCN(CC4)C,Clozapine,-4.42,-4.44,0.12,23,184,326.83,0.2,1.65,1.66,2.46,2.43,2.03,3.71,CN1CCN(C2=c3ccccc3=Nc3ccc(Cl)cc3N2)CC1
644,C1=C(Cl)C=CC3=C1N(C2=C(C=CC=C2)S3)CCCN4CCN(CCO)CC4,Perphenazine,-4.62,-4.62,0.27,25,97,403.98,0.23,1.84,2.33,2.87,3.02,3.94,6.25,OCCN1CCN(CCCN2c3ccccc3Sc3ccc(Cl)cc32)CC1
645,C1=C(Cl)C=CC3=C1N(C2=C(C=CC=C2)S3)CCCN4CCN(CCOC(C)=O)CC4,Thiopropazate,-4.69,-4.7,0.51,24,146,446.02,0,1.8,2.52,2.69,3.32,4.51,7.2,CC(=O)OCCN1CCN(CCCN2c3ccccc3Sc3ccc(Cl)cc32)CC1
646,C1=C(Cl)C=CC3=C1\C(C2=C(C=CC=C2)S3)=C/CCN(C)C,Chlorprothixene,-6.3,-6.3,0.47,25,98,315.87,0,0.88,1.57,2.21,2.4,5.19,4.39,CN(C)CC/C=C1/c2ccccc2Sc2ccc(Cl)cc21
647,C1=C(F)C(=C(C2=C1C(C(=CN2CC)C(O)=O)=O)F)N3CC(NCC3)C,Lomefloxacin,-2.53,-2.53,0.11,25,240,351.35,0.73,1.81,2.37,1.87,2.43,1.8,4.47,CCn1cc(C(=O)O)c(=O)c2cc(F)c(N3CCNC(C)C3)c(F)c21
648,C1=C(F)C(=C(C2=C1C(C(=CN2CCF)C(O)=O)=O)F)N3CCN(C)CC3,Fleroxacin,-2.69,-2.69,0.08,25,184,369.34,0.57,1.81,2.37,1.81,2.45,1.7,4.91,CN1CCN(c2c(F)cc3c(=O)c(C(=O)O)cn(CCF)c3c2F)CC1
649,C1=C(F)C(=NC2=C1C(C(=CN2CC)C(O)=O)=O)N3CCNCC3,Enoxacin,-2.94,-2.94,0.12,25,222,320.32,0.73,1.96,2.45,2.06,2.23,0.66,4,CCn1cc(C(=O)O)c(=O)c2cc(F)c(N3CCNCC3)nc21
650,C1=C(N(CCCl)CCCl)C=CC(=C1)CC(C(O)=O)N,Melphalan,-4.63,-4.64,0.19,23,183,305.21,0.78,1.37,1.9,1.43,2.22,1.93,6.99,NC(Cc1ccc(N(CCCl)CCCl)cc1)C(=O)O
651,C1=C(N(SC(F)(Cl)Cl)[S](N(C)C)(=O)=O)C=CC(=C1)C,Tolyfluanide,-5.59,-5.59,0.69,25,96,347.26,0,1.32,1.95,1.78,2.19,3.31,5.36,Cc1ccc(N(SC(F)(Cl)Cl)S(=O)(=O)N(C)C)cc1
652,C1=C(N([S](N(C)C)(=O)=O)SC(F)(Cl)Cl)C=CC=C1,Dichorofluanid,-5.37,-5.41,0.65,20,106,333.24,0,1.32,2.01,1.75,2.05,3.01,5.13,CN(C)S(=O)(=O)N(SC(F)(Cl)Cl)c1ccccc1
653,C1=C(N=C(N=C1C)NC2=CC=CC=C2)C#CC,Mepanipyrim,-4.81,-4.86,0.54,20,133,223.28,0.13,0.77,1.53,1.67,1.82,2.9,3.36,CC#Cc1cc(C)nc(Nc2ccccc2)n1
654,C1=C(N=C(N=C1C)N\N=C(C2=C(C=CC=C2)C)\C)C,Ferimzone,-3.23,-3.2,0.22,30,176,254.34,0.13,0.93,1.17,1.7,2.1,3.24,3.9,C/C(=N/Nc1nc(C)cc(C)n1)c1ccccc1C
655,C1=C(N=C(N=C1N[S](C2=CC=C(N)C=C2)(=O)=O)C)OC,Sulfamethomidine<Sulfametomidine>,-2.98,-3.01,0.33,23,146,294.33,0.59,1.6,2.63,2.14,2.06,1.18,3.75,COc1cc(NS(=O)(=O)c2ccc(N)cc2)nc(C)n1
656,C1=C(N=C(N=C1N[S](C2=CC=C(N)C=C2)(=O)=O)OC)OC,Sulfadimethoxine,-4.22,-4.22,0.04,25,204,310.34,0.59,1.78,2.77,2.17,2.12,0.88,4.12,COc1cc(NS(=O)(=O)c2ccc(N)cc2)nc(OC)n1
657,C1=C(N=C(N=C1O)S)N,6-Amino-2-thiouracil,-2.75,-2.75,0.17,25,206,143.17,0.73,1.04,1.52,1.63,0.96,0.05,1.44,Nc1cc(O)nc(S)n1
658,C1=C(N=C(S1)N=C(N)N)CSCCC(=N[S](=O)(=O)N)N,Famotidine,-2.48,-2.48,0.2,25,164,337.46,1.21,2.78,2.24,2.69,2.26,-0.77,6.19,NC(N)=Nc1nc(CSCCC(N)=NS(N)(=O)=O)cs1
659,C1=C(NC(=O)C)C=CC(=C1)O,Acetaminophen<Paracetamol>,-1.07,-1.07,0.1,25,170,151.16,0.91,0.93,1.66,1.12,1.17,1.35,2.11,CC(=O)Nc1ccc(O)cc1
660,C1=C(NC(=O)N)C=CC(=C1)OCC,Dulcin,-2.13,-2.17,0.13,21,174,180.21,0.75,0.99,1.64,1.17,1.41,1.58,3.14,CCOc1ccc(NC(N)=O)cc1
661,C1=C(NC(C(CCC)(C)C)=O)C=CC(=C1)Cl,Monalide<Potablan>,-4.01,-4.02,0.37,23,88,239.75,0.47,0.7,1.49,1.02,1.94,4.1,4.36,CCCC(C)(C)C(=O)Nc1ccc(Cl)cc1
662,C1=C(NC(C)=O)C=CC(=C1)C,4-Methylacetanilide,-2.09,-2.09,0.17,25,152,149.19,0.41,0.67,1.37,0.92,1.25,1.95,2.26,CC(=O)Nc1ccc(C)cc1
663,C1=C(NC(N(C)C)=O)C=CC=C1C(F)(F)F,Fluometuron,-3.46,-3.46,0.26,25,164,232.2,0.38,0.74,1.25,0.67,1.55,2.8,3.41,CN(C)C(=O)Nc1cccc(C(F)(F)F)c1
664,C1=C(O)C=C(C2=C1OC(=C(C2=O)O)C3=C(C=C(O)C=C3)O)O,Morin·H2O,-3.16,-3.2,0.12,23,304,302.24,2.11,1.71,2.66,2.75,1.96,1.99,2.84,O=c1c(O)c(-c2ccc(O)cc2O)oc2cc(O)cc(O)c12
665,C1=C(O)C=CC(=C1)Br,4-Bromophenol,-1.09,-1.09,0.17,25,63,173.01,0.67,0.38,1.1,1.12,0.95,2.15,1.53,Oc1ccc(Br)cc1
666,C1=C(O)C=CC(=C1)C2CCCCC2,4-Cyclohexylphenol,-3.47,-3.47,0.26,25,133,176.26,0.5,0.41,0.94,1.02,1.51,3.44,2.53,Oc1ccc(C2CCCCC2)cc1
667,C1=C(O)C=CC2=NC=CC=C12,6-Quinolinol,-2.09,-2.16,0.17,20,195,145.16,0.5,0.73,1.36,1.55,1.1,1.94,1.25,Oc1ccc2ncccc2c1
668,C1=C(O)C=CC=C1O,Resorcinol,0.81,0.81,0.06,25,111,110.11,1,0.61,1.1,0.99,0.83,1.1,1.08,Oc1cccc(O)c1
669,C1=C(OC(=C1)CSCCN\C(=C\[N+](=O)[O-])NC)CN(C)C,Ranitidine,-1.7,-1.7,0.57,25,69,314.41,0.27,1.97,1.74,1.54,2.4,1.46,7.7,CN/C(=C\[N+](=O)[O-])NCCSCc1ccc(CN(C)C)o1
670,C1=C(OC(=C1)[N+](=O)[O-])\C=N\N(CCO)C(N)=O,Nidroxyzone,-2.66,-2.69,0.17,23,214,242.19,0.62,1.49,2.21,1.6,1.6,-0.11,4.17,NC(=O)N(CCO)/N=C/c1ccc([N+](=O)[O-])o1
671,C1=C(OC(=C1)[N+](=O)[O-])\C=N\N2C(NCC2)=O,Nifuradene,-3.33,-3.36,0.24,23,262,224.18,0.18,1.1,2.05,1.44,1.44,0.55,2.54,O=C1NCCN1/N=C/c1ccc([N+](=O)[O-])o1
672,C1=C(OC(=C1)[N+](=O)[O-])\C=N\N2C(OCC2)=O,Furazolidone,-3.75,-3.75,0.32,25,255,225.16,0,0.95,1.82,1.31,1.4,0.97,2.54,O=C1OCCN1/N=C/c1ccc([N+](=O)[O-])o1
673,C1=C(OC(=C1)\C=C\C=N\N(CCO)C(=O)N)[N+]([O-])=O,NSC-53261,-3.04,-3.11,0.18,18,160,268.23,0.62,1.56,2.31,1.75,1.84,0.56,5.23,NC(=O)N(CCO)/N=C/C=C/c1ccc([N+](=O)[O-])o1
674,C1=C(OC(=C1)\C=C\C=N\NC(N)=O)[N+](=O)[O-],5-Nitro-2-furanacrylaldehyde1-semicarbazone,-3.06,-3.14,0.18,18,166,224.18,0.59,1.13,2.09,1.5,1.5,0.86,3.78,NC(=O)N/N=C/C=C/c1ccc([N+](=O)[O-])o1
675,C1=C(OC(=C1)\C=N\NC(C)=O)[N+](=O)[O-],Nihydrazone,-2.57,-2.6,0.17,23,233,197.15,0.26,0.95,1.89,1.13,1.31,0.66,2.95,CC(=O)N/N=C/c1ccc([N+](=O)[O-])o1
676,C1=C(OC(=C1)\C=N\NC(N)=O)[N+](=O)[O-],Nitrofurazone,-2.97,-2.97,0.06,25,238,198.14,0.59,1.06,1.98,1.34,1.26,0.19,2.8,NC(=O)N/N=C/c1ccc([N+](=O)[O-])o1
677,C1=C(OC(=C1)\C=N\O)[N+](=O)[O-],Nifuroxime,-2.19,-2.19,0.17,25,163,156.1,0.31,0.66,1.29,1.03,0.97,1,1.86,O=[N+]([O-])c1ccc(/C=N/O)o1
678,C1=C(OC)C(=C(C2=C1C(=NC(=N2)N3CCN(C(OCC(C)(C)O)=O)CC3)N)OC)OC,Trimazosin,-3.64,-3.64,0.3,25,183,435.48,0.45,2.6,3.53,2.8,3.19,1.27,6.44,COc1cc2c(N)nc(N3CCN(C(=O)OCC(C)(C)O)CC3)nc2c(OC)c1OC
679,C1=C(OC)C(=CC2=C1C(=NC(=N2)N4CCN(C(=O)C3OCCC3)CC4)N)OC,Terazosin·H2O,-3.48,-3.52,0.66,23,273,387.44,0.23,2.27,3.49,2.84,2.83,1.06,5.08,COc1cc2nc(N3CCN(C(=O)C4CCCO4)CC3)nc(N)c2cc1OC
680,C1=C(OC)C(=CC2=CC=NC(=C12)CC3=CC=C(C(=C3)OC)OC)OC,Papaverine,-4.53,-4.53,0.27,25,147,339.39,0,1.47,2.76,2.19,2.59,3.86,4.93,COc1ccc(Cc2nccc3cc(OC)c(OC)cc23)cc1OC
681,C1=C(OC)C(=CC=C1C=O)O,Vanillin,-1.14,-1.14,0.09,25,82,152.15,0.44,0.76,1.46,1.02,1.13,1.21,2.11,COc1cc(C=O)ccc1O
682,C1=C(OC)C=C(C2=C1OC3=C(C2=O)C=C(O)C=C3)O,Gentisin,-2.78,-2.93,0.17,16,267,258.23,0.69,1.04,2.05,2.09,1.75,2.37,2.35,COc1cc(O)c2c(=O)c3cc(O)ccc3oc2c1
683,C1=C(OC)C=CC(=C1)O,Mequinol<4-Methoxyphenol>,-0.49,-0.49,0.17,25,57,124.14,0.5,0.59,1.03,0.85,0.97,1.4,1.59,COc1ccc(O)cc1
684,C1=C(OCC#C)C(=CC(=C1N2N=C(OC2=O)C(C)(C)C)Cl)Cl,Oxadiargyl,-5.93,-5.96,0.76,20,131,341.19,0.09,0.98,1.65,1.75,2.32,3.44,4.54,C#CCOc1cc(-n2nc(C(C)(C)C)oc2=O)c(Cl)cc1Cl
685,C1=C(OCC(CO)O)C=CC(=C1)Cl,Chlorphenesin,-1.29,-1.31,0.17,23,78,202.64,0.5,0.95,1.4,1.2,1.44,1.07,4.02,OCC(O)COc1ccc(Cl)cc1
686,C1=C(OCC(O)=O)C=CC(=C1)Cl,4-ChlorophenoxyaceticAcid,-2.39,-2.39,0.17,25,164,186.6,0.57,0.65,1.35,0.94,1.25,1.8,2.93,O=C(O)COc1ccc(Cl)cc1
687,C1=C(OCC(O)CNC(C)C)C(=CC=C1)CC=C,Alprenolol,-2.69,-2.69,0.1,25,108,249.35,0.29,1.36,1.12,1.18,2.16,2.15,6.47,C=CCc1ccccc1OCC(O)CNC(C)C
688,C1=C(OCC)C=CC2=C1SC(=N2)[S](N)(=O)=O,Ethoxzolamide<Redupresin>,-3.92,-3.92,0.17,25,189,258.32,0.44,1.33,2.16,2,1.69,1.34,2.83,CCOc1ccc2nc(S(N)(=O)=O)sc2c1
689,C1=C(SC(=N1)N2C(NCC2)=O)[N+](=O)[O-],Niridazole,-3.22,-3.22,0.21,25,261,214.21,0.18,1,2.28,1.55,1.3,0.58,2.04,O=C1NCCN1c1ncc([N+](=O)[O-])s1
690,C1=C(SC)C=CC2=C1N(C3=C(S2)C=CC=C3)CCC4N(CCCC4)C,Thioridazine,-5.69,-5.69,0.07,25,73,370.59,0,1.13,1.93,2.7,2.9,5.89,5.3,CSc1ccc2c(c1)N(CCC1CCCCN1C)c1ccccc1S2
691,C1=C([N+](=O)[O-])C(=CC2=C1NC(CNC(C)C)CC2)CO,Oxamniquine,-2.98,-2.97,0.17,27,148,279.34,0.66,1.4,1.82,1.67,2.17,1.81,4.56,CC(C)NCC1CCc2cc(CO)c([N+](=O)[O-])cc2N1
692,C1=C([N+](=O)[O-])C=CC(=C1)C,4-Nitrotoluene,-2.53,-2.49,0.17,30,52,137.14,0,0.21,1.2,0.85,1.03,1.9,1.66,Cc1ccc([N+](=O)[O-])cc1
693,C1=C([N+](=O)[O-])C=CC(=C1OC2=CC=CC=C2)N[S](C)(=O)=O,Nimesulide,-4.67,-4.67,0.18,25,144,308.32,0.43,1.1,2.68,2.03,2.1,2.76,4.08,CS(=O)(=O)Nc1ccc([N+](=O)[O-])cc1Oc1ccccc1
694,C1=C([N+]([O-])=O)C(=C([N+]([O-])=O)C(=C1C)C)NC(CC)CC,Pendimethalin,-5.94,-5.97,0.77,20,56,281.31,0.05,0.57,1.59,1.42,2.15,3.72,5.01,CCC(CC)Nc1c([N+](=O)[O-])cc(C)c(C)c1[N+](=O)[O-]
695,C1=C([N+]([O-])=O)C=C([N+]([O-])=O)C(=C1C(CC)C)OC(=O)C=C(C)C,Binapacryl,-5.48,-5.51,0.67,20,70,322.32,0,0.77,2.17,1.34,2.36,3.89,5.94,CCC(C)c1cc([N+](=O)[O-])cc([N+](=O)[O-])c1OC(=O)C=C(C)C
696,C1=C([N+]([O-])=O)C=CC(=C1)Cl,4-Chloronitrobenzene,-2.72,-2.78,0.18,20,84,157.56,0,0.21,1.34,0.97,1.01,2.25,1.87,O=[N+]([O-])c1ccc(Cl)cc1
697,C1=C([N+]([O-])=O)C=CC(=C1)NC(=O)C,4-Nitroacetanilide,-2.69,-2.69,0.69,25,216,180.16,0.47,0.76,1.99,1.16,1.29,1.55,2.58,CC(=O)Nc1ccc([N+](=O)[O-])cc1
698,C1=C([N+]([O-])=O)C=CC(=C1)OC,4-Nitroanisole,-2.45,-2.41,0.17,30,54,153.14,0,0.43,1.36,0.89,1.09,1.6,2.06,COc1ccc([N+](=O)[O-])cc1
699,C1=C([N+]([O-])=O)C=CC(=C1)[N+]([O-])=O,"1,4-Dinitrobenzene",-3.48,-3.48,0.12,25,174,168.11,0,0.31,1.83,1.1,1.06,1.5,2,O=[N+]([O-])c1ccc([N+](=O)[O-])cc1
700,C1=C([N+]([O-])=O)C=CC(=C1[N+]([O-])=O)NC2=CC=C(O)C=C2,"4-(2,4-Dinitroaniline)phenol",-5.44,-5.44,0.67,25,194,275.22,0.63,0.83,2.58,2.18,1.83,2.95,3.47,O=[N+]([O-])c1ccc(Nc2ccc(O)cc2)c([N+](=O)[O-])c1
701,C1=C([N+]([O-])=O)C=CC2=C1C(=NCC(=O)N2)C3=C(Cl)C=CC=C3,Clonazepam,-4.52,-4.52,0.72,25,238,315.72,0.47,1.09,2.25,2.36,2.11,3.04,3.6,O=C1CN=C(c2ccccc2Cl)c2cc([N+](=O)[O-])ccc2N1
702,C1=C([N+]([O-])=O)C=CC2=C1C(=NCC(=O)N2C)C3=C(F)C=CC=C3,Flunitrazepam,-4.27,-4.27,0.37,25,167,313.29,0,1.15,2.15,2.14,2.14,2.55,3.61,CN1C(=O)CN=C(c2ccccc2F)c2cc([N+](=O)[O-])ccc21
703,C1=C([N+]([O-])=O)OC(=C1)\C=C\C=N\N2C(=O)OCC2,3-[3-(5-Nitro-2-furyl)allylideneamino]-2-oxazolidinone,-4.35,-4.42,0.44,18,126,251.2,0,1.02,1.92,1.46,1.64,1.64,3.37,O=C1OCCN1/N=C/C=C/c1ccc([N+](=O)[O-])o1
704,C1=C([N](C(=N1)C)CC(C)O)[N+](=O)[O-],Secnidazole<SOLOSEC>,-0.75,-0.73,0.04,27,76,185.18,0.31,0.89,1.74,1.13,1.33,0.48,2.62,Cc1ncc([N+](=O)[O-])n1CC(C)O
705,C1=C([N](C(=N1)C)CCO)[N+](=O)[O-],Metronidazole,-1.26,-1.26,0.06,25,159,171.16,0.31,0.86,1.75,1.12,1.19,0.09,2.39,Cc1ncc([N+](=O)[O-])n1CCO
706,C1=C([N](C(=N1)COC(N)=O)C)[N+](=O)[O-],Ronidazole,-1.84,-1.84,0.17,25,168,200.15,0.44,1.1,2.22,1.29,1.31,-0.08,2.65,Cn1c([N+](=O)[O-])cnc1COC(N)=O
707,C1=C([S](=O)(=O)N)C=CC(=C1C(NCC2N(CC)CCC2)=O)OC,Sulpiride,-2.88,-2.88,0.08,25,179,341.43,0.72,2.15,2.78,1.91,2.53,0.56,5.61,CCN1CCCC1CNC(=O)c1cc(S(N)(=O)=O)ccc1OC
708,C1=C([S](=O)(=O)NC(=O)C)C=CC(=C1)N,Sulfacetamide<Sulfanilacetamide>,-1.43,-1.43,0.04,25,183,214.24,0.71,1.31,2.63,1.51,1.49,0.09,2.76,CC(=O)NS(=O)(=O)c1ccc(N)cc1
709,C1=C([S](N)(=O)=O)C(=CC2=C1[S](N=CN2)(=O)=O)Cl,Chlorothiazide,-2.61,-2.61,0.28,25,350,295.73,0.64,1.66,2.74,1.98,1.69,0.13,2.66,NS(=O)(=O)c1cc2c(cc1Cl)NC=NS2(=O)=O
710,C1=C([S](N)(=O)=O)C(=CC2=C1[S](NCN2)(=O)=O)Cl,Hydrochlorothiazide,-2.64,-2.64,0.06,25,274,297.75,1.01,1.76,2.77,2.15,1.73,-0.35,2.83,NS(=O)(=O)c1cc2c(cc1Cl)NCNS2(=O)=O
711,C1=C([S](N)(=O)=O)C(=CC3=C1C(N(C2=C(C=CC=C2)C)C(N3)C)=O)Cl,Metolazone,-4.1,-4.1,0.21,25,255,365.84,0.59,1.74,2.86,2.69,2.5,2.71,4.03,Cc1ccccc1N1C(=O)c2cc(S(N)(=O)=O)c(Cl)cc2NC1C
712,C1=C([S](N)(=O)=O)C(=CC3=C1C(N(C2CCCCC2)C3)=O)Cl,Clorexolone,-4.31,-4.31,0.44,25,267,328.82,0.44,1.47,2.57,2.08,2.25,2.28,3.71,NS(=O)(=O)c1cc2c(cc1Cl)CN(C1CCCCC1)C2=O
713,C1=C([S](NC(NCCCC)=O)(=O)=O)C=CC(=C1)C,Tolbutamide,-3.46,-3.46,0.1,25,129,270.35,0.59,1.15,2.21,1.33,2.06,1.78,5.15,CCCCNC(=O)NS(=O)(=O)c1ccc(C)cc1
714,C1=C([S](NC(NCCCC)=O)(=O)=O)C=CC=C1,Phenbutamide,-3.28,-3.09,0.23,37,131,256.33,0.59,1.15,2.27,1.3,1.92,1.47,4.96,CCCCNC(=O)NS(=O)(=O)c1ccccc1
715,C1=C2C(=C(C(=C1)OC)OC)C(OC2)=O,Meconin,-1.89,-1.89,0.17,25,103,194.19,0,0.88,1.66,1.02,1.36,1.37,2.03,COc1ccc2c(c1OC)C(=O)OC2
716,C1=C2C(=C(O)C=C1)C(=O)C3=C(C2=O)C=CC=C3O,Danthron,-5.19,-5.19,0.61,25,195,240.21,0.49,0.82,2.18,2.19,1.65,1.87,2.01,O=C1c2cccc(O)c2C(=O)c2c(O)cccc21
717,C1=C2C(=CC(=C1)Cl)[S](N=C(N2)C)(=O)=O,Diazoxide,-3.36,-3.36,0.09,25,329,230.68,0.19,0.99,1.82,1.39,1.45,1.87,2,CC1=NS(=O)(=O)c2cc(Cl)ccc2N1
718,C1=C2C(=CC(=C1Cl)[S](N)(=O)=O)[S](=O)(=O)NC(N2)C(Cl)Cl,Trichlormethiazide,-3.65,-3.65,0.2,25,270,380.66,1.09,1.78,2.95,2.38,2.12,0.82,4.15,NS(=O)(=O)c1cc2c(cc1Cl)NC(C(Cl)Cl)NS2(=O)=O
719,C1=C2C(=CC=C1)C(=O)C(=C(Cl)C2=O)Cl,Dichlone,-6.36,-6.36,0.85,25,195,227.05,0,0.8,1.93,1.59,1.4,2.75,2.18,O=C1C(Cl)=C(Cl)C(=O)c2ccccc21
720,C1=C2C(=CC=C1C(C(O)=O)C)C=C(OC)C=C2,Naproxen,-4.13,-4.13,0.08,25,153,230.26,0.57,0.75,1.49,1.54,1.78,3.04,3,COc1ccc2cc(C(C)C(=O)O)ccc2c1
721,C1=C2C(=NC(=N1)N)N(C=N2)COCCO,Deoxyacyclovir<Desciclovir>,-1.04,-1.08,0.03,22,189,209.209,0.45,1.52,2.06,2.04,1.46,-0.63,2.75,Nc1ncc2ncn(COCCO)c2n1
722,C1=C3C(=C(C2=C1C=CO2)OC)OC(=O)C=C3,Methoxsalen<8-Methoxypsoralen>,-4.5,-4.55,0.56,20,148,216.19,0,0.78,1.46,1.58,1.45,2.55,1.77,COc1c2occc2cc2ccc(=O)oc12
723,C1=C3C(=C(C2=C1OC(=O)C=C2)OC)C=CC(C)(C)O3,Xanthoxyletin,-3.8,-3.81,0.33,23,133,258.27,0,0.91,1.41,1.5,1.87,2.99,2.42,COc1c2c(cc3oc(=O)ccc13)OC(C)(C)C=C2
724,C1=C3C(=CC(=C1N2CCNCC2)F)C(C(=CN3CC)C(O)=O)=O,Norfloxacin,-2.78,-2.78,0.16,25,221,319.34,0.73,1.84,2.43,1.98,2.27,1.27,4.04,CCn1cc(C(=O)O)c(=O)c2cc(F)c(N3CCNCC3)cc21
725,C1=C3C(=CC(=C1OC)OCCCN2CCOCC2)C(=NC=N3)NC4=CC=C(C(=C4)Cl)F,Gefitinib,-5.88,-5.88,0.55,25,213,446.91,0.25,1.87,2.97,2.76,3.15,4.28,7.01,COc1cc2ncnc(Nc3ccc(F)c(Cl)c3)c2cc1OCCCN1CCOCC1
726,C1=CC(=C(C(=C1C)C(O)=O)O)C(C)C,2-ThymoticAcid,-3.78,-3.86,0.33,20,127,194.23,0.7,0.43,0.98,0.97,1.55,2.52,2.79,Cc1ccc(C(C)C)c(O)c1C(=O)O
727,C1=CC(=C(C(=C1Cl)C(O)=O)OC)Cl,Dicamba,-1.7,-1.7,0.17,25,115,221.04,0.64,0.57,1.35,1.07,1.38,2.7,3.01,COc1c(Cl)ccc(Cl)c1C(=O)O
728,C1=CC(=C(C(=C1Cl)CC(O)=O)Cl)Cl,Chlorfenac,-3.08,-3.08,0.19,25,152,239.48,0.57,0.36,1.34,1.15,1.44,3.27,3.42,O=C(O)Cc1c(Cl)ccc(Cl)c1Cl
729,C1=CC(=C(C(=C1Cl)NC2=C(C=CC=C2)C(=O)O)Cl)C,MeclofenamicAcid,-6.94,-6.94,0.08,25,257,296.15,0.65,0.62,1.68,1.87,2.03,4.74,3.98,Cc1ccc(Cl)c(Nc2ccccc2C(=O)O)c1Cl
730,C1=CC(=C(C2=C1C=C(C)C=N2)C(O)=O)Cl,Quinmerac,-3.05,-3.14,0.18,20,244,221.65,0.57,0.78,1.55,1.68,1.52,2.89,2.32,Cc1cnc2c(C(=O)O)c(Cl)ccc2c1
731,C1=CC(=C(C2=C1C=CC(O2)=O)CC=C(C)C)OC,Osthole,-4.33,-4.31,0.44,30,84,244.29,0,0.74,1.25,1.23,1.92,3.31,3.51,COc1ccc2ccc(=O)oc2c1CC=C(C)C
732,C1=CC(=C(C=C1N)O)C(=O)O,4-AminosalicylicAcid,-2.26,-2.26,0.08,25,151,153.14,0.93,0.65,1.48,1.19,1.09,0.67,1.68,Nc1ccc(C(=O)O)c(O)c1
733,C1=CC(=C(C=C1S(=O)(=O)N)F)S(=O)(=O)CCCO,3-Fluoro-4-[(3-hydroxypropyl)sulfonyl]benzenesulfonamide,-1.65,-1.65,0.17,25,130,297.33,0.75,1.62,2.67,1.36,1.88,-0.37,4.43,NS(=O)(=O)c1ccc(S(=O)(=O)CCCO)c(F)c1
734,C1=CC(=C(C=C1S(=O)(=O)N)F)S(=O)(=O)CCO,4-(2-Hydroxyethylsulfonyl)-3-fluorobenzenesulfonamide,-1.93,-1.93,0.17,25,165,283.3,0.75,1.62,2.66,1.36,1.74,-0.76,3.87,NS(=O)(=O)c1ccc(S(=O)(=O)CCO)c(F)c1
735,C1=CC(=C(C=C1S(=O)(=O)N)F)SCCCCO,3-Fluoro-4-[(4-hydroxybutyl)]thiobenzenesulfonamide,-2.45,-2.45,0.17,25,104,279.36,0.75,1.22,1.91,1.6,1.9,1.34,5.38,NS(=O)(=O)c1ccc(SCCCCO)c(F)c1
736,C1=CC(=C(C=C1S(=O)(=O)N)F)SCCCO,3-Fluoro-4-[(3-hydroxypropyl)]thiobenzenesulfonamide,-2.47,-2.47,0.17,25,111,265.33,0.75,1.21,1.91,1.6,1.76,0.95,4.72,NS(=O)(=O)c1ccc(SCCCO)c(F)c1
737,C1=CC(=C(C=C1S(=O)(=O)N)F)SCCO,3-Fluoro-4-[(2-hydroxyethyl)thio]-benzenesulfonamide,-1.62,-1.62,0.17,25,110,251.3,0.75,1.21,1.9,1.6,1.62,0.56,4.09,NS(=O)(=O)c1ccc(SCCO)c(F)c1
738,C1=CC(=C(O)C4=C1C3=C2C(=CC(=O)C(=C2)O)CC3(O)CO4)O,Hematein,-2.62,-2.7,0.17,20,250,300.27,1.2,1.82,2.36,2.6,1.98,1.33,2.31,O=C1C=C2CC3(O)COc4c(ccc(O)c4O)C3=C2C=C1O
739,C1=CC(=C2C(=C1Cl)C=CC=N2)O,Cloxyquin<5-Chloroquinolin-8-ol>,-3.98,-3.98,0.37,25,130,179.61,0.24,0.72,1.47,1.7,1.23,2.59,1.62,Oc1ccc(Cl)c2cccnc12
740,C1=CC(=CC(=C1C(C[N]2C=NC=N2)(CCCC)O)Cl)Cl,Hexaconazole,-4.22,-4.27,0.42,20,111,314.22,0.31,0.97,1.82,1.83,2.25,3.66,5.02,CCCCC(O)(Cn1cncn1)c1ccc(Cl)cc1Cl
741,C1=CC(=CC(=C1C(C[N]2C=NC=N2)CCC)Cl)Cl,Penconazole,-3.55,-3.59,0.28,20,59,284.19,0,0.54,1.66,1.64,2.05,4.17,4.61,CCCC(Cn1cncn1)c1ccc(Cl)cc1Cl
742,C1=CC(=CC(=C1C2(OCC(Br)C2)C[N]3N=CN=C3)Cl)Cl,Bromuconazole,-3.88,-3.88,0.35,25,84,377.07,0,0.77,2.06,2.18,2.18,3.66,4.04,Clc1ccc(C2(Cn3cncn3)CC(Br)CO2)c(Cl)c1
743,C1=CC(=CC(=C1C3(C[N]2C=NC=N2)OC(C)CO3)Cl)OC4=CC=C(Cl)C=C4,Difenoconazole,-4.43,-4.43,0.46,25,76,406.27,0,1.27,2.58,2.55,2.73,4.67,5.06,CC1COC(Cn2cncn2)(c2ccc(Oc3ccc(Cl)cc3)cc2Cl)O1
744,C1=CC(=CC(=C1COC(=O)CC)Cl)Cl,"2,4-Dichlorobenzenemethanolpropanoate",-3.04,-3.07,0.18,20,61,233.09,0,0.39,1.19,0.91,1.6,3.45,4.24,CCC(=O)OCc1ccc(Cl)cc1Cl
745,C1=CC(=CC(=C1OCC(CNC(C)(C)C)O)C(C)=O)NC(N(CC)CC)=O,Celiprolol,-4.25,-4.25,0.58,23,110,379.5,0.61,2.35,2.34,1.7,3.14,2.89,8.73,CCN(CC)C(=O)Nc1ccc(OCC(O)CNC(C)(C)C)c(C(C)=O)c1
746,C1=CC(=CC(=C1OCC(CNC(C)C)O)C(C)=O)NC(CCC)=O,Acebutolol,-2.2,-2.2,0.31,25,119,336.43,0.7,2.16,2.32,1.61,2.76,2.37,8.43,CCCC(=O)Nc1ccc(OCC(O)CNC(C)C)c(C(C)=O)c1
747,C1=CC(=CC(=C1[N+](=O)[O-])OCC)OC2=C(C=C(C(F)(F)F)C=C2)Cl,Oxyfluorfen,-6.49,-6.49,0.88,25,84,361.7,0,0.54,1.76,1.29,2.21,5.46,5.18,CCOc1cc(Oc2ccc(C(F)(F)F)cc2Cl)ccc1[N+](=O)[O-]
748,C1=CC(=CC(=C1\C=C(/C(C(C)(C)C)O)[N]2C=NC=N2)Cl)Cl,Diniconazole,-4.91,-4.91,0.56,25,149,326.23,0.31,0.94,1.91,1.95,2.35,3.99,4.71,CC(C)(C)C(O)/C(=C\c1ccc(Cl)cc1Cl)n1cncn1
749,C1=CC(=CC2=C1C(/C(=C2CC(O)=O)C)=C\C3=CC=C([S](C)=O)C=C3)F,Sulindac,-5.27,-5.27,0.21,25,184,356.42,0.57,1.39,2.72,2.26,2.57,4.37,4.68,CC1=C(CC(=O)O)c2cc(F)ccc2C1=Cc1ccc([S+](C)[O-])cc1
750,C1=CC(=CC2=C1C(C3=C(CC2)C=CC=N3)=C4CCN(C(OCC)=O)CC4)Cl,Loratadine,-5.03,-5.03,0.18,25,135,382.89,0,1.14,2.09,2.19,2.87,4.89,5.17,CCOC(=O)N1CCC(=C2c3ccc(Cl)cc3CCc3cccnc32)CC1
751,C1=CC(=CC2=C1N(C(CN=C2C3=C(C=CC=C3)F)=S)CC(F)(F)F)Cl,Quazepam,-6.52,-6.52,0.88,25,138,386.8,0,0.49,1.57,2.03,2.39,5.03,4.79,Fc1ccccc1C1=NCC(=S)N(CC(F)(F)F)c2ccc(Cl)cc21
752,C1=CC(=CC2=C1OC(=O)N2)Cl,Chlorzoxazone,-2.83,-2.83,0.11,25,192,169.57,0.45,0.5,1.32,1.24,1.05,1.77,1.26,O=c1[nH]c2cc(Cl)ccc2o1
753,C1=CC(=CC2=C1[N](C(=C2CC(O)=O)C)C(C3=CC=C(Cl)C=C3)=O)OC,Indomethacin,-5.33,-5.33,0.18,25,159,357.79,0.57,1.24,2.49,2.44,2.53,3.93,4.51,COc1ccc2c(c1)c(CC(=O)O)c(C)n2C(=O)c1ccc(Cl)cc1
754,C1=CC(=CC2=NC=CC(=C12)NC3=CC=C(C(=C3)CN(CC)CC)O)Cl,Amodiaquine,-5.94,-5.94,0.65,25,208,355.87,0.63,1.52,2.32,2.7,2.74,5.18,5.41,CCN(CC)Cc1cc(Nc2ccnc3cc(Cl)ccc23)ccc1O
755,C1=CC(=CC3=C1C2=C(C=CC(=C2)Cl)[NH]3)C(C(O)=O)C,Carprofen,-4.63,-4.63,0.05,25,198,273.72,0.88,0.74,1.88,2.29,1.93,4.16,2.72,CC(C(=O)O)c1ccc2c(c1)[nH]c1ccc(Cl)cc12
756,C1=CC(=CC3=C1N(CC2CC2)C(CN=C3C4=CC=CC=C4)=O)Cl,Prazepam,-3.4,-3.4,0.04,25,146,324.81,0,1.05,1.81,2.32,2.39,3.93,3.66,O=C1CN=C(c2ccccc2)c2cc(Cl)ccc2N1CC1CC1
757,C1=CC(=CC3=C1NC2=CC=CC=C2S3)O,10H-Phenothiazin-3-ol,-2.49,-2.57,0.17,20,178,215.28,0.63,0.71,1.76,2.16,1.54,3.6,1.86,Oc1ccc2c(c1)Sc1ccccc1N2
758,C1=CC(=CC3=C1[N]2C(=CN=C2C)CN=C3C4=CC=CC=C4F)Cl,Midazolam,-3.88,-3.89,0.12,24,159,325.77,0,0.8,1.76,2.41,2.26,4.32,3.27,Cc1ncc2n1-c1ccc(Cl)cc1C(c1ccccc1F)=NC2
759,C1=CC(=CC3=C1[N]2C(=NN=C2C)CN=C3C4=CC=CC=C4)Cl,Alprazolam<Xanax>,-3.67,-3.67,0.06,25,228,308.77,0,0.84,1.95,2.59,2.2,3.58,3.05,Cc1nnc2n1-c1ccc(Cl)cc1C(c1ccccc1)=NC2
760,C1=CC(=CC3=C1[N]2C(=NN=C2C)CN=C3C4=CC=CC=C4Cl)Cl,Triazolam,-4.44,-4.44,0.24,25,234,343.22,0,0.83,2.03,2.74,2.33,4.23,3.44,Cc1nnc2n1-c1ccc(Cl)cc1C(c1ccccc1Cl)=NC2
761,C1=CC(=CC=C1/N=N/C2=C(C=C(C=C2)[N+](=O)[O-])Cl)N(CCC#N)CCO,3-((4-((2-Chloro-4-nitro-phenyl)azo)phenyl)(2-hydroxy-ethyl)amino)propanenitrile,-6.13,-6.13,0.8,25,157,373.8,0.23,1.38,2.54,2.44,2.65,4.38,7.03,N#CCCN(CCO)c1ccc(/N=N/c2ccc([N+](=O)[O-])cc2Cl)cc1
762,C1=CC(=CC=C1C(C(=O)O)C)CC(C)C,Ibuprofen,-3.71,-3.71,0.13,25,75,206.28,0.57,0.51,1.01,0.78,1.78,3.07,3.89,CC(C)Cc1ccc(C(C)C(=O)O)cc1
763,C1=CC(=CC=C1C(C(NC(C(Cl)Cl)=O)CO)O)[N+](=O)[O-],Chloramphenicol,-2.11,-2.11,0.09,25,151,323.13,0.87,1.65,2.66,1.84,2.07,0.91,6.15,O=C(NC(CO)C(O)c1ccc([N+](=O)[O-])cc1)C(Cl)Cl
764,C1=CC(=CC=C1C(C)(C)C)CC(CN2CC(OC(C2)C)C)C,Fenpropimorph,-2.49,-2.49,0.17,23,91,303.49,0,0.95,0.93,1.02,2.74,4.27,5.68,CC(Cc1ccc(C(C)(C)C)cc1)CN1CC(C)OC(C)C1
765,C1=CC(=CC=C1C(C)=O)N,4-Aminoacetophenone,-1.72,-1.61,0.17,38,106,135.17,0.23,0.74,1.52,1.09,1.11,1.47,1.72,CC(=O)c1ccc(N)cc1
766,C1=CC(=CC=C1C(C)=O)O,4-Hydroxyacetophenone,-1.11,-1.14,0.11,22,110,136.15,0.66,0.7,1.34,1.02,1.07,1.59,1.72,CC(=O)c1ccc(O)cc1
767,C1=CC(=CC=C1C(C)C)C(O)=O,CumicAcid,-3.13,-3.13,0.2,25,118,164.21,0.57,0.48,1.01,0.78,1.35,2.51,2.48,CC(C)c1ccc(C(=O)O)cc1
768,C1=CC(=CC=C1C(C2=CC=C(O)C=C2)(C)C)O,Diphenylolpropane<BisphenolA>,-3.28,-3.28,0.23,25,153,228.29,1,0.79,1.46,1.59,1.86,3.42,2.8,CC(C)(c1ccc(O)cc1)c1ccc(O)cc1
769,C1=CC(=CC=C1C(CC(O)=O)CN)Cl,Baclofen,-1.67,-1.67,0.15,25,208,213.66,0.78,1.02,1.47,1.1,1.58,1.86,3.92,NCC(CC(=O)O)c1ccc(Cl)cc1
770,C1=CC(=CC=C1C(N2C(CCC2)=O)=O)OC,Aniracetam,-3.3,-3.3,0.23,25,104,219.24,0,1.16,1.7,1.36,1.64,1.46,2.9,COc1ccc(C(=O)N2CCCC2=O)cc1
771,C1=CC(=CC=C1C(NC4=NC(N(C3OC(C)C(OC2C(C(O)C(C(O2)C)N(C)C)O)CC3)C=C4)=O)=O)NC(C(N)(CO)C)=O,Amicetin,-2.49,-2.49,0.17,25,167,618.69,1.51,5.05,4.86,3.71,4.54,-0.38,10.53,CC1OC(n2ccc(NC(=O)c3ccc(NC(=O)C(C)(N)CO)cc3)nc2=O)CCC1OC1OC(C)C(N(C)C)C(O)C1O
772,C1=CC(=CC=C1C(O)=O)Br,4-BromobenzoicAcid,-3.76,-3.81,0.16,23,255,201.02,0.66,0.44,1.24,1.08,1.11,2.15,2.07,O=C(O)c1ccc(Br)cc1
773,C1=CC(=CC=C1C(OCCC)=O)N,Risocaine,-2.45,-2.45,0.13,25,74,179.22,0.23,0.77,1.43,0.94,1.45,1.84,3.32,CCCOC(=O)c1ccc(N)cc1
774,C1=CC(=CC=C1C(OCCCC)=O)O,Butylparaben,-3.03,-3.03,0.12,25,69,194.23,0.66,0.73,1.26,0.87,1.55,2.35,3.98,CCCCOC(=O)c1ccc(O)cc1
775,C1=CC(=CC=C1C([N]2C=CN=C2)C3=CC=CC=C3)C4=CC=CC=C4,Bifonazole,-5.95,-5.95,0.22,25,142,310.4,0,0.79,2.35,2.62,2.5,5.19,3.95,c1ccc(-c2ccc(C(c3ccccc3)n3ccnc3)cc2)cc1
776,C1=CC(=CC=C1C2=C([N]3C(=N2)C=CC(=C3)C)CC(=O)N(C)C)C,Zolpidem,-3.63,-3.63,0.67,25,196,307.4,0,1.33,2.39,2.35,2.47,3.25,3.91,Cc1ccc(-c2nc3ccc(C)cn3c2CC(=O)N(C)C)cc1
777,C1=CC(=CC=C1C2[S](CCC(N2C)=O)(=O)=O)Cl,Chlormezanone,-2.04,-2.04,0.17,25,116,273.74,0,1.39,2.4,1.44,1.83,1.62,3.14,CN1C(=O)CCS(=O)(=O)C1c1ccc(Cl)cc1
778,C1=CC(=CC=C1C3=C(C2=CC=CC=C2)C(=O)OC3)[S](C)(=O)=O,Rofecoxib,-4.58,-4.58,0.16,25,207,314.36,0,1.15,2.43,1.66,2.23,2.56,3.58,CS(=O)(=O)c1ccc(C2=C(c3ccccc3)C(=O)OC2)cc1
779,C1=CC(=CC=C1CCC(C(C)(C)C)(O)C[N]2C=NC=N2)Cl,Tebuconazole,-3.9,-3.93,0.35,20,102,307.82,0.31,0.93,1.76,1.67,2.41,3.34,4.69,CC(C)(C)C(O)(CCc1ccc(Cl)cc1)Cn1cncn1
780,C1=CC(=CC=C1CO)C,4-Methylbenzylalcohol,-1.2,-1.2,0.17,25,62,122.17,0.31,0.53,0.78,0.83,1.06,1.49,1.86,Cc1ccc(CO)cc1
781,C1=CC(=CC=C1CO)O,Gastrodigenin<4-Hydroxybenzylalcohol>,-1.22,-1.27,0.17,20,125,124.14,0.81,0.8,1.05,1.03,0.97,0.88,1.7,OCc1ccc(O)cc1
782,C1=CC(=CC=C1C[C@@H](C(=O)O)N)O,L-Tyrosine,-2.55,-2.55,0.15,25,343,181.19,1.28,1.29,1.6,1.18,1.37,0.35,2.87,N[C@@H](Cc1ccc(O)cc1)C(=O)O
783,C1=CC(=CC=C1Cl)C(O)(C[N]2C=NC=N2)C(C3CC3)C,Cyproconazole,-3.32,-3.32,0.23,25,107,291.78,0.31,1.06,1.81,1.93,2.16,2.87,3.53,CC(C1CC1)C(O)(Cn1cncn1)c1ccc(Cl)cc1
784,C1=CC(=CC=C1N)S(=O)(=O)NC2=NC=CS2,Sulfathiazole,-2.74,-2.74,0.05,25,202,255.32,0.59,1.21,2.6,2.06,1.69,1.53,2.8,Nc1ccc(S(=O)(=O)Nc2nccs2)cc1
785,C1=CC(=CC=C1N2C(=O)C(=C(C2=O)Cl)Cl)F,Sparticide,-4.58,-4.64,0.49,20,241,260.05,0,0.98,1.88,1.49,1.52,2.39,2.69,O=C1C(Cl)=C(Cl)C(=O)N1c1ccc(F)cc1
786,C1=CC(=CC=C1N2C(C3=C(C2)C=CC=C3)=O)C(C(O)=O)C,Indoprofen,-4.33,-4.33,0.35,25,214,281.31,0.57,1.14,2.3,1.92,2.11,3.04,3.22,CC(C(=O)O)c1ccc(N2Cc3ccccc3C2=O)cc1
787,C1=CC(=CC=C1NC(C)=O)OC(C)=O,Diacetamate,-1.91,-1.91,0.17,25,140,193.2,0.41,0.99,1.8,0.98,1.47,1.57,3.23,CC(=O)Nc1ccc(OC(C)=O)cc1
788,C1=CC(=CC=C1NC(C)=O)OCC,Phenacetin,-2.37,-2.37,0.14,25,135,179.22,0.41,0.87,1.55,0.96,1.45,2.04,3.32,CCOc1ccc(NC(C)=O)cc1
789,C1=CC(=CC=C1NC(N(C)C)=O)C(C)C,Isoproturon,-3.47,-3.47,0.58,25,158,206.29,0.31,0.88,1.42,1.04,1.78,2.9,3.71,CC(C)c1ccc(NC(=O)N(C)C)cc1
790,C1=CC(=CC=C1N[C@H]2[C@@H]([C@H]([C@@H]([C@H](O2)CO)O)O)O)S(=O)(=O)N,Prontoglucal,-0.96,-0.98,0.17,23,204,334.35,1.52,2.81,2.93,2.53,2.23,-2.45,5.02,NS(=O)(=O)c1ccc(N[C@@H]2O[C@H](CO)[C@@H](O)[C@H](O)[C@H]2O)cc1
791,C1=CC(=CC=C1O)C(CN(C)C)C2(CCCCC2)O,Desvenlafaxine,-2.81,-2.81,0.39,25,138,263.38,0.81,1.22,1.34,1.37,2.23,2.73,4.48,CN(C)CC(c1ccc(O)cc1)C1(O)CCCCC1
792,C1=CC(=CC=C1OC)C(OC)=O,Methyl4-methoxybenzoate,-2.39,-2.41,0.17,20,49,166.18,0,0.66,1.13,0.71,1.27,1.48,2.69,COC(=O)c1ccc(OC)cc1
793,C1=CC(=CC=C1OC2=CC=C(C=C2)[N+](=O)[O-])CN(C(C(Cl)Cl)=O)CCO,Chlorphenoxamide,-5.1,-5.12,0.6,23,136,399.23,0.32,1.49,3.06,2.27,2.68,3.51,7.2,O=C(C(Cl)Cl)N(CCO)Cc1ccc(Oc2ccc([N+](=O)[O-])cc2)cc1
794,C1=CC(=CC=C1S(=O)(=O)CCCCO)S(=O)(=O)N,4-[(4-Hydroxybutyl)sulfonyl]benzenesulfonamide,-1.83,-1.83,0.22,25,135,293.37,0.75,1.69,2.71,1.48,2,-0.12,4.86,NS(=O)(=O)c1ccc(S(=O)(=O)CCCCO)cc1
795,C1=CC(=CC=C1S(=O)(=O)CCCO)S(=O)(=O)N,4-[(3-Hydroxypropyl)sulfonyl]benzenesulfonamide,-1.59,-1.59,0.17,25,150,279.34,0.75,1.68,2.71,1.48,1.86,-0.51,4.25,NS(=O)(=O)c1ccc(S(=O)(=O)CCCO)cc1
796,C1=CC(=CC=C1S(=O)(=O)CCO)S(=O)(=O)N,4-[(2-Hydroxyethyl)sulfonyl]-benzenesulfonamide,-1.6,-1.6,0.17,25,165,265.31,0.75,1.68,2.71,1.48,1.72,-0.9,3.69,NS(=O)(=O)c1ccc(S(=O)(=O)CCO)cc1
797,C1=CC(=CC=C1[N+](=O)[O-])CO,4-Nitrobenzylalcohol,-1.83,-1.88,0.17,20,97,153.14,0.31,0.63,1.41,1.07,1.09,1.09,2.18,O=[N+]([O-])c1ccc(CO)cc1
798,C1=CC(=CC=C1[S](C2(C(OC)=O)CC2)(=O)=O)Br,Methyl(1-(4-bromo)phenylsulfonyl)cyclopropanecarboxylate,-3.67,-3.67,0.31,25,124,319.18,0,0.99,2.17,1.27,1.84,1.93,3.03,COC(=O)C1(S(=O)(=O)c2ccc(Br)cc2)CC1
799,C1=CC(=CC=C1[S](C2(C(OC)=O)CCC2)(=O)=O)Br,Methyl(1-(4-bromo)phenylsulfonyl)cyclobutanecarboxylate,-3.55,-3.55,0.28,25,95,333.2,0,0.99,2.18,1.27,1.98,2.32,3.51,COC(=O)C1(S(=O)(=O)c2ccc(Br)cc2)CCC1
800,C1=CC(=CC=C1[S](C2(C(OC)=O)CCC2)(=O)=O)Cl,Methyl(1-(4-chloro)phenylsulfonyl)cyclobutanecarboxylate,-3,-3,0.17,25,76,288.75,0,0.99,2.1,1.08,1.93,2.21,3.38,COC(=O)C1(S(=O)(=O)c2ccc(Cl)cc2)CCC1
801,C1=CC(=CC=C1[S](C2(C(OCC)=O)CC2)(=O)=O)C,Ethyl(1-(4-methyl)phenylsulfonyl)cyclopropane,-3.01,-3.01,0.17,25,76,268.33,0,1.01,1.93,0.96,1.95,1.86,3.19,CCOC(=O)C1(S(=O)(=O)c2ccc(C)cc2)CC1
802,C1=CC(=CC=C1[S](C2(C(OCC)=O)CCC2)(=O)=O)C,Ethyl(1-(4-methyl)phenylsulfonyl)cyclobutanec,-2.96,-2.96,0.17,25,54,282.36,0,1.01,1.93,0.95,2.09,2.25,3.67,CCOC(=O)C1(S(=O)(=O)c2ccc(C)cc2)CCC1
803,C1=CC(=CC=C1[S](C2=CC=C(C=C2)N)(=O)=O)N,Dapsone,-3.22,-3.22,0.11,25,176,248.31,0.45,1.35,2.84,1.87,1.8,1.68,2.77,Nc1ccc(S(=O)(=O)c2ccc(N)cc2)cc1
804,C1=CC(=CC=C1[S](C2=CN=C(S2)N)(=O)=O)N,Thiazolsulfone,-2.85,-2.81,0.17,28,220,255.32,0.45,1.38,2.93,1.93,1.69,1.14,2.56,Nc1ccc(S(=O)(=O)c2cnc(N)s2)cc1
805,C1=CC(=CC=C1[S](N(CCC)CCC)(=O)=O)C(O)=O,Probenecid,-4.86,-4.86,0.05,25,197,285.36,0.57,1.29,1.92,1.25,2.16,2.2,5.51,CCCN(CCC)S(=O)(=O)c1ccc(C(=O)O)cc1
806,C1=CC(=CC=C1[S](NC(NC2CCCCC2)=O)(=O)=O)CCNC(C3=NC=C(N=C3)C)=O,Glipizide,-5.28,-5.28,0.21,25,209,445.55,0.85,2.19,3.71,2.52,3.295,2.08,7.56,Cc1cnc(C(=O)NCCc2ccc(S(=O)(=O)NC(=O)NC3CCCCC3)cc2)cn1
807,C1=CC(=CC=C1[S](NC(NCCCC)=O)(=O)=O)N,Carbutamide,-2.9,-2.71,0.17,37,145,271.34,0.82,1.45,2.69,1.61,2.02,1.06,4.97,CCCCNC(=O)NS(=O)(=O)c1ccc(N)cc1
808,C1=CC(=CC=C1[S](NC(NN2CC3C(C2)CCC3)=O)(=O)=O)C,Gliclazide,-3.99,-3.99,0.03,25,181,323.42,0.59,1.66,2.54,1.93,2.3633,1.63,4.1,Cc1ccc(S(=O)(=O)NC(=O)NN2CC3CCCC3C2)cc1
809,C1=CC(=CC=C1[S](NC(NN2CCCCCC2)=O)(=O)=O)C,Tolazamide,-3.76,-3.68,0.32,30,172,311.41,0.59,1.62,2.49,1.7,2.33,1.77,5.19,Cc1ccc(S(=O)(=O)NC(=O)NN2CCCCCC2)cc1
810,C1=CC(=CC=C1[S](NC2=CC(=NS2)C)(=O)=O)N,Sulfasomizole,-1.04,-1.08,0.17,23,192,269.35,0.59,1.21,2.55,2.13,1.83,1.83,3.03,Cc1cc(NS(=O)(=O)c2ccc(N)cc2)sn1
811,C1=CC(=CC=C1[S](NC2=NC(=C(O2)C)C)(=O)=O)N,Sulfamoxole,-2.41,-2.5,0.17,20,193,267.31,0.59,1.31,2.44,1.94,1.87,1.67,3,Cc1nc(NS(=O)(=O)c2ccc(N)cc2)oc1C
812,C1=CC(=CC=C1[S](NC2=NC(N(CC)C=C2)=O)(=O)=O)N,Sulfacytine,-2.42,-2.23,0.17,37,167,294.34,0.59,2.01,2.88,2.21,2.06,0.65,3.75,CCn1ccc(NS(=O)(=O)c2ccc(N)cc2)nc1=O
813,C1=CC(=CC=C1[S](NC2=NC=CC=N2)(=O)=O)N,Sulfadiazine,-3.61,-3.61,0.04,25,253,250.28,0.59,1.4,2.58,2.08,1.72,0.86,2.92,Nc1ccc(S(=O)(=O)Nc2ncccn2)cc1
814,C1=CC(=CC=C1[S](NC2=NN=C(S2)C(C)(C)C)(=O)=O)N,Glybuthiazole,-4.03,-3.81,0.38,37,222,312.42,0.59,1.3,2.66,2.15,2.21,2.22,3.7,CC(C)(C)c1nnc(NS(=O)(=O)c2ccc(N)cc2)s1
815,C1=CC(=CC=C1[S](NC2=NN=C(S2)C)(=O)=O)N,Sulfamethizole,-2.53,-2.53,0.09,25,208,270.33,0.59,1.26,2.71,2.17,1.79,1.23,2.98,Cc1nnc(NS(=O)(=O)c2ccc(N)cc2)s1
816,C1=CC(=CC=C1[S](NC2=NOC(=C2)C)(=O)=O)N,Sulfamethoxazole,-2.98,-2.98,0.08,25,167,253.28,0.59,1.21,2.43,1.99,1.72,1.37,2.76,Cc1cc(NS(=O)(=O)c2ccc(N)cc2)no1
817,C1=CC(=CC=C1\C(=C(C2=CC=CC=C2)\CC)C3=CC=CC=C3)OCCN(C)C,Tamoxifen,-7.15,-7.15,0.68,25,98,371.52,0,1.11,1.85,2.06,3.17,6,7.05,CC/C(=C(\c1ccccc1)c1ccc(OCCN(C)C)cc1)c1ccccc1
818,C1=CC(=CN=C1)C(=O)NCCO[N+](=O)[O-],Nicorandil,-0.82,-0.73,0.21,37,93,211.18,0.27,1.09,2.22,1.1,1.45,0.02,4.02,O=C(NCCO[N+](=O)[O-])c1cccnc1
819,C1=CC(=NC2=C1C=CC=C2)COC3=CC(=CC=C3)C(O)CCCCC,REV-5901,-5.4,-5.32,0.12,37,145,335.45,0.31,1.22,1.86,2.2,2.76,5.43,6.02,CCCCCC(O)c1cccc(OCc2ccc3ccccc3n2)c1
820,C1=CC(=NC=C1S(=O)(=O)N)O,6-Hydroxy-3-pyridinesulfonamide,-1.76,-1.84,0.17,18,191,174.18,0.94,1.42,1.92,1.43,1.11,-0.57,1.79,NS(=O)(=O)c1ccc(O)nc1
821,C1=CC(=NN=C1SCC(N(CC)CC)=O)Cl,Azintamide,-1.72,-1.72,0.17,25,98,259.76,0,1.21,2,1.49,1.88,2.09,5.55,CCN(CC)C(=O)CSc1ccc(Cl)nn1
822,C1=CC(=O)C=CC1=O,Benzoquinone,-0.9,-0.91,0.04,24,116,108.1,0,0.76,0.43,0.9,0.79,0.25,1.08,O=C1C=CC(=O)C=C1
823,C1=CC(=O)C=CC1=O.C1=CC(=CC=C1O)O,Quinhydrone,-1.73,-1.73,0.17,25,174,218.21,1,1.41,1.32,1.69,1.62,1.35,4.03,O=C1C=CC(=O)C=C1.Oc1ccc(O)cc1
824,C1=CC(C2C1C3(C(=C(C2(C3(Cl)Cl)Cl)Cl)Cl)Cl)Cl,Heptachlor,-6.3,-6.32,0.84,23,96,373.32,0,0.42,1.27,1.91,1.96,5.24,2.84,ClC1=C(Cl)C2(Cl)C3C(Cl)C=CC3C1(Cl)C2(Cl)Cl
825,C1=CC(C2C1C3(C(=C(C2(C3(Cl)Cl)Cl)Cl)Cl)Cl)O,Hydroxychlordene,-5.44,-5.46,0.66,23,134,354.87,0.31,0.69,1.4,1.99,1.9,4,2.67,OC1C=CC2C1C1(Cl)C(Cl)=C(Cl)C2(Cl)C1(Cl)Cl
826,C1=CC2=C(C=C1N)SC(=N2)S(=O)(=O)N,Aminozolamide,-3.08,-3.08,0.19,25,224,229.29,0.67,1.43,2.45,2.24,1.45,0.53,1.95,Nc1ccc2nc(S(N)(=O)=O)sc2c1
827,C1=CC2=C(C=CN=C2)C(=C1)O,5-Isoquinolinol,-2.54,-2.54,0.17,25,214,145.16,0.5,0.73,1.36,1.55,1.1,1.94,1.25,Oc1cccc2cnccc12
828,C1=CC3=C([N]1C2OC(CO)C(C2O)O)N=CN=C3N,Tubercidin,-1.92,-1.95,0.17,23,216,266.26,0.97,2.16,2.55,2.61,1.79,-1.38,2.86,Nc1ncnc2c1ccn2C1OC(CO)C(O)C1O
829,C1=CC=C(C(=C1C)N(C(COC)=O)C(C(=O)OC)C)C,Metalaxyl,-1.52,-1.52,0.17,22,71,279.34,0,1.3,1.87,1.06,2.23,1.84,5.7,COCC(=O)N(c1c(C)cccc1C)C(C)C(=O)OC
830,C1=CC=C(C(=C1C)N(N2C(OCC2)=O)C(COC)=O)C,Oxadixyl,-1.88,-1.91,0.17,20,104,278.31,0,1.5,2.28,1.48,2.08,1.65,4.24,COCC(=O)N(c1c(C)cccc1C)N1CCOC1=O
831,C1=CC=C(C(=C1C)NC(C2N(CCCC2)CCCC)=O)C,Bupivacaine,-3.5,-3.5,0.24,25,107,288.43,0.26,1.19,1.59,1.32,2.51,3.9,5.8,CCCCN1CCCCC1C(=O)Nc1c(C)cccc1C
832,C1=CC=C(C2=C1SC(N2CC(OCC)=O)=O)Cl,Benazolin-ethyl,-3.71,-3.76,0.31,20,79,271.72,0,1.08,2.09,1.64,1.79,2.28,3.49,CCOC(=O)Cn1c(=O)sc2cccc(Cl)c21
833,C1=CC=C(C3=C1C(N(C2(CCCCC2)C(=O)N)C3=O)=O)Cl,"AC94,377",-4.01,-4.01,0.37,25,194,306.75,0.49,1.4,2.76,2.01,2.14,2.12,3.24,NC(=O)C1(N2C(=O)c3cccc(Cl)c3C2=O)CCCCC1
834,C1=CC=C(C=C1)C(=O)N2C3=C(C=N2)C(=O)NC=N3,1-Benzoyl-Allopurinol<B099-VI>,-4.18,-4.23,0.41,22,272,240.22,0.26,1.45,2.63,2.25,1.65,0.81,2.26,O=C(c1ccccc1)n1ncc2c(=O)[nH]cnc21
835,C1=CC=C(C=C1)C(=O)OCCO,2-(Benzoyloxy)ethanol,-2.22,-2.22,0.01,25,78,166.18,0.23,0.82,1.25,0.88,1.27,0.84,3.28,O=C(OCCO)c1ccccc1
836,C1=CC=C(C=C1)C(C2=C(C=CC=C2)Cl)([N]3C=NC=C3)C4=CC=CC=C4,Clotrimazole,-5.85,-5.89,0.15,23,148,344.85,0,0.78,2.37,2.48,2.62,5.38,4.12,Clc1ccccc1C(c1ccccc1)(c1ccccc1)n1ccnc1
837,C1=CC=C(C=C1)C2(C(=O)NC(=O)NC2=O)C3=CC=CC=C3,"5,5-DiphenylbarbituricAcid",-4.2,-4.2,0.41,25,288,280.28,0.52,1.37,2.26,2.13,2.03,1.34,3.02,O=C1NC(=O)C(c2ccccc2)(c2ccccc2)C(=O)N1
838,C1=CC=C(C=C1)C2=NC(=NS2)NC(=S)N,"PG-301029<1-(5-phenyl-1,2,4-thiadiazol-3-yl)urea>",-5.53,-5.57,0.04,23,194,236.32,0.34,0.9,2.14,2.66,1.63,1.86,2.89,NC(=S)Nc1nsc(-c2ccccc2)n1
839,C1=CC=C(C=C1)C2=NC(=O)C3=CC=CC=C3O2,Bentranil,-4.55,-4.61,0.48,20,124,223.23,0,0.85,1.65,1.81,1.63,2.86,2.23,O=c1nc(-c2ccccc2)oc2ccccc12
840,C1=CC=C(C=C1)CC(C(=O)O)N,DL-Phenylalanine,-1.07,-1.07,0.01,25,186,165.19,0.78,1.02,1.39,0.95,1.31,0.64,2.83,NC(Cc1ccccc1)C(=O)O
841,C1=CC=C(C=C1)CCCCC(=O)O,5-PhenylvalericAcid,-2.47,-2.47,0.17,25,59,178.23,0.57,0.46,1.09,0.74,1.5,2.48,4.03,O=C(O)CCCCc1ccccc1
842,C1=CC=C(C=C1)C[C@@H](C(=O)NC2=CC=C(C=C2)S(=O)(=O)C3=CC=C(C=C3)N)N,L-Phenylalaninedapsone,-5.67,-5.67,0.14,25,214,395.47,0.85,2.25,3.95,2.68,2.95,2.61,5.77,Nc1ccc(S(=O)(=O)c2ccc(NC(=O)[C@@H](N)Cc3ccccc3)cc2)cc1
843,C1=CC=C(C=C1)N(CCO)CCO,N-Phenyldiethanolamine,-0.72,-0.75,0.17,20,57,181.23,0.48,1.18,1.36,1.26,1.5,0.48,4.29,OCCN(CCO)c1ccccc1
844,C1=CC=C(C=C1)NC(=O)C2=CC=CC=C2I,Benodanil,-4.13,-4.21,0.4,20,137,323.13,0.41,0.77,2.11,2.1,1.84,3.54,3.56,O=C(Nc1ccccc1)c1ccccc1I
845,C1=CC=C(C=C1)OC2=C(C3=C(C(=C2OC4=CC=CC=C4)N)C(=O)C5=CC=CC=C5C3=O)N,"1,4-Diamino-2,3-diphenoxy-9,10-anthracenedione",-6.86,-6.9,0.95,23,195,422.44,0.38,1.73,3.43,3.81,3.06,5.21,4.6,Nc1c(Oc2ccccc2)c(Oc2ccccc2)c(N)c2c1C(=O)c1ccccc1C2=O
846,C1=CC=C(C=C1)S(=O)(=O)N(CC(F)(F)F)C2=CC=C(C=C2)C(C(F)(F)F)(C(F)(F)F)O,TO-901317,-6.08,-6.07,0.79,37,157,481.33,0.69,1.05,1.61,0.95,2.63,4.76,6.31,O=S(=O)(c1ccccc1)N(CC(F)(F)F)c1ccc(C(O)(C(F)(F)F)C(F)(F)F)cc1
847,C1=CC=C(NC(=O)\C=C/C(=O)O)C=C1,MaleanilicAcid,-2.39,-2.36,0.17,27,192,191.19,0.98,1.06,1.97,1.21,1.43,1.27,3.43,O=C(O)/C=C\C(=O)Nc1ccccc1
848,C1=CC=C(O1)CN(C(=O)[N]2C=NC=C2)C(CC)C(=O)OCCCC=C,Pefurazoate,-2.9,-2.9,0.17,25,93,345.4,0,1.65,2.66,1.49,2.66,3.23,7,C=CCCCOC(=O)C(CC)N(Cc1ccco1)C(=O)n1ccnc1
849,C1=CC=C2C(=C1)C(=CN2)C[C@@H](C(=O)O)N,L-Tryptophan,-1.18,-1.18,0.14,25,283,204.23,1.09,1.23,1.8,1.62,1.54,1.12,2.43,N[C@@H](Cc1c[nH]c2ccccc12)C(=O)O
850,C1=CC=C2C(=C1)C(=O)C3=C(C2=O)C(=C(C(=C3N)Cl)Cl)N,"1,4-Dichloro-2,3-diphenoxy-9,10-anthracenedione",-6.54,-6.58,0.89,23,295,307.14,0.49,1.17,2.58,2.71,1.97,2.93,2.74,Nc1c(Cl)c(Cl)c(N)c2c1C(=O)c1ccccc1C2=O
851,C1=CC=C2C(=C1)C(=O)OC23C4=C(C=C(C=C4)O)OC5=C3C=CC(=C5)O,Fluorescein(YELLOWzwitterion),-3.41,-3.45,0.04,23,227,332.31,0.81,1.25,2.26,2.7,2.38,3.67,2.53,O=C1OC2(c3ccc(O)cc3Oc3cc(O)ccc32)c2ccccc21
852,C1=CC=C2C(=C1)C3=CC=CC=C3N2,9H-Carbazole,-5.27,-5.27,0.19,25,246,167.21,0.31,0.39,1.43,1.94,1.32,3.32,1.22,c1ccc2c(c1)[nH]c1ccccc12
853,C1=CC=C2C(=C1)C=CC(=N2)COC3=CC=C(C=C3)OCC4=CC=CC=C4CC5=NNN=N5,RG-12525,-5.08,-4.95,0.07,31,188,423.48,0.63,1.63,3.13,3.41,3.15,4.5,5.7,c1ccc(Cc2nn[nH]n2)c(COc2ccc(OCc3ccc4ccccc4n3)cc2)c1
854,C1=CC=C2C(=C1)C=CC=C2N,1-Naphthylamine,-1.92,-1.92,0.04,25,49,143.19,0.23,0.49,1.4,1.58,1.19,2.42,1.29,Nc1cccc2ccccc12
855,C1=CC=C2C(=C1)C=CC=C2[N+](=O)[O-],1-Nitronaphthalene,-3.54,-3.54,0.52,25,61,173.17,0,0.27,1.59,1.54,1.26,2.75,1.7,O=[N+]([O-])c1cccc2ccccc12
856,C1=CC=C2C(=C1)N=C(C(=N2)O)O,"2,3-Quinoxalinediol",-2.81,-2.81,0.17,25,300,162.15,0.77,0.97,1.53,1.72,1.12,1.04,1.33,Oc1nc2ccccc2nc1O
857,C1=CC=C2C(=C1NC(N)=S)C=CC=C2,N-1-Naphthylthiourea,-2.53,-2.53,0.17,25,198,202.28,0.34,0.82,1.82,2.3,1.55,2.5,2.33,NC(=S)Nc1cccc2ccccc12
858,C1=CC=C2C(=C1OC(NC)=O)OC(C2)(C)C,Carbofuran,-2.5,-2.5,0.17,25,152,221.26,0.21,0.87,1.41,1.1,1.69,2.12,2.5,CNC(=O)Oc1cccc2c1OC(C)(C)C2
859,C1=CC=CC(=C1C(=O)OC)OC2C(C(O)C(C(O2)COC3C(C(O)C(CO3)O)O)O)O,Monotropitoside,-0.73,-0.74,0.17,20,180,446.41,1.45,3.38,3.17,2.59,2.99,-2.88,7.8,COC(=O)c1ccccc1OC1OC(COC2OCC(O)C(O)C2O)C(O)C(O)C1O
860,C1=CC=CC(=C1C(C2=CC=CC=C2)=O)C(OC)=O,Methyl2-benzoylbenzoate,-3.48,-3.48,0.27,25,52,240.26,0,0.84,1.93,1.45,1.84,2.7,3.53,COC(=O)c1ccccc1C(=O)c1ccccc1
861,C1=CC=CC(=C1C(C2=CC=CC=C2)OCCN(C)C)C,Orphenadrine,-3.17,-3.17,0.38,25,157,269.39,0,0.95,1.38,1.39,2.33,3.66,5.33,Cc1ccccc1C(OCCN(C)C)c1ccccc1
862,C1=CC=CC(=C1C(N)=O)O,Salicylamide,-1.8,-1.82,0.09,23,142,137.14,0.62,0.61,1.57,1.16,1.03,0.49,1.58,NC(=O)c1ccccc1O
863,C1=CC=CC(=C1C(NC2=CC=C(C=C2)[S](NC3=NC=CS3)(=O)=O)=O)C(O)=O,Phthalylsulfathiazole,-3.26,-3.02,0.22,37,273,403.44,1.34,1.86,3.79,2.86,2.67,2.89,5.19,O=C(O)c1ccccc1C(=O)Nc1ccc(S(=O)(=O)Nc2nccs2)cc1
864,C1=CC=CC(=C1C(O)=O)C,2-ToluicAcid,-2.11,-2.11,0.03,25,104,136.15,0.57,0.44,1.02,0.77,1.07,1.69,1.72,Cc1ccccc1C(=O)O
865,C1=CC=CC(=C1C(O)=O)O,SalicylicAcid,-1.9,-1.9,0.08,25,158,138.12,0.7,0.4,1.1,0.91,0.99,1.09,1.58,O=C(O)c1ccccc1O
866,C1=CC=CC(=C1C2C(=C(NC(=C2C(OC)=O)C)C)C(OC)=O)[N+]([O-])=O,Nifedipine,-4.76,-4.76,0.15,25,173,346.34,0.13,1.53,2.25,1.56,2.49,2.18,5.21,COC(=O)C1=C(C)NC(C)=C(C(=O)OC)C1c1ccccc1[N+](=O)[O-]
867,C1=CC=CC(=C1C=O)[N+](=O)[O-],2-Nitrobenzaldehyde,-1.81,-1.81,0.17,25,44,151.12,0,0.5,1.75,1.08,1.05,1.41,1.96,O=Cc1ccccc1[N+](=O)[O-]
868,C1=CC=CC(=C1NC(C)=O)O,Acetoaminophenol,-2.23,-2.23,0.17,25,208,151.16,0.7,0.78,1.55,1.09,1.17,1.35,2.11,CC(=O)Nc1ccccc1O
869,C1=CC=CC(=C1NC2=NC(=NC(=N2)Cl)Cl)Cl,Anilazine,-4.54,-4.54,0.48,25,160,275.53,0.23,0.65,1.77,1.88,1.67,3.58,3.43,Clc1nc(Cl)nc(Nc2ccccc2Cl)n1
870,C1=CC=CC(=C1O)CO,2-Hydroxybenzylalcohol,-0.27,-0.29,0.17,22,87,124.14,0.81,0.8,1.05,1.03,0.97,0.88,1.7,OCc1ccccc1O
871,C1=CC=CC(=C1O)O,Catechol,0.62,0.62,0.07,25,105,110.11,0.77,0.53,1.08,0.93,0.83,1.1,1.08,Oc1ccccc1O
872,C1=CC=CC(=C1OC)C(O)=O,o-AnisicAcid<2-MethoxybenzoicAcid>,-1.7,-1.71,0.06,24,101,152.15,0.57,0.66,1.17,0.81,1.13,1.39,2.11,COc1ccccc1C(=O)O
873,C1=CC=CC(=C1OCC(CO)O)C,Mephenesin,-1.16,-1.19,0.17,20,70,182.22,0.5,0.96,1.23,1.07,1.46,0.73,3.73,Cc1ccccc1OCC(O)CO
874,C1=CC=CC(=C1OCC(CO)O)OC,Guaifenesin,-0.95,-0.96,0.25,23,79,198.22,0.5,1.21,1.8,1.12,1.51,0.43,4.23,COc1ccccc1OCC(O)CO
875,C1=CC=CC(=C1[N+](=O)[O-])[N+](=O)[O-],"1,2-Dinitrobenzene",-3.1,-3.1,0.19,25,119,168.11,0,0.31,1.83,1.1,1.06,1.5,2,O=[N+]([O-])c1ccccc1[N+](=O)[O-]
876,C1=CC=CC(=C1[S](N)(=O)=O)C,2-Methylbenzenesulfonamide<2-Sulfamoyltoluene>,-2.02,-2.02,0.17,25,156,171.22,0.44,0.88,1.49,1.18,1.24,0.64,1.98,Cc1ccccc1S(N)(=O)=O
877,C1=CC=CC2=C1C(=C(O2)CCCC)C(=O)C3=CC(=C(OCCN(CC)CC)C(=C3)I)I,Amiodarone,-10.22,-10.2,0.97,25,156,645.32,0,1.3,2.49,3.33,3.75,6.94,9.21,CCCCc1oc2ccccc2c1C(=O)c1cc(I)c(OCCN(CC)CC)c(I)c1
878,C1=CC=CC2=C1C(=CC=C2)OCC(CNC(C)C)O,Propranolol,-3.56,-3.56,0.24,25,96,259.35,0.29,1.36,1.44,1.76,2.15,2.58,4.77,CC(C)NCC(O)COc1cccc2ccccc12
879,C1=CC=CC2=C1C(=NN=C2)NN,Hydralazine,-2.65,-2.68,0.12,23,173,160.18,0.34,1.15,1.57,1.86,1.2,0.92,1.6,NNc1nncc2ccccc12
880,C1=CC=CC2=C1C(=NS2)N5CCN(CCC4=CC3=C(NC(C3)=O)C=C4Cl)CC5,Ziprasidone,-6.61,-6.64,0.16,23,222,412.95,0.48,1.65,2.67,3.38,2.92,3.81,4.7,O=C1Cc2cc(CCN3CCN(c4nsc5ccccc45)CC3)c(Cl)cc2N1
881,C1=CC=CC2=C1C(=N[S]2(=O)=O)OCC=C,Probenazole,-3.16,-3.17,0.2,23,139,223.25,0,1.05,1.67,1.25,1.52,1.34,2.32,C=CCOC1=NS(=O)(=O)c2ccccc21
882,C1=CC=CC2=C1C(C(C3=CC=CC=C23)=O)=O,"9,10-Phenanthraquinone",-4.44,-4.44,0.46,25,209,208.22,0,0.8,2.12,2.07,1.53,2.73,1.77,O=C1C(=O)c2ccccc2-c2ccccc21
883,C1=CC=CC2=C1C(C(OCCCC)=O)(O)C3=C2C=CC=C3,ButylFlurenol,-3.86,-3.89,0.34,20,71,282.34,0.17,1.02,1.44,1.84,2.19,3.25,3.52,CCCCOC(=O)C1(O)c2ccccc2-c2ccccc21
884,C1=CC=CC2=C1C(C3=C(C=C2)C=CC=C3)=C4CCN(CC4)C,Cyproheptadine,-4.9,-4.9,0.19,25,113,287.41,0,0.83,1.45,2.05,2.39,4.7,3.43,CN1CCC(=C2c3ccccc3C=Cc3ccccc32)CC1
885,C1=CC=CC2=C1C(C3=C(CC2)C=CC=C3)=CCCNC,Nortriptyline,-4.18,-4.18,0.19,25,55,263.38,0.13,0.72,1.3,1.69,2.26,3.83,3.98,CNCCC=C1c2ccccc2CCc2ccccc21
886,C1=CC=CC2=C1C(N(SC(Cl)(Cl)Cl)C2=O)=O,Folpet,-5.4,-5.47,0.66,20,177,296.56,0,0.94,2.14,1.9,1.69,3.26,3.1,O=C1c2ccccc2C(=O)N1SC(Cl)(Cl)Cl
887,C1=CC=CC2=C1C(OC2=O)(C)C,"3,3-Dimethyl-1(3H)-isobenzofuranone",-1.87,-1.87,0.17,25,95,162.19,0,0.46,1,0.86,1.25,2.09,1.28,CC1(C)OC(=O)c2ccccc21
888,C1=CC=CC2=C1C3=C(O2)C=CC=C3,Dibenzofuran,-4.6,-4.6,0.1,25,87,168.2,0,0.27,1.22,1.78,1.27,3.59,1.22,c1ccc2c(c1)oc1ccccc12
889,C1=CC=CC2=C1C3=C(S2)C=CC=C3,Dibenzothiophene,-5.1,-5.1,0.6,25,97,184.26,0,0.17,1.26,1.94,1.38,4.05,1.4,c1ccc2c(c1)sc1ccccc12
890,C1=CC=CC2=C1C3=C([NH]2)C=CC=C3OCC(CNCCOC4=C(C=CC=C4)OC)O,Carvedilol,-5.73,-5.73,0.23,25,125,406.47,0.62,2.09,3,3.08,3.1,3.74,6.37,COc1ccccc1OCCNCC(O)COc1cccc2[nH]c3ccccc3c12
891,C1=CC=CC2=C1CC3=CC=CC=C23,Fluorene,-4.92,-4.92,0.04,25,117,166.22,0,0.19,1.13,1.65,1.36,3.26,1.31,c1ccc2c(c1)Cc1ccccc1-2
892,C1=CC=CC2=C1N(C(C)C2)NC(C3=CC=C(C(=C3)[S](N)(=O)=O)Cl)=O,Indapamide,-3.62,-3.62,0.08,25,161,365.84,0.7,1.86,3.2,2.64,2.5,2.08,4.25,CC1Cc2ccccc2N1NC(=O)c1ccc(Cl)c(S(N)(=O)=O)c1
893,C1=CC=CC2=C1N(C3=C(CC2)C=CC=C3)CCCN(C)C,Imipramine,-4.52,-4.52,0.26,25,146,280.42,0,0.95,1.59,1.81,2.4,3.88,4.25,CN(C)CCCN1c2ccccc2CCc2ccccc21
894,C1=CC=CC2=C1N(C3=C(CC2)C=CC=C3)CCCNC,Desipramine,-3.94,-3.96,0.23,23,100,266.39,0.13,0.9,1.58,1.8,2.26,3.53,4.03,CNCCCN1c2ccccc2CCc2ccccc21
895,C1=CC=CC2=C1N(C3=C(S2)C=CC=C3)CC(C)N(C)C,Promethazine,-4.46,-4.46,0.05,25,60,284.43,0,1.09,1.72,2.14,2.28,4.24,3.73,CC(CN1c2ccccc2Sc2ccccc21)N(C)C
896,C1=CC=CC2=C1[NH]C(=N2)NC(OC)=O,Carbendazim,-4.49,-4.49,0.12,25,304,191.19,0.71,0.99,1.86,1.64,1.36,1.74,2.06,COC(=O)Nc1nc2ccccc2[nH]1
897,C1=CC=CC2=C1[NH]C3=CC=CC=C23,9H-Carbazole,-4.97,-4.97,0.19,25,246,167.21,0.31,0.39,1.43,1.94,1.32,3.32,1.22,c1ccc2c(c1)[nH]c1ccccc12
898,C1=CC=CC2=C1[N](N=C2OCCCN(C)C)CC3=CC=CC=C3,Benzydamine,-3.83,-3.83,0.03,25,160,309.41,0,1.25,1.98,2.22,2.52,3.42,4.93,CN(C)CCCOc1nn(Cc2ccccc2)c2ccccc12
899,C1=CC=CC2=C1\C(C3=C(CO2)C=CC=C3)=C/CCN(C)C,Doxepin,-4.21,-4.21,0.04,25,185,279.38,0,0.98,1.46,1.75,2.32,3.96,4.07,CN(C)CC/C=C1/c2ccccc2COc2ccccc21
900,C1=CC=CC2=CC=CC(=C12)OC(NC)=O,Carbaryl,-3.22,-3.22,0.22,25,142,201.22,0.21,0.7,1.66,1.56,1.54,2.56,2.54,CNC(=O)Oc1cccc2ccccc12
901,C1=CC=CC2=CC=CC=C12,Naphthalene,-3.61,-3.61,0.03,25,80,128.17,0,0.17,1.02,1.27,1.09,2.84,1.17,c1ccc2ccccc2c1
902,C1=CC=CC2=NC(=CC(=C12)C(NCCN(CC)CC)=O)OCCCC,Dibucaine,-3.7,-3.7,0.35,25,65,343.47,0.27,1.74,2.29,1.85,2.87,3.49,7.67,CCCCOc1cc(C(=O)NCCN(CC)CC)c2ccccc2n1
903,C1=CC=CC2=NC=C3C(=C12)C=CC=C3,Phenanthridine,-2.7,-2.78,0.17,20,107,179.22,0,0.52,1.47,2.04,1.41,3.39,1.51,c1ccc2c(c1)cnc1ccccc12
904,C1=CC=CC2=N[NH]C(=C12)CC(N)C(O)=O,Tryptazan,-1.47,-1.41,0.17,29,240,205.22,1.31,1.37,2,1.81,1.5,0.52,2.39,NC(Cc1[nH]nc2ccccc12)C(=O)O
905,C1=CC=CC3=C1C(=NC2=CC=CC=C2S3)N4CCN(CCOCCO)CC4,Quetiapine,-2.92,-2.92,0.08,25,163,383.52,0.23,2.01,1.93,2.72,2.91,2.86,6.09,OCCOCCN1CCN(C2=Nc3ccccc3Sc3ccccc32)CC1
906,C1=CC=CC3=C1C(C2=CC(=C(Cl)C=C2)[S](N)(=O)=O)(NC3=O)O,Chlorthalidone,-3.28,-3.28,0.08,25,239,338.77,1.01,1.98,3.05,2.64,2.17,0.92,3.26,NS(=O)(=O)c1cc(C2(O)NC(=O)c3ccccc32)ccc1Cl
907,C1=CC=CC3=C1C(C2=CC=CC=C2C3=O)=O,Anthraquinone,-5.19,-5.19,0.61,25,286,208.22,0,0.79,2.05,1.84,1.53,2.46,1.77,O=C1c2ccccc2C(=O)c2ccccc21
908,C1=CC=CC3=C1C(N(C2=C(C=CC=C2)C)C(=N3)C)=O,Methaqualone,-2.9,-2.92,0.17,23,120,250.3,0,0.94,1.74,1.91,1.95,3,2.67,Cc1ccccc1-n1c(C)nc2ccccc2c1=O
909,C1=CC=CC3=C1C(N(C2C(NC(=O)CC2)=O)C3=O)=O,DL-Thalidomide,-3.7,-3.7,0.05,25,275,258.23,0.34,1.72,2.53,2.01,1.75,0.09,2.44,O=C1CCC(N2C(=O)c3ccccc3C2=O)C(=O)N1
910,C1=CC=CC3=C1N(C2=C(C=CC=C2)C=C3)C(N)=O,Carbamazepine,-3.4,-3.4,0.15,25,192,236.27,0.39,0.92,2.06,2.12,1.81,3.39,2.38,NC(=O)N1c2ccccc2C=Cc2ccccc21
911,C1=CC=CC3=C1N(C2=C(C=CC=C2)CC3=O)C(N)=O,Oxcarbazepine,-3.61,-3.61,0.12,25,216,252.27,0.39,1.16,2.45,2.18,1.87,2.64,2.56,NC(=O)N1c2ccccc2CC(=O)c2ccccc21
912,C1=CC=CC3=C1N(C2=C(C=CC=C2)S3)CCCN(C)C,Promazine,-4.48,-4.48,0.08,25,33,284.43,0,1.06,1.74,2.13,2.28,4.24,3.99,CN(C)CCCN1c2ccccc2Sc2ccccc21
913,C1=CC=CC3=C1N(C2=CC(=NC(C)C)C(=CC2=N3)NC4=CC=C(Cl)C=C4)C5=CC=C(Cl)C=C5,Clofazimine,-8.83,-8.83,0.83,25,211,473.41,0.19,1.28,2.34,3.5,3.45,7.49,5.79,CC(C)N=c1cc2n(-c3ccc(Cl)cc3)c3ccccc3nc-2cc1Nc1ccc(Cl)cc1
914,C1=CC=CC3=C1N(C2=CC=CC=C2CC3)CC(CN(C)C)C,Trimipramine,-6.27,-6.29,0.83,23,45,294.44,0,0.98,1.58,1.82,2.54,4.12,4.48,CC(CN(C)C)CN1c2ccccc2CCc2ccccc21
915,C1=CC=CC4=C1C(C2=CC=C(O)C=C2)(C3=CC=C(C=C3)O)OC4=O,Phenolphthalein,-5.2,-5.2,0.17,25,263,318.33,1,1.18,2.34,2.47,2.3,3.56,3.06,O=C1OC(c2ccc(O)cc2)(c2ccc(O)cc2)c2ccccc21
916,C1=CC=CC4=C1C2N(C(CN(C2)C(C3CCCCC3)=O)=O)CC4,Praziquantel,-3.18,-3.19,0.03,23,142,312.41,0,1.46,2.42,1.96,2.45,2.53,3.84,O=C(C1CCCCC1)N1CC(=O)N2CCc3ccccc3C2C1
917,C1=CC=CC4=C1C3=C(C(C2=CC=CC=C2)CC(O3)(OC)C)C(O4)=O,Cyclocumarol,-1.49,-1.51,0.17,23,166,322.36,0,1.09,1.85,1.84,2.38,4.07,3.42,COC1(C)CC(c2ccccc2)c2c(c3ccccc3oc2=O)O1
918,C1=CC=CC=C1C(C(C2C(C3=C(C2=O)C=CC=C3)=O)=O)C4=CC=CC=C4,Diphacinone,-6.02,-6.05,0.78,23,147,340.38,0,1.25,3.05,2.61,2.58,4.08,4.05,O=C1c2ccccc2C(=O)C1C(=O)C(c1ccccc1)c1ccccc1
919,C1=CC=CC=C1C(C(O)=O)CO,DL-TropicAcid,-0.86,-0.94,0.17,20,118,166.18,0.88,0.75,1.34,0.96,1.27,0.85,2.83,O=C(O)C(CO)c1ccccc1
920,C1=CC=CC=C1C(C(O)=O)O,MandelicAcid,0.07,0.07,0.01,25,121,152.15,0.74,0.89,1.05,0.9,1.13,0.8,2.23,O=C(O)C(O)c1ccccc1
921,C1=CC=CC=C1C(C(OC2CC3N(C)C(C2)CC3)=O)CO,DL-Atropine<DL-Hyoscyamine>,-2.2,-2.2,0.05,25,115,289.38,0.31,1.31,1.63,1.46,2.28,1.93,4.27,CN1C2CCC1CC(OC(=O)C(CO)c1ccccc1)C2
922,C1=CC=CC=C1C(C2=CC=CC=C2)CCNC(C3=CC=CC=C3)C,Fendiline,-5.25,-5.27,0.27,23,110,315.46,0.13,0.8,1.72,1.89,2.74,5.56,5.82,CC(NCCC(c1ccccc1)c1ccccc1)c1ccccc1
923,C1=CC=CC=C1C(C2=CC=CC=N2)(CCN(C(C)C)C(C)C)C(N)=O,Disopyramide,-3.2,-3.21,0.23,23,95,339.48,0.49,1.64,2.26,1.77,2.91,3.36,6.32,CC(C)N(CCC(C(N)=O)(c1ccccc1)c1ccccn1)C(C)C
924,C1=CC=CC=C1C(C2CCCCC2)(CCN3CCCC3)O,Procyclidine,-5.53,-5.54,0.39,23,86,287.45,0.31,1.07,1.16,1.37,2.49,3.94,4.97,OC(CCN1CCCC1)(c1ccccc1)C1CCCCC1
925,C1=CC=CC=C1C(C3CCN(CCCC(C2=CC=C(C(C)(C)C)C=C2)O)CC3)(C4=CC=CC=C4)O,Terfenadine,-7.1,-7.1,0.23,25,150,471.69,0.63,1.8,2.04,2.55,4.01,6.45,8.11,CC(C)(C)c1ccc(C(O)CCCN2CCC(C(O)(c3ccccc3)c3ccccc3)CC2)cc1
926,C1=CC=CC=C1C(COC(N)=O)(CC)O,Oxyfenamate,-0.92,-0.92,0.17,25,55,209.24,0.67,1.19,1.47,1.18,1.65,1.38,3.68,CCC(O)(COC(N)=O)c1ccccc1
927,C1=CC=CC=C1C(C[N]2C=NC=N2)(CCC3=CC=C(Cl)C=C3)C#N,Fenbuconazole,-6.23,-6.23,0.82,25,125,336.83,0,0.87,2.55,2.24,2.55,4.03,4.93,N#CC(CCc1ccc(Cl)cc1)(Cn1cncn1)c1ccccc1
928,C1=CC=CC=C1C(O)=O,BenzoicAcid,-1.59,-1.59,0.02,25,122,122.13,0.57,0.44,1.08,0.75,0.93,1.38,1.49,O=C(O)c1ccccc1
929,C1=CC=CC=C1C(OC2CC3N(C)C(C2)CC3)=O,Tropacocaine,-2.19,-2.19,0.17,25,49,245.32,0,1,1.37,1.25,1.94,2.47,3.08,CN1C2CCC1CC(OC(=O)c1ccccc1)C2
930,C1=CC=CC=C1C2(C(NCNC2=O)=O)CC,Primidone,-2.65,-2.65,0.04,25,282,218.26,0.51,1.45,2.08,1.51,1.68,0.54,2.64,CCC1(c2ccccc2)C(=O)NCNC1=O
931,C1=CC=CC=C1C2=CC=CC=C2,Diphenyl,-4.34,-4.34,0.27,25,70,154.21,0,0.21,1.16,1.39,1.32,3.35,1.91,c1ccc(-c2ccccc2)cc1
932,C1=CC=CC=C1C2=NC(=NC(=N2)N)N,Benzoguanamine,-2.44,-2.49,0.17,22,227,187.21,0.45,1.08,2.01,2.13,1.4,0.7,1.98,Nc1nc(N)nc(-c2ccccc2)n1
933,C1=CC=CC=C1C3(C2=CC=CC=C2)NC(=O)NC3=O,Phenytoin,-3.86,-3.86,0.22,25,297,252.27,0.44,1.14,2.04,1.94,1.87,1.77,2.56,O=C1NC(=O)C(c2ccccc2)(c2ccccc2)N1
934,C1=CC=CC=C1C3=C(C(=O)C2=CC=CC(=C2O3)C(OCCN4CCCCC4)=O)C,Flavoxate,-3.33,-3.35,0.41,23,164,391.47,0,1.62,2.4,2.21,3,4.41,5.77,Cc1c(-c2ccccc2)oc2c(C(=O)OCCN3CCCCC3)cccc2c1=O
935,C1=CC=CC=C1CC(O)=O,PhenylaceticAcid,-0.84,-0.92,0.03,20,77,136.15,0.57,0.45,1.08,0.75,1.07,1.31,2.05,O=C(O)Cc1ccccc1
936,C1=CC=CC=C1N(C(C(N(C)C)=O)=O)N(C(C)=O)C,Dioxypyramidon,-0.5,-0.53,0.17,20,95,263.3,0,1.95,3.2,1.56,2.05,0.5,4.63,CC(=O)N(C)N(C(=O)C(=O)N(C)C)c1ccccc1
937,C1=CC=CC=C1N(C2=CC=CC=C2)N=O,Diphenylnitrosamine,-3.75,-3.75,0.32,25,67,198.23,0,0.47,2.08,1.55,1.54,3.51,2.74,O=NN(c1ccccc1)c1ccccc1
938,C1=CC=CC=C1N2C(C(=C(N2C)C)I)=O,4-Iodoantipyrine,-2.51,-2.59,0.17,17,127,314.13,0,1.31,1.98,2.01,1.74,2.09,2.68,Cc1c(I)c(=O)n(-c2ccccc2)n1C
939,C1=CC=CC=C1N2C(C(=C(N2C)C)N(C)C)=O,Aminopyrine,-0.63,-0.63,0.19,25,135,231.29,0,1.79,1.88,1.56,1.87,1.55,2.8,Cc1c(N(C)C)c(=O)n(-c2ccccc2)n1C
940,C1=CC=CC=C1N2C(C(=NC(F)(F)F)SC2=NC3=CC=CC=C3)=NC(F)(F)F,Flubenzimine,-4.11,-4.14,0.4,20,118,416.35,0,0.89,0.91,1.71,2.46,5.76,5.45,FC(F)(F)N=C1SC(=Nc2ccccc2)N(c2ccccc2)C1=NC(F)(F)F
941,C1=CC=CC=C1N2N(C(=CC2=O)C)C,Antipyrine,0.51,0.51,0.15,25,114,188.23,0,1.28,1.75,1.42,1.48,1.48,2,Cc1cc(=O)n(-c2ccccc2)n1C
942,C1=CC=CC=C1N3N(C2=CC=CC=C2)C(=O)C(C3=O)CCC(C)=O,Kebuzone,-3.17,-3.27,0.2,20,116,322.36,0,1.93,2.94,2.36,2.45,2.97,4.42,CC(=O)CCC1C(=O)N(c2ccccc2)N(c2ccccc2)C1=O
943,C1=CC=CC=C1OC2=C(C(=N[N]2C)C)\C=N\OCC3=CC=C(C=C3)C(=O)OC(C)(C)C,Fenpyroximate,-7.44,-7.46,1.07,20,102,421.5,0,1.5,2.18,2.26,3.27,5.03,6.75,Cc1nn(C)c(Oc2ccccc2)c1/C=N/OCc1ccc(C(=O)OC(C)(C)C)cc1
944,C1=CC=CC=C1[N]2N=C(C)C(=C2C)N=O,"1-Phenyl-3,5-dimethyl-4-nitrosopyrazole",-3.74,-3.74,0.32,25,137,201.23,0,0.47,1.88,1.63,1.54,2.89,2.33,Cc1nn(-c2ccccc2)c(C)c1N=O
945,C1=CC=CC=C1[S](C2(C(OC)=O)CCC2)(=O)=O,Methyl(1-phenylsulfonyl)cyclobutanecarboxylate,-3,-3,0.17,25,108,254.31,0,1.01,1.98,0.93,1.81,1.56,2.95,COC(=O)C1(S(=O)(=O)c2ccccc2)CCC1
946,C1=CC=CC=C1[S](C2(C(OC)=O)CCCC2)(=O)=O,Methyl(1-phenylsulfonyl)cyclopentanecarboxylate,-2.55,-2.55,0.17,25,57,268.33,0,1.01,1.99,0.93,1.95,1.95,3.43,COC(=O)C1(S(=O)(=O)c2ccccc2)CCCC1
947,C1=CC=CC=C1[S](C2(C(OC)=O)CCCCC2)(=O)=O,Methyl(1-phenylsulfonyl)cyclohexanecarboxylate,-2.85,-2.85,0.17,25,115,282.36,0,1.01,1.99,0.93,2.09,2.34,3.94,COC(=O)C1(S(=O)(=O)c2ccccc2)CCCCC1
948,C1=CC=NC(=C1C(NC2=CC=C(C=C2F)F)=O)OC3=CC(=CC=C3)C(F)(F)F,Diflufenican,-6.9,-6.9,0.96,25,160,394.3,0.47,1.15,2.3,1.61,2.43,5.42,5.25,O=C(Nc1ccc(F)cc1F)c1cccnc1Oc1cccc(C(F)(F)F)c1
949,C1=CC=NC(=C1NC(C)C)N4CCN(C(C2=CC3=C([NH]2)C=CC(=C3)N[S](C)(=O)=O)=O)CC4,Delavirdine<Rescriptor>,-5.71,-5.76,0.01,23,213,456.57,0.81,2.45,3.89,3.42,3.37,2.72,5.96,CC(C)Nc1cccnc1N1CCN(C(=O)c2cc3cc(NS(C)(=O)=O)ccc3[nH]2)CC1
950,C1=CC=NC2=C1C3=C(C=C2)C=CC=C3,Azaphenanthrene,-3.36,-3.36,0.24,25,94,179.22,0,0.52,1.47,2.04,1.41,3.39,1.51,c1ccc2c(c1)ccc1ncccc12
951,C1=CC=NC=C1C(OC)=O,MethylNicotinate,-0.44,-0.46,0.17,20,43,137.14,0,0.73,1.16,0.69,1.03,0.87,2,COC(=O)c1cccnc1
952,C1=CC=NC=C1CNC2=C(C(N=C(N2)C)=O)C#N,Pelrinone,-3.45,-3.45,0.12,25,159,241.25,0.27,2,2.12,1.81,1.8,0.96,3.34,Cc1nc(=O)c(C#N)c(NCc2cccnc2)[nH]1
953,C1=CN=C(N=C1O)S,2-Hydroxythiouracil,-2.26,-2.26,0.17,25,139,128.16,0.5,0.85,1.21,1.32,0.86,0.47,1.34,Oc1ccnc(S)n1
954,C1=CN=C2C(=N1)C(NC(N2)=O)=O,"Lumazine<2,4-Dihydroxypteridine>",-2.04,-2.12,0.17,20,349,164.12,0.55,1.13,1.53,1.47,1.04,-0.99,1.26,O=c1[nH]c(=O)c2nccnc2[nH]1
955,C1=CN=CC(=C1C(O)=O)C(O)=O,CinchomeronicAcid,-2.07,-2.07,0.17,25,256,167.12,1.14,1.06,1.59,0.99,1.11,0.48,2.05,O=C(O)c1ccncc1C(=O)O
956,C1=CN=CC=C1C(O)=O,IsonicotinicAcid,-1.31,-1.4,0.17,20,315,123.11,0.57,0.73,1.21,0.79,0.89,0.78,1.44,O=C(O)c1ccncc1
957,C1=COC(=C1C(NC2=CC=CC=C2)=O)C,Fenfuram,-3.26,-3.3,0.22,20,110,201.22,0.41,0.79,1.7,1.27,1.54,2.84,2.54,Cc1occc1C(=O)Nc1ccccc1
958,C1=COC2=C1C(=C3C(=C2OC)OC(=CC3=O)C)OC,Khellin,-3.02,-3.02,0.06,25,155,260.24,0,1.14,1.78,1.79,1.79,2.86,2.48,COc1c2occc2c(OC)c2c(=O)cc(C)oc12
959,C1=CSC3=C1CN(CC2=C(Cl)C=CC=C2)CC3,Ticlopidine,-4.35,-4.22,0.19,37,123,263.79,0,0.62,1.32,1.65,1.93,3.96,3.19,Clc1ccccc1CN1CCc2sccc2C1
960,C1=C[NH]C2=C1C(=CC=C2)OCC(CNC(C)C)O,Pindolol,-3.7,-3.7,0.15,25,170,248.33,0.6,1.51,1.53,1.7,2.01,1.91,4.23,CC(C)NCC(O)COc1cccc2[nH]ccc12
961,C1=NC(=C([NH]1)C)CSCCNC(NC#N)=NC,Cimetidine,-1.69,-1.69,0.04,25,142,252.35,0.74,1.86,1.87,1.66,1.96,0.6,5.96,CN=C(NC#N)NCCSCc1nc[nH]c1C
962,C1=NC(=C2C(=N1)N=C[NH]2)SC3=C(N=C[N]3C)[N+](=O)[O-],Azathioprine,-3.21,-3.21,0.04,25,244,277.27,0.35,1.56,2.86,2.67,1.73,1.15,2.63,Cn1cnc([N+](=O)[O-])c1Sc1ncnc2nc[nH]c12
963,C1=NC(=C3[N]1C2=C(C=CC=C2)N(C3=O)C(C)C)C4=NOC(=N4)C5CC5,Panadiplon,-3.64,-3.64,0.3,25,170,335.37,0,1.4,2.82,3.03,2.37,3.16,2.89,CC(C)n1c(=O)c2c(-c3noc(C4CC4)n3)ncn2c2ccccc21
964,C1=NC(=CC=C1)C(O)(C2=CC=CC=C2)C4=CC\5C3C(=O)NC(=O)C3C4C5=C(/C6=CC=CC=C6)C7=CC=CC=N7,Norbormide,-3.87,-3.93,0.35,20,194,511.58,0.65,2.57,3.39,4.05,3.79,4.29,5.39,O=C1NC(=O)C2C3C(C(O)(c4ccccc4)c4ccccn4)=CC(/C3=C(\c3ccccc3)c3ccccn3)C12
965,C1=NC(=NC(=O)N1[C@H]2[C@@H]([C@@H]([C@H](O2)CO)O)O)N,Azacitidine,-0.42,-0.44,0.17,23,229,244.21,0.87,2.69,2.04,2.13,1.58,-3.17,3.06,Nc1ncn([C@@H]2O[C@H](CO)[C@@H](O)[C@H]2O)c(=O)n1
966,C1=NC(=NC2=C1C(C(=CN2CC)C(O)=O)=O)N3CCNCC3,PipemidicAcid,-3.02,-3.02,0.06,25,257,303.32,0.73,2.07,2.48,2.2,2.17,-0.08,3.76,CCn1cc(C(=O)O)c(=O)c2cnc(N3CCNCC3)nc21
967,C1=NC(=NN1[C@H]2[C@@H]([C@@H]([C@H](O2)CO)O)O)C(=O)N,Ribavirin,-0.24,-0.24,0.17,25,175,244.21,1.23,2.28,2.83,2.16,1.58,-3.01,3.06,NC(=O)c1ncn([C@@H]2O[C@H](CO)[C@@H](O)[C@H]2O)n1
968,C1=NC2=C(N1[C@H]3[C@@H]([C@@H]([C@H](O3)CO)O)O)N=CN(C2=N)O,AdenosineN1-Oxide,-4.61,-4.61,0.5,25,223,283.24,0.97,2.23,2.67,2.61,1.81,-2.44,2.94,N=c1c2ncn([C@@H]3O[C@H](CO)[C@@H](O)[C@H]3O)c2ncn1O
969,C1=NC2=C([NH]1)C(=O)N=C(N2)N,Guanine,-4.14,-4.22,0.2,20,360,151.13,0.77,1.52,1.59,1.77,0.98,-0.77,0.98,Nc1nc(=O)c2[nH]cnc2[nH]1
970,C1=NC2=C([NH]1)C(=O)N=CN2,Hypoxanthine,-2.28,-2.28,0.01,25,150,136.11,0.43,1.07,1.43,1.54,0.88,-0.35,0.86,O=c1nc[nH]c2nc[nH]c12
971,C1=NC2=C([N]1CC(C)O)C(N(C)C(N2C)=O)=O,Proxyphylline,0.62,0.62,0.17,25,136,238.25,0.31,1.58,2.17,1.68,1.7,-1.19,2.62,CC(O)Cn1cnc2c1c(=O)n(C)c(=O)n2C
972,C1=NC2=C([N]1CC(CO)O)C(N(C)C(N2C)=O)=O,Dyphylline,0.12,0.12,0.17,25,162,254.25,0.54,1.86,2.44,1.88,1.76,-2.21,3.05,Cn1c(=O)c2c(ncn2CC(O)CO)n(C)c1=O
973,C1=NC2=C([N]1CCC)C(N(CCCCC(C)=O)C(N2C)=O)=O,Propentofylline,-0.98,-0.98,0.17,25,69,306.37,0,1.6,2.43,1.68,2.37,1.07,4.95,CCCn1cnc2c1c(=O)n(CCCCC(C)=O)c(=O)n2C
974,C1=NC2=C([N]1COC(CO)CO)NC(=NC2=O)N,Ganciclovir,-1.77,-1.77,0.13,25,250,255.23,0.92,2.54,2.18,2.26,1.72,-1.97,3.55,Nc1nc(=O)c2ncn(COC(CO)CO)c2[nH]1
975,C1=NC2=C([N]1COCCO)NC(=NC2=O)N,Acyclovir,-2.16,-2.158,0.12,25,255,225.21,0.65,2.18,1.95,2.04,1.52,-1.33,2.84,Nc1nc(=O)c2ncn(COCCO)c2[nH]1
976,C1=NC3=C([N]1C2(OC(CO)C(C2O)O)CO)N=CN=C3N,Psicofuranine,-1.57,-1.57,0.17,25,212,297.27,1.24,2.56,2.84,2.88,1.95,-2.83,3.26,Nc1ncnc2c1ncn2C1(CO)OC(CO)C(O)C1O
977,C1=NC=C([N]1C(C2=CC=CC=C2)C)C(OCC)=O,Etomidate,-6.95,-6.96,0.62,23,67,244.29,0,0.94,1.76,1.3,1.92,2.67,3.77,CCOC(=O)c1cncn1C(C)c1ccccc1
978,C1=NC=N[N]1C(=C/C2=CC=C(Cl)C=C2)/C(C(C)(C)C)O,Uniconazole,-4.54,-4.54,0.48,25,153,291.78,0.31,1,1.85,1.83,2.23,3.34,4.26,CC(C)(C)C(O)/C(=C\c1ccc(Cl)cc1)n1cncn1
979,C1=NC=N[N]1C(C(O)C(C)(C)C)OC2=CC=C(C=C2)Cl,Triadimenol,-3.35,-3.39,0.4,20,124,295.77,0.23,1.24,1.91,1.79,2.19,2.92,4.3,CC(C)(C)C(O)C(Oc1ccc(Cl)cc1)n1cncn1
980,C1=NC=N[N]1C(OC2=CC=C(Cl)C=C2)C(C(C)(C)C)=O,Triadimefon,-3.61,-3.61,0.29,25,82,293.75,0,1.14,2.21,1.75,2.15,3.12,4.09,CC(C)(C)C(=O)C(Oc1ccc(Cl)cc1)n1cncn1
981,C1=NC=N[N]1C(OC3=CC=C(C2=CC=CC=C2)C=C3)C(C(C)(C)C)O,Bitertanol,-4.78,-4.83,0.53,20,127,337.42,0.23,1.35,2.27,2.46,2.67,3.93,4.86,CC(C)(C)C(O)C(Oc1ccc(-c2ccccc2)cc1)n1cncn1
982,C1=NC=N[N]1C2CCCCCC2(O)C3=CC=C(C=C3)Cl,"4-Chlorophenyl-2-(1H-1,2,4-triazol-yl)cycloheptanol",-3.37,-3.37,0.24,25,164,291.78,0.31,1.03,1.82,1.93,2.16,3.32,3.76,OC1(c2ccc(Cl)cc2)CCCCCC1n1cncn1
983,C1=NC=N[N]1CC2(O)C(CCC2CC3=CC=C(Cl)C=C3)(C)C,Metconazole,-4.29,-4.33,0.43,20,112,319.84,0.31,0.94,1.84,1.88,2.44,3.34,3.99,CC1(C)CCC(Cc2ccc(Cl)cc2)C1(O)Cn1cncn1
984,C1=NC=N[N]1CC2(O)C(CC\C2=C/C3=CC=C(Cl)C=C3)(C)C,Triticonazole,-4.51,-4.66,0.48,10,140,317.82,0.31,0.99,1.89,2.01,2.4,3.57,3.83,CC1(C)CC/C(=C\c2ccc(Cl)cc2)C1(O)Cn1cncn1
985,C1=NN=C3[N]1C2=C(C=CC=C2S3)C,Tricyclazole,-2.07,-2.07,0.17,25,187,189.24,0,0.72,1.68,2.05,1.3,2.25,1.24,Cc1cccc2sc3nncn3c12
986,C1=NN=CC2=CC=CC=C12,Phthalazine,-0.42,-0.42,0.17,25,91,130.15,0,0.53,1.22,1.36,1,1.63,1.1,c1ccc2cnncc2c1
987,C1=N[NH]C(=N1)N,Amitrole,0.52,0.52,0.17,25,140,84.08,0.79,0.71,1.45,1.1,0.6,-0.61,0.51,Nc1ncn[nH]1
988,C1C2C3C(C1C4C2O4)C5(C(=C(C3(C5(Cl)Cl)Cl)Cl)Cl)Cl,Dieldrin,-6.27,-6.29,0.83,23,176,380.91,0,0.61,1.31,2.12,2.01,4.48,2.18,ClC1=C(Cl)C2(Cl)C3C4CC(C5OC45)C3C1(Cl)C2(Cl)Cl
989,C1C2C=CC1C3C2C4(C(=C(C3(C4(Cl)Cl)Cl)Cl)Cl)Cl,Aldrin,-7.31,-7.33,1.04,23,104,364.91,0,0.43,1.2,2.01,2.01,5.27,2.4,ClC1=C(Cl)C2(Cl)C3C4C=CC(C4)C3C1(Cl)C2(Cl)Cl
990,C1C=CC2C1C3(C(=C(C2(C3(Cl)Cl)Cl)Cl)Cl)Cl,Chlordene,-5.62,-5.64,0.7,23,141,338.88,0,0.39,1.14,1.78,1.84,5.02,2.46,ClC1=C(Cl)C2(Cl)C3CC=CC3C1(Cl)C2(Cl)Cl
991,C1C=CCC2C1C(=O)N(C2=O)SC(C(Cl)Cl)(Cl)Cl,Captafol,-5.38,-5.4,0.65,23,161,349.07,0.09,1.28,1.7,2.1,2.04,3.52,4.45,O=C1C2CC=CCC2C(=O)N1SC(Cl)(Cl)C(Cl)Cl
992,C1CC(=N)N(C1)Cc2c(c(=O)[nH]c(=O)[nH]2)Cl,Tipiracil,-0.36,-0.38,0.17,23,245,242.66,0.44,1.54,1.7,1.63,1.63,0.29,2.82,N=C1CCCN1Cc1[nH]c(=O)[nH]c(=O)c1Cl
993,C1CC(=O)NC(=O)[C@H]1N2C(=O)C3=CC=CC=C3C2=O,D/L-Thalidomide,-2.84,-2.88,0.17,23,275,258.23,0.34,1.72,2.53,2.01,1.75,0.09,2.44,O=C1CC[C@H](N2C(=O)c3ccccc3C2=O)C(=O)N1
994,C1CC(=O)NC1=O,Succinimide,0.36,0.32,0.1,20,126,99.09,0.34,0.89,0.99,0.76,0.69,-0.58,0.82,O=C1CCC(=O)N1
995,C1CC(=O)N[C@@H]1C(=O)O,PidolicAcid,0.76,0.57,0.17,13,160,129.11,0.83,1.04,1.38,0.77,0.89,-0.65,1.38,O=C1CC[C@@H](C(=O)O)N1
996,C1CC1C2=CC=C(C3=CC=CC=C23)N4C(=NN=C4Br)SCC(=O)O,Lesinurad,-5.28,-5.32,0.63,23,185,404.28,0.57,1.09,2.65,3.22,2.48,4.24,4.06,O=C(O)CSc1nnc(Br)n1-c1ccc(C2CC2)c2ccccc12
997,C1CC1CN2CCN(CC2)C(=O)C3=CC=C(C=C3)NS(=O)(=O)C4=CC=CC5=C4N=CC=C5,Mitapivat<PYRUKYND><AG-348>,-4.85,-4.69,0.55,37,187,450.55,0.36,2.27,3.7,3.37,3.3,3.2,5.57,O=C(c1ccc(NS(=O)(=O)c2cccc3cccnc23)cc1)N1CCN(CC2CC2)CC1
998,C1CC1NC2=C3C(=NC(=N2)N)N(C=N3)[C@@H]4C[C@@H](C=C4)CO,Abacavir,-1.82,-1.65,0.24,37,154,286.33,0.67,1.49,2.37,2.77,2.09,1.09,2.82,Nc1nc(NC2CC2)c2ncn([C@H]3C=C[C@@H](CO)C3)c2n1
999,C1CCC(C(C1)N(CC(=O)O)CC(=O)O)N(CC(=O)O)CC(=O)O,"CDTA<Cyclohexane-1,2-diaminetetraaceticAcid>",-3.25,-3.25,0.1,21,164,346.33,2.29,2.39,2.4,1.23,2.47,-0.76,7.59,O=C(O)CN(CC(=O)O)C1CCCCC1N(CC(=O)O)CC(=O)O
1000,C1CCC(C1)[C@@H](CC#N)N2C=C(C=N2)C3=C4C=CNC4=NC=N3,Ruxolitinib,-3.28,-3.3,0.56,23,87,306.37,0.35,1.29,2.69,2.73,2.32,3.47,3.54,N#CC[C@H](C1CCCC1)n1cc(-c2ncnc3[nH]ccc23)cn1
1001,C1CCC(CC1)C(=O)N2C[C@@H]3C4=CC=CC=C4CCN3C(=O)C2,(S)-Praziquantel,-2.87,-2.79,0.04,37,113,312.41,0,1.46,2.42,1.96,2.45,2.53,3.84,O=C(C1CCCCC1)N1CC(=O)N2CCc3ccccc3[C@H]2C1
1002,C1CCC2(CC1)CC(=O)NC2,Gabapentin-lactam,-0.74,-0.74,0.03,25,89,153.22,0.26,0.71,0.99,0.78,1.28,1.46,1.62,O=C1CC2(CCCCC2)CN1
1003,C1CCN(C1)CCOC2=C3COC/C=C/COCC4=CC(=CC=C4)C5=NC(=NC=C5)NC(=C3)C=C2,Pacritinib<VONJO>,-5.52,-5.54,0.37,23,184,472.58,0.13,1.95,2.79,3.24,3.66,4.96,8,C1=C/COCc2cc(ccc2OCCN2CCCC2)Nc2nccc(n2)-c2cccc(c2)COC/1
1004,C1CCN[C@@H](C1)C2(CN(C2)C(=O)C3=C(C(=C(C=C3)F)F)NC4=C(C=C(C=C4)I)F)O,Cobimetinib,-5.65,-5.49,0.31,37,237,531.31,0.52,1.78,2.64,2.86,3.06,3.78,5.95,O=C(c1ccc(F)c(F)c1Nc1ccc(I)cc1F)N1CC(O)([C@@H]2CCCCN2)C1
1005,C1CN(C(=O)N[C@@H]1O)[C@H]2C([C@@H]([C@H](O2)CO)O)(F)F,Cedazuridine<inINQOVI>,-0.75,-0.76,0.17,23,164,268.21,1.06,1.96,1.98,1.34,1.64,-1.57,3.4,O=C1N[C@H](O)CCN1[C@@H]1O[C@H](CO)[C@@H](O)C1(F)F
1006,C1CN(CCN1)C2=CC=C(C=C2)C3=CN4C(=C(C=N4)C5=CC=NC6=CC=CC=C56)N=C3,LDN-193189,-6.52,-6.56,0.88,23,213,406.48,0.16,1.87,2.8,3.99,3.06,4.02,4.36,c1ccc2c(-c3cnn4cc(-c5ccc(N6CCNCC6)cc5)cnc34)ccnc2c1
1007,C1CN(C[C@@H]1O)C2=C(C=C(C=N2)C(=O)NC3=CC=C(C=C3)OC(F)(F)Cl)C4=CC=NN4,Asciminib<ABL-001><SCEMBLIX>,-4.06,-4.06,0.15,25,198,449.84,1.16,2.18,3.32,3.12,2.94,3.46,5.75,O=C(Nc1ccc(OC(F)(F)Cl)cc1)c1cnc(N2CC[C@@H](O)C2)c(-c2ccn[nH]2)c1
1008,C1CN2C=C(C3=CC=CC(=C32)CN1C(=O)N4CCOCC4)C5=C(C(=O)NC5=O)C6=CN=C7N6C=CC=C7,Lilly603281-31-8,-5.6,-5.39,0.7,37,213,496.52,0.34,2.61,4.3,4.12,3.47,2.12,4.9,O=C1NC(=O)C(c2cnc3ccccn23)=C1c1cn2c3c(cccc13)CN(C(=O)N1CCOCC1)CC2
1009,C1CN2CC3=CCO[C@H]4CC(=O)N5[C@H]6[C@H]4[C@H]3C[C@H]2[C@@]61C7=CC=CC=C75,Strychnine,-3.34,-3.34,0.19,25,275,334.42,0,1.68,1.99,2.62,2.41,2.09,2.26,O=C1C[C@@H]2OCC=C3CN4CC[C@]56c7ccccc7N1[C@H]5[C@H]2[C@H]3C[C@H]46
1010,C1CNCCC1NC(=O)C2=C(C=NN2)NC(=O)C3=C(C=CC=C3Cl)Cl,AT-7519,-3.9,-3.93,0.35,23,206,382.24,1.27,1.96,3.18,2.61,2.6,2.45,5.57,O=C(NC1CCNCC1)c1[nH]ncc1NC(=O)c1c(Cl)cccc1Cl
1011,C1COC(O1)(CN2C=NC=N2)C3=C(C=C(C=C3)Cl)Cl,Azaconazol,-2.95,-3,0.17,20,113,300.14,0,0.95,2,1.9,1.92,2.48,3.45,Clc1ccc(C2(Cn3cncn3)OCCO2)c(Cl)c1
1012,C1COC2=C(O1)C=CC(=C2)C3=CSC(=N3)NC(=O)C(=O)O,Enoxamast,-5.1,-5.16,0.08,22,198,306.3,0.98,1.61,3.15,2.32,1.97,1.6,3.45,O=C(O)C(=O)Nc1nc(-c2ccc3c(c2)OCCO3)cs1
1013,C1C[C@H](CNC1)C2=CC=C(C=C2)N3C=C4C=CC=C(C4=N3)C(=O)N,Niraparib<ZEJULA>,-5.5,-5.54,0.68,23,188,320.39,0.62,1.54,2.77,2.94,2.47,2.59,3.78,NC(=O)c1cccc2cn(-c3ccc([C@@H]4CCCNC4)cc3)nc12
1014,C1C[C@H](N(C1)C(=O)COC(=O)C2=CC=CC=C2)C(=O)N,N2-[(Benzoyloxy)acetyl]-L-prolinamide,-2.23,-2.27,0.17,22,195,276.29,0.49,1.62,2.92,1.6,2.04,0.32,4.34,NC(=O)[C@@H]1CCCN1C(=O)COC(=O)c1ccccc1
1015,C1NC(NC1)=S,Ethylenethiourea,-0.76,-0.71,0.17,30,203,102.16,0.29,0.82,1,1.04,0.74,-0.54,0.92,S=C1NCCN1
1016,C1[C@@H]([C@@H]2[C@H](O1)[C@@H](CO2)O[N+](=O)[O-])O,Isosorbide5-Nitrate<IsosorbideMononitrate>,-2.23,-2.24,0.17,23,87,191.14,0.19,1.08,1.36,0.98,1.15,-1.28,2.06,O=[N+]([O-])O[C@@H]1CO[C@H]2[C@@H]1OC[C@@H]2O
1017,C1[C@@H]([C@H](O[C@H]1N2C=NC(=NC2=O)N)CO)O,Decitabine<inINQOVI>,-1.34,-1.36,0.17,23,195,228.21,0.71,2.32,1.83,1.9,1.52,-2.14,2.86,Nc1ncn([C@H]2C[C@H](O)[C@@H](CO)O2)c(=O)n1
1018,C1[C@@H]2[C@H]1[C@@H]3C=C[C@H]2[C@@H]4[C@H]3C(=O)N(C4=O)NC(=O)C5=CC=C(C=C5)C(F)(F)F,Tecovirimat<TPOXX>,-4.14,-4.16,0.4,23,195,376.33,0.26,1.65,2.4,2.15,2.37,2.4,3.19,O=C(NN1C(=O)[C@@H]2[C@@H]3C=C[C@@H]([C@H]4C[C@@H]34)[C@@H]2C1=O)c1ccc(C(F)(F)F)cc1
1019,C1[C@H](CN[C@@H]1C(=O)O)O,L-Hydroxyproline,0.44,0.44,0.09,25,274,131.13,0.95,1.2,1.08,0.77,0.94,-1.21,1.69,O=C(O)[C@@H]1C[C@@H](O)CN1
1020,C1[C@H]([C@@H]([C@@H]([C@H]([C@@H]1O)O)O)O)O,Quercitol,-0.12,-0.17,0.17,20,236,164.16,1.35,1.54,1.55,1.26,1.14,-2.81,2.46,OC1[C@@H](O)[C@H](O)C[C@@H](O)[C@@H]1O
1021,C1[C@H]([C@@H]2[C@H](O1)[C@H](CO2)O[N+](=O)[O-])O,Isosorbide2-Nitrate,-2.23,-2.24,0.17,23,88,191.14,0.19,1.08,1.36,0.98,1.15,-1.28,2.06,O=[N+]([O-])O[C@H]1CO[C@H]2[C@@H]1OC[C@H]2O
1022,C1[C@H]([C@@H]2[C@H](O1)[C@H](CO2)O[N+](=O)[O-])O[N+](=O)[O-],IsosorbideDinitrate,-2.25,-2.25,0.2,25,70,236.14,0,0.79,1.75,0.91,1.32,-1.06,2.75,O=[N+]([O-])O[C@H]1CO[C@H]2[C@@H]1OC[C@H]2O[N+](=O)[O-]
1023,C2(C1=CC=CC=C1C=CC2=O)=NO,1-Nitrosonaphthalen-2(1H)-one,-2.88,-2.94,0.17,20,128,173.17,0.31,0.89,1.41,1.55,1.26,1.46,1.7,O=C1C=Cc2ccccc2C1=NO
1024,C2(C1=CC=CC=C1C=CN2)=O,1(2H)-Isoquinolinone,-2.41,-2.48,0.17,20,213,145.16,0.26,0.72,1.64,1.28,1.1,1.53,1.25,O=c1[nH]ccc2ccccc12
1025,C2(OC(=O)[C@@H](C1=CC=CC=C1)CO)CC3N(C(C2)CC3)C,L-Atropine<L-Hyoscyamine>,-1.9,-1.91,0.09,23,119,289.38,0.31,1.31,1.63,1.46,2.28,1.93,4.27,CN1C2CCC1CC(OC(=O)[C@H](CO)c1ccccc1)C2
1026,C2=C(/C=N/N1CC(=O)NC1=O)OC(=C2)[N+](=O)[O-],Nitrofurantoin,-3.38,-3.38,0.11,25,264,238.16,0.24,1.34,2.03,1.65,1.45,0.07,2.57,O=C1CN(/N=C/c2ccc([N+](=O)[O-])o2)C(=O)N1
1027,C2=C(C(/C(C1=CC=C(O)C=C1)=C/C)=C\C)C=CC(=C2)O,Dienestrol,-4.34,-4.36,0.22,23,228,266.34,1,0.93,1.63,1.87,2.2,4.6,4.26,C/C=C(C(=C/C)/c1ccc(O)cc1)\c1ccc(O)cc1
1028,C2=C(C(=C(C1=CC=C(O)C=C1)\CC)/CC)C=CC(=C2)O,Diethylstilbestrol,-4.35,-4.35,0.35,25,171,268.36,1,0.86,1.53,1.71,2.24,4.83,4.46,CC/C(=C(/CC)c1ccc(O)cc1)c1ccc(O)cc1
1029,C2=C(C(=O)C1=CC=CC=C1)C=CC3=C2[NH]C(=N3)NC(OC)=O,Mebendazole,-5.35,-5.35,0.14,25,289,295.3,0.71,1.38,2.76,2.45,2.13,2.97,3.57,COC(=O)Nc1nc2ccc(C(=O)c3ccccc3)cc2[nH]1
1030,C2=C(C(C(C1=CC=C(O)C=C1)CC)CC)C=CC(=C2)O,Hexestrol,-4.49,-4.39,0.06,37,187,270.37,1,0.82,1.51,1.62,2.29,4.79,4.67,CCC(c1ccc(O)cc1)C(CC)c1ccc(O)cc1
1031,C2=C(C(C(C1=CC=CC=C1)O)O)C=CC=C2,Hydrobenzoin,-1.89,-1.93,0.03,20,138,214.26,0.54,1.09,1.47,1.61,1.72,2.45,3.34,OC(c1ccccc1)C(O)c1ccccc1
1032,C2=C(C(C(O)=O)C1=CC=CC=C1)C=CC=C2,DiphenylaceticAcid,-3.42,-3.42,0.25,25,147,212.25,0.57,0.56,1.53,1.33,1.68,2.9,3.01,O=C(O)C(c1ccccc1)c1ccccc1
1033,C2=C(C(C1=CC=C(C)C=C1)=O)[N](C(=C2)CC(=O)O)C,Tolmetin,-4.13,-4.13,0.04,25,156,257.29,0.57,0.97,1.93,1.54,1.98,2.19,3.51,Cc1ccc(C(=O)c2ccc(CC(=O)O)n2C)cc1
1034,C2=C(C(C1=CC=C(Cl)C=C1)=O)C=CC(=C2)OC(C(OC(C)C)=O)(C)C,Fenofibrate,-6.26,-6.26,0.37,25,81,360.84,0,1.13,2.11,1.62,2.72,4.68,5.85,CC(C)OC(=O)C(C)(C)Oc1ccc(C(=O)c2ccc(Cl)cc2)cc1
1035,C2=C(C(C1=CC=CC=C1)=O)C=CC=C2C(C(O)=O)C,Ketoprofen,-3.95,-3.95,0.22,25,94,254.28,0.57,0.87,1.97,1.56,1.98,3.11,3.76,CC(C(=O)O)c1cccc(C(=O)c2ccccc2)c1
1036,C2=C(C(C1=NC=CC=C1)CCN(C)C)C=CC(=C2)Cl,Chlorpheniramine<Chlorphenamine><Chlortrimeton>,-2.67,-2.67,0.13,25,104,274.79,0,1.02,1.49,1.52,2.21,3.82,4.94,CN(C)CCC(c1ccc(Cl)cc1)c1ccccn1
1037,C2=C(C(CCCN(CCC1=CC=C(C(=C1)OC)OC)C)(C(C)C)C#N)C=CC(=C2OC)OC,Verapamil,-4.31,-4.31,0.15,25,25,454.61,0,1.89,3,1.76,3.79,5.09,9.87,COc1ccc(CCN(C)CCCC(C#N)(c2ccc(OC)c(OC)c2)C(C)C)cc1OC
1038,C2=C(C(C[N]1C=NC=N1)(CCCC)C#N)C=CC(=C2)Cl,Myclobutanil,-3.29,-3.29,0.23,25,66,288.78,0,0.79,2.1,1.66,2.23,3.58,4.75,CCCCC(C#N)(Cn1cncn1)c1ccc(Cl)cc1
1039,C2=C(C(NC1=C(C=C([N+](=O)[O-])C=C1)Cl)=O)C(=CC=C2Cl)O,Niclosamide,-8.09,-7.85,0.81,37,230,327.12,0.77,0.78,2.67,2.17,2.06,3.86,4.3,O=C(Nc1ccc([N+](=O)[O-])cc1Cl)c1cc(Cl)ccc1O
1040,C2=C(C1(C(NC(=O)CC1)=O)CC)C=CC=C2,Glutethimide,-2.33,-2.34,0.04,23,84,217.27,0.34,1.02,1.4,1.31,1.73,1.77,2.77,CCC1(c2ccccc2)CCC(=O)NC1=O
1041,C2=C(C1=C(C(=CC=C1)Cl)Cl)C(=C[NH]2)C#N,Fenpiclonil,-5.07,-5.07,0.27,25,147,237.09,0.31,0.49,1.89,1.78,1.58,3.86,2.68,N#Cc1c[nH]cc1-c1cccc(Cl)c1Cl
1042,C2=C(C1=C(N=C(N)N=N1)N)C(=C(C=C2)Cl)Cl,Lamotrigine,-3.51,-3.51,0.25,25,217,256.1,0.45,0.93,2.13,2.4,1.65,2.01,2.8,Nc1nnc(-c2cccc(Cl)c2Cl)c(N)n1
1043,C2=C(C1=C(OC(O1)(F)F)C=C2)C3=C[NH]C=C3C#N,Fludioxonil,-5.21,-5.21,0.05,25,200,248.19,0.31,0.83,1.87,1.58,1.52,2.87,2.04,N#Cc1c[nH]cc1-c1cccc2c1OC(F)(F)O2
1044,C2=C(C1=CC=C(C(=C1)C(O)=O)O)C(=CC(=C2)F)F,Diflunisal,-3.98,-3.98,0.58,25,214,250.2,0.7,0.44,1.5,1.55,1.63,3.04,2.97,O=C(O)c1cc(-c2ccc(F)cc2F)ccc1O
1045,C2=C(C1=CC=CC=C1)C(=CC(=C2)C(C(O)=O)C)F,Flurbiprofen,-4.36,-4.36,0.25,25,111,244.26,0.57,0.58,1.51,1.5,1.84,3.68,3.42,CC(C(=O)O)c1ccc(-c2ccccc2)c(F)c1
1046,C2=C(C1=CC=CC=C1)C=CC(=C2)C(CCC(O)=O)=O,Fenbufen,-5.06,-5.06,0.23,25,186,254.28,0.57,0.85,2.05,1.79,1.98,3.4,4.08,O=C(O)CCC(=O)c1ccc(-c2ccccc2)cc1
1047,C2=C(C1=CC=CC=C1)C=CC(=C2)O,4-Phenylphenol,-3.48,-3.48,0.27,25,166,170.21,0.5,0.49,1.37,1.61,1.38,3.06,2,Oc1ccc(-c2ccccc2)cc1
1048,C2=C(C1=CC=NC=C1)C=CN=C2,"4,4'-Dipyridyl",-1.54,-1.54,0.17,25,111,156.19,0,0.78,1.42,1.47,1.24,2.14,1.82,c1cc(-c2ccncc2)ccn1
1049,C2=C(C1=NC=CC=C1C=C2OC)NC(CCCN)C,Primaquine,-3.24,-3.24,0.08,25,154,259.35,0.34,1.49,1.76,1.78,2.15,2.78,4.57,COc1cc(NC(C)CCCN)c2ncccc2c1
1050,C2=C(C1=N[N](C(=C1Br)C(F)(F)F)C)C(=CC(=C2C(OC(C)C)=O)Cl)F,Isopropazol<Fluazolate>,-6.89,-6.92,0.96,20,80,443.62,0,0.67,1.67,1.67,2.43,5.23,5.48,CC(C)OC(=O)c1cc(-c2nn(C)c(C(F)(F)F)c2Br)c(F)cc1Cl
1051,C2=C(C1C(=C(NC(=C1C(OC)=O)C)C)C(OCC)=O)C(=C(C=C2)Cl)Cl,Felodipine,-5.72,-5.72,0.33,25,139,384.26,0.13,1.42,1.85,1.56,2.71,3.96,6.14,CCOC(=O)C1=C(C)NC(C)=C(C(=O)OC)C1c1cccc(Cl)c1Cl
1052,C2=C(C=CC3=NC1=C(SC(=O)S1)N=C23)C,Oxythioquinox,-5.37,-5.37,0.65,25,170,234.31,0,1.08,1.85,2.51,1.52,2.57,1.84,Cc1ccc2nc3sc(=O)sc3nc2c1
1053,C2=C(CC1=C(O)C=CC(=C1)Cl)C(=CC=C2Cl)O,Dichlorophen,-3.95,-3.95,0.6,25,178,269.13,1.34,0.73,1.74,1.91,1.83,4,3.46,Oc1ccc(Cl)cc1Cc1cc(Cl)ccc1O
1054,C2=C(CC1=CC=CC=C1)C=CC(=C2)O,4-Benzylphenol,-3.4,-3.4,0.25,25,84,184.24,0.5,0.48,1.31,1.38,1.52,2.98,2.5,Oc1ccc(Cc2ccccc2)cc1
1055,C2=C(CCNC(N1C(C(=C(C1)C)CC)=O)=O)C=CC(=C2)[S](NC(NC3CCC(C)CC3)=O)(=O)=O,Glimepiride,-7.21,-7.21,0.12,25,213,490.63,0.75,2.15,3.5,2.41,3.7196,3.07,8.35,CCC1=C(C)CN(C(=O)NCCc2ccc(S(=O)(=O)NC(=O)NC3CCC(C)CC3)cc2)C1=O
1056,C2=C(CSC1=C(C(N(C(C)(C)C)N=C1)=O)Cl)C=CC(=C2)C(C)(C)C,Pyridaben,-7.46,-7.48,1.07,20,112,364.94,0,1.16,1.66,1.87,2.85,5.24,5.51,CC(C)(C)c1ccc(CSc2cnn(C(C)(C)C)c(=O)c2Cl)cc1
1057,C2=C(N(C(C1=CC=CC=C1)=O)C(N(C)C)=O)C=CC(=C2Cl)Cl,"N-(3,4-Dichloro-phenyl)-N-[(Dimethyl-amine)benzamide<Phenobenzuron>",-4.3,-4.32,0.43,22,119,337.21,0,1.11,2.23,1.95,2.36,4.32,5.05,CN(C)C(=O)N(C(=O)c1ccccc1)c1ccc(Cl)c(Cl)c1
1058,C2=C(N(CC1=CC=CC=C1)CCN(C)C)N=CC=C2,Tripelennamine<Pyribenzamine>,-2.69,-2.64,0.54,30,188,255.36,0,1.24,1.63,1.59,2.19,2.65,4.92,CN(C)CCN(Cc1ccccc1)c1ccccn1
1059,C2=C(N1C(=O)N(C(NC(C)C)=O)CC1=O)C=C(C=C2Cl)Cl,Iprodione,-4.41,-4.41,0.02,25,136,330.17,0.16,1.41,2.06,1.9,2.19,2.88,4.39,CC(C)NC(=O)N1CC(=O)N(c2cc(Cl)cc(Cl)c2)C1=O
1060,C2=C(N1C(C(C(OCC)=O)(C)OC1=O)=O)C=C(Cl)C=C2Cl,Chlozolinate,-5.22,-5.22,0.62,25,113,332.14,0,1.2,1.72,1.51,2.1,2.8,4.12,CCOC(=O)C1(C)OC(=O)N(c2cc(Cl)cc(Cl)c2)C1=O
1061,C2=C(N1CC(NCC1)C)C(=CC4=C2N(C3=CC=C(C=C3F)F)C=C(C(O)=O)C4=O)F,Temafloxacin,-4.04,-4.04,0.04,25,175,417.39,0.73,1.81,2.87,2.39,2.77,2.9,4.98,CC1CN(c2cc3c(cc2F)c(=O)c(C(=O)O)cn3-c2ccc(F)cc2F)CCN1
1062,C2=C(N1CCN(C)CC1)C(=CC3=C2N(C=C(C3=O)C(O)=O)NC)F,Amifloxacin,-3.6,-3.6,0.08,25,198,334.35,0.71,2.34,2.58,2.18,2.37,0.76,4.14,CNn1cc(C(=O)O)c(=O)c2cc(F)c(N3CCN(C)CC3)cc21
1063,C2=C(N1CCN(C)CC1)C(=CC4=C2N(C3=CC=C(F)C=C3)C=C(C(O)=O)C4=O)F,Difloxacin,-3.6,-3.6,0.04,25,211,399.4,0.57,1.91,2.91,2.55,2.76,2.72,4.79,CN1CCN(c2cc3c(cc2F)c(=O)c(C(=O)O)cn3-c2ccc(F)cc2)CC1
1064,C2=C(N1CCNCC1)C(=CC4=C2N(C3CC3)C=C(C(O)=O)C4=O)F,Ciprofloxacin,-3.73,-3.73,0.03,25,267,331.35,0.73,1.85,2.5,2.2,2.3,1.58,3.53,O=C(O)c1cn(C2CC2)c2cc(N3CCNCC3)c(F)cc2c1=O
1065,C2=C(N=NC1=CC=C(C=C1)N)C=CC=C2,4-Phenylazoaniline,-3.79,-3.79,0.33,25,127,197.24,0.23,0.72,1.28,1.69,1.58,3.68,2.74,Nc1ccc(N=Nc2ccccc2)cc1
1066,C2=C(NC(=O)C1=C(OCCC1)C)C=CC=C2,Pyracarbolid,-2.66,-2.56,0.17,40,111,217.27,0.41,0.97,1.67,1.25,1.73,2.71,3.25,CC1=C(C(=O)Nc2ccccc2)CCCO1
1067,C2=C(NC(=O)C1=C(OCCS1)C)C=CC=C2,Carboxin,-3.07,-3.07,0.18,25,94,235.31,0.41,1.09,1.82,1.59,1.75,2.62,3.51,CC1=C(C(=O)Nc2ccccc2)SCCO1
1068,C2=C(NC(=O)C1=C(OCC[S]1(=O)=O)C)C=CC=C2,Oxycarboxin,-2.28,-2.28,0.17,25,120,267.31,0.41,1.5,2.58,1.35,1.87,1.3,3.38,CC1=C(C(=O)Nc2ccccc2)S(=O)(=O)CCO1
1069,C2=C(NC(=O)NC1=CC=CC=C1)C=CC=C2,Carbanilide,-3.12,-3.15,0.19,23,239,212.25,0.59,0.8,1.94,1.59,1.68,3.33,3.19,O=C(Nc1ccccc1)Nc1ccccc1
1070,C2=C(NC(C1=CC=CC=C1C)=O)C=CC=C2OC(C)C,Mepronil,-4.29,-4.33,0.43,20,93,269.34,0.41,0.95,1.9,1.54,2.2,4.03,4.41,Cc1ccccc1C(=O)Nc1cccc(OC(C)C)c1
1071,C2=C(NC1=NC(=CC(=N1)C)C)C=CC=C2,Pyrimethanil,-3.22,-3.22,0.21,25,96,199.26,0.13,0.69,1.39,1.53,1.62,2.84,2.63,Cc1cc(C)nc(Nc2ccccc2)n1
1072,C2=C(N[S](=O)(=O)C1=CC=C(N)C=C1)C=CC(=C2)[S](=O)(=O)N,N1-(4-Aminosulfonyl)phenyl)sulfanilamide<Disulon>,-2.76,-2.76,0.17,25,137,327.39,1.03,1.88,3.36,2.57,2.19,0.72,3.9,Nc1ccc(S(=O)(=O)Nc2ccc(S(N)(=O)=O)cc2)cc1
1073,C2=C(OC1=C(C=C(C(F)(F)F)C=C1)Cl)C=CC(=C2C(OC(C(OCC)=O)C)=O)[N+](=O)[O-],Lactofen,-6.66,-6.66,0.91,23,143,461.78,0,1.08,2.41,1.41,2.87,5.17,7.45,CCOC(=O)C(C)OC(=O)c1cc(Oc2ccc(C(F)(F)F)cc2Cl)ccc1[N+](=O)[O-]
1074,C2=C(OC1=C(Cl)C=C(Cl)C=C1)C=CC(=C2C(OC)=O)[N+]([O-])=O,Bifenox,-5.93,-5.93,0.76,25,85,342.13,0,0.76,2.34,1.81,2.16,4.48,4.85,COC(=O)c1cc(Oc2ccc(Cl)cc2Cl)ccc1[N+](=O)[O-]
1075,C2=C(OC1=CC=CC=C1)C=CC=C2C(C(O)=O)C,Fenoprofen,-3.7,-3.7,0.3,25,140,242.27,0.57,0.78,1.63,1.39,1.88,3.67,3.62,CC(C(=O)O)c1cccc(Oc2ccccc2)c1
1076,C2=C(OC1=CC=CC=C1)C=CC=C2COCC(C3=CC=C(C=C3)OCC)(C)C,Etofenprox,-8.6,-8.6,1.31,25,37,376.5,0,0.98,1.86,1.87,3.09,6.37,6.73,CCOc1ccc(C(C)(C)COCc2cccc(Oc3ccccc3)c2)cc1
1077,C2=C([N](C1=CC=C([S](N)(=O)=O)C=C1)N=C2C(F)(F)F)C3=CC=C(C=C3)C,Celecoxib,-5.35,-5.35,0.3,25,158,381.38,0.44,1.22,2.43,2.51,2.47,3.51,4.37,Cc1ccc(-c2cc(C(F)(F)F)nn2-c2ccc(S(N)(=O)=O)cc2)cc1
1078,C2=C([N](C1=CC=CC=C1)N=C2)N[S](C3=CC=C(N)C=C3)(=O)=O,Sulfaphenazole,-2.33,-2.33,0.17,25,181,314.37,0.59,1.49,3.18,2.81,2.23,2.26,3.56,Nc1ccc(S(=O)(=O)Nc2ccnn2-c2ccccc2)cc1
1079,C2=C([S](=O)(=O)C1(C(OC)=O)CCCC1)C=CC(=C2)Br,Methyl(1-(4-bromo)phenylsulfonyl)cyclopentanecarboxylate,-4.01,-4.01,0.37,25,104,347.23,0,1,2.18,1.26,2.12,2.71,4.01,COC(=O)C1(S(=O)(=O)c2ccc(Br)cc2)CCCC1
1080,C2=C([S](=O)(=O)C1(CC1)C(OC)=O)C=CC(=C2)Cl,Methyl(1-(4-chloro)phenylsulfonyl)cyclopropanecarboxylate,-3.31,-3.31,0.23,25,116,274.72,0,0.99,2.09,1.08,1.79,1.82,2.91,COC(=O)C1(S(=O)(=O)c2ccc(Cl)cc2)CC1
1081,C2=C([S](=O)(=O)NC1=C(C(=NO1)C)C)C=CC(=C2)N,Sulfisoxazole<Sulfafurazole>,-3.13,-3.13,0.14,25,191,267.31,0.59,1.31,2.44,2,1.87,1.67,3,Cc1noc(NS(=O)(=O)c2ccc(N)cc2)c1C
1082,C2=C([S](=O)(=O)NC1=CC=CC=N1)C=CC(=C2)N\N=C3/C=C(C(=O)C=C3)C(O)=O,Sulfasalazine,-6.28,-6.28,0.18,25,220,398.4,1.06,2.21,3.42,3,2.7,1.8,5.32,O=C(O)C1=C/C(=N\Nc2ccc(S(=O)(=O)Nc3ccccn3)cc2)C=CC1=O
1083,C2=C([S](=O)(=O)NC1=NC(=CC=N1)C)C=CC(=C2)N,Sulfamerazine,-3.22,-3.22,0.06,25,237,264.31,0.59,1.41,2.52,2.1,1.86,1.17,3.15,Cc1ccnc(NS(=O)(=O)c2ccc(N)cc2)n1
1084,C2=C([S](=O)(=O)NC1=NC=CC=C1)C=CC(=C2)N,Sulfapyridine,-2.97,-2.97,0.01,25,192,249.3,0.59,1.32,2.54,2.04,1.76,1.46,2.97,Nc1ccc(S(=O)(=O)Nc2ccccn2)cc1
1085,C2=C([S](C1(C(=O)OC(C)C)CCC1)(=O)=O)C=CC=C2,i-Propyl1-(phenylsulfonyl)cyclobutanecarboxylate,-3.34,-3.34,0.24,25,51,282.36,0,1.04,1.98,0.94,2.09,2.33,3.67,CC(C)OC(=O)C1(S(=O)(=O)c2ccccc2)CCC1
1086,C2=C([S](NC1=CC=C(C=C1Cl)[N+](=O)[O-])(=O)=O)C=CC(=C2C(F)(F)F)Cl,Flusulfamide,-5.16,-5.16,0.61,25,170,415.18,0.42,0.78,2.6,1.88,2.32,4.72,5.17,O=[N+]([O-])c1ccc(NS(=O)(=O)c2ccc(Cl)c(C(F)(F)F)c2)c(Cl)c1
1087,C2=C([S](NC1=NC(=CC(=N1)C)C)(=O)=O)C=CC(=C2)N,Sulfamethazine<Sulfamezathine><Sulfadimidine>,-2.73,-2.73,0.04,25,195,278.34,0.59,1.41,2.46,2.13,2,1.48,3.39,Cc1cc(C)nc(NS(=O)(=O)c2ccc(N)cc2)n1
1088,C2=C([S](NC1=NC(=CS1)C)(=O)=O)C=CC(=C2)N,Sulfamethylthiazole,-2.1,-2.13,0.17,23,237,269.35,0.59,1.21,2.55,2.08,1.83,1.83,3.03,Cc1csc(NS(=O)(=O)c2ccc(N)cc2)n1
1089,C2=C([S](NC1=NC(=NC(=C1)C)C)(=O)=O)C=CC(=C2)N,Sulfisomidine<Sulfasodimine>,-2.2,-2.24,0.14,23,243,278.34,0.59,1.44,2.49,2.12,2,1.48,3.39,Cc1cc(NS(=O)(=O)c2ccc(N)cc2)nc(C)n1
1090,C2=C([S](NC1=NC=C(C=N1)OC)(=O)=O)C=CC(=C2)N,Sulfamethoxydiazine<Sulfameter>,-3.58,-3.49,0.29,30,216,280.31,0.59,1.61,2.71,2.15,1.92,0.87,3.52,COc1cnc(NS(=O)(=O)c2ccc(N)cc2)nc1
1091,C2=C([S](NC1=NC=CN=C1)(=O)=O)C=CC(=C2)N,Sulfapyrazine,-4.1,-3.87,0.39,37,251,250.28,0.59,1.41,2.54,2.06,1.72,0.86,2.92,Nc1ccc(S(=O)(=O)Nc2cnccn2)cc1
1092,C2=C([S](NC1=NN=C(C=C1)Cl)(=O)=O)C=CC(=C2)N,Sulfachlorpyridazine,-1.84,-1.62,0.17,37,187,284.73,0.64,1.38,2.73,2.24,1.84,1.51,3.35,Nc1ccc(S(=O)(=O)Nc2ccc(Cl)nn2)cc1
1093,C2=C(\C=C\C=C\C(N1CCCCC1)=O)C=CC3=C2OCO3,"1-Piperoyl-(E,E)-piperidine<Piperine>",-3.8,-3.85,0.33,18,132,285.34,0,1.24,2.11,1.74,2.2,3,4.24,O=C(/C=C/C=C/c1ccc2c(c1)OCO2)N1CCCCC1
1094,C2=C1C(=CC=CC1=CC=C2)CN(C\C=C\C3=CC=CC=C3)C,Naftifine,-5.26,-5.26,0.08,25,96,287.41,0,0.83,1.72,2.19,2.45,4.99,4.67,CN(C/C=C/c1ccccc1)Cc1cccc2ccccc12
1095,C2=C1C(=CC=NC1=CC(=C2)Cl)NC3=C(C(OCC(CO)O)=O)C=CC=C3,Glafenine,-4.69,-4.72,0.11,23,170,372.81,0.58,1.68,2.58,2.83,2.63,3.14,5.68,O=C(OCC(O)CO)c1ccccc1Nc1ccnc2cc(Cl)ccc12
1096,C2=C1C(=NCC(=O)NC1=CC=C2[N+]([O-])=O)C3=CC=CC=C3,Nitrazepam,-3.8,-3.8,0.15,25,225,281.27,0.47,1.1,2.17,2.21,1.98,2.38,3.19,O=C1CN=C(c2ccccc2)c2cc([N+](=O)[O-])ccc2N1
1097,C2=C1[N](C(=NC1=CC=C2)NC4CCN(CCC3=CC=C(OC)C=C3)CC4)CC5=CC=C(C=C5)F,Astemizole,-7.03,-7.03,0.33,25,149,458.58,0.13,1.64,2.7,3.1,3.56,5.35,6.76,COc1ccc(CCN2CCC(Nc3nc4ccccc4n3Cc3ccc(F)cc3)CC2)cc1
1098,C2=C1[S](=O)(=O)N(C(/C(=O)C1=CC=C2)=C(/O)NC3=NC=C(S3)C)C,Meloxicam,-6.18,-6.18,0.09,25,254,351.4,0.72,2.02,3.12,2.6,2.32,2.11,3.61,Cc1cnc(N/C(O)=C2/C(=O)c3ccccc3S(=O)(=O)N2C)s1
1099,C2=CC1=C(N(C=C(C1=O)C(=O)O)CC)N=C2C,NalidixicAcid,-3.61,-3.61,0.04,25,229,232.24,0.57,1.34,1.94,1.63,1.7,1.42,2.67,CCn1cc(C(=O)O)c(=O)c2ccc(C)nc21
1100,C2=CC=CC3=CC1=CC=CC=C1C=C23,Anthracene,-6.61,-6.61,0.12,25,218,178.23,0,0.23,1.34,1.99,1.45,3.99,1.54,c1ccc2cc3ccccc3cc2c1
1101,C2=CC=CC3=NC1=CC=CC=C1C=C23,Acridine,-3.67,-3.67,0.31,25,108,179.22,0,0.52,1.47,2.04,1.41,3.39,1.51,c1ccc2nc3ccccc3cc2c1
1102,C2=CN=C(N[S](=O)(=O)C1=CC=C(C=C1)N)S2,Sulfathiazole,-2.89,-2.89,0.03,25,202,255.32,0.59,1.21,2.6,2.06,1.69,1.53,2.8,Nc1ccc(S(=O)(=O)Nc2nccs2)cc1
1103,C2=NC1=C(C(=O)N(C(N1C)=O)C)[N]2CCCC,7-Butyltheophylline,-1.84,-1.81,0.17,30,131,236.27,0,1.28,1.92,1.47,1.79,0.23,2.87,CCCCn1cnc2c1c(=O)n(C)c(=O)n2C
1104,C2=NC1=C(C(N(CCCCC(C)=O)C(N1C)=O)=O)[N]2C,Pentoxifylline,-0.56,-0.56,0.29,25,105,278.31,0,1.59,2.42,1.68,2.08,0.19,3.87,CC(=O)CCCCn1c(=O)c2c(ncn2C)n(C)c1=O
1105,C2=NC1=C(N(C(=O)N(C1=O)C)C)N=N2,Fervenulin,-1.96,-1.98,0.17,23,179,193.17,0,1.26,1.81,1.51,1.28,-1.58,1.66,Cn1c(=O)c2ncnnc2n(C)c1=O
1106,C2=NC=C(C(C1=CC=C(OC(F)(F)F)C=C1)(C(C)C)O)C=N2,Flurprimidol,-3.43,-3.44,0.26,20,95,312.29,0.31,1.24,1.32,1.15,2.12,3.27,4.36,CC(C)C(O)(c1ccc(OC(F)(F)F)cc1)c1cncnc1
1107,C2C1=CC=C(C=C1CC2)O,5-Indanol,-1.33,-1.33,0.17,25,58,134.18,0.5,0.37,0.88,1.04,1.09,1.88,1.16,Oc1ccc2c(c1)CCC2
1108,C2N(C1=NC(=N)N(C(=C1)N)O)CCCC2,Minoxidil,-2.02,-2.04,0.04,23,248,209.25,0.52,2.07,1.05,1.79,1.59,0.17,2.49,N=c1nc(N2CCCCC2)cc(N)n1O
1109,C3=C(C(C1=C(OC2=C(C1=O)C=CC=C2)O)CC(=O)C)C=CC=C3,Warfarin,-4.74,-4.74,0.08,25,161,308.33,0.31,1.42,2.53,2.17,2.31,3.61,3.97,CC(=O)CC(c1ccccc1)c1c(O)oc2ccccc2c1=O
1110,C3=C(C(C1=CC=C(F)C=C1)(C2=CN=CN=C2)O)C(=CC=C3)Cl,Nuarimol,-4.08,-4.08,0.39,25,126,314.75,0.31,1.24,1.89,2.09,2.19,3.55,3.88,OC(c1ccc(F)cc1)(c1cncnc1)c1ccccc1Cl
1111,C3=C(C(C1=CC=C(O)C=C1)=C2C=CC(=O)C=C2)C=CC(=C3)O,RosolicAcid<Aurin>,-2.35,-2.38,0.17,23,309,290.32,1,1.27,2.31,2.45,2.21,3.59,3.62,O=C1C=CC(=C(c2ccc(O)cc2)c2ccc(O)cc2)C=C1
1112,C3=C(C(C1=CC=CC=C1)CCNC(CC2=CC=CC=C2)C)C=CC=C3,Prenylamine,-4.11,-4.04,0.39,37,37,329.49,0.13,0.81,1.73,1.89,2.88,5.43,6.41,CC(Cc1ccccc1)NCCC(c1ccccc1)c1ccccc1
1113,C3=C(C(C1CCCCC1)(C(OCC2=NCCCN2C)=O)O)C=CC=C3,Oxyphencyclimine,-5.24,-5.23,0.35,37,134,344.46,0.17,1.56,1.21,1.52,2.76,2.73,5.74,CN1CCCN=C1COC(=O)C(O)(c1ccccc1)C1CCCCC1
1114,C3=C(C(C[N]1C=NC=N1)(C[N]2C=NC=N2)O)C(=CC(=C3)F)F,Fluconazole,-1.86,-1.86,0.02,25,139,306.28,0.31,1.42,2.45,2.16,2.01,0.74,3.63,OC(Cn1cncn1)(Cn1cncn1)c1ccc(F)cc1F
1115,C3=C(C(O)(C1=CC=C(C=C1)Cl)C2=C(C=CC=C2)Cl)C=NC=N3,Fenarimol,-4.37,-4.37,0.45,25,118,331.2,0.31,1.23,2,2.32,2.29,4.07,4.12,OC(c1ccc(Cl)cc1)(c1cncnc1)c1ccccc1Cl
1116,C3=C(C1=C(N=C2C(=N1)C(=NC(=N2)N)N)N)C=CC=C3,Triamterene,-3.94,-3.98,0.13,23,313,253.27,0.68,1.45,2.64,3.19,1.83,0.83,2.38,Nc1nc(N)c2nc(-c3ccccc3)c(N)nc2n1
1117,C3=C(C1=C([N]2C(=N1)C=CC(=C2)Cl)CC(N(CCC)CCC)=O)C=CC(=C3)Cl,Alpidem,-6.12,-6.12,0.8,25,140,404.34,0,1.33,2.68,2.59,3,5.5,6.4,CCCN(CCC)C(=O)Cc1c(-c2ccc(Cl)cc2)nc2ccc(Cl)cn12
1118,C3=C(C1=C2C(=NC(=NC)CN1O)C=CC(=C2)Cl)C=CC=C3,Chlordiazepoxide<Librium>,-3.39,-3.39,0.01,25,236,299.76,0.31,1.41,1.31,2.23,2.17,1.85,3.73,CN=C1CN(O)C(c2ccccc2)=c2cc(Cl)ccc2=N1
1119,C3=C(C1=NC2=C([NH]1)C=CC=C2)OC=C3,Fuberidazole,-3.41,-3.41,0.25,25,292,184.2,0.35,0.7,1.72,1.95,1.33,2.82,1.44,c1coc(-c2nc3ccccc3[nH]2)c1
1120,C3=C(C2(CCN(CCCC(C1=CC=C(F)C=C1)=O)CC2)O)C=CC(=C3)Cl,Haloperidol,-5.65,-5.65,0.18,25,151,375.87,0.31,1.45,2.08,2,2.8,4.43,6.07,O=C(CCCN1CCC(O)(c2ccc(Cl)cc2)CC1)c1ccc(F)cc1
1121,C3=C(C2(OC(C1CCCCN1)CO2)CC)C=CC=C3,Etoxadrol,-2.74,-2.94,0.08,20,124,261.36,0.15,1.05,1.24,1.2,2.13,2.81,3.87,CCC1(c2ccccc2)OCC(C2CCCCN2)O1
1122,C3=C(CN1C(=O)C2(N=C1CCCC)CCCC2)C=CC(=C3)C4=CC=CC=C4C5=N[NH]N=N5,Irbesartan<Avapro>,-6.51,-6.35,0.29,37,180,428.54,0.63,1.69,2.71,3.41,3.32,4.78,5.55,CCCCC1=NC2(CCCC2)C(=O)N1Cc1ccc(-c2ccccc2-c2nn[nH]n2)cc1
1123,C3=C(N(C1C(OCC1)=O)C(C2CC2)=O)C=CC=C3Cl,Cyprofuram,-2.69,-2.69,0.17,25,95,279.72,0,1.13,2.79,1.61,1.94,2.4,3.19,O=C1OCCC1N(C(=O)C1CC1)c1cccc(Cl)c1
1124,C3=C(N(C2CCN(CCC1=CC=CC=C1)CC2)C(CC)=O)C=CC=C3,Fentanyl,-4.6,-4.54,0.19,35,85,336.48,0,1.33,2.18,1.86,2.84,4.14,6.24,CCC(=O)N(c1ccccc1)C1CCN(CCc2ccccc2)CC1
1125,C3=C(N1C(=O)C(CCCC)C(N1C2=CC=CC=C2)=O)C=CC(=C3)O,Oxyphenbutazone,-3.73,-3.73,0.19,25,96,324.38,0.5,1.89,2.69,2.38,2.49,3.49,4.51,CCCCC1C(=O)N(c2ccccc2)N(c2ccc(O)cc2)C1=O
1126,C3=C(N1C(C2(C(C1=O)(C)C2)C)=O)C=C(Cl)C=C3Cl,Procymidone,-4.8,-4.8,0.53,25,166,284.14,0,1.2,1.05,1.87,1.86,3.28,2.19,CC12CC1(C)C(=O)N(c1cc(Cl)cc(Cl)c1)C2=O
1127,C3=C(N1N(C(=O)C(C1=O)CCCC)C2=CC=CC=C2)C=CC=C3,Phenylbutazone,-4.58,-4.58,0.31,25,105,308.38,0,1.63,2.45,2.15,2.43,3.79,4.42,CCCCC1C(=O)N(c2ccccc2)N(c2ccccc2)C1=O
1128,C3=C(N=C(C[N]1C=NC=N1)SCC2=CC=C(Cl)C=C2)C(=CC(=C3)Cl)Cl,Imibenconazole,-5.31,-5.38,0.64,20,90,411.75,0,0.85,2.27,2.85,2.72,5.9,6.37,Clc1ccc(CSC(Cn2cncn2)=Nc2ccc(Cl)cc2Cl)cc1
1129,C3=C(OCCCCC1=NN=N[N]1C2CCCCC2)C=CC4=C3CCC(N4)=O,Cilostazol,-4.86,-4.77,0.13,37,160,369.47,0.41,1.63,2.44,2.28,2.85,3.46,5.65,O=C1CCc2cc(OCCCCc3nnnn3C3CCCCC3)ccc2N1
1130,C3=C2C(C1=CC=CC=C1CCC2=CC=C3)=CCCN(C)C,Amitriptyline,-5.19,-5.19,1.28,25,197,277.41,0,0.77,1.31,1.71,2.4,4.17,4.21,CN(C)CCC=C1c2ccccc2CCc2ccccc21
1131,C3=C2C(C1=NC=CC=C1CCC2=CC(=C3)Cl)=C4CCNCC4,Desloratadine,-3.42,-3.42,0.01,25,175,310.83,0.13,0.99,1.55,2.07,2.37,4.02,3.72,Clc1ccc2c(c1)CCc1cccnc1C2=C1CCNCC1
1132,C3=C2C1=C(CCC(N1CC2)=O)C=C3,Pyroquilon,-1.59,-1.64,0.17,20,112,173.22,0,0.79,1.3,1.45,1.32,1.52,1.28,O=C1CCc2cccc3c2N1CC3
1133,C3=C2\C(C1=CC=CC=C1OCC2=CC=C3)=C/CCN(C)C,Doxepin,-4.17,-4.17,0.03,25,185,279.39,0,0.98,1.46,1.75,2.32,3.96,4.07,CN(C)CC/C=C1\c2ccccc2COc2ccccc21
1134,C3=CC1=C([NH]C(=N1)C2=CSC=N2)C=C3,Thiabendazole,-4.39,-4.39,0.08,25,305,201.25,0.35,0.72,1.94,2.22,1.4,2.69,1.61,c1ccc2[nH]c(-c3cscn3)nc2c1
1135,C3=CC=C(NC(=O)C2=CC=C(OCCCCC1=CC=CC=C1)C=C2)C4=C3C(=O)C=C(O4)C5=N[NH]N=N5,Pranlukast·H2O,-5.6,-5.6,0.33,25,160,481.51,1.06,2.18,3.96,3.56,3.5,4.63,6.79,O=C(Nc1cccc2c(=O)cc(-c3nn[nH]n3)oc12)c1ccc(OCCCCc2ccccc2)cc1
1136,C4=C(C(N1CCN(CC1)\C=C\CC2=CC=CC=C2)C3=CC=CC=C3)C=CC=C4,Cinnarazine,-7.15,-7.15,0.55,25,120,368.52,0,1.37,2.12,2.43,3.11,5.15,6.2,C(=C/N1CCN(C(c2ccccc2)c2ccccc2)CC1)\Cc1ccccc1
1137,C4=C(C(N2CCN(CC1=CC=CC(=C1)C)CC2)C3=CC=CC=C3)C=CC(=C4)Cl,Meclizine,-5.55,-5.55,0.66,25,140,390.96,0,1.3,2.04,2.45,3.13,5.56,6.11,Cc1cccc(CN2CCN(C(c3ccccc3)c3ccc(Cl)cc3)CC2)c1
1138,C4=C(C(NCC3OC(N(C2=CC=C(N1C(=O)COCC1)C=C2)C3)=O)=O)SC(=C4)Cl,Rivaroxaban,-4.78,-4.63,0.08,37,229,435.89,0.27,2.18,3.52,2.7,2.89,2.52,5.7,O=C(NCC1CN(c2ccc(N3CCOCC3=O)cc2)C(=O)O1)c1ccc(Cl)s1
1139,C4=NC1=C(NC(C3=C(N1C2CC2)N=CC=C3)=O)C(=C4)C,Nevirapine,-3.19,-3.19,0.14,25,248,266.3,0.42,1.37,2.29,2.36,1.94,2.65,2.3,Cc1ccnc2c1NC(=O)c1cccnc1N2C1CC1
1140,C5=C(C(OC3C(C(OC(C1=CC=CC=C1)=O)COC(C2=CC=CC=C2)=O)OC4C3OC(C)(C)O4)=O)C=CC=C5,"i-Propylidenehexofuranose,3,5,6-Tri-O-benzoyl-1,2-O-",-4.59,-4.63,0.49,18,199,532.55,0,2.07,3.29,2.47,3.8,4.17,7.73,CC1(C)OC2OC(C(COC(=O)c3ccccc3)OC(=O)c3ccccc3)C(OC(=O)c3ccccc3)C2O1
1141,C=C(CC(=O)O)C(=O)O,ItaconicAcid,-0.12,-0.13,0.05,25,175,130.1,1.14,0.76,1.07,0.44,0.92,0.1,2.44,C=C(CC(=O)O)C(=O)O
1142,C=C(CC(=O)c1ccc(cc1)c2ccccc2Cl)C(=O)O,Itanoxone,-3.14,-3.24,0.2,20,212,300.74,0.57,0.92,2.14,2.03,2.2,4.22,4.55,C=C(CC(=O)c1ccc(-c2ccccc2Cl)cc1)C(=O)O
1143,C=C(CCC)OCn1cc2C(=O)NC=Nc2n1,Allopurinolanalog12<B100-IIIa>,-2.17,-2.19,0.17,22,183,234.25,0.26,1.35,1.85,1.6,1.74,1.41,3.23,C=C(CCC)OCn1cc2c(=O)[nH]cnc2n1
1144,C=C(c1ccc(cc1)c1ccccn1)C(Cn1ncnc1)(O)c1c(F)cc(F)cc1,XD405,-5.12,-5.16,0.12,22,181,404.42,0.31,1.51,2.65,2.93,2.89,4.22,5.2,C=C(c1ccc(-c2ccccn2)cc1)C(O)(Cn1cncn1)c1ccc(F)cc1F
1145,C=C(c1ccccc1Cl)C(Cn2cncn2)(c3ccc(cc3)Cl)O,DuP-860,-5.34,-5.38,0.08,22,161,360.24,0.31,1.17,2.29,2.53,2.53,4.19,4.71,C=C(c1ccccc1Cl)C(O)(Cn1cncn1)c1ccc(Cl)cc1
1146,C=C(c1ccccc1Cl)C(Cn2cncn2)(c3ccc(cc3F)F)O,DuP-991,-4.66,-4.7,0.04,22,164,361.77,0.31,1.12,2.13,2.2,2.45,3.81,4.65,C=C(c1ccccc1Cl)C(O)(Cn1cncn1)c1ccc(F)cc1F
1147,C=C1CC[C@]2([C@H]3Cc4ccc(c5c4[C@]2([C@H]1O5)CCN3CC6CC6)O)O,Nalmefene,-3.81,-3.82,0.12,23,108,339.43,0.5,1.47,1.55,2.36,2.52,2.51,2.58,C=C1CC[C@@]2(O)[C@H]3Cc4ccc(O)c5c4[C@@]2(CCN3CC2CC2)[C@H]1O5
1148,C=CC(=O)N1CCC(CC1)[C@@H]2CCNc3n2nc(c3C(=O)N)c4ccc(cc4)Oc5ccccc5,Zanubrutinib<BRUKINSA>,-4.89,-4.92,0.55,23,189,471.55,0.57,2.27,3.9,3.75,3.57,4.22,6.27,C=CC(=O)N1CCC([C@@H]2CCNc3c(C(N)=O)c(-c4ccc(Oc5ccccc5)cc4)nn32)CC1
1149,C=CC(=O)N1CCC[C@H](C1)n2c3c(c(n2)c4ccc(cc4)Oc5ccccc5)c(ncn3)N,Ibrutinib,-5.17,-5.17,0.23,25,155,440.5,0.23,2.11,3.88,4,3.29,4.22,5.48,C=CC(=O)N1CCC[C@@H](n2nc(-c3ccc(Oc4ccccc4)cc3)c3c(N)ncnc32)C1
1150,C=CC1=C(N2[C@@H]([C@@H](C2=O)NC(=O)/C(=N\O)/c3csc(n3)N)SC1)C(=O)O,Cefdinir,-3.07,-3.07,0.22,25,217,395.41,1.38,2.85,3.68,3.2,2.53,-0.17,4.69,C=CC1=C(C(=O)O)N2C(=O)[C@@H](NC(=O)/C(=N\O)c3csc(N)n3)[C@H]2SC1
1151,C=CCC1(C(=O)NC(=O)NC1=O)C2=CC=CC=C2,Alphenal<5-allyl-5-phenylbarbituricAcid>,-2.37,-2.37,0.08,25,159,244.25,0.52,1.34,1.87,1.68,1.8,0.87,2.97,C=CCC1(c2ccccc2)C(=O)NC(=O)NC1=O
1152,C=CCC1(C(=O)NC(=O)NC1=O)CC=C,"Allobarbital<5,5-diallylbarbituricAcid>",-2.07,-2.07,0.07,25,172,208.21,0.52,1.32,1.47,1.22,1.57,0.49,3.04,C=CCC1(CC=C)C(=O)NC(=O)NC1=O
1153,C=CCN(CC=C)C(=O)COC(=O)Cc1ccc2cc(ccc2c1)OC,Glycolamideanalog18,-4.72,-4.72,0.52,25,92,353.41,0,1.45,2.48,1.99,2.8,3.13,6.97,C=CCN(CC=C)C(=O)COC(=O)Cc1ccc2cc(OC)ccc2c1
1154,C=CCN1CC[C@]23c4c5ccc(c4O[C@H]2C(=O)CC[C@]3([C@H]1C5)O)O,Naloxone,-2.9,-2.9,0.13,25,203,327.37,0.5,1.75,2.02,2.37,2.36,1.3,2.66,C=CCN1CC[C@]23c4c5ccc(O)c4O[C@H]2C(=O)CC[C@@]3(O)[C@H]1C5
1155,C=CCOc1ccc(cc1Cl)CC(=O)O,Alclofenac,-4.51,-4.51,0.11,25,92,226.66,0.57,0.7,1.32,1.06,1.63,2.53,4.18,C=CCOc1ccc(CC(=O)O)cc1Cl
1156,C=CCc1ccc(c(c1)c2cc(ccc2O)CC=C)O,Magnolol,-4.59,-4.47,0.21,37,102,266.33,1,0.87,1.6,2.13,2.2,4.22,4.26,C=CCc1ccc(O)c(-c2cc(CC=C)ccc2O)c1
1157,C=CCc1ccc(c(c1)c2ccc(c(c2)CC=C)O)O,Honokiol,-3.63,-3.52,0.06,37,86,266.33,1,0.87,1.6,2.13,2.2,4.22,4.26,C=CCc1ccc(O)c(-c2ccc(O)c(CC=C)c2)c1
1158,C=C[C@@H]1C[C@]1(NC(=O)[C@@H]1C[C@@H](Oc2ncc(OC)c3ccc(Cl)cc23)CN1C(=O)[C@@H](NC(=O)OC(C)(C)C)C(C)(C)C)C(=O)NS(=O)(=O)C1CC1,Asunaprevir,-5.34,-5.14,0.03,37,150,748.29,0.95,3.75,5.6,3.84,5.38,3.85,10.31,C=C[C@@H]1C[C@]1(NC(=O)[C@@H]1C[C@@H](Oc2ncc(OC)c3ccc(Cl)cc23)CN1C(=O)[C@@H](NC(=O)OC(C)(C)C)C(C)(C)C)C(=O)NS(=O)(=O)C1CC1
1159,C=C[C@H]1CN2CC[C@H]1C[C@@H]2[C@H](c3ccnc4c3cccc4)O,Cinchonine,-3.06,-3.06,0.18,25,265,294.4,0.23,1.6,1.62,2.34,2.35,3.16,3.47,C=C[C@H]1CN2CC[C@H]1C[C@@H]2[C@@H](O)c1ccnc2ccccc12
1160,C=C[C@H]1C[N@@]2CC[C@H]1C[C@H]2[C@@H](c3ccnc4c3cccc4)O,Cinchonidine,-3.2,-3.2,0.21,25,202,294.4,0.23,1.6,1.62,2.34,2.35,3.16,3.47,C=C[C@H]1C[N@@]2CC[C@H]1C[C@H]2[C@H](O)c1ccnc2ccccc12
1161,C=Cn1c2ccccc2c3c1cccc3,9-Vinylcarbazole,-5.18,-5.18,0.44,25,65,193.24,0,0.42,1.41,2.07,1.55,3.9,1.65,C=Cn1c2ccccc2c2ccccc21
1162,CC#CC(=O)N1CCC[C@H]1C2=NC(=C3N2C=CN=C3N)C4=CC=C(C=C4)C(=O)NC5=CC=CC=N5,Acalabrutinib<CALQUENCE>,-3.92,-3.96,0.04,23,215,465.51,0.62,2.73,3.96,3.96,3.44,3.31,5.85,CC#CC(=O)N1CCC[C@H]1c1nc(-c2ccc(C(=O)Nc3ccccn3)cc2)c2c(N)nccn12
1163,CC(=C)C(=O)C(=CC(=O)O)OC,PenicillicAcid,-0.95,-0.95,0.17,25,83,170.17,0.57,1.04,1.33,0.65,1.3,0.75,3.76,C=C(C)C(=O)C(=CC(=O)O)OC
1164,CC(=C)[C@@H]1CCC2(C(C1)O2)C,(+)-LimoneneOxide,-2.34,-2.34,0.06,25,33,152.233,0,0.38,0.44,0.56,1.32,2.52,1.4,C=C(C)[C@@H]1CCC2(C)OC2C1
1165,CC(=C)[C@@H]1CC[C@]2([C@H]1[C@H]3CC[C@@H]4[C@]5(CC[C@@H](C([C@@H]5CC[C@]4([C@@]3(CC2)C)C)(C)C)O)C)C(=O)O,BetulinicAcid,-8.71,-8.75,0.33,23,297,456.7,0.88,1.19,2.08,1.64,3.88,7.09,5.15,C=C(C)[C@@H]1CC[C@]2(C(=O)O)CC[C@]3(C)[C@H](CC[C@@H]4[C@@]5(C)CC[C@H](O)C(C)(C)[C@@H]5CC[C@]43C)[C@@H]12
1166,CC(=C1C(=O)N(C(=O)O1)C2=CC(=C(C=C2F)Cl)OC3CCCC3)C,Pentoxazone,-6.21,-6.21,0.82,25,104,353.78,0,1.04,1.71,1.53,2.39,4.58,4.49,CC(C)=C1OC(=O)N(c2cc(OC3CCCC3)c(Cl)cc2F)C1=O
1167,CC(=CC1C(C1(C)C)C(=O)OCc2cccc(c2)Oc3ccccc3)C,Phenothrin,-5.23,-5.24,0.62,23,119,350.46,0,0.92,1.66,1.62,2.86,5.76,5.17,CC(C)=CC1C(C(=O)OCc2cccc(Oc3ccccc3)c2)C1(C)C
1168,CC(=CCC1=C(C(=O)c2ccccc2C1=O)O)C,Lapachol,-3.76,-3.65,0.32,37,142,242.27,0.31,1.17,1.98,1.68,1.88,3.23,3.15,CC(C)=CCC1=C(O)C(=O)c2ccccc2C1=O
1169,CC(=O)C1CC[C@@H]2[C@@]1(C[C@H]([C@H]3[C@H]2CCC4=CC(=O)CC[C@]34C)O)C,11?-Hydroxyprogesterone,-3.82,-3.82,0.34,25,222,330.47,0.31,1.35,2.75,1.77,2.68,3.69,3.63,CC(=O)C1CC[C@H]2[C@@H]3CCC4=CC(=O)CC[C@]4(C)[C@H]3[C@H](O)C[C@]12C
1170,CC(=O)C=3C(=O)N(C1CCCC1)c2nc(ncc2C=3C)Nc4ccc(cn4)N8CCN(CCOCCOCCOCCNC(=O)COc7cccc6C(=O)N(C5CCC(=O)NC5=O)C(=O)c67)CC8,BSJ-03-123·H2O,-5.12,-5.12,0.1,25,174,937.01,0.74,5.73,7.26,5.73,6.77,2.32,15.43,CC(=O)c1c(C)c2cnc(Nc3ccc(N4CCN(CCOCCOCCOCCNC(=O)COc5cccc6c5C(=O)N(C5CCC(=O)NC5=O)C6=O)CC4)cn3)nc2n(C2CCCC2)c1=O
1171,CC(=O)CCC(=O)O,LevulinicAcid,1.65,1.65,0.04,25,31,116.12,0.57,0.67,1.12,0.38,0.9,0.44,2.84,CC(=O)CCC(=O)O
1172,CC(=O)N,Acetamide,1.13,1.07,0.07,20,222,59.07,0.49,0.57,1.09,0.42,0.51,-0.51,0.75,CC(N)=O
1173,CC(=O)N(O)CCCCCNC(=O)CCC(=O)N(O)CCCCCNC(=O)CCC(=O)N(O)CCCCCNC(=O)CC,DeferoxaminePropylamide,-4.53,-4.53,0.29,25,176,616.7473,1.7,4.43,6.34,2.48,4.92,1.49,23.28,CCC(=O)NCCCCCN(O)C(=O)CCC(=O)NCCCCCN(O)C(=O)CCC(=O)NCCCCCN(O)C(C)=O
1174,CC(=O)N(O)CCCCCNC(=O)CCC(=O)N(O)CCCCCNC(=O)CCC(=O)N(O)CCCCCNC(=O)CCC,DeferoxamineButylamide,-4.8,-4.8,0.53,25,178,630.7739,1.7,4.44,6.34,2.48,5.06,1.88,24.17,CCCC(=O)NCCCCCN(O)C(=O)CCC(=O)NCCCCCN(O)C(=O)CCC(=O)NCCCCCN(O)C(C)=O
1175,CC(=O)N(O)CCCCCNC(=O)CCC(=O)N(O)CCCCCNC(=O)CCC(=O)N(O)CCCCCNC(=O)CCC(=O)O,DeferoxamineSuccinamide,-3.83,-3.83,0.15,25,163,660.7568,2.28,4.76,6.79,2.65,5.14,0.94,24.19,CC(=O)N(O)CCCCCNC(=O)CCC(=O)N(O)CCCCCNC(=O)CCC(=O)N(O)CCCCCNC(=O)CCC(=O)O
1176,CC(=O)N(O)CCCCCNC(=O)CCC(=O)N(O)CCCCCNC(=O)CCC(=O)N(O)CCCCCNC(=O)CCCC,DeferoxamineValerylamide,-5.11,-5.11,0.7,25,180,644.8004,1.7,4.44,6.35,2.48,5.2,2.27,25.07,CCCCC(=O)NCCCCCN(O)C(=O)CCC(=O)NCCCCCN(O)C(=O)CCC(=O)NCCCCCN(O)C(C)=O
1177,CC(=O)N(O)CCCCCNC(=O)CCC(=O)N(O)CCCCCNC(=O)CCC(=O)N(O)CCCCCNC(=O)CCCCC,DeferoxamineCaproylamide,-5.12,-5.12,0.69,25,177,658.827,1.7,4.44,6.35,2.48,5.35,2.66,25.95,CCCCCC(=O)NCCCCCN(O)C(=O)CCC(=O)NCCCCCN(O)C(=O)CCC(=O)NCCCCCN(O)C(C)=O
1178,CC(=O)N(O)CCCCCNC(=O)CCC(=O)N(O)CCCCCNC(=O)CCC(=O)N(O)CCCCCNC(=O)CCCCCCC,DeferoxamineOctanoylamide,-5.23,-5.23,0.87,25,182,686.8802,1.7,4.45,6.36,2.47,5.63,3.44,27.76,CCCCCCCC(=O)NCCCCCN(O)C(=O)CCC(=O)NCCCCCN(O)C(=O)CCC(=O)NCCCCCN(O)C(C)=O
1179,CC(=O)N(O)CCCCCNC(=O)CCC(=O)N(O)CCCCCNC(=O)CCC(=O)N(O)CCCCCNC(C)=O,DeferoxamineAcetamide,-4.32,-4.32,0.3,25,176,602.7207,1.7,4.43,6.34,2.48,4.79,1.1,22.4,CC(=O)NCCCCCN(O)C(=O)CCC(=O)NCCCCCN(O)C(=O)CCC(=O)NCCCCCN(O)C(C)=O
1180,CC(=O)N(O)CCCCCNC(=O)CCC(=O)N(O)CCCCCNC(=O)CCC(=O)N(O)CCCCCNC=O,DeferoxamineFormamide,-3.7,-3.7,0.02,25,158,588.6941,1.7,4.41,6.39,2.51,4.64,0.71,22.52,CC(=O)N(O)CCCCCNC(=O)CCC(=O)N(O)CCCCCNC(=O)CCC(=O)N(O)CCCCCNC=O
1181,CC(=O)N(O)CCCCCNC(=O)CCC(=O)N(O)CCCCCNC(=O)CCC(=O)N(O)CCCCCNS(=O)(=O)C,DeferoxamineMethylsulfonamide,-3.84,-3.84,0.06,25,143,638.7744,1.81,4.65,6.33,2.64,4.91,0.51,22.01,CC(=O)N(O)CCCCCNC(=O)CCC(=O)N(O)CCCCCNC(=O)CCC(=O)N(O)CCCCCNS(C)(=O)=O
1182,CC(=O)N1C2=CC=C(C3=CC=C(C(=O)NCCOCCOCCOCC(=O)N[C@H](C(=O)N4C[C@H](O)C[C@H]4C(=O)NCC4=CC=C(C5=C(C)N=CS5)C=C4)C(C)(C)C)C=C3)C=C2[C@H](NC2=CC=C(Cl)C=C2)C[C@@H]1C,MZP-54,-6.29,-6.29,0.01,25,165,1036.67,1.2,5.02,8,6.21,7.79,7.33,18.8,CC(=O)N1c2ccc(-c3ccc(C(=O)NCCOCCOCCOCC(=O)N[C@H](C(=O)N4C[C@H](O)C[C@H]4C(=O)NCc4ccc(-c5scnc5C)cc4)C(C)(C)C)cc3)cc2[C@H](Nc2ccc(Cl)cc2)C[C@@H]1C
1183,CC(=O)N1CCC(CC1)c2c(nc3ccccc3n2)OC4CN(C4)c5ccc6ccccc6n5,R047cmpd47,-4.37,-4.4,0.45,23,178,453.54,0,2.08,3.36,3.76,3.4,4.17,5.25,CC(=O)N1CCC(c2nc3ccccc3nc2OC2CN(c3ccc4ccccc4n3)C2)CC1
1184,CC(=O)N1CCC(CC1)c2c(nccn2)OC3CN(C3)c4ccc5ccccc5n4,R047cmpd44,-3.29,-3.32,0.23,23,168,403.48,0,2.03,3.04,3.04,3.04,3.02,4.94,CC(=O)N1CCC(c2nccnc2OC2CN(c3ccc4ccccc4n3)C2)CC1
1185,CC(=O)NC1=NC(=O)C2=C(N1)N(C=N2)COCCO,N2-Acetylacyclovir,-1.89,-1.92,0.02,22,217,267.245,0.69,2.32,2.61,2.09,1.82,-0.96,3.88,CC(=O)Nc1nc(=O)c2ncn(COCCO)c2[nH]1
1186,CC(=O)NC1=NC(=O)C2=C(N1)N(C=N2)COCCOC(=O)C,Diacetylacyclovir,-2.12,-2.14,0.13,22,204,309.282,0.47,2.28,2.8,1.91,2.12,-0.38,4.83,CC(=O)Nc1nc(=O)c2ncn(COCCOC(C)=O)c2[nH]1
1187,CC(=O)NC1=NC=C2C(=N1)N(C=N2)COCCO,N2-Acetyldeoxyacyclovir,-0.83,-0.86,0.02,22,181,251.242,0.64,1.76,2.4,2.07,1.76,-0.25,3.8,CC(=O)Nc1ncc2ncn(COCCO)c2n1
1188,CC(=O)NC1=NC=C2C(=N1)N(C=N2)COCCOC(=O)C,"N2,O-Diacetyldeoxyacyclovir",-0.7,-0.73,0.02,22,134,293.279,0.41,1.72,2.6,1.89,2.06,0.32,4.77,CC(=O)Nc1ncc2ncn(COCCOC(C)=O)c2n1
1189,CC(=O)N[C@H](COC)C(=O)NCc1ccccc1,Lacosamide<Erlosamide>,-1.1,-1.1,0.17,25,141,250.3,0.53,1.48,2.55,1.22,1.99,0.45,5.87,COC[C@@H](NC(C)=O)C(=O)NCc1ccccc1
1190,CC(=O)Nc1ccc(cc1)OC,4-Methoxyacetanalide,-1.87,-1.87,0.1,25,129,165.19,0.41,0.87,1.55,0.96,1.31,1.65,2.69,COc1ccc(NC(C)=O)cc1
1191,CC(=O)Nc1ccccc1,Acetanilide,-1.33,-1.33,0.04,25,114,135.16,0.41,0.67,1.42,0.89,1.11,1.64,2.05,CC(=O)Nc1ccccc1
1192,CC(=O)Nc1ccccc1N,2-Aminoacetanilide,-0.11,-0.15,0.08,22,135,150.18,0.65,0.94,1.76,1.22,1.21,1.23,2.11,CC(=O)Nc1ccccc1N
1193,CC(=O)O,AceticAcid,1,1,0.17,25,17,60.05,0.57,0.36,0.61,0.17,0.46,0.09,0.75,CC(=O)O
1194,CC(=O)OC(c1ccccc1)C(=O)O,(r)-o-AcetylmandelicAcid,-1.26,-1.26,0.1,25,97,194.18,0.57,0.81,1.47,0.82,1.43,1.38,3.23,CC(=O)OC(C(=O)O)c1ccccc1
1195,CC(=O)OC1(CCC2C1(CCC3C2CCC4=CC(=O)CCC34)C)C#C,NorethindroneAcetate,-4.75,-4.75,0.07,25,161,340.46,0.09,1.13,2.58,1.66,2.74,4.06,3.87,C#CC1(OC(C)=O)CCC2C3CCC4=CC(=O)CCC4C3CCC21C
1196,CC(=O)OC1=C2C3=C(C[C@@H]4[C@H]5[C@]3(CCN4C)[C@@H](O2)[C@H](C=C5)OS(=O)(=O)O)C=C1,3-Acetylmorphine-6-sulfate,-5.24,-5.13,0.62,37,264,407.44,0.31,2.25,2.84,2.23,2.7,1.24,3.74,CC(=O)Oc1ccc2c3c1O[C@H]1[C@@H](OS(=O)(=O)O)C=C[C@H]4[C@@H](C2)N(C)CC[C@@]341
1197,CC(=O)OC1=CC2=C(S1)CCN(C2)C(C3=CC=CC=C3F)C(=O)C4CC4,Prasugrel,-4.43,-4.44,0.82,23,122,373.44,0,1.3,2.12,1.94,2.65,3.89,4.63,CC(=O)Oc1cc2c(s1)CCN(C(C(=O)C1CC1)c1ccccc1F)C2
1198,CC(=O)OCC(=O)C1(CCC2C1(CC(=O)C3C2CCC4=CC(=O)CCC34C)C)O,CortisoneAcetate,-4.21,-4.21,0.13,25,222,402.49,0.17,1.96,3.39,1.93,3.05,2.56,4.65,CC(=O)OCC(=O)C1(O)CCC2C3CCC4=CC(=O)CCC4(C)C3C(=O)CC21C
1199,CC(=O)OCC(=O)C1(CCC2C1(CC(C3C2CCC4=CC(=O)C=CC34C)O)C)O,Prednisolone-21-Acetate,-4.37,-4.37,0.45,25,238,402.49,0.48,2.02,3.26,2.09,3.05,2.13,4.67,CC(=O)OCC(=O)C1(O)CCC2C3CCC4=CC(=O)C=CC4(C)C3C(O)CC21C
1200,CC(=O)OCC(=O)[C@@]12[C@@H](C[C@@H]3[C@@]1(C[C@@H]([C@]4([C@H]3C[C@@H](C5=CC(=O)C=C[C@@]54C)F)F)O)C)OC(O2)(C)C,Fluocinonide<Fluocinolide>,-5.97,-5.97,0.77,25,309,494.53,0.38,2.19,3.46,2.03,3.46,2.94,5.15,CC(=O)OCC(=O)[C@@]12OC(C)(C)O[C@@H]1C[C@H]1[C@@H]3C[C@H](F)C4=CC(=O)C=C[C@]4(C)[C@@]3(F)[C@@H](O)C[C@@]12C
1201,CC(=O)OCC(=O)[C@]1(CC[C@@H]2[C@@]1(CC(=O)[C@H]3[C@H]2CCC4=CC(=O)C=C[C@]34C)C)O,PrednisoneAcetate,-4.24,-4.24,0.42,25,241,400.47,0.17,2.02,3.49,2.09,3.01,2.34,4.5,CC(=O)OCC(=O)[C@@]1(O)CC[C@H]2[C@@H]3CCC4=CC(=O)C=C[C@]4(C)[C@H]3C(=O)C[C@@]21C
1202,CC(=O)OCC(=O)[C@]1(CC[C@@H]2[C@@]1(CC(=O)[C@H]3[C@H]2CCC4=CC(=O)CC([C@]34C)F)C)O,FluorocortisonAcetate,-4.49,-4.49,0.47,25,146,420.47,0.17,1.96,3.37,1.84,3.07,2.51,4.85,CC(=O)OCC(=O)[C@@]1(O)CC[C@H]2[C@@H]3CCC4=CC(=O)CC(F)[C@]4(C)[C@H]3C(=O)C[C@@]21C
1203,CC(=O)OCC(=O)[C@]1(CC[C@@H]2[C@@]1(C[C@@H]([C@H]3[C@H]2CCC4=CC(=O)CC[C@]34C)O)C)O,Hydrocortisone-21-Acetate,-4.34,-4.34,0.27,25,223,404.5,0.48,1.96,3.16,1.93,3.1,2.35,4.82,CC(=O)OCC(=O)[C@@]1(O)CC[C@H]2[C@@H]3CCC4=CC(=O)CC[C@]4(C)[C@H]3[C@@H](O)C[C@@]21C
1204,CC(=O)OCC(=O)[C@]1(CC[C@@H]2[C@@]1(C[C@@H]([C@]3([C@H]2CCC4=CC(=O)CC[C@@]43C)F)O)C)O,FludrocortisoneAcetate,-3.47,-3.48,0.26,23,233,422.5,0.56,1.93,3.1,1.81,3.11,2.44,4.83,CC(=O)OCC(=O)[C@@]1(O)CC[C@H]2[C@@H]3CCC4=CC(=O)CC[C@]4(C)[C@@]3(F)[C@@H](O)C[C@@]21C
1205,CC(=O)OCC(=O)[C@]1([C@@H](C[C@@H]2[C@@]1(C[C@@H]([C@]3([C@H]2CCC4=CC(=O)C=C[C@@]43C)F)O)C)OC(=O)C)O,TriamcinoloneDiacetate,-4.13,-4.13,0.4,25,235,478.51,0.47,2.45,3.53,2.07,3.43,1.76,5.68,CC(=O)OCC(=O)[C@@]1(O)[C@H](OC(C)=O)C[C@H]2[C@@H]3CCC4=CC(=O)C=C[C@]4(C)[C@@]3(F)[C@@H](O)C[C@@]21C
1206,CC(=O)OCC(C(c1ccccc1)OC(=O)C)[N+](=O)[O-],Fenitropan,-3.96,-3.97,0.36,20,70,281.27,0,1.06,1.96,0.94,2.03,1.5,5.64,CC(=O)OCC(C(OC(C)=O)c1ccccc1)[N+](=O)[O-]
1207,CC(=O)OCC1=C(N2[C@@H]([C@@H](C2=O)N)SC1)C(=O)O,7-AminocephalosporanicAcid<7-ACA>,-2.81,-2.83,0.14,23,300,272.28,0.8,2.2,2.35,1.7,1.79,-0.87,3.31,CC(=O)OCC1=C(C(=O)O)N2C(=O)[C@@H](N)[C@H]2SC1
1208,CC(=O)OCC1=C(N2[C@@H]([C@@H](C2=O)NC(=O)Cc3cccs3)SC1)C(=O)O,Cephalothin,-3.4,-3.4,0.32,25,160,396.44,0.84,2.25,3.29,2.32,2.62,0.59,5.33,CC(=O)OCC1=C(C(=O)O)N2C(=O)[C@@H](NC(=O)Cc3cccs3)[C@H]2SC1
1209,CC(=O)OCCOCN1C=NC2=C1NC(=NC2=O)N,O-Acetylacyclovir,-2.67,-2.7,0.13,22,242,267.245,0.42,2.14,2.14,1.86,1.82,-0.76,3.76,CC(=O)OCCOCn1cnc2c(=O)nc(N)[nH]c21
1210,CC(=O)OCCOCN1C=NC2=CN=C(N=C21)N,O-Acetyldeoxyacyclovir,-0.94,-0.97,0.04,22,135,251.246,0.23,1.48,2.26,1.86,1.76,-0.05,3.68,CC(=O)OCCOCn1cnc2cnc(N)nc21
1211,CC(=O)OCN1C(=O)C(NC1=O)(c2ccccc2)c3ccccc3,3-(Acetoxymethyl)phenytoin,-4.91,-4.91,0.56,25,171,324.331,0.16,1.53,2.45,2.02,2.37,2,4.04,CC(=O)OCN1C(=O)NC(c2ccccc2)(c2ccccc2)C1=O
1212,CC(=O)OCN1C=Nc2nn(cc2C1=O)COC(C)=O,Allopurinolanalog4<B100-Va>,-1.96,-1.99,0.17,22,154,280.24,0,1.78,2.49,1.61,1.88,-0.37,3.78,CC(=O)OCn1cc2c(=O)n(COC(C)=O)cnc2n1
1213,CC(=O)OCn2ncc1c2N=CNC1=O,Allopurinolanalog8<B100-IIa>,-2.52,-2.55,0.17,22,258,208.17,0.26,1.39,2.07,1.53,1.38,-0.36,2.2,CC(=O)OCn1ncc2c(=O)[nH]cnc21
1214,CC(=O)O[C@@H]1CC[C@@H]2[C@@]1(CC[C@H]3[C@H]2CC[C@@H]4[C@@]3(CCC(=O)C4)C)C,StanoloneAcetate,-5.35,-5.35,0.65,25,130,332.48,0,1.01,2.34,1.29,2.72,4.53,3.85,CC(=O)O[C@@H]1CC[C@H]2[C@@H]3CC[C@H]4CC(=O)CC[C@]4(C)[C@H]3CC[C@]12C
1215,CC(=O)O[C@@H]2CC3=CC[C@H]4[C@@H]5CC=C(c1cccnc1)[C@@]5(C)CC[C@@H]4[C@@]3(C)CC2,AbirateroneAcetate,-7.52,-7.53,0.91,23,129,391.55,0,1.21,2.54,1.95,3.19,5.97,4.49,CC(=O)O[C@H]1CC[C@@]2(C)C(=CC[C@@H]3[C@@H]2CC[C@]2(C)C(c4cccnc4)=CC[C@@H]32)C1
1216,CC(=O)O[C@]1(CCC2[C@@]1(CCC3C2CCC4=CC(=O)CC[C@H]34)C)C#C,NorethindroneAcetate,-4.78,-4.78,0.07,25,161,340.46,0.09,1.13,2.58,1.66,2.74,4.06,3.87,C#C[C@]1(OC(C)=O)CCC2C3CCC4=CC(=O)CC[C@@H]4C3CC[C@@]21C
1217,CC(=O)Oc1ccccc1C(=O)Nc2ncc(s2)[N+](=O)[O-],Nitazoxanide,-4.58,-4.62,0.49,23,202,307.28,0.48,1.26,2.92,1.9,1.99,2.23,4.23,CC(=O)Oc1ccccc1C(=O)Nc1ncc([N+](=O)[O-])s1
1218,CC(=O)Oc1ccccc1C(=O)O,AcetylsalicylicAcid<Aspirin>,-1.72,-1.72,0.05,25,137,180.16,0.57,0.77,1.42,0.84,1.29,1.31,2.64,CC(=O)Oc1ccccc1C(=O)O
1219,CC(=O)[C@@]4(O)CCC2[C@]4(C)CC(O)C1[C@@]3(C)CCC(=O)C=C3CC[C@H]12,"11?,17?-Dihydroxyprogesterone",-2.81,-2.81,0.06,25,223,346.46,0.48,1.63,2.75,1.87,2.74,2.81,3.67,CC(=O)[C@@]1(O)CCC2[C@@H]3CCC4=CC(=O)CC[C@]4(C)C3C(O)C[C@@]21C
1220,CC(=O)[C@]1(CC[C@@H]2[C@@]1(CC[C@H]3[C@H]2CCC4=CC(=O)CC[C@]34C)C)O,17?-Hydroxyprogesterone,-3.82,-3.82,0.39,25,222,330.47,0.17,1.32,2.5,1.66,2.68,3.84,3.46,CC(=O)[C@@]1(O)CC[C@H]2[C@@H]3CCC4=CC(=O)CC[C@]4(C)[C@H]3CC[C@@]21C
1221,CC(=O)[C@]1(CC[C@@H]2[C@@]1(C[C@@H](C3=C4CCC(=O)C=C4CC[C@@H]23)c5ccc(cc5)N(C)C)C)OC(=O)C,UlipristalAcetate,-4.99,-5.01,0,23,187,475.62,0,1.87,3.58,2.54,3.78,5.54,5.81,CC(=O)O[C@]1(C(C)=O)CC[C@H]2[C@@H]3CCC4=CC(=O)CCC4=C3[C@@H](c3ccc(N(C)C)cc3)C[C@@]21C
1222,CC(=O)c1ccc(cc1)O,4-Hydroxyacetophenone,-1.2,-1.15,0.11,30,110,136.15,0.66,0.7,1.34,1.02,1.07,1.59,1.72,CC(=O)c1ccc(O)cc1
1223,CC(=O)n2ncc1c2N=CNC1=O,1-Acetyl-Allopurinol<B099-II>,-2.33,-2.38,0.17,22,253,178.15,0.26,1.36,2.17,1.68,1.18,-0.22,1.48,CC(=O)n1ncc2c(=O)[nH]cnc21
1224,CC(C#Cc1ccc(o1)Oc2ccc(cc2)F)N(C(=O)N)O,Abbott-79175,-4.29,-4.16,0.02,40,145,304.27,0.71,1.55,2.44,1.81,2.11,2.72,4.66,CC(C#Cc1ccc(Oc2ccc(F)cc2)o1)N(O)C(N)=O
1225,CC(C(=O)N)CC(=O)N,2-Methylsuccinamide,-0.72,-0.81,0.17,15,126,130.15,0.97,1.16,2,0.84,1.04,-1.02,2.7,CC(CC(N)=O)C(N)=O
1226,CC(C(=O)O)C(=O)O,MethylmalonicAcid,0.76,0.76,0.16,25,130,118.09,1.14,0.72,1.05,0.35,0.82,-0.21,2,CC(C(=O)O)C(=O)O
1227,CC(C(=O)O)N,DL-Alanine,0.27,0.27,0.03,25,166,89.09,0.78,0.93,0.92,0.38,0.71,-0.58,1.6,CC(N)C(=O)O
1228,CC(C(=O)OCC(=O)N(C)CC(N)=O)c1ccc(CC(C)C)cc1,IbuprofenesterIIc,-3.4,-3.41,0.25,21,101,334.41,0.49,1.68,2.77,1.42,2.71,1.48,7.42,CC(C)Cc1ccc(C(C)C(=O)OCC(=O)N(C)CC(N)=O)cc1
1229,CC(C(=O)OCC(=O)N(C)CC(N)=O)c1cccc(c1)C(=O)c2ccccc2,KetoprofenesterIVc,-2.39,-2.42,0.17,21,84,382.41,0.49,2.04,3.73,2.2,2.91,1.51,7.03,CC(C(=O)OCC(=O)N(C)CC(N)=O)c1cccc(C(=O)c2ccccc2)c1
1230,CC(C(=O)OCC(C)C)(O)C,2-Methylpropyl2-Hydroxy-2-methylpropanoate,-0.73,-0.73,0.17,23,47,160.21,0.17,0.71,0.57,0.18,1.37,0.96,3.53,CC(C)COC(=O)C(C)(C)O
1231,CC(C(C2=NC1=C(NC(=NC1=O)N)NC2)O)O,Biopterin,-2.5,-2.53,0.17,20,207,239.23,1.15,2.63,1.67,2.06,1.66,-1.41,2.82,CC(O)C(O)C1=Nc2c([nH]c(N)nc2=O)NC1
1232,CC(C(O)=O)Oc1ccc(cc1)Oc1nc2cc([Cl])ccc2nc1,XK-469<NSC-697887>,-6.04,-6.04,0.08,25,165,344.75,0.57,1.41,2.34,2.37,2.35,3.93,4.48,CC(Oc1ccc(Oc2cnc3ccc(Cl)cc3n2)cc1)C(=O)O
1233,CC(C(O)=O)Oc1ccccc1,PPA<2-PhenoxypropanoicAcid>,-1.74,-1.74,0.04,25,125,166.18,0.57,0.69,1.22,0.79,1.27,1.54,2.69,CC(Oc1ccccc1)C(=O)O
1234,CC(C(O)C1=CC=CC=C1)(CC)O,"2-Methyl-1-phenyl-1,2-butanediol",-1.7,-1.72,0.17,20,93,180.25,0.54,0.88,1.04,0.99,1.54,1.88,3.07,CCC(C)(O)C(O)c1ccccc1
1235,CC(C)(C#N)c1ccc(cc1)n2c3c4cc(ccc4ncc3n(c2=O)C)c5cc6ccccc6nc5,Dactolisib<BEZ235>,-6.55,-6.28,0.89,37,289,469.54,0,1.83,3.8,4.4,3.55,5.89,4.77,Cn1c(=O)n(-c2ccc(C(C)(C)C#N)cc2)c2c3cc(-c4cnc5ccccc5c4)ccc3ncc21
1236,CC(C)(C(=O)N[C@H](CC1=CNC2=CC=CC=C21)C(=O)N[C@H](CC3=CNC4=CC=CC=C43)NC=O)N,Macimorelin<MACRILEN>,-3.4,-3.43,0.15,23,189,474.55,1.6,2.94,4.85,3.62,3.64,1.84,6.88,CC(C)(N)C(=O)N[C@H](Cc1c[nH]c2ccccc12)C(=O)N[C@H](Cc1c[nH]c2ccccc12)NC=O
1237,CC(C)(C(=O)Nc1ccc(c(c1)C(F)(F)F)[N+](=O)[O-])O,Hydroxylflutamide,-3.36,-3.29,0.24,37,140,292.21,0.71,0.97,1.76,0.93,1.82,2.32,4.04,CC(C)(O)C(=O)Nc1ccc([N+](=O)[O-])c(C(F)(F)F)c1
1238,CC(C)(C(=O)O)O/N=C(/c1csc(n1)N)\C(=O)N[C@H]2[C@@H]3N(C2=O)C(=C(CS3)C[n+]4ccccc4)C(=O)[O-],Ceftazidime,-2.61,-2.61,0.27,25,136,546.59,1.07,3.16,4.4,3.59,3.64,-1.3,7.18,CC(C)(O/N=C(\C(=O)N[C@@H]1C(=O)N2C(C(=O)[O-])=C(C[n+]3ccccc3)CS[C@H]12)c1csc(N)n1)C(=O)O
1239,CC(C)(C(=O)O)O/N=C(/c1nc(sn1)N)\C(=O)N[C@H]2[C@@H]3N(C2=O)C(=C(CS3)C[n+]4cc(c(n4C)N)NC(=O)NCCN)C(=O)[O-],Ceftolozane(+).HSO4,-0.6,-0.6,0.17,25,198,666.69,2.06,4.62,5.75,4.48,4.44,-3.9,9.48,Cn1c(N)c(NC(=O)NCCN)c[n+]1CC1=C(C(=O)[O-])N2C(=O)[C@@H](NC(=O)/C(=N\OC(C)(C)C(=O)O)c3nsc(N)n3)[C@H]2SC1
1240,CC(C)(C(=O)O)Oc1ccc(cc1)C2CC2(Cl)Cl,Ciprofibrate,-4.81,-4.81,0.08,25,116,289.16,0.57,0.71,1.34,1.2,1.97,3.59,3.24,CC(C)(Oc1ccc(C2CC2(Cl)Cl)cc1)C(=O)O
1241,CC(C)(C(=O)O)Oc1ccc(cc1)CCNC(=O)c2ccc(cc2)Cl,Bezafibrate,-4.8,-4.8,0.42,25,186,361.82,0.83,1.35,2.54,1.82,2.68,3.55,6.04,CC(C)(Oc1ccc(CCNC(=O)c2ccc(Cl)cc2)cc1)C(=O)O
1242,CC(C)(C(CC(O)=O)C(=O)O)C(=O)O,"MBTCA<3-Me-1,2,3-butanetricarboxylicAcid>",0.21,0.36,0.06,35,150,204.18,1.46,1.09,1.44,0.5,1.46,0.27,3.62,CC(C)(C(=O)O)C(CC(=O)O)C(=O)O
1243,CC(C)(C)C#C/C=C/CN(C)Cc1cccc2c1cccc2,Terbinafine,-5.38,-5.38,0.05,25,197,291.43,0,0.86,1.34,1.74,2.61,4.88,5.41,CN(C/C=C/C#CC(C)(C)C)Cc1cccc2ccccc12
1244,CC(C)(C)C(=C)OCn1cc2C(=O)NC=Nc2n1,Allopurinolanalog13<B100-IIIb>,-2.14,-2.16,0.17,22,181,248.28,0.26,1.39,1.78,1.59,1.88,1.65,2.94,C=C(OCn1cc2c(=O)[nH]cnc2n1)C(C)(C)C
1245,CC(C)(C)C(=O)C(n1ccnc1)Oc2ccc(cc2)Cl,Climbazole,-4.23,-4.13,0.42,37,97,292.76,0,1.15,2.13,1.59,2.19,3.73,4.14,CC(C)(C)C(=O)C(Oc1ccc(Cl)cc1)n1ccnc1
1246,CC(C)(C)C(=O)OCN1C=Nc2nn(cc2C1=O)COC(=O)C(C)(C)C,Allopurinolanalog3<B100-Vc>,-3.9,-3.91,0.35,22,146,364.4,0,1.87,2.38,1.57,2.72,1.69,5.2,CC(C)(C)C(=O)OCn1cc2c(=O)n(COC(=O)C(C)(C)C)cnc2n1
1247,CC(C)(C)C(=O)OCN2C=Nc1c(cnn1COC(=O)C(C)(C)C)C2=O,Allopurinolanalog1<B100-IVb>,-4.25,-4.26,0.42,22,137,364.4,0,1.87,2.38,1.57,2.72,1.69,5.2,CC(C)(C)C(=O)OCn1cnc2c(cnn2COC(=O)C(C)(C)C)c1=O
1248,CC(C)(C)C(=O)OCOC1=CC=CC=C1C(=O)N,2-(Pivaloyloxymethyl)salicylamide,-2.61,-2.61,0.17,23,95,251.28,0.49,1.25,1.99,1.1,1.95,1.71,4.31,CC(C)(C)C(=O)OCOc1ccccc1C(N)=O
1249,CC(C)(C)C(=O)OCn2ncc1c2N=CNC1=O,Allopurinolanalog6<B100-IIc>,-2.66,-2.68,0.17,22,186,250.25,0.26,1.43,2.02,1.51,1.8,0.67,2.9,CC(C)(C)C(=O)OCn1ncc2c(=O)[nH]cnc21
1250,CC(C)(C)C(=O)Oc1ccccc1C(=O)O,TrimethylacetylsalicylicAcid,-3.02,-3.01,0.17,26,154,222.24,0.57,0.82,1.36,0.82,1.71,2.34,3.33,CC(C)(C)C(=O)Oc1ccccc1C(=O)O
1251,CC(C)(C)C(C(N1C=NC=N1)OC2=CC=C(C=C2)Cl)O,Triadimenol,-3.91,-3.95,0.4,20,134,295.77,0.23,1.24,1.91,1.79,2.19,2.92,4.3,CC(C)(C)C(O)C(Oc1ccc(Cl)cc1)n1cncn1
1252,CC(C)(C)C1=C(C=CC(=C1)OC)O,2-t-Butyl-4-methoxyphenol,-2.65,-2.66,0.17,23,52,180.24,0.5,0.64,0.92,0.86,1.54,2.7,2.51,COc1ccc(O)c(C(C)(C)C)c1
1253,CC(C)(C)C1=CC=C(C(=C1)O)O,4-t-Butylcatechol,-1.92,-1.92,0.17,25,54,166.22,0.77,0.58,0.97,0.93,1.4,2.4,2,CC(C)(C)c1ccc(O)c(O)c1
1254,CC(C)(C)C1=CC=CC(=C1)O,3-(t-Butyl)phenol,-1.86,-1.86,0.17,25,42,150.22,0.5,0.43,0.79,0.79,1.34,2.69,1.9,CC(C)(C)c1cccc(O)c1
1255,CC(C)(C)C1=CN=C(CSC2=CN=C(NC(=O)C3CCN(CC(=O)NCCOCCOCCOCCNC4=CC=CC5=C4C(=O)N(C4CCC(=O)NC4=O)C5=O)CC3)S2)O1,THAL-SNS-032,-4.75,-4.75,0.01,25,196,869.02,1.12,4.89,6.16,4.81,6.25,3.05,15.82,CC(C)(C)c1cnc(CSc2cnc(NC(=O)C3CCN(CC(=O)NCCOCCOCCOCCNc4cccc5c4C(=O)N(C4CCC(=O)NC4=O)C5=O)CC3)s2)o1
1256,CC(C)(C)CC(=O)N[C@H](C(O)C(=O)OC4C[C@@]5(O)C(OC(=O)c1ccccc1)C3[C@@](C)([C@@H](O)C[C@H]2OC[C@]23OC(C)=O)C(=O)[C@H](O)C(=C4C)[C@@]5(C)C)C(C)(C)C,Paclitaxelanalog19,-4.51,-4.48,0.47,23,182,785.92,1.07,3.99,3.84,2.92,5.96,2.96,11.32,CC(=O)O[C@@]12CO[C@@H]1C[C@H](O)[C@@]1(C)C(=O)[C@H](O)C3=C(C)C(OC(=O)C(O)[C@@H](NC(=O)CC(C)(C)C)C(C)(C)C)C[C@@](O)(C(OC(=O)c4ccccc4)C12)C3(C)C
1257,CC(C)(C)CC(C)(C)c1ccc(c(c1)Cc2ccc(cc2Cl)Cl)O,Clofoctol,-6.01,-5.97,0.49,37,78,365.34,0.5,0.51,1.3,1.64,2.9,7,5.57,CC(C)(C)CC(C)(C)c1ccc(O)c(Cc2ccc(Cl)cc2Cl)c1
1258,CC(C)(C)CO,"2,2-Dimethyl-1-propanol",-0.42,-0.42,0.17,25,53,88.15,0.31,0.35,0.39,0.19,0.87,1.02,1.6,CC(C)(C)CO
1259,CC(C)(C)NC(=O)COC(=O)Cc1ccc2cc(ccc2c1)OC,Glycolamideanalog14,-4.31,-4.31,0.44,25,132,329.39,0.26,1.33,2.28,1.71,2.6,2.85,5.44,COc1ccc2cc(CC(=O)OCC(=O)NC(C)(C)C)ccc2c1
1260,CC(C)(C)NC(=O)N,1-t-Butylurea,-0.71,-0.73,0.17,20,99,116.16,0.59,0.75,1.08,0.51,1.03,0.45,1.84,CC(C)(C)NC(N)=O
1261,CC(C)(C)NC(=O)N[C@H](C(O)C(=O)OC4C[C@@]5(O)C(OC(=O)c1ccccc1)C3[C@@](C)([C@@H](O)C[C@H]2OC[C@]23OC(C)=O)C(=O)[C@H](O)C(=C4C)[C@@]5(C)C)C(C)(C)C,Paclitaxelanalog20,-4.46,-4.43,0.47,23,181,786.9,1.18,4.12,3.88,3.03,5.92,2.51,11.19,CC(=O)O[C@@]12CO[C@@H]1C[C@H](O)[C@@]1(C)C(=O)[C@H](O)C3=C(C)C(OC(=O)C(O)[C@@H](NC(=O)NC(C)(C)C)C(C)(C)C)C[C@@](O)(C(OC(=O)c4ccccc4)C12)C3(C)C
1262,CC(C)(C)NCC(COc1ccc(cc1)NC(=O)NC2CCCCC2)O,Talinolol,-3.62,-3.62,0.86,25,163,363.49,0.81,2,1.97,1.67,3.01,3.27,7.72,CC(C)(C)NCC(O)COc1ccc(NC(=O)NC2CCCCC2)cc1
1263,CC(C)(C)OC(=O)Nc1cccn([C@@H](CC2CCCCC2)C(=O)N[C@@H](C[C@@H]2CCNC2=O)C(=O)C(=O)NC2CC2)c1=O,Z034cmpd13a,-3.27,-3.28,0.22,23,181,585.69,0.98,3.56,5.12,2.92,4.47,2.57,10.06,CC(C)(C)OC(=O)Nc1cccn([C@@H](CC2CCCCC2)C(=O)N[C@@H](C[C@@H]2CCNC2=O)C(=O)C(=O)NC2CC2)c1=O
1264,CC(C)(C)[C@@H](C(=O)N[C@@H](Cc1ccccc1)[C@H](CN(Cc2ccc(cc2)c3ccccn3)NC(=O)[C@H](C(C)(C)C)NC(=O)OC)O)NC(=O)OC,Atazanavir,-6.18,-6.178,0.4,25,208,704.86,1.14,3.9,5.1,3.54,5.59,4.21,14.5,COC(=O)N[C@H](C(=O)N[C@@H](Cc1ccccc1)[C@@H](O)CN(Cc1ccc(-c2ccccn2)cc1)NC(=O)[C@@H](NC(=O)OC)C(C)(C)C)C(C)(C)C
1265,CC(C)(C)[C@H](/C=C/C1=CC2=C(C=C1)OCO2)O,Stiripentol<DIACOMIT>,-1.66,-1.67,0.17,23,75,234.29,0.31,0.93,1.23,1.24,1.87,2.84,3.11,CC(C)(C)[C@@H](O)/C=C/c1ccc2c(c1)OCO2
1266,CC(C)(C)[C@H](NC(=O)Nc1ccccc1)C(O)C(=O)OC5C[C@@]6(O)C(OC(=O)c2ccccc2)C4[C@@](C)([C@@H](O)C[C@H]3OC[C@]34OC(C)=O)C(=O)[C@H](O)C(=C5C)[C@@]6(C)C,Paclitaxelanalog23,-5.78,-5.76,0.73,23,187,806.89,1.33,4.15,4.31,3.63,5.96,3.23,11.23,CC(=O)O[C@@]12CO[C@@H]1C[C@H](O)[C@@]1(C)C(=O)[C@H](O)C3=C(C)C(OC(=O)C(O)[C@@H](NC(=O)Nc4ccccc4)C(C)(C)C)C[C@@](O)(C(OC(=O)c4ccccc4)C12)C3(C)C
1267,CC(C)(C)[C@H](NC(=O)OC(C)(C)C)C(O)C(=O)OC4C[C@@]5(O)C(OC(=O)c1ccccc1)C3[C@@](C)([C@@H](O)C[C@H]2OC[C@]23OC(C)=O)C(=O)[C@H](O)C(=C4C)[C@@]5(C)C,Paclitaxelanalog13,-4.44,-4.41,0.46,23,182,787.89,1.03,3.96,3.66,2.87,5.88,2.93,11.19,CC(=O)O[C@@]12CO[C@@H]1C[C@H](O)[C@@]1(C)C(=O)[C@H](O)C3=C(C)C(OC(=O)C(O)[C@@H](NC(=O)OC(C)(C)C)C(C)(C)C)C[C@@](O)(C(OC(=O)c4ccccc4)C12)C3(C)C
1268,CC(C)(C)[C@H](NC(=O)OC(C)(C)CC)C(O)C(=O)OC4C[C@@]5(O)C(OC(=O)c1ccccc1)C3[C@@](C)([C@@H](O)C[C@H]2OC[C@]23OC(C)=O)C(=O)[C@H](O)C(=C4C)[C@@]5(C)C,Paclitaxelanalog17,-4.52,-4.49,0.48,23,179,801.92,1.03,3.97,3.67,2.87,6.02,3.32,11.68,CCC(C)(C)OC(=O)N[C@H](C(O)C(=O)OC1C[C@@]2(O)C(OC(=O)c3ccccc3)C3[C@](C)(C(=O)[C@H](O)C(=C1C)C2(C)C)[C@@H](O)C[C@H]1OC[C@@]31OC(C)=O)C(C)(C)C
1269,CC(C)(C)[C@H](NC(=O)OC(C)CC)C(O)C(=O)OC4C[C@@]5(O)C(OC(=O)c1ccccc1)C3[C@@](C)([C@@H](O)C[C@H]2OC[C@]23OC(C)=O)C(=O)[C@H](O)C(=C4C)[C@@]5(C)C,Paclitaxelanalog14,-4.44,-4.42,0.46,23,180,787.89,1.03,3.96,3.71,2.9,5.88,2.93,11.68,CCC(C)OC(=O)N[C@H](C(O)C(=O)OC1C[C@@]2(O)C(OC(=O)c3ccccc3)C3[C@](C)(C(=O)[C@H](O)C(=C1C)C2(C)C)[C@@H](O)C[C@H]1OC[C@@]31OC(C)=O)C(C)(C)C
1270,CC(C)(C)[C@H](NC(=O)OCCCC)C(O)C(=O)OC4C[C@@]5(O)C(OC(=O)c1ccccc1)C3[C@@](C)([C@@H](O)C[C@H]2OC[C@]23OC(C)=O)C(=O)[C@H](O)C(=C4C)[C@@]5(C)C,Paclitaxelanalog15,-4.47,-4.45,0.47,23,180,787.89,1.03,3.93,3.73,2.89,5.88,2.93,11.94,CCCCOC(=O)N[C@H](C(O)C(=O)OC1C[C@@]2(O)C(OC(=O)c3ccccc3)C3[C@](C)(C(=O)[C@H](O)C(=C1C)C2(C)C)[C@@H](O)C[C@H]1OC[C@@]31OC(C)=O)C(C)(C)C
1271,CC(C)(C)[C@H](NC(=O)Oc1ccccc1)C(O)C(=O)OC5C[C@@]6(O)C(OC(=O)c2ccccc2)C4[C@@](C)([C@@H](O)C[C@H]3OC[C@]34OC(C)=O)C(=O)[C@H](O)C(=C5C)[C@@]6(C)C,Paclitaxelanalog12,-5.48,-5.46,0.67,23,187,807.88,1.03,4.01,4.18,3.47,5.92,3.2,11.23,CC(=O)O[C@@]12CO[C@@H]1C[C@H](O)[C@@]1(C)C(=O)[C@H](O)C3=C(C)C(OC(=O)C(O)[C@@H](NC(=O)Oc4ccccc4)C(C)(C)C)C[C@@](O)(C(OC(=O)c4ccccc4)C12)C3(C)C
1272,CC(C)(C)[C@H]1C(=O)N2C[C@@H](C[C@H]2C(=O)N[C@@]3(C[C@H]3C=C)C(=O)NS(=O)(=O)C4CC4)Oc5c(nc6ccc(cc6n5)OC)CCCCC[C@@H]7C[C@H]7OC(=O)N1,Grazoprevir<inZEPATIER>,-7.28,-7.32,0.64,23,174,766.9,0.95,3.84,5.66,4.19,5.56,3.3,10.02,C=C[C@@H]1C[C@]1(NC(=O)[C@@H]1C[C@@H]2CN1C(=O)[C@H](C(C)(C)C)NC(=O)O[C@@H]1C[C@H]1CCCCCc1nc3ccc(OC)cc3nc1O2)C(=O)NS(=O)(=O)C1CC1
1273,CC(C)(C)[Si](C)(C)c1c3CN4C(=O)C=5COC(=O)[C@](O)(CC)C=5C=C4c3nc2ccc(O)cc12,DB-67<NSC-708298><Silatecan>lactone,-6.63,-6.63,0.54,25,186,478.61,1.56,2.48,2.87,2.85,3.75,3.5,4.71,CC[C@@]1(O)C(=O)OCc2c1cc1n(c2=O)Cc2c-1nc1ccc(O)cc1c2[Si](C)(C)C(C)(C)C
1274,CC(C)(C)c1cc(cc(c1OC)c2ccc3cc(ccc3c2)NS(=O)(=O)C)n4ccc(=O)[nH]c4=O,Dasabuvir,-6.56,-6.61,0.04,23,188,493.58,0.6,2.04,3.57,3.65,3.62,4.02,6.06,COc1c(-c2ccc3cc(NS(C)(=O)=O)ccc3c2)cc(-n2ccc(=O)[nH]c2=O)cc1C(C)(C)C
1275,CC(C)(C)c1ccc(cc1)CCOc2c3ccccc3ncn2,Fenazaquin,-6.11,-6.14,0.8,20,79,306.41,0,0.93,1.66,1.99,2.52,4.55,4.28,CC(C)(C)c1ccc(CCOc2ncnc3ccccc23)cc1
1276,CC(C)(C)c1ccc(cc1)O,4-t-Butylphenol,-2.35,-2.35,0.06,25,99,150.22,0.5,0.43,0.79,0.79,1.34,2.69,1.9,CC(C)(C)c1ccc(O)cc1
1277,CC(C)(C)c1nc(c(s1)c2ccnc(n2)N)c3cccc(c3F)NS(=O)(=O)c4c(cccc4F)F,Dabrafenib,-6.17,-5.97,0.12,37,250,519.56,0.59,1.76,3.47,3.48,3.44,5.36,6.28,CC(C)(C)c1nc(-c2cccc(NS(=O)(=O)c3c(F)cccc3F)c2F)c(-c2ccnc(N)n2)s1
1278,CC(C)(C1=NC(=NO1)C2=CC=CC=C2)NC(=O)C3=C([C@H]4[C@@]56CCN([C@@H]([C@@]5(C3)O)CC7=C6C(=C(C=C7)O)O4)CC8CC8)O,Naldemedine<SYMPROIC>,-5.41,-5.44,0.66,23,195,570.64,1.07,2.83,3.78,4.32,4.07,3.48,5.27,CC(C)(NC(=O)C1=C(O)[C@@H]2Oc3c(O)ccc4c3[C@@]23CCN(CC2CC2)[C@H](C4)[C@]3(O)C1)c1nc(-c2ccccc2)no1
1279,CC(C)(CC(C)(O)C1=CC=CC2=CC=CC=C12)O,"2-Methyl-4-(1-naphthalenyl)-2,4-pentanediol",-3.2,-3.24,0.21,20,137,244.33,0.63,0.95,1.32,1.68,2.05,3.21,3.18,CC(C)(O)CC(C)(O)c1cccc2ccccc12
1280,CC(C)(CCC[C@@](CC(=O)OC)(C(=O)O[C@H]1[C@H]2c3cc4c(cc3CCN5[C@@]2(CCC5)C=C1OC)OCO4)O)O,OmacetaxineMepesuccinate,-3.01,-3,0.17,23,134,545.62,0.48,2.65,2.46,2.29,4.02,2.58,7.33,COC(=O)C[C@](O)(CCCC(C)(C)O)C(=O)O[C@@H]1C(OC)=C[C@]23CCCN2CCc2cc4c(cc2[C@H]13)OCO4
1281,CC(C)(CNC1=NC(=NC(=N1)C2=NC(=CC=C2)C(F)(F)F)NC3=CC(=NC=C3)C(F)(F)F)O,Enasidenib<IDHIFA>,-4.49,-4.5,0.47,23,176,473.38,0.57,1.64,2.03,2.16,2.94,4.29,6.4,CC(C)(O)CNc1nc(Nc2ccnc(C(F)(F)F)c2)nc(-c2cccc(C(F)(F)F)n2)n1
1282,CC(C)(CO)c1cc2cc(c(cc2n1C[C@H](CO)O)F)NC(=O)C3(CC3)c4ccc5c(c4)OC(O5)(F)F,Tezacaftor<TRIKAFTA>,-3.79,-3.8,0.14,23,81,520.5,1.26,2.18,3.05,2.91,3.49,3.4,5.92,CC(C)(CO)c1cc2cc(NC(=O)C3(c4ccc5c(c4)OC(F)(F)O5)CC3)c(F)cc2n1C[C@@H](O)CO
1283,CC(C)(O)C(Cl)(Cl)Cl,Chlorobutanol,-1.33,-1.34,0.01,23,97,177.46,0.42,0.33,0.65,0.49,1.1,2.13,2.45,CC(C)(O)C(Cl)(Cl)Cl
1284,CC(C)(OC(=O)C)C(CC(O)=O)CC(=O)O,3-(1-Acetoxy-1-methylethyl)glutaricAcid,0.17,0.25,0.09,31,121,232.23,1.14,1.1,1.4,0.39,1.74,0.89,4.94,CC(=O)OC(C)(C)C(CC(=O)O)CC(=O)O
1285,CC(C)([C@@H](C(=O)O)N)S,Penicillamine,-0.13,-0.13,0.01,25,201,149.22,0.78,1.09,1.06,0.81,1.15,0.11,2.52,CC(C)(S)[C@H](N)C(=O)O
1286,CC(C)(c1ccc(cc1)C(CCCN2CCC(CC2)C(c3ccccc3)(c4ccccc4)O)O)C(=O)O,Fexofenadine,-2.8,-2.79,0.35,30,143,501.66,1.2,2.12,2.48,2.72,4.09,5.51,8.48,CC(C)(C(=O)O)c1ccc(C(O)CCCN2CCC(C(O)(c3ccccc3)c3ccccc3)CC2)cc1
1287,CC(C)(c1ccccc1CC[C@H](c2cccc(c2)/C=C/c3ccc4ccc(cc4n3)Cl)SCC5(CC5)CC(=O)O)O,Montelukast<MK-0476>,-7.4,-7.45,0.39,23,184,586.18,0.88,1.67,2.86,3.75,4.5,8.95,8.89,CC(C)(O)c1ccccc1CC[C@@H](SCC1(CC(=O)O)CC1)c1cccc(/C=C/c2ccc3ccc(Cl)cc3n2)c1
1288,CC(C)C(=O)OC(C)OC(=O)NCC1(CCCCC1)CC(=O)O,Gabapentin-enacarbil,-2.83,-2.85,0.17,23,64,329.39,0.78,1.32,1.76,0.69,2.58,2.68,7.32,CC(OC(=O)NCC1(CC(=O)O)CCCCC1)OC(=O)C(C)C
1289,CC(C)C(CCCN(C)CCC1=CC=CC=C1)(C#N)C2=CC=CC=C2,Levemopamil,-5.26,-5.26,0.06,25,166,334.51,0,0.96,1.79,1.48,2.99,5.06,7.22,CC(C)C(C#N)(CCCN(C)CCc1ccccc1)c1ccccc1
1290,CC(C)C(CCCNCCc1ccc(c(c1)OC)OC)(C#N)c2ccc(c(c2)OC)OC,Norverapamil,-3.74,-3.75,0.32,22,135,440.58,0.13,1.83,2.99,1.74,3.65,4.75,9.67,COc1ccc(CCNCCCC(C#N)(c2ccc(OC)c(OC)c2)C(C)C)cc1OC
1291,CC(C)C1(C(=O)NC(=O)NC1=O)CC=C,Aprobarbital<5-i-Propyl-5-allylbarbituricAcid>,-1.71,-1.71,0.07,25,143,210.23,0.52,1.29,1.4,1.11,1.61,0.57,2.92,C=CCC1(C(C)C)C(=O)NC(=O)NC1=O
1292,CC(C)C1(C(=O)NC(=O)NC1=O)CC=C(C)C,5-i-Propyl-5-(3-methyl-butyl-2-enyl)barbituricAcid,-2.59,-2.59,0.17,25,131,238.29,0.52,1.33,1.39,1.12,1.89,1.35,3.7,CC(C)=CCC1(C(C)C)C(=O)NC(=O)NC1=O
1293,CC(C)C1CCC(C1(CN2C=NC=N2)O)CC3=CC=C(C=C3)Cl,Ipconazole,-4.65,-4.68,0.5,20,89,333.86,0.31,0.96,1.87,1.92,2.58,3.59,4.74,CC(C)C1CCC(Cc2ccc(Cl)cc2)C1(O)Cn1cncn1
1294,CC(C)C1NC(CNC1=O)=O,"3-(1-Methylethyl)-2,5-piperazinedione",-0.88,-0.89,0.17,23,166,156.18,0.51,1.42,1.61,0.99,1.22,-0.74,2.12,CC(C)C1NC(=O)CNC1=O
1295,CC(C)CC(C(=O)O)N,DL-Leucine,-1.11,-1.11,0.04,25,293,131.18,0.78,0.97,0.92,0.39,1.13,0.44,3.23,CC(C)CC(N)C(=O)O
1296,CC(C)CC(C1(CCC1)c2ccc(cc2)Cl)N(C)C,Sibutramine,-5.62,-5.62,0.16,25,53,279.85,0,0.7,0.92,1.09,2.38,4.74,4.58,CC(C)CC(N(C)C)C1(c2ccc(Cl)cc2)CCC1
1297,CC(C)CC(O)C(O)C(CC1CCCCC1)NC(=O)C(Cc1nc[nH]c1)NC(=O)C(NC(=O)CC(C)(C)N)Cc1ccc(OC)cc1,Enalkiren<A-64662>,-3.52,-3.52,0.08,25,167,656.87,1.8,3.95,4.98,3.05,5.32,2.52,14.68,COc1ccc(CC(NC(=O)CC(C)(C)N)C(=O)NC(Cc2c[nH]cn2)C(=O)NC(CC2CCCCC2)C(O)C(O)CC(C)C)cc1
1298,CC(C)CC1CN2CCc3cc(c(cc3C2CC1=O)OC)OC,Tetrabenazine,-4.22,-4.16,0.19,37,129,317.42,0,1.44,2.02,1.56,2.56,3.24,4.62,COc1cc2c(cc1OC)C1CC(=O)C(CC(C)C)CN1CC2
1299,CC(C)CCC(C(=O)O)C(=O)O,IsoPentylmalonicAcid,0.54,0.54,0.14,25,111,174.19,1.14,0.76,1.05,0.35,1.38,1.21,4.32,CC(C)CCC(C(=O)O)C(=O)O
1300,CC(C)CCC[C@@H](C)[C@@H]4[C@]3(CC[C@@H]2[C@]1(CC[C@@H](CC1=CC[C@H]2[C@@H]3CC4)O)C)C,Cholesterol,-6.61,-6.61,0.39,30,149,386.66,0.31,0.81,1.76,1.36,3.49,7.39,5.8,CC(C)CCC[C@@H](C)[C@H]1CC[C@H]2[C@@H]3CC=C4C[C@@H](O)CC[C@]4(C)[C@H]3CC[C@]12C
1301,CC(C)CN(CC(C)C)C(=O)COC(=O)C1=CC=CC=C1,"2-(Benzoyloxy)-N,N-bis(2-methylpropylacetamide",-3.56,-3.56,0.28,22,45,291.39,0,1.14,1.92,0.98,2.46,2.98,6.92,CC(C)CN(CC(C)C)C(=O)COC(=O)c1ccccc1
1302,CC(C)CN(C[C@H]([C@H](Cc1ccccc1)NC(=O)O[C@H]2CO[C@@H]3[C@H]2CCO3)O)S(=O)(=O)c4ccc(cc4)N,Darunavir,-3.54,-3.52,0.08,37,93,547.66,0.64,2.86,3.74,2.97,4.05,2.38,9.27,CC(C)CN(C[C@@H](O)[C@H](Cc1ccccc1)NC(=O)O[C@H]1CO[C@H]2OCC[C@H]21)S(=O)(=O)c1ccc(N)cc1
1303,CC(C)CNC(/C=C/c1cccnc1)=C\C(=O)/C=C/c2cccnc2,Curcuminanalog5a,-3.61,-3.53,0.29,37,140,333.43,0.13,1.78,2.29,2.04,2.78,3.9,7.32,CC(C)CNC(=C\C(=O)/C=C/c1cccnc1)/C=C/c1cccnc1
1304,CC(C)COC(=O)N1C=C(F)C(=O)NC1=O,1-(i-Butoxycarbonyl)-5-fluorouracil,-1.84,-1.88,0.17,22,132,230.19,0.24,1.07,1.61,0.88,1.55,0.32,3.59,CC(C)COC(=O)n1cc(F)c(=O)[nH]c1=O
1305,CC(C)COCC(CN(Cc1ccccc1)c2ccccc2)N3CCCC3,Bepridil,-5.41,-5.38,0.66,37,78,366.54,0,1.32,1.81,1.79,3.16,4.83,7.73,CC(C)COCC(CN(Cc1ccccc1)c1ccccc1)N1CCCC1
1306,CC(C)C[C@@H](C(=O)N[C@@H](CC(C)C)C(=O)N[C@@H](CC(C)C)C(=O)O)N,Leu-Leu-Leu<Trileucine>,-1.69,-1.69,0.18,25,127,357.49,1.29,2.23,2.65,1.02,3.05,1.51,10.36,CC(C)C[C@H](NC(=O)[C@H](CC(C)C)NC(=O)[C@@H](N)CC(C)C)C(=O)O
1307,CC(C)C[C@@H](C(=O)[C@]1(CO1)C)NC(=O)[C@H](Cc2ccccc2)NC(=O)[C@H](CC(C)C)NC(=O)[C@H](CCc3ccccc3)NC(=O)CN4CCOCC4,Carfilzomib,-5.16,-5.16,0.03,23,209,719.91,1.02,3.89,5.68,3.27,5.75,2.58,15.34,CC(C)C[C@H](NC(=O)[C@H](CCc1ccccc1)NC(=O)CN1CCOCC1)C(=O)N[C@@H](Cc1ccccc1)C(=O)N[C@@H](CC(C)C)C(=O)[C@@]1(C)CO1
1308,CC(C)C[C@@H]2NC(=O)[C@@H](CC(C)C)NC(=O)[C@@H](CC(C)C)NC(=O)[C@@H](CC(C)C)NC(=O)[C@H](NC(=O)[C@H]1CCCN1C2=O)CC(C)C,T031cmpd2,-3.55,-3.62,0.28,37,176,662.9,1.28,3.78,5.54,2.36,5.52,2.65,15.65,CC(C)C[C@@H]1NC(=O)[C@@H](CC(C)C)NC(=O)[C@@H](CC(C)C)NC(=O)[C@@H](CC(C)C)NC(=O)[C@@H](CC(C)C)NC(=O)[C@H]2CCCN2C1=O
1309,CC(C)C[C@@H]2NC(=O)[C@@H](CC(C)C)NC(=O)[C@@H](CC(C)C)NC(=O)[C@@H](CC(C)C)NC(=O)[C@H](NC(=O)[C@H]1CCCN1C2=O)CCC(=O)N3CCCC3,T031cmpd2-Pye2,-3.16,-3.21,0.2,37,180,731.97,1.28,4.35,6.53,2.88,5.95,2,16.37,CC(C)C[C@@H]1NC(=O)[C@@H](CC(C)C)NC(=O)[C@@H](CC(C)C)NC(=O)[C@@H](CC(C)C)NC(=O)[C@@H](CCC(=O)N2CCCC2)NC(=O)[C@H]2CCCN2C1=O
1310,CC(C)C[C@@H]2NC(=O)[C@H](CC(C)C)N(C)C(=O)[C@@H](CC(C)C)N(C)C(=O)[C@H](CC(C)C)NC(=O)[C@@H](NC(=O)[C@H]1CCCN1C2=O)Cc3ccc(O)cc3,T032cmpd2b(5%DMSO),-4.611,-4.604,0.5,23,186,740.972,1.27,4.22,6.24,3.19,6.04,3.23,15.71,CC(C)C[C@@H]1NC(=O)[C@H](Cc2ccc(O)cc2)NC(=O)[C@H]2CCCN2C(=O)[C@H](CC(C)C)NC(=O)[C@H](CC(C)C)N(C)C(=O)[C@@H](CC(C)C)N(C)C1=O
1311,CC(C)C[C@@H]2NC(=O)[C@H](CC(C)C)NC(=O)[C@@H](CC(C)C)N(C)C(=O)[C@H](CC(C)C)NC(=O)[C@@H](NC(=O)[C@H]1CCCN1C2=O)Cc3ccc(O)cc3,T032cmpd2a(5%DMSO),-4.339,-4.333,0.44,23,185,726.946,1.52,4.16,6.23,3.17,5.9,2.89,15.49,CC(C)C[C@@H]1NC(=O)[C@@H](CC(C)C)N(C)C(=O)[C@H](CC(C)C)NC(=O)[C@H](Cc2ccc(O)cc2)NC(=O)[C@H]2CCCN2C(=O)[C@H](CC(C)C)NC1=O
1312,CC(C)C[C@@H]2NC(=O)[C@H](CC(C)C)NC(=O)[C@@H](CC(C)C)NC(=O)[C@@H](CC(C)C)NC(=O)[C@H](NC(=O)[C@H]1CCCN1C2=O)CC(C)C,T031cmpd1,-4.73,-4.8,0.52,37,176,662.9,1.28,3.78,5.54,2.36,5.52,2.65,15.65,CC(C)C[C@@H]1NC(=O)[C@@H](CC(C)C)NC(=O)[C@@H](CC(C)C)NC(=O)[C@@H](CC(C)C)NC(=O)[C@H]2CCCN2C(=O)[C@H](CC(C)C)NC1=O
1313,CC(C)C[C@@H]2NC(=O)[C@H](CC(C)C)NC(=O)[C@@H](CC(C)C)NC(=O)[C@@H](CC(C)C)NC(=O)[C@H](NC(=O)[C@H]1CCCN1C2=O)CCC(=O)N3CCCC3,T031cmpd1-Pye2,-3.14,-3.19,0.2,37,180,731.97,1.28,4.35,6.53,2.88,5.95,2,16.37,CC(C)C[C@@H]1NC(=O)[C@@H](CC(C)C)NC(=O)[C@@H](CC(C)C)NC(=O)[C@@H](CCC(=O)N2CCCC2)NC(=O)[C@H]2CCCN2C(=O)[C@H](CC(C)C)NC1=O
1314,CC(C)C[C@@H]2NC(=O)[C@H](CC(C)C)NC(=O)[C@@H](CC(C)C)NC(=O)[C@@H](NC(=O)[C@@H](NC(=O)[C@H]1CCCN1C2=O)Cc3ccc(O)cc3)[C@@H](C)O,T032cmpd10a(5%DMSO),-4.049,-4.047,0.38,23,186,700.865,2.02,4.47,6.43,3.38,5.54,0.88,14.61,CC(C)C[C@@H]1NC(=O)[C@@H](CC(C)C)NC(=O)[C@H]([C@@H](C)O)NC(=O)[C@H](Cc2ccc(O)cc2)NC(=O)[C@H]2CCCN2C(=O)[C@H](CC(C)C)NC1=O
1315,CC(C)C[C@@H]2NC(=O)[C@H](CC(C)C)NC(=O)[C@@H](CC(C)C)NC(=O)[C@H](CC(C)C)NC(=O)[C@@H](CC(C)C)NC(=O)[C@@H](NC(=O)[C@H]1CCCN1C2=O)Cc3ccc(O)cc3,T032cmpd3(5%DMSO),-4.917,-4.904,0.56,23,166,826.077,2.03,4.74,7.08,3.47,6.72,3.08,18.66,CC(C)C[C@@H]1NC(=O)[C@@H](CC(C)C)NC(=O)[C@H](CC(C)C)NC(=O)[C@@H](CC(C)C)NC(=O)[C@H](Cc2ccc(O)cc2)NC(=O)[C@H]2CCCN2C(=O)[C@H](CC(C)C)NC1=O
1316,CC(C)C[C@@H]2NC(=O)[C@H](CC(C)C)NC(=O)[C@@H](CC(C)C)NC(=O)[C@H](CC(C)C)NC(=O)[C@@H](NC(=O)[C@H]1CCCN1C2=O)Cc3ccc(O)cc3,T032cmpd1b(5%DMSO),-4.391,-4.387,0.45,23,183,712.919,1.78,4.11,6.22,3.15,5.76,2.55,15.29,CC(C)C[C@@H]1NC(=O)[C@H](Cc2ccc(O)cc2)NC(=O)[C@H]2CCCN2C(=O)[C@H](CC(C)C)NC(=O)[C@H](CC(C)C)NC(=O)[C@@H](CC(C)C)NC1=O
1317,CC(C)C[C@@H]2NC(=O)[C@H](CC(C)C)NC(=O)[C@@H](CC(C)C)NC(=O)[C@H](CC(C)C)NC(=O)[C@@](C)(CC(C)C)NC(=O)[C@@H](NC(=O)[C@H]1CCCN1C2=O)Cc3ccc(O)cc3,T032cmpd5(5%DMSO),-4.621,-4.606,0.5,23,183,840.103,2.03,4.75,7.03,3.45,6.86,3.47,18.41,CC(C)C[C@@H]1NC(=O)[C@@H](CC(C)C)NC(=O)[C@H](CC(C)C)NC(=O)[C@@](C)(CC(C)C)NC(=O)[C@H](Cc2ccc(O)cc2)NC(=O)[C@H]2CCCN2C(=O)[C@H](CC(C)C)NC1=O
1318,CC(C)C[C@@H]2NC(=O)[C@H](CC(C)C)NC(=O)[C@@H](CC(C)C)NC(=O)[C@H](CC(C)C)NC(=O)[C@@](C)(CC(C)C)NC(=O)[C@H](NC(=O)[C@H]1CCCN1C2=O)Cc3ccc(O)cc3,T032cmpd7(5%DMSO),-5.177,-5.162,0.61,23,183,840.103,2.03,4.75,7.03,3.45,6.86,3.47,18.41,CC(C)C[C@@H]1NC(=O)[C@@H](CC(C)C)NC(=O)[C@H](CC(C)C)NC(=O)[C@@](C)(CC(C)C)NC(=O)[C@@H](Cc2ccc(O)cc2)NC(=O)[C@H]2CCCN2C(=O)[C@H](CC(C)C)NC1=O
1319,CC(C)C[C@@H]2NC(=O)[C@H](CC(C)C)NC(=O)[C@@H](CC(C)C)NC(=O)[C@H](CC(C)C)NC(=O)[C@H](NC(=O)[C@H]1CCCN1C2=O)CC(C)C,T031cmpd3,-4.13,-4.2,0.4,37,176,662.9,1.28,3.78,5.54,2.36,5.52,2.65,15.65,CC(C)C[C@@H]1NC(=O)[C@@H](CC(C)C)NC(=O)[C@H](CC(C)C)NC(=O)[C@@H](CC(C)C)NC(=O)[C@H]2CCCN2C(=O)[C@H](CC(C)C)NC1=O
1320,CC(C)C[C@@H]2NC(=O)[C@H](CC(C)C)NC(=O)[C@@H](CC(C)C)NC(=O)[C@H](CC(C)C)NC(=O)[C@H](NC(=O)[C@H]1CCCN1C2=O)CCC(=O)N3CCCC3,T031cmpd3-Pye2,-3.08,-3.14,0.19,37,180,731.97,1.28,4.35,6.53,2.88,5.95,2,16.37,CC(C)C[C@@H]1NC(=O)[C@@H](CC(C)C)NC(=O)[C@H](CC(C)C)NC(=O)[C@@H](CCC(=O)N2CCCC2)NC(=O)[C@H]2CCCN2C(=O)[C@H](CC(C)C)NC1=O
1321,CC(C)C[C@@H]2NC(=O)[C@H](CC(C)C)NC(=O)[C@@H](CC(C)C)NC(=O)[C@H](NC(=O)[C@@H](NC(=O)[C@H]1CCCN1C2=O)Cc3ccc(O)cc3)[C@H](C)O,T032cmpd10b(5%DMSO),-4.051,-4.048,0.38,23,186,700.865,2.02,4.47,6.43,3.38,5.54,0.88,14.61,CC(C)C[C@@H]1NC(=O)[C@@H](CC(C)C)NC(=O)[C@@H]([C@H](C)O)NC(=O)[C@H](Cc2ccc(O)cc2)NC(=O)[C@H]2CCCN2C(=O)[C@H](CC(C)C)NC1=O
1322,CC(C)C[C@@H]2NC(=O)[C@H](CC(C)C)NC(=O)[C@@H](CC(C)C)NC(=O)[C@](C)(CC(C)C)NC(=O)[C@@H](NC(=O)[C@H]1CCCN1C2=O)Cc3ccc(O)cc3,T032cmpd4b(5%DMSO),-4.452,-4.445,0.46,23,182,726.946,1.78,4.12,6.17,3.13,5.9,2.94,15.07,CC(C)C[C@@H]1NC(=O)[C@@H](CC(C)C)NC(=O)[C@](C)(CC(C)C)NC(=O)[C@H](Cc2ccc(O)cc2)NC(=O)[C@H]2CCCN2C(=O)[C@H](CC(C)C)NC1=O
1323,CC(C)C[C@@H]2NC(=O)[C@H](CC(C)C)NC(=O)[C@H](CC(C)C)NC(=O)[C@@H](CC(C)C)NC(=O)[C@@H](NC(=O)[C@H]1CCCN1C2=O)Cc3ccc(O)cc3,T032cmpd1a(5%DMSO),-4.111,-4.107,0.39,23,183,712.919,1.78,4.11,6.22,3.15,5.76,2.55,15.29,CC(C)C[C@@H]1NC(=O)[C@H](CC(C)C)NC(=O)[C@@H](CC(C)C)NC(=O)[C@H](Cc2ccc(O)cc2)NC(=O)[C@H]2CCCN2C(=O)[C@H](CC(C)C)NC1=O
1324,CC(C)C[C@@H]2NC(=O)[C@](C)(CC(C)C)NC(=O)[C@@H](CC(C)C)NC(=O)[C@H](CC(C)C)NC(=O)[C@@H](CC(C)C)NC(=O)[C@@H](NC(=O)[C@H]1CCCN1C2=O)Cc3ccc(O)cc3,T032cmpd6(5%DMSO),-4.544,-4.529,0.48,23,183,840.103,2.03,4.75,7.03,3.45,6.86,3.47,18.41,CC(C)C[C@@H]1NC(=O)[C@@H](CC(C)C)NC(=O)[C@H](Cc2ccc(O)cc2)NC(=O)[C@H]2CCCN2C(=O)[C@H](CC(C)C)NC(=O)[C@](C)(CC(C)C)NC(=O)[C@@H](CC(C)C)NC1=O
1325,CC(C)C[C@@H]2NC(=O)[C@](C)(CC(C)C)NC(=O)[C@@H](CC(C)C)NC(=O)[C@H](CC(C)C)NC(=O)[C@@H](NC(=O)[C@H]1CCCN1C2=O)Cc3ccc(O)cc3,T032cmpd4a(5%DMSO),-4.732,-4.725,0.52,23,182,726.946,1.78,4.12,6.17,3.13,5.9,2.94,15.07,CC(C)C[C@@H]1NC(=O)[C@H](Cc2ccc(O)cc2)NC(=O)[C@H]2CCCN2C(=O)[C@H](CC(C)C)NC(=O)[C@](C)(CC(C)C)NC(=O)[C@@H](CC(C)C)NC1=O
1326,CC(C)C[C@@H]3NC(=O)[C@@H](CC(C)C)NC(=O)[C@@H](CC(C)C)NC(=O)[C@@H](CCC(=O)N1CCCC1)NC(=O)[C@H](NC(=O)[C@H]2CCCN2C3=O)CC(C)C,T031cmpd2-Pye3,-3.29,-3.35,0.23,37,179,731.97,1.28,4.35,6.53,2.88,5.95,2,16.37,CC(C)C[C@@H]1NC(=O)[C@@H](CC(C)C)NC(=O)[C@@H](CC(C)C)NC(=O)[C@@H](CCC(=O)N2CCCC2)NC(=O)[C@@H](CC(C)C)NC(=O)[C@H]2CCCN2C1=O
1327,CC(C)C[C@@H]3NC(=O)[C@@H](CC(C)C)NC(=O)[C@@H](CC(C)C)NC(=O)[C@H](NC(=O)[C@H]1CCCN1C(=O)[C@H](CCC(=O)N2CCCC2)NC3=O)CC(C)C,T031cmpd1-Pye6,-3.09,-3.14,0.19,37,180,731.97,1.28,4.35,6.53,2.88,5.95,2,16.37,CC(C)C[C@@H]1NC(=O)[C@@H](CC(C)C)NC(=O)[C@@H](CC(C)C)NC(=O)[C@@H](CC(C)C)NC(=O)[C@H]2CCCN2C(=O)[C@H](CCC(=O)N2CCCC2)NC1=O
1328,CC(C)C[C@@H]3NC(=O)[C@@H](CC(C)C)NC(=O)[C@@H](CCC(=O)N1CCCC1)NC(=O)[C@@H](CC(C)C)NC(=O)[C@H](NC(=O)[C@H]2CCCN2C3=O)CC(C)C,T031cmpd2-Pye4,-3.28,-3.34,0.23,37,180,731.97,1.28,4.35,6.53,2.88,5.95,2,16.37,CC(C)C[C@@H]1NC(=O)[C@@H](CC(C)C)NC(=O)[C@@H](CCC(=O)N2CCCC2)NC(=O)[C@@H](CC(C)C)NC(=O)[C@@H](CC(C)C)NC(=O)[C@H]2CCCN2C1=O
1329,CC(C)C[C@@H]3NC(=O)[C@@H](CC(C)C)NC(=O)[C@H](CC(C)C)NC(=O)[C@H](NC(=O)[C@H]1CCCN1C(=O)[C@H](CCC(=O)N2CCCC2)NC3=O)CC(C)C,T031cmpd3-Pye6,-3.17,-3.22,0.2,37,180,731.97,1.28,4.35,6.53,2.88,5.95,2,16.37,CC(C)C[C@@H]1NC(=O)[C@@H](CC(C)C)NC(=O)[C@H](CC(C)C)NC(=O)[C@@H](CC(C)C)NC(=O)[C@H]2CCCN2C(=O)[C@H](CCC(=O)N2CCCC2)NC1=O
1330,CC(C)C[C@@H]3NC(=O)[C@@H](CCC(=O)N1CCCC1)NC(=O)[C@@H](CC(C)C)NC(=O)[C@@H](CC(C)C)NC(=O)[C@H](NC(=O)[C@H]2CCCN2C3=O)CC(C)C,T031cmpd2-Pye5,-3.21,-3.26,0.21,37,180,731.97,1.28,4.35,6.53,2.88,5.95,2,16.37,CC(C)C[C@@H]1NC(=O)[C@@H](CCC(=O)N2CCCC2)NC(=O)[C@@H](CC(C)C)NC(=O)[C@@H](CC(C)C)NC(=O)[C@@H](CC(C)C)NC(=O)[C@H]2CCCN2C1=O
1331,CC(C)C[C@@H]3NC(=O)[C@@H](NC(=O)C(CC(C)C)NC(=O)[C@@H](NC(=O)C1CCCN1C(=O)C(Cc2ccccc2)NC3=O)CC(C)C)C(C)C,"Phe-Pro-PeptinA,Epi-",-3.66,-3.66,0.3,23,116,682.89,1.28,3.83,6,2.93,5.56,2.45,14.62,CC(C)CC1NC(=O)[C@H](CC(C)C)NC(=O)C2CCCN2C(=O)C(Cc2ccccc2)NC(=O)[C@H](CC(C)C)NC(=O)[C@H](C(C)C)NC1=O
1332,CC(C)C[C@@H]3NC(=O)[C@@H](NC(=O)C(CC(C)C)NC(=O)[C@@H](NC(=O)C1CCCN1C(=O)C(Cc2ccccc2)NC3=O)CC(C)C)C(C)CC,Epi-Phe-Pro-PeptinC,-4,-4,0.37,23,120,696.92,1.28,3.83,6.01,2.93,5.7,2.84,15.27,CCC(C)[C@@H]1NC(=O)C(CC(C)C)NC(=O)[C@H](CC(C)C)NC(=O)C2CCCN2C(=O)C(Cc2ccccc2)NC(=O)[C@H](CC(C)C)NC1=O
1333,CC(C)C[C@@H]3NC(=O)[C@@H](NC(=O)C(CC(C)C)NC(=O)[C@@H](NC(=O)C1CCCN1C(=O)C(Cc2ccccc2)NC3=O)Cc4ccccc4)C(C)C,Epi-Phe-Pro-PeptinB,-4.01,-4.01,0.37,23,126,716.91,1.28,3.88,6.47,3.5,5.75,2.65,14.37,CC(C)CC1NC(=O)[C@H](Cc2ccccc2)NC(=O)C2CCCN2C(=O)C(Cc2ccccc2)NC(=O)[C@H](CC(C)C)NC(=O)[C@H](C(C)C)NC1=O
1334,CC(C)C[C@@H]3NC(=O)[C@@H](NC(=O)C(CC(C)C)NC(=O)[C@@H](NC(=O)C1CCCN1C(=O)C(Cc2ccccc2)NC3=O)Cc4ccccc4)C(C)CC,Epi-Phe-Pro-PeptinD,-4.39,-4.39,0.45,23,126,730.94,1.28,3.88,6.47,3.49,5.89,3.04,14.99,CCC(C)[C@@H]1NC(=O)C(CC(C)C)NC(=O)[C@H](Cc2ccccc2)NC(=O)C2CCCN2C(=O)C(Cc2ccccc2)NC(=O)[C@H](CC(C)C)NC1=O
1335,CC(C)C[C@@H]3NC(=O)[C@@H](NC(=O)C(CC(C)C)NC(=O)[C@@H](NC(=O)[C@@H]1CCCN1C(=O)C(Cc2ccccc2)NC3=O)CC(C)C)C(C)C,Phe-Pro-PeptinA,-3.62,-3.62,0.3,23,116,682.89,1.28,3.83,6,2.93,5.56,2.45,14.62,CC(C)CC1NC(=O)[C@H](CC(C)C)NC(=O)[C@@H]2CCCN2C(=O)C(Cc2ccccc2)NC(=O)[C@H](CC(C)C)NC(=O)[C@H](C(C)C)NC1=O
1336,CC(C)C[C@@H]3NC(=O)[C@@H](NC(=O)C(CC(C)C)NC(=O)[C@@H](NC(=O)[C@@H]1CCCN1C(=O)C(Cc2ccccc2)NC3=O)CC(C)C)C(C)CC,Phe-Pro-PeptinC,-4.07,-4.07,0.39,23,120,696.92,1.28,3.83,6.01,2.93,5.7,2.84,15.27,CCC(C)[C@@H]1NC(=O)C(CC(C)C)NC(=O)[C@H](CC(C)C)NC(=O)[C@@H]2CCCN2C(=O)C(Cc2ccccc2)NC(=O)[C@H](CC(C)C)NC1=O
1337,CC(C)C[C@@H]3NC(=O)[C@@H](NC(=O)C(CC(C)C)NC(=O)[C@@H](NC(=O)[C@@H]1CCCN1C(=O)C(Cc2ccccc2)NC3=O)Cc4ccccc4)C(C)C,Phe-Pro-PeptinB,-4.15,-4.16,0.4,23,126,716.91,1.28,3.88,6.47,3.5,5.75,2.65,14.37,CC(C)CC1NC(=O)[C@H](Cc2ccccc2)NC(=O)[C@@H]2CCCN2C(=O)C(Cc2ccccc2)NC(=O)[C@H](CC(C)C)NC(=O)[C@H](C(C)C)NC1=O
1338,CC(C)C[C@@H]3NC(=O)[C@@H](NC(=O)C(CC(C)C)NC(=O)[C@@H](NC(=O)[C@@H]1CCCN1C(=O)C(Cc2ccccc2)NC3=O)Cc4ccccc4)C(C)CC,Phe-Pro-PeptinD,-4.82,-4.82,0.54,23,126,730.94,1.28,3.88,6.47,3.49,5.89,3.04,14.99,CCC(C)[C@@H]1NC(=O)C(CC(C)C)NC(=O)[C@H](Cc2ccccc2)NC(=O)[C@@H]2CCCN2C(=O)C(Cc2ccccc2)NC(=O)[C@H](CC(C)C)NC1=O
1339,CC(C)C[C@@H]3NC(=O)[C@H](CC(C)C)N(C)C(=O)[C@@H](CC(C)C)N(C)C(=O)[C@H](CC(C)C)NC(=O)[C@H](Cc1ccc(O)cc1)N(C)C(=O)[C@H]2CCCN2C3=O,T032cmpd2c(5%DMSO),-4.896,-4.887,0.55,23,183,754.999,1.01,4.27,6.25,3.2,6.18,3.57,15.92,CC(C)C[C@@H]1NC(=O)[C@H](Cc2ccc(O)cc2)N(C)C(=O)[C@H]2CCCN2C(=O)[C@H](CC(C)C)NC(=O)[C@H](CC(C)C)N(C)C(=O)[C@@H](CC(C)C)N(C)C1=O
1340,CC(C)C[C@@H]3NC(=O)[C@H](CC(C)C)NC(=O)[C@@H](CC(C)C)NC(=O)[C@@H](CCC(=O)N1CCCC1)NC(=O)[C@H](NC(=O)[C@H]2CCCN2C3=O)CC(C)C,T031cmpd1-Pye3,-3.21,-3.26,0.21,37,179,731.97,1.28,4.35,6.53,2.88,5.95,2,16.37,CC(C)C[C@@H]1NC(=O)[C@@H](CC(C)C)NC(=O)[C@@H](CCC(=O)N2CCCC2)NC(=O)[C@@H](CC(C)C)NC(=O)[C@H]2CCCN2C(=O)[C@H](CC(C)C)NC1=O
1341,CC(C)C[C@@H]3NC(=O)[C@H](CC(C)C)NC(=O)[C@@H](CC(C)C)NC(=O)[C@H](CCC(=O)N1CCCC1)NC(=O)[C@H](NC(=O)[C@H]2CCCN2C3=O)CC(C)C,T031cmpd3-Pye3,-3.8,-3.85,0.33,37,179,731.97,1.28,4.35,6.53,2.88,5.95,2,16.37,CC(C)C[C@@H]1NC(=O)[C@@H](CC(C)C)NC(=O)[C@H](CCC(=O)N2CCCC2)NC(=O)[C@@H](CC(C)C)NC(=O)[C@H]2CCCN2C(=O)[C@H](CC(C)C)NC1=O
1342,CC(C)C[C@@H]3NC(=O)[C@H](CC(C)C)NC(=O)[C@@H](CCC(=O)N1CCCC1)NC(=O)[C@@H](CC(C)C)NC(=O)[C@H](NC(=O)[C@H]2CCCN2C3=O)CC(C)C,T031cmpd1-Pye4,-3.18,-3.24,0.21,37,180,731.97,1.28,4.35,6.53,2.88,5.95,2,16.37,CC(C)C[C@@H]1NC(=O)[C@@H](CCC(=O)N2CCCC2)NC(=O)[C@@H](CC(C)C)NC(=O)[C@@H](CC(C)C)NC(=O)[C@H]2CCCN2C(=O)[C@H](CC(C)C)NC1=O
1343,CC(C)C[C@@H]3NC(=O)[C@H](CC(C)C)NC(=O)[C@@H](CCC(=O)N1CCCC1)NC(=O)[C@H](CC(C)C)NC(=O)[C@H](NC(=O)[C@H]2CCCN2C3=O)CC(C)C,T031cmpd3-Pye4,-3.18,-3.24,0.21,37,180,731.97,1.28,4.35,6.53,2.88,5.95,2,16.37,CC(C)C[C@@H]1NC(=O)[C@@H](CCC(=O)N2CCCC2)NC(=O)[C@H](CC(C)C)NC(=O)[C@@H](CC(C)C)NC(=O)[C@H]2CCCN2C(=O)[C@H](CC(C)C)NC1=O
1344,CC(C)C[C@@H]3NC(=O)[C@H](CC(C)C)NC(=O)[C@H](Cc1ccccc1)NC(=O)[C@H](CC(C)C)NC(=O)[C@@H](NC(=O)[C@H]2CCCN2C3=O)Cc4ccc(O)cc4,T032cmpd8(5%DMSO),-4.301,-4.304,0.43,23,186,746.935,1.78,4.16,6.68,3.72,5.94,2.74,15.03,CC(C)C[C@@H]1NC(=O)[C@H](Cc2ccc(O)cc2)NC(=O)[C@H]2CCCN2C(=O)[C@H](CC(C)C)NC(=O)[C@H](CC(C)C)NC(=O)[C@H](Cc2ccccc2)NC1=O
1345,CC(C)C[C@@H]3NC(=O)[C@H](CC(C)C)NC(=O)[C@H](Cc1ccccn1)NC(=O)[C@H](CC(C)C)NC(=O)[C@@H](NC(=O)[C@H]2CCCN2C3=O)Cc4ccc(O)cc4,T032cmpd9a(5%DMSO),-3.929,-3.931,0.36,23,187,747.923,1.78,4.44,6.81,3.77,5.9,2.14,14.96,CC(C)C[C@@H]1NC(=O)[C@H](Cc2ccc(O)cc2)NC(=O)[C@H]2CCCN2C(=O)[C@H](CC(C)C)NC(=O)[C@H](CC(C)C)NC(=O)[C@H](Cc2ccccn2)NC1=O
1346,CC(C)C[C@@H]3NC(=O)[C@H](CC(C)C)NC(=O)[C@H](Cc1ccncc1)NC(=O)[C@H](CC(C)C)NC(=O)[C@@H](NC(=O)[C@H]2CCCN2C3=O)Cc4ccc(O)cc4,T032cmpd9b(5%DMSO),-3.961,-3.963,0.36,23,187,747.923,1.78,4.44,6.81,3.77,5.9,2.14,14.96,CC(C)C[C@@H]1NC(=O)[C@H](Cc2ccc(O)cc2)NC(=O)[C@H]2CCCN2C(=O)[C@H](CC(C)C)NC(=O)[C@H](CC(C)C)NC(=O)[C@H](Cc2ccncc2)NC1=O
1347,CC(C)C[C@@H]3NC(=O)[C@H](CCC(=O)N1CCCC1)NC(=O)[C@@H](CC(C)C)NC(=O)[C@@H](CC(C)C)NC(=O)[C@H](NC(=O)[C@H]2CCCN2C3=O)CC(C)C,T031cmpd1-Pye5,-3.24,-3.29,0.22,37,180,731.97,1.28,4.35,6.53,2.88,5.95,2,16.37,CC(C)C[C@@H]1NC(=O)[C@H](CCC(=O)N2CCCC2)NC(=O)[C@@H](CC(C)C)NC(=O)[C@@H](CC(C)C)NC(=O)[C@@H](CC(C)C)NC(=O)[C@H]2CCCN2C1=O
1348,CC(C)C[C@@H]3NC(=O)[C@H](CCC(=O)N1CCCC1)NC(=O)[C@@H](CC(C)C)NC(=O)[C@H](CC(C)C)NC(=O)[C@H](NC(=O)[C@H]2CCCN2C3=O)CC(C)C,T031cmpd3-Pye5,-3.21,-3.26,0.21,37,180,731.97,1.28,4.35,6.53,2.88,5.95,2,16.37,CC(C)C[C@@H]1NC(=O)[C@@H](CC(C)C)NC(=O)[C@H]2CCCN2C(=O)[C@H](CC(C)C)NC(=O)[C@H](CCC(=O)N2CCCC2)NC(=O)[C@@H](CC(C)C)NC1=O
1349,CC(C)C[C@@H]4NC(=O)[C@@H]1CCCN1C(=O)[C@@H](NC(=O)[C@@H]2CCCN2C(=O)[C@@H](NC(=O)[C@H](C)NC(=O)c3nc4sc3)Cc5ccccc5)C(C)CC,SanguinamideAanalog2,-4.44,-4.46,3.05,23,201,721.91,1.02,4.06,6.71,3.8,5.52,2.72,12.48,CCC(C)[C@@H]1NC(=O)[C@@H]2CCCN2C(=O)[C@H](Cc2ccccc2)NC(=O)[C@H](C)NC(=O)c2csc(n2)[C@H](CC(C)C)NC(=O)[C@@H]2CCCN2C1=O
1350,CC(C)C[C@H]1C(=O)N[C@@H](C(=O)N2CCC[C@H]2C(=O)N[C@H](C(=O)N[C@H](C(=O)N[C@H](C(=O)N[C@@H](C(=O)N3CCC[C@H]3C(=O)N[C@H](C(=O)N[C@H](C(=O)N1)CCCN)C(C)C)Cc4ccccc4)CC(C)C)CCCN)C(C)C)Cc5ccccc5,GramicidinS,-3.88,-3.91,0.35,28,169,1141.45,2.46,7.42,10.69,5.38,9.12,1.23,25.75,CC(C)C[C@@H]1NC(=O)[C@H](CCCN)NC(=O)[C@H](C(C)C)NC(=O)[C@@H]2CCCN2C(=O)[C@@H](Cc2ccccc2)NC(=O)[C@H](CC(C)C)NC(=O)[C@H](CCCN)NC(=O)[C@H](C(C)C)NC(=O)[C@@H]2CCCN2C(=O)[C@@H](Cc2ccccc2)NC1=O
1351,CC(C)C[C@H]2NC(=O)[C@H](CC(C)C)NC(=O)[C@@H](CC(C)C)NC(=O)[C@@H](CC(C)C)NC(=O)[C@@H](NC(=O)[C@@H]1CCCN1C2=O)Cc3ccc(O)cc3,T032cmpd1c(5%DMSO),-4.226,-4.222,0.42,23,183,712.919,1.78,4.11,6.22,3.15,5.76,2.55,15.29,CC(C)C[C@@H]1NC(=O)[C@@H](CC(C)C)NC(=O)[C@@H](CC(C)C)NC(=O)[C@H](Cc2ccc(O)cc2)NC(=O)[C@@H]2CCCN2C(=O)[C@@H](CC(C)C)NC1=O
1352,CC(C)C[C@H]3NC(=O)[C@@H](CC(C)C)NC(=O)[C@@H](CC(C)C)NC(=O)[C@H](NC(=O)[C@H]1CCCN1C(=O)[C@H](CCC(=O)N2CCCC2)NC3=O)CC(C)C,T031cmpd2-Pye6,-3.2,-3.25,0.21,37,180,731.97,1.28,4.35,6.53,2.88,5.95,2,16.37,CC(C)C[C@H]1NC(=O)[C@H]2CCCN2C(=O)[C@H](CCC(=O)N2CCCC2)NC(=O)[C@@H](CC(C)C)NC(=O)[C@@H](CC(C)C)NC(=O)[C@@H](CC(C)C)NC1=O
1353,CC(C)N(C(C)C)C(=O)COC(=O)C1=CC=CC=C1,"2-(Benzoyloxy)-N,N-bis(1-methyl-ethyl)acetamide",-3.33,-3.34,0.24,22,106,263.34,0,1.13,1.91,0.98,2.17,2.49,5.54,CC(C)N(C(=O)COC(=O)c1ccccc1)C(C)C
1354,CC(C)N(C(C)C)C(=O)COC(=O)Cc1ccc2cc(ccc2c1)OC,Glycolamideanalog5,-5.83,-5.83,0.74,25,104,357.44,0,1.41,2.33,1.76,2.88,3.58,6.61,COc1ccc2cc(CC(=O)OCC(=O)N(C(C)C)C(C)C)ccc2c1
1355,CC(C)N(CCCCOCC(=O)NS(=O)(=O)C)c1cnc(c(n1)c2ccccc2)c3ccccc3,Selexipag,-8.12,-8.16,0.08,23,158,496.62,0.49,2.09,3.66,3.21,3.81,3.9,9.34,CC(C)N(CCCCOCC(=O)NS(C)(=O)=O)c1cnc(-c2ccccc2)c(-c2ccccc2)n1
1356,CC(C)N1CCC(CC1)N(c2ccc(cc2)Cl)C(=O)Cc3ccccc3,Lorcainide,-5.98,-6,0.77,23,263,370.92,0,1.34,2.27,2.02,2.96,4.79,6.34,CC(C)N1CCC(N(C(=O)Cc2ccccc2)c2ccc(Cl)cc2)CC1
1357,CC(C)NC(=O)COC(=O)Cc1ccc2cc(ccc2c1)OC,Glycolamideanalog11,-4.31,-4.31,0.44,25,131,315.36,0.26,1.32,2.33,1.74,2.46,2.46,5.57,COc1ccc2cc(CC(=O)OCC(=O)NC(C)C)ccc2c1
1358,CC(C)NCC(=O)Oc1cccc(-c2nc(Nc3ccc4[nH]ncc4c3)c3ccccc3n2)c1,Belumosudil<KD-025><REZUROCK>,-6.18,-5.97,0.5,37,185,452.51,0.79,2.04,3.45,4.12,3.39,4.82,5.89,CC(C)NCC(=O)Oc1cccc(-c2nc(Nc3ccc4[nH]ncc4c3)c3ccccc3n2)c1
1359,CC(C)NCC(COc1ccc(cc1)COCCOC(C)C)O,Bisoprolol,-1.46,-1.46,0.3,25,100,325.44,0.29,1.77,1.37,1.14,2.74,2.37,9.87,CC(C)NCC(O)COc1ccc(COCCOC(C)C)cc1
1360,CC(C)NCCN(c1ccc2c(c1)nc(cn2)c3cnn(c3)C)c4cc(cc(c4)OC)OC,Erdafitinib<BALVERSA>,-5.09,-5.11,0.23,23,141,446.54,0.15,2.09,2.91,3.39,3.48,4.18,6.74,COc1cc(OC)cc(N(CCNC(C)C)c2ccc3ncc(-c4cnn(C)c4)nc3c2)c1
1361,CC(C)Nc1nc(NC(C)C)nc(O)n1,2-Hydroxypropazine,-5.07,-5.06,0.15,26,173,211.26,0.76,1.25,1.37,1.37,1.7,1.22,3.65,CC(C)Nc1nc(O)nc(NC(C)C)n1
1362,CC(C)Nc1nc(nc(n1)Cl)NC(C)C,Propazine,-4.68,-4.67,0.15,26,213,229.72,0.36,0.92,1.23,1.27,1.76,2.17,4.08,CC(C)Nc1nc(Cl)nc(NC(C)C)n1
1363,CC(C)Nc1nc(nc(n1)OC)NC,Aratone,-1.73,-1.75,0.17,21,169,197.24,0.26,1.15,1.27,1.2,1.56,0.74,3.44,CNc1nc(NC(C)C)nc(OC)n1
1364,CC(C)Nc1nc(nc(n1)OC)NC(C)C,Prometone,-4.15,-4.15,0.12,26,92,225.29,0.26,1.19,1.26,1.2,1.84,1.52,4.27,COc1nc(NC(C)C)nc(NC(C)C)n1
1365,CC(C)Nc1nc(nc(n1)SC)NC(C)C,Prometryne,-4.12,-4.11,0.27,26,119,241.36,0.26,1.1,1.26,1.51,1.94,2.23,4.8,CSc1nc(NC(C)C)nc(NC(C)C)n1
1366,CC(C)Nc2nc1cc(Cl)c(Cl)cc1n2[C@H]3O[C@@H](CO)[C@H](O)[C@@H]3O,Maribavir<Benzimidavir><LIVTENCITY>,-2.82,-2.85,0.29,23,192,376.24,0.88,2.01,2.52,2.8,2.5,1.77,4.92,CC(C)Nc1nc2cc(Cl)c(Cl)cc2n1[C@H]1O[C@@H](CO)[C@H](O)[C@@H]1O
1367,CC(C)OC(=O)C(=C1SCCS1)C(=O)OC(C)C,Isoprothiolane,-3.73,-3.73,0.32,25,54,290.41,0,1.1,1.35,1.15,2.12,2.58,6.08,CC(C)OC(=O)C(C(=O)OC(C)C)=C1SCCS1
1368,CC(C)OC(=O)C1(CCCCC1)S(=O)(=O)C2=CC=C(C=C2)[N+](=O)[O-],i-Propyl(1-(4-nitro)phenylsulfonyl)cyclohexan,-4.88,-4.88,0.55,25,111,355.41,0,1.14,2.56,1.2,2.55,3.02,5.27,CC(C)OC(=O)C1(S(=O)(=O)c2ccc([N+](=O)[O-])cc2)CCCCC1
1369,CC(C)OC(=O)C1=CC=CC=C1C(=O)OC(C)C,Di-i-propylphthalate,-2.88,-2.88,0.17,20,52,250.29,0,0.85,1.36,0.74,1.99,2.82,4.89,CC(C)OC(=O)c1ccccc1C(=O)OC(C)C
1370,CC(C)OC(=O)C1=CN=C(N=C1C2=CN(C3=CC=CC=C32)C)NC4=C(C=C(C(=C4)NC(=O)C=C)N(C)CCN(C)C)OC,Mobocertinib<TAK-788><EXKIVITY>,-5.78,-5.65,0.73,37,182,585.7,0.56,2.8,3.88,4.02,4.56,5.08,9.67,C=CC(=O)Nc1cc(Nc2ncc(C(=O)OC(C)C)c(-c3cn(C)c4ccccc34)n2)c(OC)cc1N(C)CCN(C)C
1371,CC(C)OC(=O)CS(=O)(=O)C1=CC=C(C=C1)Cl,i-Propyl(4-chloro-phenyl)sulfonylacetate,-2.41,-2.41,0.17,25,41,276.74,0,1.01,2.05,0.9,1.9,2.07,4.53,CC(C)OC(=O)CS(=O)(=O)c1ccc(Cl)cc1
1372,CC(C)OC(=O)OC(C)OC(=O)C1=C(CS[C@H]2N1C(=O)[C@H]2NC(=O)/C(=N\OC)/c3csc(n3)N)COC,CefpodoximeProxetil,-3.27,-3.27,0.22,23,112,557.61,0.5,3.5,4.08,2.9,3.75,0.83,9.34,COCC1=C(C(=O)OC(C)OC(=O)OC(C)C)N2C(=O)[C@@H](NC(=O)/C(=N\OC)c3csc(N)n3)[C@H]2SC1
1373,CC(C)Oc1cc(c(cc1Cl)Cl)n2c(=O)oc(n2)C(C)(C)C,Oxadiazon,-5.68,-5.69,0.71,23,90,345.23,0,0.95,1.46,1.51,2.41,4.22,4.59,CC(C)Oc1cc(-n2nc(C(C)(C)C)oc2=O)c(Cl)cc1Cl
1374,CC(C)Oc1cc(ccc1C2=NC(C(N2C(=O)N3CCNC(=O)C3)c4ccc(cc4)Cl)c5ccc(cc5)Cl)OC,Nutlin-3,-4.37,-4.26,0.45,37,176,581.49,0.27,2.33,3.57,3.54,4.16,5.89,8.19,COc1ccc(C2=NC(c3ccc(Cl)cc3)C(c3ccc(Cl)cc3)N2C(=O)N2CCNC(=O)C2)c(OC(C)C)c1
1375,CC(C)Oc1ccc(cc1C#N)c2nc(no2)c3cccc4c3CC[C@@H]4NCCO,Ozanimod<ZEPOSIA>,-4.96,-4.8,0.4,37,136,404.46,0.38,1.78,2.8,3.15,3.06,3.63,5.8,CC(C)Oc1ccc(-c2nc(-c3cccc4c3CC[C@@H]4NCCO)no2)cc1C#N
1376,CC(C)[C@@H](C(=O)N1CC2(CC2)C[C@H]1c3[nH]c(cn3)c4ccc-5c(c4)C(c6c5ccc(c6)c7ccc8c(c7)[nH]c(n8)[C@@H]9[C@H]1CC[C@H](C1)N9C(=O)[C@H](C(C)C)NC(=O)OC)(F)F)NC(=O)OC,Ledipasvir,-7.56,-7.59,0.45,23,188,889,1.12,3.66,6.25,5.99,6.42,8.61,10.29,COC(=O)N[C@H](C(=O)N1CC2(CC2)C[C@H]1c1ncc(-c2ccc3c(c2)C(F)(F)c2cc(-c4ccc5nc([C@@H]6[C@H]7CC[C@H](C7)N6C(=O)[C@@H](NC(=O)OC)C(C)C)[nH]c5c4)ccc2-3)[nH]1)C(C)C
1377,CC(C)[C@@H](C(=O)N1CCC[C@H]1c2[nH]c(cn2)c3ccc(cc3)c4ccc(cc4)c5cnc([nH]5)[C@@H]6CCCN6C(=O)[C@H](C(C)C)NC(=O)OC)NC(=O)OC,Daclatasvir<BMS-790052>,-4.73,-4.75,0.04,23,83,738.88,1.12,3.64,6.01,4.84,5.64,6.22,11.68,COC(=O)N[C@H](C(=O)N1CCC[C@H]1c1ncc(-c2ccc(-c3ccc(-c4cnc([C@@H]5CCCN5C(=O)[C@@H](NC(=O)OC)C(C)C)[nH]4)cc3)cc2)[nH]1)C(C)C
1378,CC(C)[C@@H](C(=O)N1CCC[C@H]1c2[nH]cc(n2)c3ccc4c(c3)cc-5n4[C@@H](Oc6c5ccc(c6)c7c[nH]c(n7)[C@@H]8CCCN8C(=O)[C@H](C(C)C)NC(=O)OC)c9ccccc9)NC(=O)OC,Elbasvir<inZEPATIER>,-8.03,-8.06,1.19,23,242,882.02,1.12,4.14,6.96,6.38,6.57,8.12,11.84,COC(=O)N[C@H](C(=O)N1CCC[C@H]1c1nc(-c2ccc3c(c2)O[C@@H](c2ccccc2)n2c-3cc3cc(-c4c[nH]c([C@@H]5CCCN5C(=O)[C@@H](NC(=O)OC)C(C)C)n4)ccc32)c[nH]1)C(C)C
1379,CC(C)[C@@H](N)C(=O)OC(C)COC(=O)[C@]45CC[C@]3(C)C(=CC[C@H]2[C@@]3(C)CCC1[C@]2(C)CC[C@H](O)C1(C)C)[C@@H]5CC(C)(C)CC4,OleanolicL-Val(PGlinker)-7a,-7.42,-7.58,1.07,37,121,613.91,0.52,1.98,1.68,1.64,5.18,7.61,8.56,CC(COC(=O)[C@]12CCC(C)(C)C[C@H]1C1=CC[C@@H]3[C@@]4(C)CC[C@H](O)C(C)(C)C4CC[C@@]3(C)[C@]1(C)CC2)OC(=O)[C@H](N)C(C)C
1380,CC(C)[C@@H](N)C(=O)OCCOC(=O)[C@]45CC[C@]3(C)C(=CC[C@H]2[C@@]3(C)CCC1[C@]2(C)CC[C@H](O)C1(C)C)[C@@H]5CC(C)(C)CC4,OleanolicL-Val(EGlinker)-5a,-7.9,-8.03,1.16,37,225,599.88,0.52,1.95,1.69,1.63,5.04,7.22,8.32,CC(C)[C@@H](N)C(=O)OCCOC(=O)[C@]12CCC(C)(C)C[C@H]1C1=CC[C@@H]3[C@@]4(C)CC[C@H](O)C(C)(C)C4CC[C@@]3(C)[C@]1(C)CC2
1381,CC(C)[C@@H]4NC(=O)[C@@H]1CCCN1C(=O)[C@@H](NC(=O)[C@@H]2CCCN2C(=O)[C@@H](NC(=O)[C@@H](NC(=O)c3nc4sc3)C(C)C)Cc5ccccc5)C(C)C,SanguinamideAanalog6,-3.82,-3.83,0.05,23,203,721.91,1.02,4.09,6.69,3.81,5.52,2.57,12.15,CC(C)[C@@H]1NC(=O)c2csc(n2)[C@H](C(C)C)NC(=O)[C@@H]2CCCN2C(=O)[C@H](C(C)C)NC(=O)[C@@H]2CCCN2C(=O)[C@H](Cc2ccccc2)NC1=O
1382,CC(C)[C@@H]4NC(=O)[C@@H]1CCCN1C(=O)[C@@H](NC(=O)[C@@H]2CCCN2C(=O)[C@@H](NC(=O)[C@H](C)NC(=O)c3nc4sc3)Cc5ccccc5)C(C)CC,SanguinamideAanalog4,-3.67,-3.69,0.76,23,201,707.88,1.02,4.05,6.7,3.81,5.38,2.33,11.92,CCC(C)[C@@H]1NC(=O)[C@@H]2CCCN2C(=O)[C@H](Cc2ccccc2)NC(=O)[C@H](C)NC(=O)c2csc(n2)[C@H](C(C)C)NC(=O)[C@@H]2CCCN2C1=O
1383,CC(C)[C@H](N)C(=O)N[C@@H](C(C)C)C(=O)OC(C)COC(=O)[C@]45CC[C@]3(C)C(=CC[C@H]2[C@@]3(C)CCC1[C@]2(C)CC[C@H](O)C1(C)C)[C@@H]5CC(C)(C)CC4,OleanolicD-ValL-Val(PGlinker)-9a,-7.09,-7.24,1,37,185,713.04,0.78,2.6,2.54,1.96,6,7.75,10.84,CC(COC(=O)[C@]12CCC(C)(C)C[C@H]1C1=CC[C@@H]3[C@@]4(C)CC[C@H](O)C(C)(C)C4CC[C@@]3(C)[C@]1(C)CC2)OC(=O)[C@@H](NC(=O)[C@@H](N)C(C)C)C(C)C
1384,CC(C)[C@H](N)C(=O)N[C@H](C(C)C)C(=O)OC(C)COC(=O)[C@]45CC[C@]3(C)C(=CC[C@H]2[C@@]3(C)CCC1[C@]2(C)CC[C@H](O)C1(C)C)[C@@H]5CC(C)(C)CC4,OleanolicL-ValL-Val(PGlinker)-9b,-7.16,-7.31,1.01,37,172,713.04,0.78,2.6,2.54,1.96,6,7.75,10.84,CC(COC(=O)[C@]12CCC(C)(C)C[C@H]1C1=CC[C@@H]3[C@@]4(C)CC[C@H](O)C(C)(C)C4CC[C@@]3(C)[C@]1(C)CC2)OC(=O)[C@H](NC(=O)[C@@H](N)C(C)C)C(C)C
1385,CC(C)[C@H](N)C(=O)OCCOC(=O)[C@]45CC[C@]3(C)C(=CC[C@H]2[C@@]3(C)CCC1[C@]2(C)CC[C@H](O)C1(C)C)[C@@H]5CC(C)(C)CC4,OleanolicD-Val(EGlinker)-5b,-8.19,-8.32,1.22,37,195,599.88,0.52,1.95,1.69,1.63,5.04,7.22,8.32,CC(C)[C@H](N)C(=O)OCCOC(=O)[C@]12CCC(C)(C)C[C@H]1C1=CC[C@@H]3[C@@]4(C)CC[C@H](O)C(C)(C)C4CC[C@@]3(C)[C@]1(C)CC2
1386,CC(C)[C@H]1C(=O)N[C@H](C(=O)NCC(=O)N[C@H](C(=O)N[C@@H](C(=O)N1C)Cc2ccccc2)CC(=O)O)CCCNC(=N)N,Cilengitide,-2,-2,0.02,20,155,588.66,2.07,4.46,5.82,3.23,4.48,-1.97,12.71,CC(C)[C@H]1C(=O)N[C@@H](CCCNC(=N)N)C(=O)NCC(=O)N[C@@H](CC(=O)O)C(=O)N[C@H](Cc2ccccc2)C(=O)N1C
1387,CC(C)c1c(c(nc(n1)N(C)S(=O)(=O)C)c2ccc(cc2)F)/C=C/[C@H](C[C@H](CC(=O)O)O)O,Rosuvastatin,-2.48,-2.48,0.45,25,170,481.54,1.2,2.22,3.11,2.75,3.48,2.4,8.64,CC(C)c1nc(N(C)S(C)(=O)=O)nc(-c2ccc(F)cc2)c1/C=C/[C@@H](O)C[C@@H](O)CC(=O)O
1388,CC(C)c1cccc(c1O)C(C)C,Propofol,-3.04,-3.04,0.18,23,19,178.3,0.31,0.46,0.77,0.85,1.62,3.64,2.97,CC(C)c1cccc(C(C)C)c1O
1389,CC(C)c1nc(cs1)CN(C)C(=O)N[C@@H](CCN2CCOCC2)C(=O)N[C@H](CC[C@H](Cc3ccccc3)NC(=O)OCc4cncs4)Cc5ccccc5,Cobicistat,-4.15,-4.16,0.11,23,96,776.02,0.63,3.41,5.29,3.87,5.96,6,16.25,CC(C)c1nc(CN(C)C(=O)N[C@@H](CCN2CCOCC2)C(=O)N[C@H](CC[C@H](Cc2ccccc2)NC(=O)OCc2cncs2)Cc2ccccc2)cs1
1390,CC(C1=NC(=NC(=N1)N)N)C,Isobutyroguanamine,-1.35,-1.43,0.17,18,196,153.19,0.45,1.02,1.48,1.33,1.22,0.16,1.89,CC(C)c1nc(N)nc(N)n1
1391,CC(C1CCC(=CC1)C)(C)O,?-Terpineol,-2.34,-2.34,0.3,25,33,154.25,0.31,0.45,0.53,0.53,1.42,2.5,2.38,CC1=CCC(C(C)(C)O)CC1
1392,CC(C1CCC(C)(O)CC1)(C)O,Terpin·H2O,-1.38,-1.39,0.11,23,158,172.27,0.63,0.68,0.69,0.58,1.53,1.7,2.5,CC1(O)CCC(C(C)(C)O)CC1
1393,CC(CC(C)C)OCC(CO)O,"3-(1,3-Dimethyl-butoxy)propane-1,2-diol",-1.24,-1.25,0.17,35,53,176.26,0.5,0.95,0.82,0.48,1.55,0.79,6.34,CC(C)CC(C)OCC(O)CO
1394,CC(CC(C1=CC=C(C=C1)O)C2=CC=C(C=C2)O)C,"4,4'-(3-Methylbutane-1,1-diyl)diphenol",-3.35,-3.37,0.24,23,136,256.34,1,0.82,1.51,1.62,2.15,4.28,4.1,CC(C)CC(c1ccc(O)cc1)c1ccc(O)cc1
1395,CC(CC)(C)NC(=O)N,1-(2-Methyl-2-butanyl)urea,-1.02,-1.01,0.17,27,99,130.19,0.59,0.75,1.09,0.5,1.17,0.84,2.49,CCC(C)(C)NC(N)=O
1396,CC(CC)N2C(C1=CC=CC=C1C2=O)=O,N-s-Butylphthalimide,-2.99,-2.91,0.17,35,106,203.24,0,0.86,1.72,1.26,1.58,2.08,2.31,CCC(C)N1C(=O)c2ccccc2C1=O
1397,CC(CC)NC(=O)COC(=O)Cc1ccc2cc(ccc2c1)OC,Glycolamideanalog1,-4.25,-4.25,0.42,25,129,329.39,0.26,1.32,2.33,1.73,2.6,2.85,6.18,CCC(C)NC(=O)COC(=O)Cc1ccc2cc(OC)ccc2c1
1398,CC(CC)NC(=S)N,s-Butylthiourea,-1.08,-1.14,0.17,15,98,132.23,0.34,0.87,0.93,0.97,1.13,0.62,3.52,CCC(C)NC(N)=S
1399,CC(CC)[C@@H]4NC(=O)[C@@H]1CCCN1C(=O)[C@@H](NC(=O)[C@@H]2CCCN2C(=O)[C@@H](NC(=O)[C@@H](NC(=O)c3nc4sc3)C(C)(C)C)Cc5ccccc5)C(C)CC,SanguinamideAanalog12<DanamideF>,-5.09,-5.1,0.44,23,199,763.99,1.02,4.1,6.65,3.78,5.94,3.75,13.18,CCC(C)[C@@H]1NC(=O)[C@@H]2CCCN2C(=O)[C@H](Cc2ccccc2)NC(=O)[C@H](C(C)(C)C)NC(=O)c2csc(n2)[C@H](C(C)CC)NC(=O)[C@@H]2CCCN2C1=O
1400,CC(CC)[C@@H]4NC(=O)[C@@H]1CCCN1C(=O)[C@@H](NC(=O)[C@@H]2CCCN2C(=O)[C@@H](NC(=O)[C@@H](NC(=O)c3nc4sc3)C(C)CC)Cc5ccccc5)C(C)CC,SanguinamideAanalog13,-5.21,-5.22,2.63,23,198,763.99,1.02,4.09,6.7,3.81,5.94,3.75,13.87,CCC(C)[C@@H]1NC(=O)c2csc(n2)[C@H](C(C)CC)NC(=O)[C@@H]2CCCN2C(=O)[C@H](C(C)CC)NC(=O)[C@@H]2CCCN2C(=O)[C@H](Cc2ccccc2)NC1=O
1401,CC(CC)[C@@H]4NC(=O)[C@@H]1CCCN1C(=O)[C@@H](NC(=O)[C@@H]2CCCN2C(=O)[C@@H](NC(=O)[C@@H](NC(=O)c3nc4sc3)CC(C)C)Cc5ccccc5)C(C)CC,SanguinamideAanalog14,-4.99,-5,0.88,23,198,763.99,1.02,4.09,6.7,3.81,5.94,3.75,13.87,CCC(C)[C@@H]1NC(=O)[C@@H]2CCCN2C(=O)[C@H](Cc2ccccc2)NC(=O)[C@H](CC(C)C)NC(=O)c2csc(n2)[C@H](C(C)CC)NC(=O)[C@@H]2CCCN2C1=O
1402,CC(CC)[C@@H]4NC(=O)[C@@H]1CCCN1C(=O)[C@@H](NC(=O)[C@@H]2CCCN2C(=O)[C@@H](NC(=O)[C@H](C)N(C)C(=O)c3nc4sc3)Cc5ccccc5)C(C)CC,SanguinamideAanalog8,-3.09,-3.1,0.03,23,202,735.94,0.77,4.11,6.72,3.82,5.66,3.06,12.71,CCC(C)[C@@H]1NC(=O)[C@@H]2CCCN2C(=O)[C@H](Cc2ccccc2)NC(=O)[C@H](C)N(C)C(=O)c2csc(n2)[C@H](C(C)CC)NC(=O)[C@@H]2CCCN2C1=O
1403,CC(CC)[C@@H]4NC(=O)[C@@H]1CCCN1C(=O)[C@@H](NC(=O)[C@@H]2CCCN2C(=O)[C@@H](NC(=O)[C@H](C)NC(=O)c3nc4sc3)Cc5ccccc5)C(C)C,SanguinamideAanalog5,-3.61,-3.63,0.13,23,201,707.88,1.02,4.05,6.7,3.81,5.38,2.33,11.92,CCC(C)[C@@H]1NC(=O)[C@@H]2CCCN2C(=O)[C@H](C(C)C)NC(=O)[C@@H]2CCCN2C(=O)[C@H](Cc2ccccc2)NC(=O)[C@H](C)NC(=O)c2csc1n2
1404,CC(CC)[C@@H]4NC(=O)[C@@H]1CCCN1C(=O)[C@@H](NC(=O)[C@@H]2CCCN2C(=O)[C@@H](NC(=O)[C@H](C)NC(=O)c3nc4sc3)Cc5ccccc5)C(C)CC,SanguinamideA,-3.96,-3.97,0.33,23,200,721.91,1.02,4.06,6.71,3.8,5.52,2.72,12.48,CCC(C)[C@@H]1NC(=O)[C@@H]2CCCN2C(=O)[C@H](Cc2ccccc2)NC(=O)[C@H](C)NC(=O)c2csc(n2)[C@H](C(C)CC)NC(=O)[C@@H]2CCCN2C1=O
1405,CC(CC)[C@@H]4NC(=O)[C@@H]1CCCN1C(=O)[C@H](C(C)CC)N(C)C(=O)[C@@H]2CCCN2C(=O)[C@@H](NC(=O)[C@H](C)NC(=O)c3nc4sc3)Cc5ccccc5,SanguinamideAanalog9,-3.31,-3.32,0.23,23,201,735.94,0.77,4.11,6.72,3.81,5.66,3.06,12.71,CCC(C)[C@@H]1NC(=O)[C@@H]2CCCN2C(=O)[C@H](C(C)CC)N(C)C(=O)[C@@H]2CCCN2C(=O)[C@H](Cc2ccccc2)NC(=O)[C@H](C)NC(=O)c2csc1n2
1406,CC(CC)[C@@H]4NC(=O)[C@@H]1CCCN1C(=O)[C@H](CC(C)C)NC(=O)[C@@H]2CCCN2C(=O)[C@@H](NC(=O)[C@H](C)NC(=O)c3nc4sc3)Cc5ccccc5,SanguinamideAanalog3,-3.9,-3.91,1.12,23,200,721.91,1.02,4.06,6.71,3.8,5.52,2.72,12.48,CCC(C)[C@@H]1NC(=O)[C@@H]2CCCN2C(=O)[C@H](CC(C)C)NC(=O)[C@@H]2CCCN2C(=O)[C@H](Cc2ccccc2)NC(=O)[C@H](C)NC(=O)c2csc1n2
1407,CC(CC)[C@@H]5NC(=O)[C@@H]1CCCN1C(=O)[C@@H](NC(=O)[C@@H]2CCCN2C(=O)[C@H](Cc3ccccc3)N(C)C(=O)[C@@H](NC(=O)c4nc5sc4)C(C)(C)C)C(C)CC,SanguinamideAanalog15<DanamideD>,-5.09,-5.1,0.22,23,199,778.02,0.77,4.16,6.67,3.8,6.08,4.09,13.42,CCC(C)[C@@H]1NC(=O)[C@@H]2CCCN2C(=O)[C@H](Cc2ccccc2)N(C)C(=O)[C@H](C(C)(C)C)NC(=O)c2csc(n2)[C@H](C(C)CC)NC(=O)[C@@H]2CCCN2C1=O
1408,CC(CC)[C@@H]5NC(=O)[C@@H]1CCCN1C(=O)[C@@H](NC(=O)[C@@H]2CCCN2C(=O)[C@H](Cc3ccccc3)N(C)C(=O)[C@@H](NC(=O)c4nc5sc4)C(C)CC)C(C)CC,SanguinamideAanalog16,-4.91,-4.92,0.29,23,198,778.02,0.77,4.15,6.72,3.82,6.08,4.09,14.1,CCC(C)[C@@H]1NC(=O)c2csc(n2)[C@H](C(C)CC)NC(=O)[C@@H]2CCCN2C(=O)[C@H](C(C)CC)NC(=O)[C@@H]2CCCN2C(=O)[C@H](Cc2ccccc2)N(C)C1=O
1409,CC(CC)[C@@H]5NC(=O)[C@@H]1CCCN1C(=O)[C@@H](NC(=O)[C@@H]2CCCN2C(=O)[C@H](Cc3ccccc3)N(C)C(=O)[C@@H](NC(=O)c4nc5sc4)CC(C)C)C(C)CC,SanguinamideAanalog17,-3.95,-3.95,0.6,23,198,778.02,0.77,4.15,6.72,3.82,6.08,4.09,14.1,CCC(C)[C@@H]1NC(=O)[C@@H]2CCCN2C(=O)[C@H](Cc2ccccc2)N(C)C(=O)[C@H](CC(C)C)NC(=O)c2csc(n2)[C@H](C(C)CC)NC(=O)[C@@H]2CCCN2C1=O
1410,CC(CC)[C@@H]5NC(=O)[C@@H]1CCCN1C(=O)[C@@H](NC(=O)[C@@H]2CCCN2C(=O)[C@H](Cc3ccccc3)N(C)C(=O)[C@H](C)NC(=O)c4nc5sc4)C(C)C,SanguinamideAanalog11,-3.52,-3.53,0.03,23,201,721.91,0.77,4.11,6.71,3.82,5.52,2.67,12.15,CCC(C)[C@@H]1NC(=O)[C@@H]2CCCN2C(=O)[C@H](C(C)C)NC(=O)[C@@H]2CCCN2C(=O)[C@H](Cc2ccccc2)N(C)C(=O)[C@H](C)NC(=O)c2csc1n2
1411,CC(CC)[C@@H]5NC(=O)[C@@H]1CCCN1C(=O)[C@@H](NC(=O)[C@@H]2CCCN2C(=O)[C@H](Cc3ccccc3)N(C)C(=O)[C@H](C)NC(=O)c4nc5sc4)C(C)CC,SanguinamideAanalog10,-3.75,-3.76,0.09,23,202,735.94,0.77,4.11,6.72,3.82,5.66,3.06,12.71,CCC(C)[C@@H]1NC(=O)[C@@H]2CCCN2C(=O)[C@H](Cc2ccccc2)N(C)C(=O)[C@H](C)NC(=O)c2csc(n2)[C@H](C(C)CC)NC(=O)[C@@H]2CCCN2C1=O
1412,CC(CC1=CC=CC=C1)N(C)CC#C,Deprenyl<Selegiline>,-2.51,-2.51,0.09,25,25,187.28,0.09,0.71,1,1,1.72,2.18,4.23,C#CCN(C)C(C)Cc1ccccc1
1413,CC(CCC(=O)O)CC(=O)O,3-MethyladipicAcid,0.08,0.09,0.14,26,101,160.17,1.14,0.73,1.06,0.34,1.24,0.96,4.26,CC(CCC(=O)O)CC(=O)O
1414,CC(CO)(C(C(C)C)O)C,"2,2,4-Trimethyl-1,3-pentanediol",-0.89,-0.89,0.17,25,52,146.23,0.63,0.69,0.65,0.4,1.35,1.02,3.32,CC(C)C(O)C(C)(C)CO
1415,CC(CO)(C(C12C(=O)NC(C(=C)CCO1)(C(=O)N2)O)O)O,Biocozamycin,-0.19,-0.2,0.17,23,188,302.28,1.38,3.01,2.48,2.03,2.06,-3.3,3.59,C=C1CCOC2(C(O)C(C)(O)CO)NC(=O)C1(O)NC2=O
1416,CC(CS(=O)(=O)c1ccc(cc1)F)(C(=O)Nc2ccc(c(c2)C(F)(F)F)C#N)O,Bicalutamide,-5.14,-5.14,0.05,25,192,430.37,0.71,1.63,3.05,1.43,2.71,2.88,6.01,CC(O)(CS(=O)(=O)c1ccc(F)cc1)C(=O)Nc1ccc(C#N)c(C(F)(F)F)c1
1417,CC(Cc1ccc(cc1)C(C)(C)C)CN2CCCCC2,Fenpropidin,-5.91,-5.91,0.76,25,80,273.47,0,0.68,0.81,0.96,2.54,4.65,5.26,CC(Cc1ccc(C(C)(C)C)cc1)CN1CCCCC1
1418,CC(Cc1ccccc1OC)NC,Methoxyphenamine,-0.66,-0.66,0.27,25,25,179.26,0.13,0.81,0.9,0.8,1.58,1.85,3.77,CNC(C)Cc1ccccc1OC
1419,CC(N(C(C)C)N=O)C,Di-i-propylnitrosoamine,-1,-1,0.17,24,48,130.19,0,0.59,1,0.34,1.17,1.79,3.2,CC(C)N(N=O)C(C)C
1420,CC(NC1=C(C(=C(I)C(=C1I)NC(C)=O)C(=O)O)I)=O,DiatrazoicAcid,-3.01,-3.01,0.26,25,300,613.92,1.59,1.42,3.25,3.23,2.5,3.12,6.43,CC(=O)Nc1c(I)c(NC(C)=O)c(I)c(C(=O)O)c1I
1421,CC(NC1=NC(=NC(=N1)Cl)N)C,Desethylatrazine,-1.74,-1.77,0.17,22,133,187.63,0.46,0.91,1.42,1.34,1.34,0.93,2.64,CC(C)Nc1nc(N)nc(Cl)n1
1422,CC(NC1=NN=C(S1)[S](N)(=O)=O)=O,Acetazolamide,-2.66,-2.66,0.03,25,259,222.25,0.85,1.5,2.55,1.64,1.34,-0.86,2.59,CC(=O)Nc1nnc(S(N)(=O)=O)s1
1423,CC(O)Cc1nsc(Nc2cccc(Cl)c2)n1,TDZ<Thidiazuron>,-3.43,-3.43,0.02,25,171,269.75,0.51,0.74,1.89,1.97,1.87,2.86,3.93,CC(O)Cc1nsc(Nc2cccc(Cl)c2)n1
1424,CC(OCC(OC(C)=O)COC(C)=O)=O,Triacetin,-0.58,-0.58,0.17,25,78,218.2,0,1.06,1.38,0.2,1.6,0.04,6.08,CC(=O)OCC(COC(C)=O)OC(C)=O
1425,CC(c1ccc2c(c1)CC(=O)c3ccccc3S2)C(=O)O,Zaltoprofen,-4.25,-4.29,0.01,23,130,298.36,0.57,0.97,2.09,2.17,2.17,3.76,3.55,CC(C(=O)O)c1ccc2c(c1)CC(=O)c1ccccc1S2
1426,CC(c1ccccc1)(c2ccccn2)OCCN(C)C,Doxylamine,-3.19,-3.15,0.21,38,25,270.37,0,1.24,1.52,1.38,2.29,2.92,4.88,CN(C)CCOC(C)(c1ccccc1)c1ccccn1
1427,CC/C(=N\Nc2nncc1ccccc12)c3ccccn3,HydrazoneanalogpH22-25,-4.49,-4.49,0.16,25,142,277.32,0.13,1.26,1.84,2.39,2.15,3.25,3.82,CC/C(=N\Nc1nncc2ccccc12)c1ccccn1
1428,CC/C=C(\C)/C1(C(=O)NC(=O)NC1=O)CC,Vinbarbital<5-Vinyl-5-s-pentylbarbituricAcid>,-2.46,-2.46,0.1,25,165,224.26,0.52,1.3,1.4,1.11,1.75,1.11,3.47,CC/C=C(\C)C1(CC)C(=O)NC(=O)NC1=O
1429,CC1(C(=O)N(C(=O)N1)c2ccc(c(c2)C(F)(F)F)[N+](=O)[O-])C,Nilutamide,-3.76,-3.68,0.32,37,154,317.22,0.16,1.16,1.76,1.3,1.91,2.45,3.35,CC1(C)NC(=O)N(c2ccc([N+](=O)[O-])c(C(F)(F)F)c2)C1=O
1430,CC1(C(=O)N(C(=S)N1c2ccc(c(c2)F)C(=O)NC)c3ccc(c(c3)C(F)(F)F)C#N)C,Enzalutamide,-5.36,-5.38,0.57,23,201,464.44,0.26,1.75,3.41,2.57,3.02,3.99,5.69,CNC(=O)c1ccc(N2C(=S)N(c3ccc(C#N)c(C(F)(F)F)c3)C(=O)C2(C)C)cc1F
1431,CC1(C(=O)NC(=O)N(C1=O)C)C2=CCCCC2,Hexobarbital,-2.67,-2.67,0.09,25,146,236.27,0.24,1.33,1.5,1.34,1.79,1.2,2.77,CN1C(=O)NC(=O)C(C)(C2=CCCCC2)C1=O
1432,CC1(C(=O)NC(=O)N1)C,"5,5-Dimethylhydantoin",-0.02,0.07,0.02,37,178,128.129,0.44,0.97,1.12,0.79,0.94,-0.4,0.98,CC1(C)NC(=O)NC1=O
1433,CC1(C(=O)NC(=O)NC1=O)C,"5,5-DimethylbarbituricAcid",-1.74,-1.74,0.17,25,278,156.14,0.52,1.2,1.34,0.98,1.09,-0.62,1.44,CC1(C)C(=O)NC(=O)NC1=O
1434,CC1(C(=O)NC(=O)NC1=O)c2ccccc2,Heptobarbital<5-Methyl-5-phenylbarbituricAcid>,-2.38,-2.38,0.27,25,229,218.21,0.52,1.29,1.8,1.56,1.56,0.31,2.23,CC1(c2ccccc2)C(=O)NC(=O)NC1=O
1435,CC1(C(C(C(C(C1O)O)O)O)O)O,Laminitol,-1.65,-1.65,0.17,24,164,194.18,1.62,1.86,1.76,1.44,1.34,-3.44,2.63,CC1(O)C(O)C(O)C(O)C(O)C1O
1436,CC1(C(C1C(=O)OCc2cccc(c2)Oc3ccccc3)C=C(Cl)Cl)C,Permethrin,-6.28,-6.29,0.84,23,34,391.29,0,0.91,1.94,1.86,2.82,6.11,5.59,CC1(C)C(C=C(Cl)Cl)C1C(=O)OCc1cccc(Oc2ccccc2)c1
1437,CC1(C(N(C(O1)=O)C)=O)C,Trimethadione,-0.45,-0.46,0.17,23,46,143.14,0,0.87,0.91,0.65,1.04,0.37,1.21,CN1C(=O)OC(C)(C)C1=O
1438,CC1(C)C(c2n[nH]nn2)N2C(S1)C(C2=O)NC(=O)C(N)c1ccc(N)cc1,CP-38371,-2.3,-2.3,0.14,25,202,388.45,1.34,3.19,3.84,3.4,2.71,-0.3,4.07,CC1(C)SC2C(NC(=O)C(N)c3ccc(N)cc3)C(=O)N2C1c1nn[nH]n1
1439,CC1(C)CCN(CC1)S(=O)(=O)NC(=O)NC2CCCCCC2,"1-Cycloheptyl-3-(4,4-dimethylpiperidine-1-sulfonyl)urea",-4.5,-4.5,0.47,25,165,331.47,0.59,1.55,2.06,1.35,2.6009,2.38,5.71,CC1(C)CCN(S(=O)(=O)NC(=O)NC2CCCCCC2)CC1
1440,CC1(C)Oc2c(c(OC(=O)CCCC(O)=O)cc(c2)CCCCC)[C@]2([C@]1(CCC(C)=C2)([H]))([H]),?-9-TetrahydrocannabinolHemiglutarate,-6.44,-6.44,0.54,25,154,428.57,0.57,1.1,1.63,1.44,3.48,6.19,7.45,CCCCCc1cc(OC(=O)CCCC(=O)O)c2c(c1)OC(C)(C)[C@@H]1CCC(C)=C[C@@H]21
1441,CC1(C2CCC(O1)(CC2)C)C,Eucalyptol,-1.64,-1.65,0.21,21,37,154.25,0,0.32,0.39,0.43,1.36,2.74,1.39,CC12CCC(CC1)C(C)(C)O2
1442,CC1(CCC(=C(C1)c2ccc(cc2)Cl)CN3CCN(CC3)c4ccc(c(c4)Oc5cc6cc[nH]c6nc5)C(=O)NS(=O)(=O)c7ccc(c(c7)[N+](=O)[O-])NCC8CCOCC8)C,Venetoclax<VENCLEXTA>,-8.33,-8.36,1.25,23,139,868.44,0.91,3.39,5.82,5.59,6.29,8.66,12.36,CC1(C)CCC(CN2CCN(c3ccc(C(=O)NS(=O)(=O)c4ccc(NCC5CCOCC5)c([N+](=O)[O-])c4)c(Oc4cnc5[nH]ccc5c4)c3)CC2)=C(c2ccc(Cl)cc2)C1
1443,CC1(CCC(c2c1ccc(c2)c3ccc4cc(ccc4c3)C(=O)O)(C)C)C,TTNN,-5.14,-5.27,0.19,19,288,358.47,0.57,0.66,1.73,2.52,2.93,6.55,3.92,CC1(C)CCC(C)(C)c2cc(-c3ccc4cc(C(=O)O)ccc4c3)ccc21
1444,CC1(CCC2(O1)CCC(O2)(C)C)C,"2,2,7,7-tetramethyl-1,6-dioxaspiro[4.4]nonane",-1.97,-1.96,0.17,23,63,184.28,0,0.54,0.5,0.45,1.56,2.86,1.81,CC1(C)CCC2(CCC(C)(C)O2)O1
1445,CC1(CNc2c1ccc(c2)NC(=O)c3cccnc3NCc4ccncc4)C,Motesanib,-4.44,-4.47,0.46,23,149,373.45,0.62,1.81,2.71,2.82,2.9,4.04,4.69,CC1(C)CNc2cc(NC(=O)c3cccnc3NCc3ccncc3)ccc21
1446,CC1(COC(OC1)CCC)[N+](=O)[O-],"5-Methyl-5-nitro-2-propyl-1,3-dioxane",-1.82,-1.8,0.17,35,70,189.21,0,0.73,1.05,0.5,1.42,1.19,3.22,CCCC1OCC(C)([N+](=O)[O-])CO1
1447,CC1(NC(NC1=O)=O)C,"5,5-Dimethylhydantoin",0.01,-0.11,0.02,10,178,128.13,0.44,0.97,1.12,0.79,0.94,-0.4,0.98,CC1(C)NC(=O)NC1=O
1448,CC1(OC(C3=C1C=C2C=CC=CC2=C3)=O)C,"3,3-Dimethylnaphtho[2,3-c]furan-1(3H)-one",-2.96,-2.98,0.17,23,137,212.25,0,0.52,1.33,1.58,1.61,3.25,1.67,CC1(C)OC(=O)c2cc3ccccc3cc21
1449,CC1([C@@H](N2[C@H](S1(=O)=O)CC2=O)C(=O)O)C,Sulbactam,-0.62,-0.61,0.01,25,169,233.24,0.57,1.79,2.13,1.16,1.49,-0.79,1.75,CC1(C)[C@H](C(=O)O)N2C(=O)C[C@H]2S1(=O)=O
1450,CC1([C@@H](N2[C@H](S1)[C@@H](C2=O)NC(=O)C3(CCCCC3)N)C(=O)O)C,Cyclacillin,-1.05,-1.05,0.04,25,183,341.43,1.06,2.53,2.61,2.08,2.47,0.28,3.87,CC1(C)S[C@@H]2[C@H](NC(=O)C3(N)CCCCC3)C(=O)N2[C@H]1C(=O)O
1451,CC1([C@@H](N2[C@H](S1)[C@@H](C2=O)NC(=O)COC3=CC=CC=C3)C(=O)O)C,Phenoxymethylpenicillin<PenicillinV>,-3.12,-3.15,0.19,23,124,350.4,0.84,2.27,2.86,2.31,2.44,0.7,4.16,CC1(C)S[C@@H]2[C@H](NC(=O)COc3ccccc3)C(=O)N2[C@H]1C(=O)O
1452,CC1([C@@H]2[C@H]1[C@H](N(C2)C(=O)[C@H](C(C)(C)C)NC(=O)NC(C)(C)C)C(=O)NC(CC3CCC3)C(=O)C(=O)N)C,Boceprevir,-2.54,-2.54,0.17,23,115,519.68,1.1,3,4.32,2.29,4.16,1.71,7.74,CC(C)(C)NC(=O)N[C@H](C(=O)N1C[C@H]2[C@@H]([C@H]1C(=O)NC(CC1CCC1)C(=O)C(N)=O)C2(C)C)C(C)(C)C
1453,CC12C(C(C(=O)NC1=O)CC2)(C)C,"1,8,8-Trimethyl-3-azabicyclo[3.2.1]octane-2,4-dione",-1.41,-1.43,0.17,15,136,181.23,0.34,1.18,0.62,1.06,1.43,1.09,1.44,CC12CCC(C(=O)NC1=O)C2(C)C
1454,CC12C(CC(C(O1)(C)C)CC2)=O,"1,3,3-trimethyl-2-oxabicyclo[2.2.2]octan-6-one",-0.92,-0.92,0.17,23,68,168.24,0,0.62,0.88,0.64,1.37,1.92,1.45,CC12CCC(CC1=O)C(C)(C)O2
1455,CC12CCC(=O)C[C@@H]1CCC3C2CCC4(C3CCC4=O)C,Androstanedione,-3.93,-3.94,0.06,24,125,288.42,0,0.96,2.44,1.43,2.38,4.17,2.95,CC12CCC3C(CC[C@H]4CC(=O)CCC34C)C1CCC2=O
1456,CC12CCCCC1CCC3C2CCC4(C3CCC4=O)C,Androstan-17-one,-6.7,-6.7,0.92,25,119,274.45,0,0.65,1.95,1.22,2.37,4.99,2.89,CC12CCC3C(CCC4CCCCC43C)C1CCC2=O
1457,CC14C(CCC1C3C(C2(C(=CC(=O)C=C2)C(=C3)Cl)C)CC4)(OC(C)=O)C(C)=O,DelmadinoneAcetate,-4.86,-4.86,0.04,25,168,402.92,0,1.52,3.13,2.01,3.01,4.53,4.32,CC(=O)OC1(C(C)=O)CCC2C3C=C(Cl)C4=CC(=O)C=CC4(C)C3CCC21C
1458,CC1=C(C(=CC=C1)C)NC(=O)[C@@H]2CCCCN2C,D-/L-Mepivacaine.HCl,-2.41,-2.42,0.12,23,150,246.35,0.26,1.18,1.58,1.32,2.09,2.73,4.02,Cc1cccc(C)c1NC(=O)[C@@H]1CCCCN1C
1459,CC1=C(C(=CC=C1)Cl)O,2-Methyl-6-chlorophenol,-0.77,-0.77,0.17,25,45,142.58,0.33,0.3,0.78,0.87,1.04,2.35,1.63,Cc1cccc(Cl)c1O
1460,CC1=C(C(=CC=C1C)C)O,"2,3,6-Trimethylphenol",-1.94,-1.94,0.17,25,58,136.19,0.31,0.39,0.73,0.86,1.2,2.32,1.66,Cc1ccc(C)c(O)c1C
1461,CC1=C(C(=O)C(=C(C1=O)C)C(CCCCCC(=O)O)c2ccccc2)C,Seratrodast,-6.02,-6.02,0.13,25,128,354.44,0.57,1.29,1.14,1.55,2.88,4.61,6.67,CC1=C(C)C(=O)C(C(CCCCCC(=O)O)c2ccccc2)=C(C)C1=O
1462,CC1=C(C(=O)C(=C(C1=O)OC)OC)C/C=C(\C)/CC/C=C(\C)/CC/C=C(\C)/CC/C=C(\C)/CC/C=C(\C)/CC/C=C(\C)/CC/C=C(\C)/CC/C=C(\C)/CC/C=C(\C)/CCC=C(C)C,Ubiquinone<Co-Q10>,-6.39,-6.33,0.86,23,48,863.34,0,2.2,1.16,2.15,7.95,17.85,30.09,COC1=C(OC)C(=O)C(C/C=C(\C)CC/C=C(\C)CC/C=C(\C)CC/C=C(\C)CC/C=C(\C)CC/C=C(\C)CC/C=C(\C)CC/C=C(\C)CC/C=C(\C)CCC=C(C)C)=C(C)C1=O
1463,CC1=C(C(=O)N)C=C(C=C1[N+](=O)[O-])[N+](=O)[O-],Dinitolmide,-2.51,-2.514,0.17,25,177,225.16,0.49,0.86,2.63,1.56,1.46,0.91,2.84,Cc1c(C(N)=O)cc([N+](=O)[O-])cc1[N+](=O)[O-]
1464,CC1=C(C(C(=C(N1)C)C(=O)OC(C)(C)CN(C)CCC(c2ccccc2)c3ccccc3)c4cccc(c4)[N+](=O)[O-])C(=O)OC,Lercanidipine,-6.83,-6.8,0.03,37,168,611.73,0.13,2.29,3.31,2.85,4.8,6.48,10.57,COC(=O)C1=C(C)NC(C)=C(C(=O)OC(C)(C)CN(C)CCC(c2ccccc2)c2ccccc2)C1c1cccc([N+](=O)[O-])c1
1465,CC1=C(C(C(=C(N1)C)C(=O)OC(C)C)c2cccc(c2)[N+](=O)[O-])C(=O)OCCOC,Nimodipine,-5.68,-5.68,0.3,25,125,418.44,0.13,1.79,2.41,1.6,3.12,2.97,7.71,COCCOC(=O)C1=C(C)NC(C)=C(C(=O)OC(C)C)C1c1cccc([N+](=O)[O-])c1
1466,CC1=C(C(C(=C(N1)C)C(=O)OC/C=C/c2ccccc2)c3cccc(c3)[N+](=O)[O-])C(=O)OCCOC,Cilnidipine,-7.2,-7.2,1.02,25,110,492.52,0.13,1.91,2.99,2.32,3.68,4.28,9.13,COCCOC(=O)C1=C(C)NC(C)=C(C(=O)OC/C=C/c2ccccc2)C1c1cccc([N+](=O)[O-])c1
1467,CC1=C(C(C(=C(N1)C)C(=O)OCC(C)C)c2ccccc2[N+](=O)[O-])C(=O)OC,Nisoldipine,-5.86,-5.86,0.75,25,168,388.41,0.13,1.57,2.25,1.56,2.92,3.2,6.56,COC(=O)C1=C(C)NC(C)=C(C(=O)OCC(C)C)C1c1ccccc1[N+](=O)[O-]
1468,CC1=C(C(C(=C(N1)C)C(=O)OCCN2CCN(CC2)C(c3ccccc3)c4ccccc4)c5cccc(c5)[N+](=O)[O-])C(=O)OC,Manidipine,-6.21,-6.21,0.82,25,127,610.7,0.13,2.72,3.63,3.25,4.65,4.95,10.06,COC(=O)C1=C(C)NC(C)=C(C(=O)OCCN2CCN(C(c3ccccc3)c3ccccc3)CC2)C1c1cccc([N+](=O)[O-])c1
1469,CC1=C(C(C2=C(O1)C=CC=C2)=O)C,"2,3-Dimethylchromone",-1.99,-2.06,0.17,15,82,174.2,0,0.71,1.31,1.18,1.34,2.41,1.69,Cc1oc2ccccc2c(=O)c1C
1470,CC1=C(C(CCC1)(C)C)/C=C/C(=C/C=C/C(=C/C(=O)Nc2ccc(cc2)O)/C)/C,Fenretinide,-7.93,-7.89,0.27,37,175,391.55,0.91,1.38,2.03,1.98,3.39,6.86,7.84,CC1=C(/C=C/C(C)=C/C=C/C(C)=C/C(=O)Nc2ccc(O)cc2)C(C)(C)CCC1
1471,CC1=C(C(CCC1)(C)C)/C=C/C(=C/C=C/C(=C/C(=O)O)/C)/C,RetinoicAcid<Tretinoin>,-5.24,-5.31,0.42,20,181,300.44,0.57,0.8,0.98,1.03,2.68,5.6,6.61,CC1=C(/C=C/C(C)=C/C=C/C(C)=C/C(=O)O)C(C)(C)CCC1
1472,CC1=C(C(CCC1)(C)C)/C=C/C(=C/C=C/C(=C/CO)/C)/C,Retinol<VitaminA>,-3.84,-3.84,0.02,23,62,286.46,0.31,0.75,0.81,1.07,2.66,5.51,6.91,CC1=C(/C=C/C(C)=C/C=C/C(C)=C/CO)C(C)(C)CCC1
1473,CC1=C(C2=C(N3C(C)=NN=C3[C@@H](N=C2C4=CC=C(C=C4)Cl)CC(NCCOCCOCCOCC(N[C@@H](C(C)(C)C)C(N5C[C@H](C[C@H]5C(NCC6=CC=C(C7=C(N=CS7)C)C=C6)=O)O)=O)=O)=O)S1)C,CisMZ1?5/4H2O,-4.69,-4.69,0.01,25,166,1002.64,1.01,4.61,7.06,5.86,7.34,5.6,17.15,Cc1ncsc1-c1ccc(CNC(=O)[C@@H]2C[C@H](O)CN2C(=O)[C@@H](NC(=O)COCCOCCOCCNC(=O)C[C@@H]2N=C(c3ccc(Cl)cc3)c3c(sc(C)c3C)-n3c(C)nnc32)C(C)(C)C)cc1
1474,CC1=C(C2=CC=C(CNC(=O)[C@@H]3C[C@@H](O)CN3C(=O)[C@@H](NC(=O)COCCOCCOCCNC(=O)C[C@@H]3N=C(C4=CC=C(Cl)C=C4)C4=C(SC(C)=C4C)N4C(C)=NN=C34)C(C)(C)C)C=C2)SC=N1,MZ1,-4.81,-4.81,0.01,25,167,1002.64,1.01,4.61,7.06,5.86,7.34,5.6,17.15,Cc1ncsc1-c1ccc(CNC(=O)[C@@H]2C[C@@H](O)CN2C(=O)[C@@H](NC(=O)COCCOCCOCCNC(=O)C[C@@H]2N=C(c3ccc(Cl)cc3)c3c(sc(C)c3C)-n3c(C)nnc32)C(C)(C)C)cc1
1475,CC1=C(C2=CC=C(CNC([C@@H]3C[C@@H](O)CN3C([C@H](C(C)(C)C)NC(COCCOCCOCCOCCOCCOCC(N[C@@H](C(C)(C)C)C(N4[C@H](C(NCC5=CC=C(C6=C(C)N=CS6)C=C5)=O)C[C@@H](O)C4)=O)=O)=O)=O)=O)C=C2)SC=N1,CM11,-3.2,-3.2,0.05,25,179,1179.45,1.48,6.52,8.99,5.98,8.89,3.57,25.3,Cc1ncsc1-c1ccc(CNC(=O)[C@@H]2C[C@@H](O)CN2C(=O)[C@@H](NC(=O)COCCOCCOCCOCCOCCOCC(=O)N[C@H](C(=O)N2C[C@H](O)C[C@H]2C(=O)NCc2ccc(-c3scnc3C)cc2)C(C)(C)C)C(C)(C)C)cc1
1476,CC1=C(C=C(C=C1)C)O,"2,5-Dimethylphenol",-1.54,-1.54,0.17,25,75,122.17,0.5,0.39,0.79,0.83,1.06,2.01,1.43,Cc1ccc(C)c(O)c1
1477,CC1=C(C=C(C=C1)[N+](=O)[O-])O,2-Methyl-5-nitrophenol,-2.19,-2.19,0.17,25,106,153.14,0.69,0.49,1.42,1.08,1.09,1.61,1.76,Cc1ccc([N+](=O)[O-])cc1O
1478,CC1=C(C=C(C=C1)[N+](=O)[O-])[N+](=O)[O-],"2,4-Dinitrotoluene",-2.82,-2.82,0.02,25,71,182.13,0,0.31,1.77,1.12,1.21,1.81,2.23,Cc1ccc([N+](=O)[O-])cc1[N+](=O)[O-]
1479,CC1=C(C=C(C=C1C)C)O,"2,3,5-Trimethylphenol",-2.25,-2.25,0.17,25,94,136.19,0.5,0.39,0.73,0.86,1.2,2.32,1.66,Cc1cc(C)c(C)c(O)c1
1480,CC1=C(C=C(C=C1[N+](=O)[O-])[N+](=O)[O-])[N+](=O)[O-],"2,4,6-Trinitrotoluene",-3.22,-3.22,0.21,25,80,227.13,0,0.41,2.34,1.39,1.38,1.72,2.79,Cc1c([N+](=O)[O-])cc([N+](=O)[O-])cc1[N+](=O)[O-]
1481,CC1=C(C=CC(=C1)Cl)O,2-Methyl-4-chlorophenol,-1.55,-1.55,0.17,25,51,142.59,0.67,0.38,0.96,0.96,1.04,2.35,1.63,Cc1cc(Cl)ccc1O
1482,CC1=C(C=CC(=C1)O)C,"3,4-Dimethylphenol<3,4-Xylenol>",-1.41,-1.41,0.02,25,61,122.17,0.5,0.39,0.79,0.83,1.06,2.01,1.43,Cc1ccc(O)cc1C
1483,CC1=C(C=CC(=C1)O)Cl,3-Methyl-4-chlorophenol,-1.57,-1.57,0.17,25,67,142.58,0.67,0.38,0.96,0.96,1.04,2.35,1.63,Cc1cc(O)ccc1Cl
1484,CC1=C(C=CC(=N1)C(F)(F)F)C(=O)NC2=CC(=C(C=C2)Cl)C3=NC4=CC=CC=C4N3,Vismodegibanalog1,-6.13,-6.16,0.8,23,206,430.81,0.81,1.46,2.99,2.96,2.79,5.86,4.95,Cc1nc(C(F)(F)F)ccc1C(=O)Nc1ccc(Cl)c(-c2nc3ccccc3[nH]2)c1
1485,CC1=C(C=CC2=C1N=C(N2)[C@@]3(CCCN3C(=O)C4=C(C=CC(=C4)OC)N5N=CC=N5)C)Cl,Daridorexant<Nemorexant><QUVIVIQ>,-5.66,-5.69,0.71,23,193,450.92,0.35,1.95,3.59,3.63,3.21,4.27,4.89,COc1ccc(-n2nccn2)c(C(=O)N2CCC[C@@]2(C)c2nc3c(C)c(Cl)ccc3[nH]2)c1
1486,CC1=C(C=CC=C1)NC(=O)N,(2-Methylphenyl)urea,-2,-1.82,0.17,45,139,150.18,0.75,0.78,1.45,1.13,1.21,1.49,2.11,Cc1ccccc1NC(N)=O
1487,CC1=C(C=CC=C1F)NC(=O)NC2=C(C(=C(C=C2)Cl)S(=O)(=O)[C@H]3CCCNC3)O,Danirixin,-5.18,-5.18,0.2,25,191,441.9,1.33,1.72,3.16,2.28,3,3.66,6.3,Cc1c(F)cccc1NC(=O)Nc1ccc(Cl)c(S(=O)(=O)[C@H]2CCCNC2)c1O
1488,CC1=C(C=CC=C1[N+](=O)[O-])[N+](=O)[O-],"2,6-Dinitrotoluene",-3,-3,0.17,25,80,182.13,0,0.31,1.77,1.12,1.21,1.81,2.23,Cc1c([N+](=O)[O-])cccc1[N+](=O)[O-]
1489,CC1=C(N)C=C(C(=C1)C)C,"Pseudocumidine<2,4,5-trimethylaniline>",-1.98,-1.95,0.03,29,68,135.21,0.23,0.43,0.91,0.93,1.24,2.19,1.66,Cc1cc(C)c(N)cc1C
1490,CC1=C(N=C(N=C1O)S)C,"5,6-Dimethyl-2-thiouracil",-2.06,-2.06,0.17,25,180,156.21,0.5,0.85,1.09,1.36,1.14,1.09,1.81,Cc1nc(S)nc(O)c1C
1491,CC1=C(N=NC(=N1)N)C,"3-Amino-5,6-dimethyl-1,2,4-triazine",-1.09,-1.09,0.17,25,192,124.15,0.23,0.66,1.05,1.05,0.97,0.07,1.3,Cc1nnc(N)nc1C
1492,CC1=C(SC2=C1C(=N[C@H](C3=NN=C(N32)C)CC(=O)NCCNC4=CC=CC5=C4C(=O)N(C5=O)C6CCC(=O)NC6=O)C7=CC=C(C=C7)Cl)C,dBET57,-4.98,-4.98,0.01,25,203,699.18,0.69,3.31,5.01,5.14,4.83,3.82,8.36,Cc1sc2c(c1C)C(c1ccc(Cl)cc1)=N[C@@H](CC(=O)NCCNc1cccc3c1C(=O)N(C1CCC(=O)NC1=O)C3=O)c1nnc(C)n1-2
1493,CC1=C(SC=N1)C2=CC=C(C=C2)CNC(=O)[C@@H]3C[C@H](CN3C(=O)[C@H](C(C)(C)C)NC(=O)CCCCOCCCCCOCCCCCCNC4=CC=CC5=C4C(=O)N(C5=O)C6CCC(=O)NC6=O)O,CRBN-6-5-5-VHL,-5.91,-5.91,0.07,25,174,972.2,1.15,5.02,6.83,5.2,7.45,5.67,19.39,Cc1ncsc1-c1ccc(CNC(=O)[C@@H]2C[C@@H](O)CN2C(=O)[C@@H](NC(=O)CCCCOCCCCCOCCCCCCNc2cccc3c2C(=O)N(C2CCC(=O)NC2=O)C3=O)C(C)(C)C)cc1
1494,CC1=C2C=CC=CC2=C(C3=CC=CC=C13)C,"9,10-Dimethylanthracene",-6.57,-6.57,0.89,25,107,206.29,0,0.23,1.22,2.04,1.74,4.61,1.96,Cc1c2ccccc2c(C)c2ccccc12
1495,CC1=C2C=CC=CC2=CC3=CC=CC=C13,9-Methylanthracene,-5.87,-5.87,0.75,25,108,192.26,0,0.23,1.28,2.02,1.6,4.3,1.75,Cc1c2ccccc2cc2ccccc12
1496,CC1=C2COC(=O)C2=C(C(=C1OC)C/C=C(\C)/CCC(=O)OCCN3CCOCC3)O,MycophenolateMofetil,-4.26,-4.26,0.18,25,93,433.51,0.13,1.66,1.96,1.73,3.28,2.52,7.93,COc1c(C)c2c(c(O)c1C/C=C(\C)CCC(=O)OCCN1CCOCC1)C(=O)OC2
1497,CC1=C2[C@H](C(=O)[C@@]3([C@H](C[C@@H]4[C@]([C@H]3[C@@H]([C@@](C2(C)C)(C[C@@H]1OC(=O)[C@@H]([C@H](C5=CC=CC=C5)NC(=O)C6=CC=CC=C6)O)O)OC(=O)C7=CC=CC=C7)(CO4)OC(=O)C)O)C)OC(=O)C,Paclitaxel,-6.63,-6.63,0.14,23,216,853.92,0.9,4.13,5.22,4.05,6.2,3.74,11.8,CC(=O)O[C@H]1C(=O)[C@@]2(C)[C@H]([C@H](OC(=O)c3ccccc3)[C@]3(O)C[C@H](OC(=O)[C@H](O)[C@@H](NC(=O)c4ccccc4)c4ccccc4)C(C)=C1C3(C)C)[C@]1(OC(C)=O)CO[C@@H]1C[C@@H]2O
1498,CC1=C2[C@H](C(=O)[C@@]3([C@H](C[C@@H]4[C@]([C@H]3[C@@H]([C@@](C2(C)C)(C[C@@H]1OC(=O)[C@@H]([C@H](c5ccccc5)NC(=O)OC(C)(C)C)O)O)OC(=O)c6ccccc6)(CO4)OC(=O)C)OC)C)OC,Cabazitaxel,-5.07,-5.05,0.59,23,183,835.93,0.55,3.88,4.17,3.22,6.2,4.57,12.2,CO[C@H]1C(=O)[C@]2(C)[C@@H](OC)C[C@H]3OC[C@@]3(OC(C)=O)[C@H]2[C@H](OC(=O)c2ccccc2)[C@]2(O)C[C@H](OC(=O)[C@H](O)[C@@H](NC(=O)OC(C)(C)C)c3ccccc3)C(C)=C1C2(C)C
1499,CC1=CC(=C(C=C1)C(=O)OC)C2=NC(C(=O)N2)(C)C(C)C,Imazamethabenz,-2.46,-2.46,0.17,25,133,288.35,0.26,1.33,1.5,1.44,2.26,2.07,3.85,COC(=O)c1ccc(C)cc1C1=NC(C)(C(C)C)C(=O)N1
1500,CC1=CC(=C(C=C1)N)N=NC2=CC=C(C=C2)C,4-methyl-2-[(4-methyl-phenyl)azo]aniline,-3.9,-3.9,0.35,25,150,225.3,0.23,0.72,1.13,1.72,1.86,4.3,3.19,Cc1ccc(N=Nc2cc(C)ccc2N)cc1
1501,CC1=CC(=C(C=C1)[N+](=O)[O-])O,5-Methyl-2-nitrophenol,-2.71,-2.75,0.17,20,53,153.14,0.11,0.35,1.18,0.98,1.09,1.61,1.76,Cc1ccc([N+](=O)[O-])c(O)c1
1502,CC1=CC(=C(C=C1C2CCNCC2)OC(C)C)NC3=NC=C(C(=N3)NC4=CC=CC=C4S(=O)(=O)C(C)C)Cl,Ceritinib,-9.88,-9.88,0.36,25,191,558.14,0.46,2.07,3.32,3.04,4.19,6.36,8.8,Cc1cc(Nc2ncc(Cl)c(Nc3ccccc3S(=O)(=O)C(C)C)n2)c(OC(C)C)cc1C1CCNCC1
1503,CC1=CC(=C(N=C1)C2=CC(=NC=C2Cl)N3CCC4=NC(=NC=C4C3)NC5CC5)C,Vismodegibanalog16,-2.35,-2.21,0.17,37,154,406.91,0.13,1.65,2.45,3.28,3,4.34,4.58,Cc1cnc(-c2cc(N3CCc4nc(NC5CC5)ncc4C3)ncc2Cl)c(C)c1
1504,CC1=CC(=CC(=C1)O)C,"3,5-Dimethylphenol",-1.4,-1.4,0.17,25,64,122.17,0.5,0.39,0.79,0.83,1.06,2.01,1.43,Cc1cc(C)cc(O)c1
1505,CC1=CC(=NC(=N1)NC2=CC=CC=C2)C3CC3,Cyprodinil,-4.24,-4.24,0.42,25,76,225.3,0.13,0.7,1.47,1.75,1.8,3.41,2.52,Cc1cc(C2CC2)nc(Nc2ccccc2)n1
1506,CC1=CC(=NC(=N1)O[C@H](C(=O)O)C(C2=CC=CC=C2)(C3=CC=CC=C3)OC)C,Ambrisentan,-4.15,-4.15,0.4,25,150,378.42,0.57,1.52,2.32,2.09,2.89,3.52,5.71,COC(c1ccccc1)(c1ccccc1)[C@H](Oc1nc(C)cc(C)n1)C(=O)O
1507,CC1=CC(=NC(=N1)S)O,6-Methyl-2-thiouracil,-2.43,-2.43,0.17,25,192,142.18,0.5,0.85,1.15,1.34,1,0.78,1.57,Cc1cc(O)nc(S)n1
1508,CC1=CC(=NO1)NC(=O)NC2=C(C=C(C=C2)OC3=C4C=C(C(=CC4=NC=C3)OC)OC)Cl,Tivozanib<AV-951><KRN951><FOTIVDA>,-7,-7,0.27,25,187,454.86,0.59,1.9,3.61,3.26,3.12,5.64,6,COc1cc2nccc(Oc3ccc(NC(=O)Nc4cc(C)on4)c(Cl)c3)c2cc1OC
1509,CC1=CC(=O)Oc2c1cc(O)c(O)c2CN(CC(O)=O)CC(O)=O,4-Methylesculetin-8-methyleneiminodiaceticAcid,-4.77,-4.79,0.05,23,185,337.28,1.92,2.02,2.53,1.89,2.27,0.48,4.75,Cc1cc(=O)oc2c(CN(CC(=O)O)CC(=O)O)c(O)c(O)cc12
1510,CC1=CC(=O)Oc2c1ccc(O)c2CN(CC(O)=O)CC(O)=O,4-Methylumbelliferone-8-methyleneiminodiacetic_Acid<Calcein_Blue>,-4.5,-4.52,0.03,23,320,321.28,1.64,1.88,2.33,1.74,2.21,0.78,4.66,Cc1cc(=O)oc2c(CN(CC(=O)O)CC(=O)O)c(O)ccc12
1511,CC1=CC(N(N1)C2=CC=CC=C2)=O,"1,2-Dihydro-5-methyl-2-phenyl-3H-pyrazol-3-one",-1.39,-1.42,0.17,23,147,174.2,0.13,1.22,1.74,1.4,1.34,1.47,1.78,Cc1cc(=O)n(-c2ccccc2)[nH]1
1512,CC1=CC(NC(N1)=O)=O,6-Methyluracil,-1.22,-1.26,0.17,22,275,126.11,0.44,0.9,1.41,0.88,0.89,-0.63,1.22,Cc1cc(=O)[nH]c(=O)[nH]1
1513,CC1=CC(OC2=C1C=CC3=CC=CC=C23)=O,"4-Methyl-2H-naphtho[1,2-b]pyran-2-one",-2.71,-2.57,0.17,37,134,210.23,0,0.56,1.43,1.73,1.57,3.25,1.83,Cc1cc(=O)oc2c1ccc1ccccc12
1514,CC1=CC(OC2=C1C=CC=C2)=O,4-Methylcourmarin,-2.5,-2.41,0.17,37,79,160.17,0,0.51,1.11,1.01,1.2,2.1,1.47,Cc1cc(=O)oc2ccccc12
1515,CC1=CC(OC3=C1C2=CC=CC=C2C=C3)=O,"1-Methyl-3H-naphtho[2,1-b]pyran-3-one",-2,-1.86,0.17,37,131,210.23,0,0.56,1.43,1.73,1.57,3.25,1.83,Cc1cc(=O)oc2ccc3ccccc3c12
1516,CC1=CC2=C(N1)C=CC(=C2F)OC3=NC=NN4C3=C(C(=C4)OCC(C)OC(=O)C(C)N)C,BrivanibAlaninate,-5.38,-5.41,0.66,20,175,441.46,0.52,2.18,2.22,2.67,3.14,3.42,5.7,Cc1cc2c(F)c(Oc3ncnn4cc(OCC(C)OC(=O)C(C)N)c(C)c34)ccc2[nH]1
1517,CC1=CC2=CC3=CC=CC=C3C=C2C=C1,2-Methylanthracene,-6.69,-6.69,0.92,25,101,192.26,0,0.23,1.28,2.02,1.6,4.3,1.75,Cc1ccc2cc3ccccc3cc2c1
1518,CC1=CC2C(CCC3(C2CC(=C)C3(C(=O)C)OC(=O)C)C)C4(C1=CC(=O)CC4)C,Melengestrol-Acetate,-5.55,-5.57,0.69,23,224,396.53,0,1.53,2.9,1.83,3.17,4.74,4.38,C=C1CC2C3C=C(C)C4=CC(=O)CCC4(C)C3CCC2(C)C1(OC(C)=O)C(C)=O
1519,CC1=CC=C(C=C1)S(=O)(=O)C2(CC2)C(=O)OC,Methyl(1-(4-methyl)phenylsulfonyl)cyclopropanecarboxylate,-2.88,-2.88,0.17,25,97,254.31,0,1,1.92,0.96,1.81,1.47,2.74,COC(=O)C1(S(=O)(=O)c2ccc(C)cc2)CC1
1520,CC1=CC=C(C=C1)S(=O)(=O)C2(CCCC2)C(=O)OC(C)C,i-Propyl1-[(4-methylphenyl)sulfonyl]cyclopentanecarboxylate,-3.91,-3.91,0.35,25,73,310.41,0,1.04,1.92,0.96,2.37,3.03,4.42,Cc1ccc(S(=O)(=O)C2(C(=O)OC(C)C)CCCC2)cc1
1521,CC1=CC=C(C=C1)S(=O)(=O)C2(CCCCC2)C(=O)OC,Methyl1-[(4-methylphenyl)sulfonyl]cyclohexanecarboxylate,-4.61,-4.61,0.5,25,146,296.39,0,1.01,1.94,0.95,2.23,2.64,4.18,COC(=O)C1(S(=O)(=O)c2ccc(C)cc2)CCCCC1
1522,CC1=CC=C(C=C1)S(=O)(=O)C2=COC(=C2)S(=O)(=O)N,4-[(4-Methylphenyl)sulfonyl]-2-furansulfonamide,-3.78,-3.78,0.33,25,185,301.35,0.44,1.48,2.66,1.64,1.95,1.07,3.25,Cc1ccc(S(=O)(=O)c2coc(S(N)(=O)=O)c2)cc1
1523,CC1=CC=C(C=C1)S(=O)(=O)C2=CSC(=C2)S(=O)(=O)N,4-[(4-Methylphenyl)sulfonyl]-2-thiophenesulfonamide,-4.02,-4.02,0.38,25,185,317.41,0.44,1.38,2.71,1.8,2.05,1.54,3.52,Cc1ccc(S(=O)(=O)c2csc(S(N)(=O)=O)c2)cc1
1524,CC1=CC=C(C=C1)[S](=O)(=O)N,4-Methylbenzenesulfonamide,-1.73,-1.73,0.17,25,139,171.22,0.44,0.88,1.49,1.18,1.24,0.64,1.98,Cc1ccc(S(N)(=O)=O)cc1
1525,CC1=CC=C(N)C=C1,4-Methylaniline,-1.21,-1.21,0.05,25,44,107.16,0.23,0.43,1.02,0.88,0.96,1.58,1.2,Cc1ccc(N)cc1
1526,CC1=CC=C2C(=C1)NC(NC2=O)=O,"7-Methylquinazoline-2,4-dione",-3.11,-3.14,0.19,23,300,176.17,0.55,0.85,1.41,1.41,1.26,0.52,1.55,Cc1ccc2c(=O)[nH]c(=O)[nH]c2c1
1527,CC1=CC=CC(=C1)[S](=O)(=O)N,3-Methylbenzenesulfonamide,-1.34,-1.34,0.17,25,153,171.22,0.44,0.88,1.49,1.18,1.24,0.64,1.98,Cc1cccc(S(N)(=O)=O)c1
1528,CC1=CC=CC2=C1C=CC=C2C,"1,5-Dimethylnaphthalene",-4.68,-4.68,0.51,25,81,156.23,0,0.17,0.9,1.32,1.37,3.46,1.61,Cc1cccc2c(C)cccc12
1529,CC1=CCC(CC1)C(C)(C)O,?-Terpineol,-1.91,-1.91,0.16,25,33,154.249,0.31,0.45,0.53,0.53,1.42,2.5,2.38,CC1=CCC(C(C)(C)O)CC1
1530,CC1=CC[C@H](CC1)[C@](C)(CCC=C(C)C)O,(-)-?-Bisabolol<Levomenol>,-3.3,-3.31,0.23,32,47,222.3663,0.31,0.54,0.59,0.66,2.09,4.23,4.78,CC(C)=CCC[C@](C)(O)[C@@H]1CC=C(C)CC1
1531,CC1=CC[C@H](CC1O)C(=C)C,(-)-Carveol,-1.72,-1.72,0.18,25,40,152.233,0.31,0.51,0.58,0.66,1.38,2.28,2.5,C=C(C)[C@@H]1CC=C(C)C(O)C1
1532,CC1=CC[S](C1)(=O)=O,3-Methylsulfolene,-3.23,-3.23,0.22,25,77,132.18,0,0.63,1.23,0.45,0.94,0.36,1.15,CC1=CCS(=O)(=O)C1
1533,CC1=CN(C(=O)NC1=O)[C@H]2C=C[C@@H](CO)O2,Stavudine<4dT>,-0.42,-0.42,0.07,25,160,224.21,0.47,1.65,1.96,1.55,1.56,-0.71,2.76,Cc1cn([C@H]2C=C[C@@H](CO)O2)c(=O)[nH]c1=O
1534,CC1=CN=C(N1)C2=CN=C(N=C2C3=C(C=C(C=C3)Cl)Cl)NCCNC4=NC=C(C=C4)C#N,CHIR-99021,-5.24,-5.02,0.62,37,202,465.3,0.68,1.91,3.68,3.89,3.26,4.94,6.49,Cc1cnc(-c2cnc(NCCNc3ccc(C#N)cn3)nc2-c2ccc(Cl)cc2Cl)[nH]1
1535,CC1=CN=C(S1)NC(=O)C2=C(C3=CC=CC=C3S(=O)(=O)N2C)O,Meloxicam,-6.05,-6.05,0.33,25,254,351.4,0.72,2.02,3.12,2.6,2.32,1.95,3.61,Cc1cnc(NC(=O)C2=C(O)c3ccccc3S(=O)(=O)N2C)s1
1536,CC1=CN=C2C(=N1)NC=NC2=O,7-Methyl-4(1H)-pteridinone,-1.5,-1.56,0.17,20,232,162.15,0.08,1.06,1.15,1.57,1.12,0.02,1.36,Cc1cnc2c(=O)nc[nH]c2n1
1537,CC1=CN=NC2=C(C=CC=C12)O,4-Methyl-8-cinnolinol,-2.61,-2.68,0.17,20,162,160.18,0.07,0.81,1.37,1.62,1.2,1.64,1.43,Cc1cnnc2c(O)cccc12
1538,CC1=CNC(=O)N=C1N,5-Methylcytosine,-1.44,-1.44,0.63,25,270,125.13,0.47,1.23,1.27,1.08,0.93,-0.34,1.22,Cc1c[nH]c(=O)nc1N
1539,CC1=CNC(=S)NC1=O,Thiothymine<5-Methyl-2-thiouracil>,-2.45,-2.45,0.17,25,187,142.18,0.39,1.02,1.73,1.36,1,0.74,1.48,Cc1c[nH]c(=S)[nH]c1=O
1540,CC1=CNC(NC1=O)=O,Thymine<5-Methyluracil>,-1.52,-1.52,0.05,25,316,126.11,0.44,0.9,1.41,0.88,0.89,-0.63,1.22,Cc1c[nH]c(=O)[nH]c1=O
1541,CC1=C[NH]C2=CC=CC=C12,Skatole<3-Methylindole>,-2.42,-2.42,0.17,25,98,131.18,0.31,0.33,1.05,1.25,1.09,2.48,1.04,Cc1c[nH]c2ccccc12
1542,CC1=NC(=C(S1)C(=O)NC2=C(C=C(C=C2Br)OC(F)(F)F)Br)C(F)(F)F,Thifluzamide,-5.47,-5.52,0.67,20,178,528.07,0.41,0.74,2.04,1.5,2.4,6.15,5.93,Cc1nc(C(F)(F)F)c(C(=O)Nc2c(Br)cc(OC(F)(F)F)cc2Br)s1
1543,CC1=NC(=NC=C1)NC(=O)C2=NC=CN=C2,N-(4-Methyl-2-pyrimidinyl)-pyrazinamide,-0.7,-0.73,0.17,22,211,215.22,0.41,1.41,2.05,1.66,1.56,0.83,2.81,Cc1ccnc(NC(=O)c2cnccn2)n1
1544,CC1=NC2=C(C(N1)=O)[NH]C=N2,"1,7-Dihydroxy-2-methyl-6H-purin-6-one",-1.15,-1.18,0.17,23,239,150.14,0.6,1.2,1.76,1.36,1.02,-0.05,1.06,Cc1nc2nc[nH]c2c(=O)[nH]1
1545,CC1=NC2=C(N=C(C1)C)C=CC=C2,"2,4-Dimethyl-3H-1,5-benzodiazepine",-1.34,-1.37,0.17,20,100,172.23,0,0.4,0.43,1.13,1.43,3.28,1.97,CC1=Nc2ccccc2N=C(C)C1
1546,CC1=NC=C(N1CC(C)O)[N+](=O)[O-],Secnidazole<SOLOSEC>,-0.65,-0.67,0.07,23,76,185.18,0.31,0.89,1.74,1.13,1.33,0.48,2.62,Cc1ncc([N+](=O)[O-])n1CC(C)O
1547,CC1=NC=C(N1CCOP(=O)(O)O)[N+](=O)[O-],MetronidazolePhosphate,-2.05,-2.05,0.1,25,170,251.13,0.63,1.9,2.22,1.51,1.57,0.21,3.77,Cc1ncc([N+](=O)[O-])n1CCOP(=O)(O)O
1548,CC1=NC=CN1CC2CCC3=C(C2=O)C4=CC=CC=C4N3C,Ondansetron,-3.38,-3.18,0.38,37,232,293.36,0,1.08,2.22,2.36,2.27,3.13,2.92,Cc1nccn1CC1CCc2c(c3ccccc3n2C)C1=O
1549,CC1=NC=NC2=C(C=CC=C12)O,4-Methyl-8-quinazolinol,-2.54,-2.6,0.17,20,164,160.18,0.07,0.85,1.36,1.6,1.2,1.64,1.43,Cc1ncnc2c(O)cccc12
1550,CC1=NN(C(=O)C1)C2=CC=CC=C2,Edaravone<RADICAVA>,-1.59,-1.59,0.25,25,130,174.2,0,0.97,1.21,1.36,1.34,1.8,1.85,CC1=NN(c2ccccc2)C(=O)C1
1551,CC1=NNC(=O)N(C1)/N=C/c2cccnc2,Pymetrozine,-4.6,-4.602,0.49,25,217,217.23,0.16,1.41,1.6,1.63,1.6,0.82,2.9,CC1=NNC(=O)N(/N=C/c2cccnc2)C1
1552,CC1=NOC(C1=NO)=O,"3-Methyl-4-oxime,4,5-isoxazoledione",-0.5,-0.54,0.17,18,132,128.09,0.31,0.92,0.68,0.82,0.81,-0.25,1.18,CC1=NOC(=O)C1=NO
1553,CC1=NO[N+](=C1C)[O-],DimethylfurazanMonoxide,-0.49,-0.53,0.17,18,86,114.1,0,0.27,0.58,0.52,0.79,-0.08,0.93,Cc1no[n+]([O-])c1C
1554,CC1=N[N](C(=C1)N)C2=CC=CC=C2,3-Methyl-1-phenyl-1H-pyrazol-5-amine,-0.91,-0.94,0.17,23,116,173.22,0.23,0.79,1.72,1.72,1.38,1.76,1.78,Cc1cc(N)n(-c2ccccc2)n1
1555,CC1=N[N](C(=C1C)N)C2=CC=CC=C2,"3,4-Dimethyl-1-phenyl-1H-pyrazol-5-amine",-1.64,-1.67,0.17,23,151,187.25,0.23,0.79,1.67,1.75,1.53,2.07,2,Cc1nn(-c2ccccc2)c(N)c1C
1556,CC1C(=NNC(=O)S1)C2=CC3=C(C=C2)N(CCC3)C(=O)C4=CC(=C(C=C4)OC)OC,EMD-57033,-5.07,-4.94,0.04,37,155,425.5,0.26,2.1,3.45,2.92,3.08,3.85,5.67,COc1ccc(C(=O)N2CCCc3cc(C4=NNC(=O)SC4C)ccc32)cc1OC
1557,CC1C(=O)C(=C(O1)C)O,Furaneol,0.23,0.23,0.2,25,82,128.13,0.31,0.93,1.17,0.79,0.94,0.76,1.2,CC1=C(O)C(=O)C(C)O1
1558,CC1CC(C(CC1)C(C)C)O,L-Menthol,-2.57,-2.57,0.05,25,43,156.27,0.31,0.42,0.5,0.44,1.47,2.44,2.94,CC1CCC(C(C)C)C(O)C1
1559,CC1CC(CC(C1)(C)C)OC(=O)C(c2ccccc2)O,Cyclandelate,-4.55,-4.55,0.48,25,56,276.37,0.17,0.98,1.03,1,2.29,3.48,4.48,CC1CC(OC(=O)C(O)c2ccccc2)CC(C)(C)C1
1560,CC1CC(CC(N1)(C)C)OC(=O)c2ccccc2,?-Eucaine,-1.92,-1.94,0.17,20,71,247.34,0.13,0.97,1.22,1,2.05,2.76,3.72,CC1CC(OC(=O)c2ccccc2)CC(C)(C)N1
1561,CC1CC2C3CCC4=CC(=O)C=CC4(C3=CCC2(C1C(=O)CN5CCN(CC5)C6=NC(=NC(=C6)N7CCCC7)N8CCCC8)C)C,Tirilazad,-7.57,-7.59,1.1,23,137,624.87,0,2.81,4.28,4,4.97,5.46,7.65,CC1CC2C3CCC4=CC(=O)C=CC4(C)C3=CCC2(C)C1C(=O)CN1CCN(c2cc(N3CCCC3)nc(N3CCCC3)n2)CC1
1562,CC1CCC(C(C1)=NO)=NO,"4-Methyl-1,2-CyclohexanedioneDioxime",-1.66,-1.66,0.17,25,127,156.19,0.63,0.91,0.56,0.96,1.22,1.47,2.46,CC1CCC(=NO)C(=NO)C1
1563,CC1CCC2(O1)CCC(O2)C,"2,7-Dimethyl-1,6-dioxaspiro[4,4]nonane",-0.44,-0.45,0.17,20,64,156.22,0,0.52,0.59,0.5,1.28,2.08,1.69,CC1CCC2(CCC(C)O2)O1
1564,CC1CCCC(C1=NO)=NO,"3-Methyl-1,2-CyclohexanedioneDioxime",-1.59,-1.59,0.17,25,124,156.19,0.63,0.91,0.56,0.96,1.22,1.47,2.46,CC1CCCC(=NO)C1=NO
1565,CC1CCN(CC1)C(=O)c2cc3c(cc2Cl)[nH]c(n3)SC,[6-Chloro-2-(methylsulfanyl)-1H-benzimidazol-5-yl](4-methyl-1-piperidinyl)methanone,-4.35,-4.35,0.04,25,181,323.84,0.35,1.32,2.46,2.42,2.33,3.81,4.13,CSc1nc2cc(C(=O)N3CCC(C)CC3)c(Cl)cc2[nH]1
1566,CC1CCN(CC1)C(=O)c2ccc3c(c2)nc([nH]3)SC,[4-Methyl-1-piperidinyl)[2-(methylsulfanyl)-1H-benzimidazol-5-yl]methanone,-4.33,-4.33,0.04,25,181,289.4,0.35,1.32,2.38,2.27,2.2,3.16,3.7,CSc1nc2cc(C(=O)N3CCC(C)CC3)ccc2[nH]1
1567,CC1CN(CC(O1)C)N=O,"2,6-Dimethyl-N-nitroso-morpholine",-0.06,-0.07,0.17,24,92,144.17,0,0.78,1.24,0.6,1.12,0.78,2.21,CC1CN(N=O)CC(C)O1
1568,CC1CN(CCO1)S(=O)(=O)NC(=O)NCC3CC2C=CC3C2,1-(2-Bicyclo[2.2.1]hept-5-enylmethyl)-3-(2-methylmorpholin-4-yl)sulfonylurea,-3.3,-3.3,0.23,25,175,329.42,0.59,1.84,2.42,1.81,2.3671,0.46,4.42,CC1CN(S(=O)(=O)NC(=O)NCC2CC3C=CC2C3)CCO1
1569,CC1COc2c3n1cc(c(=O)c3cc(c2N4CCN(CC4)C)F)C(=O)O,Ofloxacin,-1.96,-1.96,0.13,25,254,361.37,0.57,2.05,2.58,2.26,2.5,1.54,3.87,CC1COc2c(N3CCN(C)CC3)c(F)cc3c(=O)c(C(=O)O)cn1c23
1570,CC1CS(=O)(=O)CCN1/N=C/C1=CC=C(O1)[N+]([O-])=O,Nifurtimox<LAMPIT>,-3.94,-3.86,0.33,37,181,287.29,0,1.43,2.2,1.31,1.88,0.64,3.56,CC1CS(=O)(=O)CCN1/N=C/c1ccc([N+](=O)[O-])o1
1571,CC1N(C(CC1)=O)C2=CC=CC=C2,5-Methyl-1-phenyl-2-pyrrolidinone,-0.81,-0.85,0.17,20,89,175.23,0,0.85,1.33,1.19,1.43,2.2,2.05,CC1CCC(=O)N1c1ccccc1
1572,CC1NC(C(NC1=O)C)=O,"3,6-Dimethylpiperazine-2,5-dione",-0.14,-0.15,0.17,23,188,142.16,0.51,1.41,1.61,0.99,1.08,-0.99,1.61,CC1NC(=O)C(C)NC1=O
1573,CC1SC(C)NC(C)S1,Thialdine,-1.34,-1.37,0.17,20,46,163.31,0.13,0.8,0.71,1.08,1.27,2.09,2.73,CC1NC(C)SC(C)S1
1574,CC2(C1=CC=C(C=C1C(O2)=O)[N+](=O)[O-])C,"3,3-Dimethyl-6-nitro-,1(3H)-isobenzofuranone",-3.05,-3.05,0.18,25,142,207.18,0,0.56,1.57,1.13,1.42,2,1.79,CC1(C)OC(=O)c2cc([N+](=O)[O-])ccc21
1575,CC24C5(C1C(O1)C2(C3C(=O)OC(C3(C(=C)C)O)C4O)O)OC5,Hyenanchin,-1.3,-1.42,0.17,15,225,310.3,0.73,2.35,3.15,2.13,2,-1.5,1.92,C=C(C)C1(O)C2OC(=O)C1C1(O)C3OC3C3(CO3)C1(C)C2O
1576,CC2=C(N=C1NC=NC(C1=N2)=O)C,"6,7-Dimethyl-4(1H)-pteridinone",-2.23,-2.29,0.17,20,225,176.18,0.08,1.06,1.09,1.59,1.26,0.33,1.58,Cc1nc2[nH]cnc(=O)c2nc1C
1577,CC2=C(OC1=CC=CN=N1)C=CC=C2,3-(2-Methyl-phenoxy)pyridazine,-1.95,-1.97,0.17,22,78,186.21,0,0.77,1.4,1.31,1.44,2.58,2.4,Cc1ccccc1Oc1cccnn1
1578,CC2=CC(C1=CC=CC=C1C2=O)=O,"Menadion<2-Methyl-1,4-Naphthoquinone>",-3.13,-3.08,0.05,30,107,172.18,0,0.79,1.7,1.37,1.3,2.01,1.62,CC1=CC(=O)c2ccccc2C1=O
1579,CC2=CC=C(C(=O)C1=CSC(=C1)[S](=O)(=O)N)C=C2,4-(4-Methylbenzoyl)-2-thiophenesulfonamide,-4.45,-4.45,0.46,25,176,281.36,0.44,1.21,2.31,1.93,1.93,1.93,3.34,Cc1ccc(C(=O)c2csc(S(N)(=O)=O)c2)cc1
1580,CC2=CC=C1NC(C(NC1=C2)=O)=O,"1,4-Dihydro-6-methyl-2,3-quinoxalinedione",-2.97,-3.04,0.17,20,215,176.18,0.83,1.15,2.13,1.49,1.26,0.52,1.55,Cc1ccc2[nH]c(=O)c(=O)[nH]c2c1
1581,CC2=CN=C1NC=NC(C1=N2)=O,6-Methyl-4(1H)-pteridinone,-1.59,-1.65,0.17,20,235,162.15,0.08,1.06,1.15,1.57,1.12,0.02,1.36,Cc1cnc2[nH]cnc(=O)c2n1
1582,CC2=NC1=C(C=CC=C1C=C2C)O,"2,3-Dimethylquinolin-8-ol",-1.37,-1.32,0.17,30,131,173.21,0.07,0.73,1.24,1.59,1.38,2.56,1.69,Cc1cc2cccc(O)c2nc1C
1583,CC2=NC1=C(N=CN=C1)N(C2=O)C,"6,8-Dimethyl-7(8H)-pteridinone",-1.44,-1.49,0.17,20,176,176.18,0,1.15,1.46,1.39,1.26,0.03,1.58,Cc1nc2cncnc2n(C)c1=O
1584,CC2=NC1=CC(=CC=C1C=C2)C,"2,7-Dimethylquinoline",-1.94,-1.94,0.17,25,61,157.22,0,0.46,1.03,1.37,1.33,2.85,1.57,Cc1ccc2ccc(C)nc2c1
1585,CC2=NC1=CC=CC=C1C(=C2)C,4-Methylquinaldine,-1.94,-1.94,0.17,25,264,157.22,0,0.46,1.03,1.37,1.33,2.85,1.57,Cc1cc(C)c2ccccc2n1
1586,CC2=NC1=C[NH]C=NC1=N2,8-Methyl-9H-purine,-0.35,-0.38,0.17,20,166,134.14,0.13,0.96,0.26,1.24,0.96,0.61,0.94,Cc1nc2c[nH]cnc-2n1
1587,CC2C1=CC=C(C=C1C(O2)=O)[N+](=O)[O-],3-Methyl-6-nitro-1(3H)-isobenzofuranone,-2.62,-2.62,0.17,25,142,193.16,0,0.55,1.62,1.16,1.28,1.83,1.74,CC1OC(=O)c2cc([N+](=O)[O-])ccc21
1588,CC2C1C(C(CC1)C)COC2=O,Iridomyrmecin,-1.92,-1.92,0.17,25,61,168.24,0,0.56,1.45,0.6,1.37,1.84,1.85,CC1CCC2C(C)C(=O)OCC12
1589,CC2Nc1cc(Cl)c(cc1C(=O)N2c3ccccc3C)S(N)(=O)=O,Metolazone,-3.78,-3.78,0.21,25,256,365.84,0.59,1.74,2.86,2.69,2.5,2.71,4.03,Cc1ccccc1N1C(=O)c2cc(S(N)(=O)=O)c(Cl)cc2NC1C
1590,CC3(OC1C(C(O)C(O1)C2COC(O2)(C)C)O3)C,Diacetone-D-glucose,-0.78,-0.79,0.17,18,142,260.29,0.19,1.68,1.22,1.1,1.83,0.38,2.75,CC1(C)OCC(C2OC3OC(C)(C)OC3C2O)O1
1591,CC34C(C2C(C1(C(=CC(=O)CC1)C(=C2)C)C)CC3)CCC4(C(C)=O)C,Medrogestone,-5.27,-5.27,0.63,25,144,340.51,0,1.13,2.49,1.67,2.86,5.28,3.57,CC(=O)C1(C)CCC2C3C=C(C)C4=CC(=O)CCC4(C)C3CCC21C
1592,CC34C2C(C1C(C(O)CC1)(C)CC2)CCC3CC5C(C4)S5,Epitiostanol,-5.5,-5.41,0.68,37,127,306.51,0.31,0.81,1.92,1.79,2.46,4.48,2.76,CC12CCC3C(CCC4CC5SC5CC43C)C1CCC2O
1593,CC34CCC1C(CCC2=CC(=O)CCC12C)C3CCC4O,Testosterone,-4.09,-4.09,0.09,25,155,288.42,0.31,1.01,2.27,1.55,2.38,3.88,2.96,CC12CCC(=O)C=C1CCC1C2CCC2(C)C(O)CCC12
1594,CC6COC1(OC2C(C1C)C3(C(C2)C5C(CC3)C4(CCC(CC4=CC5)O)C)C)CC6,Diosgenin,-5.07,-5.08,0.59,23,206,414.63,0.31,1.25,2.16,1.85,3.39,5.71,4.44,CC1CCC2(OC1)OC1CC3C4CC=C5CC(O)CCC5(C)C4CCC3(C)C1C2C
1595,CC=CC1=C(C(O)=O)N2C(SC1)C(N)C2=O,7-APRA<7-Amino-3-propenylcephalosporanicAcid>,-3.29,-3.29,0.12,25,203,240.28,0.8,1.93,2.05,1.79,1.67,0.14,2.77,CC=CC1=C(C(=O)O)N2C(=O)C(N)C2SC1
1596,CCC(=O)C(CC(C)N(C)C)(c1ccccc1)c2ccccc2,Methadone,-4.7,-4.72,0.51,23,235,309.45,0,1.09,1.72,1.51,2.71,4.29,5.73,CCC(=O)C(CC(C)N(C)C)(c1ccccc1)c1ccccc1
1597,CCC(=O)N1C2=C(C=N1)C(=O)NC=N2,1-Propanoyl-Allopurinol<B099-III>,-2.76,-2.81,0.17,22,261,192.17,0.26,1.37,2.17,1.68,1.32,0.17,1.88,CCC(=O)n1ncc2c(=O)[nH]cnc21
1598,CCC(=O)NC1=CC=C(C=C1)Br,2-Methyl-4-bromoacetanilide,-1.7,-1.76,0.17,20,141,228.09,0.47,0.66,1.62,1.22,1.43,2.8,3.29,CCC(=O)Nc1ccc(Br)cc1
1599,CCC(=O)NC[C@@H]1C[C@H]1c2cccc3c2CCO3,Tasimelteon(1),-3.57,-3.48,0.08,37,130,245.32,0.26,0.91,1.71,1.41,1.94,2.25,2.98,CCC(=O)NC[C@@H]1C[C@H]1c1cccc2c1CCO2
1600,CCC(=O)OC1=C2C3=C(C[C@@H]4[C@H]5[C@]3(CCN4C)[C@@H](O2)[C@H](C=C5)OS(=O)(=O)O)C=C1,3-Propionylmorphine-6-sulfate,-4.79,-4.69,0.53,37,250,421.46,0.31,2.26,2.85,2.23,2.84,1.64,4.13,CCC(=O)Oc1ccc2c3c1O[C@H]1[C@@H](OS(=O)(=O)O)C=C[C@H]4[C@@H](C2)N(C)CC[C@@]341
1601,CCC(=O)OCC(=O)C1(C(CC2C1(CC(C3(C2CCC4=CC(=O)C=CC43C)Cl)O)C)C)OC(=O)CC,BeclometasoneDipropionate,-6.09,-6.05,0.8,37,157,521.05,0.38,2.13,3.7,2.12,3.89,4.09,6.83,CCC(=O)OCC(=O)C1(OC(=O)CC)C(C)CC2C3CCC4=CC(=O)C=CC4(C)C3(Cl)C(O)CC21C
1602,CCC(=O)OCN1C(=O)C(NC1=O)(c2ccccc2)c3ccccc3,3-(Propanoyloxymethyl)phenytoin,-5.07,-5.07,0.59,25,131,338.357,0.16,1.53,2.46,2.02,2.51,2.39,4.52,CCC(=O)OCN1C(=O)NC(c2ccccc2)(c2ccccc2)C1=O
1603,CCC(=O)Oc1c3cc(Cl)c(cc3nc(C)c1c2ccccc2C)OC,ELQ-300analog10,-5.51,-5.55,0.68,21,158,369.84,0,1.09,2.03,2.47,2.75,5.5,5.14,CCC(=O)Oc1c(-c2ccccc2C)c(C)nc2cc(OC)c(Cl)cc12
1604,CCC(=O)[N]1C(=NC2=C1C=C(C=C2)C(=O)C3=CC=CC=C3)NC(=O)OC,"MethylN-(6-benzoyl-1-propanoyl-1,3-benzodiazol-2-yl)carbamate",-4.51,-4.57,0.48,21,166,351.36,0.37,1.67,3.18,2.67,2.56,3.5,4.79,CCC(=O)n1c(NC(=O)OC)nc2ccc(C(=O)c3ccccc3)cc21
1605,CCC(C(=O)O)C(=O)O,EthylmalonicAcid,0.73,0.73,0.17,25,114,132.12,1.14,0.72,1.05,0.35,0.96,0.18,2.7,CCC(C(=O)O)C(=O)O
1606,CCC(C(CC)=NO)=NO,"3,4-HexanedioneDioxime",-2.55,-2.55,0.17,25,86,144.17,0.63,0.9,0.48,0.75,1.19,1.47,4.27,CCC(=NO)C(CC)=NO
1607,CCC(C(Cc1cncn1C)COC(=O)CC)C(=O)OCc2ccccc2,Pilocarpinediester2,-3.85,-3.85,0.31,22,100,372.46,0,1.32,2.17,1.36,2.98,3.3,8.04,CCC(=O)OCC(Cc1cncn1C)C(CC)C(=O)OCc1ccccc1
1608,CCC(C)C1(C(=O)NC(=O)NC1=O)CC,Butabarbital<Secbutabarbital><5-Ethyl-5-s-butylbarbituricAcid>,-2.1,-2.1,0.16,25,167,212.25,0.52,1.24,1.34,0.99,1.66,0.79,3.11,CCC(C)C1(CC)C(=O)NC(=O)NC1=O
1609,CCC(C)C1(C(=O)NC(=O)NC1=O)CC(=C)Br,Buallylonal,-2.65,-2.65,0.17,25,164,303.16,0.52,1.31,1.57,1.39,1.93,1.68,4.09,C=C(Br)CC1(C(C)CC)C(=O)NC(=O)NC1=O
1610,CCC(C)Nc1nc(nc(n1)OC)NCC,Secbumetone,-2.54,-2.53,0.03,29,86,225.29,0.26,1.16,1.28,1.19,1.84,1.52,4.75,CCNc1nc(NC(C)CC)nc(OC)n1
1611,CCC(C)[C@H]1C(=O)N[C@H](C(=O)NC(=C)C(=O)N[C@H](C(=O)N[C@]23CCC(=N[C@H]2c4csc(n4)[C@H]([C@H](OC(=O)c5cc(c6c(n5)[C@H]([C@H](N1)C=C6)O)[C@H](C)O)C)NC(=O)c7csc(n7)[C@@H](NC(=O)[C@H]8CSC(=N8)/C(=C\C)/NC(=O)[C@@H](NC(=O)c9csc3n9)[C@@H](C)O)[C@](C)([C@@H](C)O)O)c1nc(cs1)C(=O)NC(=C)C(=O)NC(=C)C(=O)N)C)C,Bryamycin<Thiosterpton>,-3.8,-3.84,0.29,28,210,1664.887,4.47,11.56,14.55,10.51,11.65,0.77,26.71,C=C(NC(=O)C(=C)NC(=O)c1csc(C2=N[C@H]3c4csc(n4)[C@H]4NC(=O)c5csc(n5)[C@H]([C@@](C)(O)[C@@H](C)O)NC(=O)[C@H]5CSC(=N5)/C(=C\C)NC(=O)[C@H]([C@@H](C)O)NC(=O)c5csc(n5)[C@]3(CC2)NC(=O)[C@H](C)NC(=O)C(=C)NC(=O)[C@H](C)NC(=O)[C@H](C(C)CC)N[C@@H]2C=Cc3c([C@H](C)O)cc(nc3[C@H]2O)C(=O)O[C@@H]4C)n1)C(N)=O
1612,CCC(C1=CC=C(C=C1)OC(F)F)NC2=NC=NC(=C2Cl)C,Diflumetorim,-3.99,-4,0.37,23,47,327.76,0.22,0.96,1.51,1.44,2.26,4.6,5.49,CCC(Nc1ncnc(C)c1Cl)c1ccc(OC(F)F)cc1
1613,CCC(CC)C1=CC(=NN2C1=NC(=C2C3=C(N=C(S3)N4CCOCC4)Cl)C)C,CRH-1<MTIP>,-5.78,-5.79,0.13,23,163,419.97,0,1.4,2,2.72,3.08,4.86,5.58,CCC(CC)c1cc(C)nn2c(-c3sc(N4CCOCC4)nc3Cl)c(C)nc12
1614,CCC(CC)COC(=O)[C@H](C)NP(=O)(Oc1ccccc1)OC[C@H]2O[C@](C#N)([C@H](O)[C@@H]2O)c4ccc3c(N)ncnn34,Remdesivir<VEKLURY>,-4.47,-4.46,0.09,37,111,602.58,0.89,3.57,4.09,2.94,4.32,2.31,9.83,CCC(CC)COC(=O)[C@H](C)NP(=O)(OC[C@H]1O[C@@](C#N)(c2ccc3c(N)ncnn23)[C@H](O)[C@@H]1O)Oc1ccccc1
1615,CCC1(C(=O)NC(=NC1=O)O)CCC(C)C,Amobarbital<5-Ethyl-5-(3-methyl-butyl)barbituricAcid>,-2.41,-2.41,0.09,25,157,226.27,0.57,1.5,1.54,1.16,1.8,1.39,3.67,CCC1(CCC(C)C)C(=O)N=C(O)NC1=O
1616,CCC1(C(=O)NC(=O)N(C1=O)C)C2=CC=CC=C2,Mephobarbital<Methylphenobarbital><5-Ethyl-5-phenyl-N-methylbarbituricAcid>,-3.68,-3.68,0.2,25,172,246.27,0.24,1.35,1.82,1.57,1.84,1.04,2.9,CCC1(c2ccccc2)C(=O)NC(=O)N(C)C1=O
1617,CCC1(C(=O)NC(=O)N(C1=O)C)CC,Metabarbital<Metharbital>,-1.94,-1.94,0.06,25,151,198.22,0.24,1.26,1.36,1,1.51,0.5,2.6,CCC1(CC)C(=O)NC(=O)N(C)C1=O
1618,CCC1(C(=O)NC(=O)N1S(=O)(=O)c2ccccc2)c3ccccc3,1-Benzenesulfonyl-5-ethyl-5-phenylhydantoin,-3.23,-3.01,0.22,37,193,344.385,0.24,1.53,2.75,2.27,2.43,2.23,3.89,CCC1(c2ccccc2)C(=O)NC(=O)N1S(=O)(=O)c1ccccc1
1619,CCC1(C(=O)NC(=O)NC1=O)C2=CCCCC2,Cyclobarbital,-2.12,-2.12,0.11,25,173,236.27,0.52,1.28,1.5,1.32,1.79,1.25,3,CCC1(C2=CCCCC2)C(=O)NC(=O)NC1=O
1620,CCC1(C(=O)NC(=O)NC1=O)C2=CCCCCC2,Heptabarbital,-3,-3,0.07,25,175,250.3,0.52,1.28,1.5,1.32,1.93,1.64,3.5,CCC1(C2=CCCCCC2)C(=O)NC(=O)NC1=O
1621,CCC1(C(=O)NC(=O)NC1=O)CC,"Barbital<5,5-DiethylbarbituricAcid>",-1.41,-1.41,0.06,25,192,184.19,0.52,1.21,1.35,0.98,1.37,0.16,2.36,CCC1(CC)C(=O)NC(=O)NC1=O
1622,CCC1(C(=O)NC(=O)NC1=O)CC=C2CCCCC2,5-(2-Cyclohexylideneethyl)-5-ethylbarbituricAcid,-3.53,-3.53,0.28,25,167,264.32,0.52,1.28,1.5,1.31,2.07,2.03,4.02,CCC1(CC=C2CCCCC2)C(=O)NC(=O)NC1=O
1623,CCC1(C(=O)NC(=O)NC1=O)c2ccccc2,Phenobarbital<5-Ethyl-5-phenylbarbituricAcid>,-2.33,-2.34,0.08,25,176,232.24,0.52,1.29,1.81,1.56,1.7,0.7,2.67,CCC1(c2ccccc2)C(=O)NC(=O)NC1=O
1624,CCC1(C(=O)NC(=S)NC1=O)CC,"Thiobarbital<5,5-Diethyl-2-thiobarbituricAcid>",-2.17,-2.17,0.12,25,178,200.26,0.51,1.3,2,1.48,1.48,0.32,2.65,CCC1(CC)C(=O)NC(=S)NC1=O
1625,CCC1(C(=O)NC(=S)NC1=O)c2ccccc2,Thiophenobarbital<5-Ethyl-5-phenyl-2-thiobarbituricAcid>,-3.58,-3.58,0.29,25,186,248.3,0.51,1.38,2.46,2.06,1.8,0.87,2.93,CCC1(c2ccccc2)C(=O)NC(=S)NC1=O
1626,CCC1(CCC(=O)NC1=O)c2ccccc2,Glutethimide,-2.3,-2.3,0.04,25,84,217.26,0.34,1.02,1.4,1.31,1.73,1.77,2.77,CCC1(c2ccccc2)CCC(=O)NC1=O
1627,CCC1=C(N=C(C(=N1)C(=O)N)NC2=CC(=C(C=C2)N3CCC(CC3)N4CCN(CC4)C)OC)NC5CCOCC5,Gilteritinib<XOSPATA>,-6.83,-6.83,0.43,25,184,552.71,0.69,3.09,3.35,3.45,4.33,2.7,9.23,CCc1nc(C(N)=O)c(Nc2ccc(N3CCC(N4CCN(C)CC4)CC3)c(OC)c2)nc1NC1CCOCC1
1628,CCC1C(=O)N(CC(=O)N(C(C(=O)NC(C(=O)N(C(C(=O)NC(C(=O)NC(C(=O)N(C(C(=O)N(C(C(=O)N(C(C(=O)N(C(C(=O)N1)C(C(C)CC=CC)O)C)C(C)C)C)CC(C)C)C)CC(C)C)C)C)C)CC(C)C)C)C(C)C)CC(C)C)C)C,CyclosporineA,-5.2,-5.15,0.16,23,151,1202.63,1.25,7.61,10.16,4.23,10.02,3.27,31.54,CC=CCC(C)C(O)C1C(=O)NC(CC)C(=O)N(C)CC(=O)N(C)C(CC(C)C)C(=O)NC(C(C)C)C(=O)N(C)C(CC(C)C)C(=O)NC(C)C(=O)NC(C)C(=O)N(C)C(CC(C)C)C(=O)N(C)C(CC(C)C)C(=O)N(C)C(C(C)C)C(=O)N1C
1629,CCC1C(=O)NC(=O)NC1=O,5-EthylbarbituricAcid,-1.43,-1.43,0.17,25,191,156.14,0.52,1.19,1.39,1.01,1.09,-0.62,1.89,CCC1C(=O)NC(=O)NC1=O
1630,CCC1COC(O1)(CN2C=NC=N2)C3=C(C=C(C=C3)Cl)Cl,Etaconazole,-3.57,-3.61,0.28,20,79,328.2,0,0.98,1.99,1.91,2.2,3.26,4.17,CCC1COC(Cn2cncn2)(c2ccc(Cl)cc2Cl)O1
1631,CCCC(=O)N1C2=C(C=N1)C(=O)NC=N2,1-Butanoyl-Allopurinol<B099-IV>,-3.23,-3.27,0.22,22,224,206.2,0.26,1.37,2.17,1.68,1.46,0.56,2.32,CCCC(=O)n1ncc2c(=O)[nH]cnc21
1632,CCCC(=O)OCC(COC(=O)CCC)O,"1,3-Dibutyrin",-1.81,-1.82,0.17,30,76,232.28,0.19,1.16,1.17,0.39,1.87,1.03,8.52,CCCC(=O)OCC(O)COC(=O)CCC
1633,CCCC(=O)OCN1C(=O)C(NC1=O)(C2=CC=CC=C2)C3=CC=CC=C3,3-(n-Butanoyloxymethyl)phenytoin,-4.68,-4.68,0.51,25,91,352.384,0.16,1.54,2.46,2.02,2.65,2.78,5.02,CCCC(=O)OCN1C(=O)NC(c2ccccc2)(c2ccccc2)C1=O
1634,CCCC(=O)OCN1C=Nc2nn(cc2C1=O)COC(=O)CCC,Allopurinolanalog5<B100-Vb>,-3.54,-3.55,0.28,22,134,336.34,0,1.79,2.51,1.6,2.44,1.19,6.05,CCCC(=O)OCn1cc2c(=O)n(COC(=O)CCC)cnc2n1
1635,CCCC(=O)OCN2C=Nc1c(cnn1COC(=O)CCC)C2=O,Allopurinolanalog2<B100-IVa>,-3.82,-3.83,0.34,22,123,336.34,0,1.79,2.51,1.6,2.44,1.19,6.05,CCCC(=O)OCn1cnc2c(cnn2COC(=O)CCC)c1=O
1636,CCCC(=O)OCOC(=O)C1=C(NC(=C(C1c2cccc(c2Cl)Cl)C(=O)OC)C)C,ClevidipineButyrate,-6.66,-6.66,0.91,23,129,456.32,0.13,1.76,2.26,1.62,3.2,4.25,8.32,CCCC(=O)OCOC(=O)C1=C(C)NC(C)=C(C(=O)OC)C1c1cccc(Cl)c1Cl
1637,CCCC(=O)OCn2ncc1c2N=CNC1=O,Allopurinolanalog10<B100-IIb>,-2.8,-2.83,0.17,22,225,236.23,0.26,1.4,2.08,1.53,1.66,0.42,3.17,CCCC(=O)OCn1ncc2c(=O)[nH]cnc21
1638,CCCC(C(=O)O)C(=O)O,n-PropylmalonicAcid,0.68,0.68,0.15,25,114,146.14,1.14,0.72,1.06,0.35,1.1,0.57,3.46,CCCC(C(=O)O)C(=O)O
1639,CCCC(C)(COC(=O)N)COC(=O)N,Meprobamate,-1.82,-1.82,0.1,25,104,218.25,0.89,1.12,1.62,0.71,1.73,0.98,5.51,CCCC(C)(COC(N)=O)COC(N)=O
1640,CCCC(C)C1(C(=O)NC(=O)NC1=O)CC,Pentobarbital<5-Ethyl-5-(1-methyl-butyl)barbituricAcid>,-2.52,-2.52,0.19,25,130,226.27,0.52,1.24,1.35,0.98,1.8,1.18,3.67,CCCC(C)C1(CC)C(=O)NC(=O)NC1=O
1641,CCCC(C)C1(C(=O)NC(=O)NC1=O)CC=C,Secobarbital<5-Allyl-5-s-pentylbarbituricAcid>,-2.14,-2.14,0.12,25,98,238.28,0.52,1.3,1.41,1.11,1.89,1.35,4.04,C=CCC1(C(C)CCC)C(=O)NC(=O)NC1=O
1642,CCCC(C)C1(C(=O)NC(=S)NC1=O)CC,Thiopental,-3.69,-3.69,0.1,25,158,242.34,0.51,1.34,2,1.49,1.9,1.35,4.02,CCCC(C)C1(CC)C(=O)NC(=S)NC1=O
1643,CCCC(C)C1(CC)C(=O)NC(=S)NC1=O,Thiopental,-3.68,-3.68,0.1,25,158,242.34,0.51,1.34,2,1.49,1.9,1.35,4.02,CCCC(C)C1(CC)C(=O)NC(=S)NC1=O
1644,CCCC(CCC)C(=O)O,ValproicAcid,-2.06,-2.09,0.03,23,125,144.21,0.57,0.4,0.62,0.17,1.31,2.29,4.99,CCCC(CCC)C(=O)O
1645,CCCC1(C(=O)NC(=O)NC1=O)CCC,"5,5-DipropylbarbituricAcid",-2.41,-2.41,0.09,25,147,212.25,0.52,1.21,1.36,0.98,1.66,0.94,3.44,CCCC1(CCC)C(=O)NC(=O)NC1=O
1646,CCCC1=C2CCCCC2=C(C3=C1OC(=CC3=O)C(=O)O)O,Proxicromil,-5.99,-6.09,0.34,20,199,302.32,0.7,0.91,1.75,1.79,2.21,3.03,3.64,CCCc1c2c(c(O)c3c(=O)cc(C(=O)O)oc13)CCCC2
1647,CCCC1=CC(=O)NC(=S)N1,Propylthiouracil,-2.15,-2.15,0.17,25,220,170.24,0.39,1.03,1.74,1.35,1.28,1.38,2.59,CCCc1cc(=O)[nH]c(=S)[nH]1
1648,CCCC1=NC(=C(N1CC2=CC=C(C=C2)C3=CC=CC=C3C4=NNN=N4)C(=O)OCC5=C(OC(=O)O5)C)C(C)(C)O,OlmesartanMedoxomil,-6.4,-6.44,0.14,23,181,558.6,0.95,2.61,3.72,3.77,4.04,4.17,7.67,CCCc1nc(C(C)(C)O)c(C(=O)OCc2oc(=O)oc2C)n1Cc1ccc(-c2ccccc2-c2nn[nH]n2)cc1
1649,CCCC1O[C@@H]2C[C@H]3[C@@H]4CCC5=CC(=O)C=C[C@@]5([C@H]4[C@H](C[C@@]3([C@@]2(O1)C(=O)CO)C)O)C,Budesonide,-4.19,-4.19,0.09,25,227,430.53,0.48,2.16,3.23,2.33,3.27,2.72,4.91,CCCC1O[C@@H]2C[C@H]3[C@@H]4CCC5=CC(=O)C=C[C@]5(C)[C@H]4[C@@H](O)C[C@]3(C)[C@]2(C(=O)CO)O1
1650,CCCCC(=O)OCN1C(=O)C(NC1=O)(c2ccccc2)c3ccccc3,3-(n-Pentanoyloxymethyl)phenytoin,-5.89,-5.89,0.75,25,106,366.41,0.16,1.54,2.47,2.01,2.79,3.17,5.54,CCCCC(=O)OCN1C(=O)NC(c2ccccc2)(c2ccccc2)C1=O
1651,CCCCC(C(=O)O)C(=O)O,n-ButylmalonicAcid,0.44,0.44,0.04,25,102,160.17,1.14,0.73,1.06,0.34,1.24,0.96,4.26,CCCCC(C(=O)O)C(=O)O
1652,CCCCC/C=C\C/C=C\C/C=C\C/C=C\CCCC(=O)NCCO,Anandamide,-5.93,-5.93,0.04,25,76,347.53,0.5,1.27,1.75,1.12,3.21,5.24,19.11,CCCCC/C=C\C/C=C\C/C=C\C/C=C\CCCC(=O)NCCO
1653,CCCCC1(C(=O)NC(=O)NC1=O)CC=C,Idobutal<5-Allyl-5-butylbarbituricAcid>,-2.11,-2.11,0.03,25,128,224.26,0.52,1.27,1.42,1.1,1.75,1.11,3.82,C=CCC1(CCCC)C(=O)NC(=O)NC1=O
1654,CCCCC1(C(=O)NC(=S)NC1=O)CC,5-Ethyl-5-n-butyl-2-thiobarbituricAcid,-3.14,-3.14,0.2,25,148,228.31,0.51,1.31,2.01,1.48,1.76,1.1,3.79,CCCCC1(CC)C(=O)NC(=S)NC1=O
1655,CCCCC1(CN(C2=CC(=C(C=C2S(=O)(=O)N1)OCC(=O)N[C@H](C3=CC=C(C=C3)O)C(=O)N[C@@H](CC)C(=O)O)SC)C4=CC=CC=C4)CCCC,Odevixibat·3/2H2O<BYLVAY>,-8.38,-8.23,0.39,37,134,740.93,1.96,3.34,5.39,4,5.57,5.88,13.77,CCCCC1(CCCC)CN(c2ccccc2)c2cc(SC)c(OCC(=O)N[C@@H](C(=O)N[C@@H](CC)C(=O)O)c3ccc(O)cc3)cc2S(=O)(=O)N1
1656,CCCCCC(=O)OCN1C(=O)C(NC1=O)(c2ccccc2)c3ccccc3,3-(n-Hexanoyloxymethyl)phenytoin,-6.3,-6.3,0.84,25,86,380.437,0.16,1.54,2.47,2.01,2.93,3.56,6.09,CCCCCC(=O)OCN1C(=O)NC(c2ccccc2)(c2ccccc2)C1=O
1657,CCCCCC1(C(=O)NC(=S)NC1=O)CC,5-Ethyl-5-n-pentyl-2-thiobarbituricAcid,-3.71,-3.71,0.31,25,147,242.34,0.51,1.31,2.02,1.48,1.9,1.49,4.41,CCCCCC1(CC)C(=O)NC(=S)NC1=O
1658,CCCCCC1=CC2=C([C@@H]3CC(=CC[C@H]3C(O2)(C)C)C)C(=C1)O,(?)-?8-trans-Tetrahydrocannabinol,-6.15,-6.15,0.02,25,117,314.47,0.5,0.71,1.04,1.42,2.69,5.74,4.44,CCCCCc1cc(O)c2c(c1)OC(C)(C)[C@@H]1CC=C(C)C[C@@H]21
1659,CCCCCCC(=O)OC1(CCC2C1(CCC3C2CCC4=CC(=O)CCC34)C)C#C,NorethindroneEnanthate,-7.15,-7.15,1.01,25,119,410.6,0.09,1.14,2.6,1.66,3.44,6.01,6.15,C#CC1(OC(=O)CCCCCC)CCC2C3CCC4=CC(=O)CCC4C3CCC21C
1660,CCCCCCC(=O)OCN1C(=O)C(NC1=O)(c2ccccc2)c3ccccc3,3-(n-Heptanoyloxymethyl)phenytoin,-6.52,-6.52,0.88,25,65,394.464,0.16,1.55,2.48,2.01,3.07,3.95,6.65,CCCCCCC(=O)OCN1C(=O)NC(c2ccccc2)(c2ccccc2)C1=O
1661,CCCCCCC1(C(=O)NC(=S)NC1=O)CC,5-Ethyl-5-n-hexyl-2-thiobarbituricAcid,-4.08,-4.08,0.39,25,146,256.36,0.51,1.31,2.02,1.48,2.04,1.88,5.06,CCCCCCC1(CC)C(=O)NC(=S)NC1=O
1662,CCCCCCCC(=O)N[C@H](CN1CCCC1)[C@@H](c2ccc3c(c2)OCCO3)O,Eliglustat,-5.89,-5.89,0.75,22,154,404.54,0.52,2.17,2.66,1.83,3.29,3.43,8.62,CCCCCCCC(=O)N[C@H](CN1CCCC1)[C@H](O)c1ccc2c(c1)OCCO2
1663,CCCCCCCC(=O)OCC(=O)[C@]1(CC[C@@H]2[C@@]1(C[C@@H]([C@H]3[C@H]2CCC4=CC(=O)CC[C@]34C)O)C)O,Hydrocortisone-21-Octanoate,-6.69,-6.69,0.92,23,153,488.66,0.48,1.98,3.18,1.92,3.94,4.69,7.64,CCCCCCCC(=O)OCC(=O)[C@@]1(O)CC[C@H]2[C@@H]3CCC4=CC(=O)CC[C@]4(C)[C@H]3[C@@H](O)C[C@@]21C
1664,CCCCCCCCCCCC(=O)O,DodecanoicAcid<LauricAcid>,-4.96,-4.87,0.05,32,45,200.32,0.57,0.39,0.66,0.16,1.87,3.99,10.15,CCCCCCCCCCCC(=O)O
1665,CCCCCCCCCCCCCC(=O)O,MyristicAcid,-5.3,-5.33,0.64,23,55,228.38,0.57,0.39,0.67,0.15,2.16,4.77,12.12,CCCCCCCCCCCCCC(=O)O
1666,CCCCCCCCCCCCCCCC(=O)O,PalmiticAcid,-6.78,-6.81,0.94,23,63,256.43,0.57,0.4,0.68,0.15,2.44,5.55,14.1,CCCCCCCCCCCCCCCC(=O)O
1667,CCCCCCCCCCCCCCCC(=O)OC1C(C(C(OC1SC)C(C(C)Cl)NC(=O)C2CC(CN2C)CCC)O)O,Clindamycin-2-palmitate,-7.48,-7.47,0.5,24,147,663.41,0.73,2.69,2.73,1.92,5.43,6.42,19.86,CCCCCCCCCCCCCCCC(=O)OC1C(SC)OC(C(NC(=O)C2CC(CCC)CN2C)C(C)Cl)C(O)C1O
1668,CCCCCCCCCCCCCCCCCC(=O)O,StearicAcid,-5.65,-5.68,0.71,23,69,284.48,0.57,0.41,0.68,0.15,2.72,6.33,16.08,CCCCCCCCCCCCCCCCCC(=O)O
1669,CCCCCCCCCCCCCCCCO,1-Hydroxyhexadecane,-7.27,-7.26,1.04,23,49,242.45,0.31,0.35,0.51,0.18,2.42,5.46,15.92,CCCCCCCCCCCCCCCCO
1670,CCCCCCCCCCCCCCO,1-Tetradecanol,-6.06,-6.05,0.79,23,39,214.39,0.31,0.34,0.5,0.19,2.14,4.68,13.92,CCCCCCCCCCCCCCO
1671,CCCCCCCCCOC(=O)C1=CC=C(C=C1)N,4-Aminononylbenzoate,-6.01,-6,0.78,37,69,263.38,0.23,0.79,1.46,0.93,2.3,4.18,7.71,CCCCCCCCCOC(=O)c1ccc(N)cc1
1672,CCCCCCCCOC(=O)C1=CC=C(C=C1)N,4-Aminooctylbenzoate,-5.42,-5.4,0.66,37,71,249.35,0.23,0.78,1.45,0.93,2.16,3.79,6.92,CCCCCCCCOC(=O)c1ccc(N)cc1
1673,CCCCCCOC(=O)/N=C(\c1ccc(cc1)NCc2nc3cc(ccc3n2C)C(=O)N(CCC(=O)OCC)c4ccccn4)/N,DabigatranEtexilate,-6.09,-6.11,0.11,23,173,627.75,0.34,3.07,4.1,3.69,4.85,5.6,12.22,CCCCCCOC(=O)/N=C(/N)c1ccc(NCc2nc3cc(C(=O)N(CCC(=O)OCC)c4ccccn4)ccc3n2C)cc1
1674,CCCCCCc1ccc(cc1)C(=O)O,4-n-HexylbenzoicAcid,-5.02,-5.02,0.58,25,98,206.28,0.57,0.46,1.04,0.76,1.78,3.51,4.88,CCCCCCc1ccc(C(=O)O)cc1
1675,CCCCCOC(=O)C1=CC=C(C=C1)N,4-Aminopentylbenzoate,-3.39,-3.35,0.25,37,53,207.27,0.23,0.77,1.44,0.94,1.74,2.62,4.67,CCCCCOC(=O)c1ccc(N)cc1
1676,CCCCCOc1ccc(cc1)c2ccc(cc2)c3ccc(cc3)C(=O)NC4CC(C(NC(=O)C5C(C(CN5C(=O)C(NC(=O)C(NC(=O)C6CC(CN6C(=O)C(NC4=O)C(C)O)O)C(C(c7ccc(cc7)O)O)O)C(C)O)C)O)OCC[N+](C)(C)C)O,Rezafungin(+).OAc,-5.55,-5.54,0.06,23,182,1226.39,3.36,8.29,10.16,7.46,9.2,-0.2,23.21,CCCCCOc1ccc(-c2ccc(-c3ccc(C(=O)NC4CC(O)C(OCC[N+](C)(C)C)NC(=O)C5C(O)C(C)CN5C(=O)C(C(C)O)NC(=O)C(C(O)C(O)c5ccc(O)cc5)NC(=O)C5CC(O)CN5C(=O)C(C(C)O)NC4=O)cc3)cc2)cc1
1677,CCCCCOc1ccc(cc1)c2ccc(cc2)c3ccc(cc3)C(=O)N[C@H]4C[C@H]([C@H](NC(=O)[C@@H]5[C@H]([C@H](CN5C(=O)[C@@H](NC(=O)[C@@H](NC(=O)[C@@H]6C[C@H](CN6C(=O)[C@@H](NC4=O)[C@@H](C)O)O)[C@@H]([C@H](c7ccc(cc7)O)O)O)[C@@H](C)O)C)O)O)O,Anidulafungin,-4.36,-4.36,0.45,23,203,1140.27,3.67,8.22,10.4,7.8,8.4,-0.93,20.8,CCCCCOc1ccc(-c2ccc(-c3ccc(C(=O)N[C@H]4C[C@@H](O)[C@@H](O)NC(=O)[C@@H]5[C@@H](O)[C@@H](C)CN5C(=O)[C@H]([C@@H](C)O)NC(=O)[C@H]([C@H](O)[C@@H](O)c5ccc(O)cc5)NC(=O)[C@@H]5C[C@@H](O)CN5C(=O)[C@H]([C@@H](C)O)NC4=O)cc3)cc2)cc1
1678,CCCCCc1cc(c2c(c1)OC([C@H]3[C@H]2C=C(CC3)C)(C)C)O,(-)-?9-trans-Tetrahydrocannabinol<Dronabinol>,-7.04,-7.02,0.99,37,113,314.47,0.5,0.71,1.04,1.42,2.69,5.74,4.44,CCCCCc1cc(O)c2c(c1)OC(C)(C)[C@@H]1CCC(C)=C[C@@H]21
1679,CCCCN(CCCC)CC(c1cc(cc\2c1-c3ccc(cc3/C2=C/c4ccc(cc4)Cl)Cl)Cl)O,Lumefantrine,-9.43,-9.45,1.47,23,130,528.94,0.23,1.41,2.17,3.24,4,9.15,8.97,CCCCN(CCCC)CC(O)c1cc(Cl)cc2c1-c1ccc(Cl)cc1/C2=C/c1ccc(Cl)cc1
1680,CCCCN(CCCC)CCC(c1cc2c(cc(cc2Cl)Cl)c3c1ccc(c3)C(F)(F)F)O,Halofantrine,-9.36,-9.33,0.13,28,199,500.42,0.31,1.02,1.61,2.34,3.6,8.64,8.9,CCCCN(CCCC)CCC(O)c1cc2c(Cl)cc(Cl)cc2c2cc(C(F)(F)F)ccc12
1681,CCCCN1C(=O)C(C(=O)NC1=O)(CC)CC,"Butylbarbital<5,5-Diethyl-n-butylbarbituricAcid>",-2.13,-2.13,0.17,25,150,240.3,0.24,1.27,1.37,0.99,1.94,1.67,4.25,CCCCN1C(=O)NC(=O)C(CC)(CC)C1=O
1682,CCCCN1CCCC[C@H]1C(=O)NC2=C(C=CC=C2C)C,L-/D-Bupivacaine.HCl,-3.83,-3.84,0.11,23,254,288.44,0.26,1.19,1.59,1.32,2.51,3.9,5.8,CCCCN1CCCC[C@H]1C(=O)Nc1c(C)cccc1C
1683,CCCCNC(=O)COC(=O)Cc1ccc2cc(ccc2c1)OC,Glycolamideanalog2,-4.97,-4.97,0.57,25,126,329.39,0.26,1.29,2.35,1.73,2.6,2.85,6.6,CCCCNC(=O)COC(=O)Cc1ccc2cc(OC)ccc2c1
1684,CCCCNC(=O)N1C2=CC=CC=C2N=C1NC(=O)OC,Benomyl,-4.83,-4.88,0.54,20,140,290.32,0.62,1.54,2.66,1.96,2.18,2.57,4.76,CCCCNC(=O)n1c(NC(=O)OC)nc2ccccc21
1685,CCCCNc1ccc(cc1)C(=O)OCCN(C)C,Tetracaine,-3.01,-3.01,0.04,26,149,264.36,0.13,1.25,1.45,1.02,2.26,2.62,6.96,CCCCNc1ccc(C(=O)OCCN(C)C)cc1
1686,CCCCNc3nc(nc2c3cnn2CC(Cl)c1ccccc1)SCC,"Pyrazolo[3,4-d]pyrimidineanalog1<CHEMBL41910>",-6.98,-7.04,0.98,20,163,389.95,0.13,1.21,2.33,2.83,2.94,5.13,6.75,CCCCNc1nc(SCC)nc2c1cnn2CC(Cl)c1ccccc1
1687,CCCCOC(=O)c1ccc(cc1)N,Butamben<4-Aminobutylbenzoate>,-3.08,-3.08,0.17,25,58,193.24,0.23,0.77,1.44,0.94,1.6,2.23,3.98,CCCCOC(=O)c1ccc(N)cc1
1688,CCCCOC(=O)c1ccccc1C(=O)OCc2ccccc2,BenzylButylphthalate,-5.63,-5.64,0.7,23,230,312.36,0,0.88,1.85,1.3,2.46,4,6.36,CCCCOC(=O)c1ccccc1C(=O)OCc1ccccc1
1689,CCCCOC(=O)c1cnccc1,ButylNicotinate,-1.96,-1.96,0.04,25,27,179.22,0,0.74,1.18,0.68,1.45,2.04,3.96,CCCCOC(=O)c1cccnc1
1690,CCCCc1nc(c(n1Cc2ccc(cc2)c3ccccc3c4[nH]nnn4)CO)Cl,Losartan,-5.77,-5.52,0.73,37,184,422.91,0.63,1.25,2.81,3.38,3.1,4.27,6.2,CCCCc1nc(Cl)c(CO)n1Cc1ccc(-c2ccccc2-c2nnn[nH]2)cc1
1691,CCCN(CCC)C(=O)COC(=O)Cc1ccc2cc(ccc2c1)OC,Glycolamideanalog7,-4.85,-4.85,0.54,25,92,357.44,0,1.35,2.37,1.74,2.88,3.58,7.45,CCCN(CCC)C(=O)COC(=O)Cc1ccc2cc(OC)ccc2c1
1692,CCCN(CCC)c1c(cc(cc1[N+](=O)[O-])C(F)(F)F)[N+](=O)[O-],Trifluralin,-5.67,-5.68,0.71,23,49,335.28,0,0.55,1.84,0.99,2.2,4.15,5.88,CCCN(CCC)c1c([N+](=O)[O-])cc(C(F)(F)F)cc1[N+](=O)[O-]
1693,CCCN(CCc1cccs1)[C@H]2CCc3c(cccc3O)C2,Rotigotine,-4.87,-4.88,0.05,23,97,315.47,0.5,0.94,1.46,1.73,2.57,4.27,5.17,CCCN(CCc1cccs1)[C@H]1CCc2c(O)cccc2C1
1694,CCCN=C1N(C(=O)/C(=C/C2=CC(=C(C=C2)OC[C@@H](CO)O)Cl)/S1)C3=CC=CC=C3C,Ponesimod<ACT-128800><PONVORY>,-4.76,-4.66,0.09,37,174,460.97,0.5,1.99,2.69,2.97,3.36,4.27,8.15,CCCN=C1S/C(=C\c2ccc(OC[C@H](O)CO)c(Cl)c2)C(=O)N1c1ccccc1C
1695,CCCNC(=O)COC(=O)Cc1ccc2cc(ccc2c1)OC,Glycolamideanalog12,-4.6,-4.6,0.49,25,128,315.36,0.26,1.29,2.35,1.73,2.46,2.46,5.97,CCCNC(=O)COC(=O)Cc1ccc2cc(OC)ccc2c1
1696,CCCNC(=O)Nc1ccc(cc1Cl)Oc2c3cc(c(cc3ncn2)OC)OC,KRN-633,-6.67,-6.54,0.91,37,166,416.86,0.51,1.95,3.25,2.67,2.97,4.62,6.56,CCCNC(=O)Nc1ccc(Oc2ncnc3cc(OC)c(OC)cc23)cc1Cl
1697,CCCOC(=O)C1=CC=C(C=C1)O,Propylparaben,-2.59,-2.59,0.16,25,97,180.2,0.66,0.73,1.25,0.87,1.41,1.96,3.32,CCCOC(=O)c1ccc(O)cc1
1698,CCCOC(=O)c1ccc(cc1)N,Risocaine,-2.54,-2.54,0.13,25,76,179.22,0.23,0.77,1.43,0.94,1.45,1.84,3.32,CCCOC(=O)c1ccc(N)cc1
1699,CCCOC(=O)n1c2ccc(cc2nc1NC(=O)OC)C(=O)c3ccccc3,Propyl5-Benzoyl-2-[(methoxycarbonyl)amino]-1H-benzimidazole-1-carboxylate,-4.84,-4.89,0.54,21,114,381.38,0.37,1.7,3.09,2.52,2.76,3.84,5.69,CCCOC(=O)n1c(NC(=O)OC)nc2cc(C(=O)c3ccccc3)ccc21
1700,CCCS(=O)(=O)NC1CC(C1)N(C)C2=NC=NC3=C2C=CN3,Abrocitinib<CIBINQO>,-3.94,-3.94,0.08,25,189,323.41,4.47,1.77,2.49,2.29,2.36,1.25,4.05,CCCS(=O)(=O)NC1CC(N(C)c2ncnc3[nH]ccc23)C1
1701,CCCS(=O)(=O)Nc1ccc(c(c1F)C(=O)Nc2cc3c([nH]nc3nc2)OC)F,CHEMBL1822067,-6.11,-6.11,0.15,25,228,425.41,1.39,2.12,3.73,2.83,2.77,2.65,5.63,CCCS(=O)(=O)Nc1ccc(F)c(C(=O)Nc2cnc3n[nH]c(OC)c3c2)c1F
1702,CCCS(=O)(=O)Nc1ccc(c(c1F)C(=O)c2c[nH]c3c2cc(cn3)c4ccc(cc4)Cl)F,Vemurafenib,-8.23,-7.96,1.23,37,271,489.92,0.76,1.61,3.69,3.45,3.24,5.54,6.18,CCCS(=O)(=O)Nc1ccc(F)c(C(=O)c2c[nH]c3ncc(-c4ccc(Cl)cc4)cc23)c1F
1703,CCCS(=O)c1ccc2c(c1)nc([nH]2)NC(=O)OC,AlbendazoleSulfoxide<Ricobendazole>,-4.2,-4.2,0.24,25,226,281.33,0.71,1.68,3.01,2.18,2.01,2.26,4.15,CCC[S+]([O-])c1ccc2[nH]c(NC(=O)OC)nc2c1
1704,CCCSc1ccc2c(c1)nc([nH]2)NC(=O)OC,Albendazole,-5.47,-5.47,0.03,25,178,265.34,0.71,1.12,1.96,2.01,1.95,3.24,4.09,CCCSc1ccc2[nH]c(NC(=O)OC)nc2c1
1705,CCCSc1nc(c2c(n1)n(nn2)[C@@H]3C[C@@H]([C@H]([C@H]3O)O)OCCO)N[C@@H]4C[C@H]4c5ccc(c(c5)F)F,Ticagrelor,-4.87,-4.9,0.47,23,195,522.57,0.88,2.44,3.05,3.63,3.54,2.01,7.35,CCCSc1nc(N[C@@H]2C[C@H]2c2ccc(F)c(F)c2)c2nnn([C@@H]3C[C@H](OCCO)[C@@H](O)[C@H]3O)c2n1
1706,CCC[C@@H](C(=O)C(=O)NC1CC1)NC(=O)[C@@H]2[C@H]3CCC[C@H]3CN2C(=O)[C@H](C(C)(C)C)NC(=O)[C@H](C4CCCCC4)NC(=O)C5=NC=CN=C5,Telaprevir,-5.16,-5.16,0.17,24,223,679.85,1.02,3.89,5.9,3.28,5.3,2.45,11.7,CCC[C@H](NC(=O)[C@@H]1[C@H]2CCC[C@H]2CN1C(=O)[C@@H](NC(=O)[C@@H](NC(=O)c1cnccn1)C1CCCCC1)C(C)(C)C)C(=O)C(=O)NC1CC1
1707,CCC[C@@H](C(=O)O)N  ,L-Norvaline,-0.07,-0.07,0.04,25,303,117.15,0.78,0.94,0.93,0.38,0.99,0.2,3.19,CCC[C@H](N)C(=O)O
1708,CCC[C@@H]1CC(=O)N(C1)[C@@H](CC)C(=O)N,Brivaracetam<BRIVIACT>,0.58,0.58,0.17,23,75,212.29,0.49,1.36,1.87,1.03,1.78,0.9,4.12,CCC[C@@H]1CC(=O)N([C@@H](CC)C(N)=O)C1
1709,CCCc1c(ccc(c1O)C(=O)C)OCCCOc2ccc3c(c2CCC)OC(CC3)CCC(=O)O,SEARLE-1,-9.94,-9.94,0.36,25,169,498.61,0.7,1.36,2.33,2.1,3.94,5.91,10.03,CCCc1c(OCCCOc2ccc3c(c2CCC)OC(CCC(=O)O)CC3)ccc(C(C)=O)c1O
1710,CCCc1c(ccc(c1O)C(=O)C)OCCCSc2ccc(cc2)[C@@H]([C@@H](C)CC(=O)O)O,L-649923,-8.26,-8.29,0.31,23,164,460.58,1.02,1.57,2.39,2.36,3.59,5.25,10.07,CCCc1c(OCCCSc2ccc([C@H](O)[C@@H](C)CC(=O)O)cc2)ccc(C(C)=O)c1O
1711,CCCc1nc2c(cc(cc2n1Cc3ccc(cc3)c4ccccc4C(=O)O)c5nc6ccccc6n5C)C,Telmisartan,-6.23,-6.23,0.22,25,272,514.62,0.57,1.59,3.56,4.61,3.98,7.26,6.23,CCCc1nc2c(C)cc(-c3nc4ccccc4n3C)cc2n1Cc1ccc(-c2ccccc2C(=O)O)cc1
1712,CCN(CC)C(=O)/C(=C/c1cc(c(c(c1)O)O)[N+](=O)[O-])/C#N,Entacapone,-4.33,-4.38,0.22,23,163,305.29,0.58,1.38,2.85,1.76,2.22,1.78,5.46,CCN(CC)C(=O)/C(C#N)=C/c1cc(O)c(O)c([N+](=O)[O-])c1
1713,CCN(CC)C(=O)CCC(=O)OCn2ncc1c2N=CNC1=O,Allopurinolanalog7<B100-IIf>,-0.97,-0.99,0.17,22,139,321.33,0.26,2.02,2.98,1.85,2.34,0.27,5.45,CCN(CC)C(=O)CCC(=O)OCn1ncc2c(=O)[nH]cnc21
1714,CCN(CC)C(=O)COC(=O)C(C)c1ccc2cc(ccc2c1)OC,NaproxenesterVc,-4.44,-4.46,0.46,21,89,343.42,0,1.38,2.35,1.75,2.74,3.36,6.39,CCN(CC)C(=O)COC(=O)C(C)c1ccc2cc(OC)ccc2c1
1715,CCN(CC)C(=O)COC(=O)C1=CC=CC=C1,2-(Diethylamino)-2-oxoethylbenzoate,-2.06,-2.07,0.17,22,73,235.28,0,1.07,1.93,0.96,1.89,1.71,5.2,CCN(CC)C(=O)COC(=O)c1ccccc1
1716,CCN(CC)C(=O)COC(=O)Cc1ccc2cc(ccc2c1)OC,Glycolamideanalog4,-3.36,-3.36,0.24,25,96,329.39,0,1.34,2.36,1.74,2.6,2.8,6.18,CCN(CC)C(=O)COC(=O)Cc1ccc2cc(OC)ccc2c1
1717,CCN(CC)C(=O)COC(=O)c1ccccc1O,SalicylicAcidesterIc,-2.54,-2.56,0.17,21,75,251.28,0.13,1.02,1.96,1.12,1.95,1.42,5.17,CCN(CC)C(=O)COC(=O)c1ccccc1O
1718,CCN(CC)C(=O)N[C@@H]1CN([C@@H]2Cc3c4c(cccc4[nH]c3Br)C2=C1)C,Bromerguride,-4.71,-4.71,0.06,25,167,417.35,0.49,1.67,2.5,2.74,2.87,3.6,4.57,CCN(CC)C(=O)N[C@H]1C=C2c3cccc4[nH]c(Br)c(c34)C[C@H]2N(C)C1
1719,CCN(CC)C(=S)SSC(=S)N(CC)CC,Disulfiram<TetraethylthiuramDisulfide>,-3.17,-3.17,0.13,25,72,296.54,0,1.16,1.62,2.12,2.29,3.62,9.79,CCN(CC)C(=S)SSC(=S)N(CC)CC
1720,CCN(CC)CC(=O)OCN1C2=C(C=N1)C(=O)NC=N2,"N,N-Diethylglycyl-Allopurinol<B136-IIg>",-1.77,-1.79,0.17,22,156,279.3,0.26,1.89,2.27,1.69,2.04,-0.04,4.46,CCN(CC)CC(=O)OCn1ncc2c(=O)[nH]cnc21
1721,CCN(CC)CCCC(C)NC1=C2C=CC(=CC2=NC=C1)Cl,Chloroquine,-3.89,-3.89,0.35,25,88,319.87,0.13,1.29,1.63,1.85,2.63,4.81,6.47,CCN(CC)CCCC(C)Nc1ccnc2cc(Cl)ccc12
1722,CCN(CC)CCNC(=O)c1c(c([nH]c1C)/C=C\2/c3cc(ccc3NC2=O)F)C,Sunitinib,-5.32,-5.22,1.23,37,190,398.47,1.05,2.02,2.96,2.22,3.07,3.33,6.18,CCN(CC)CCNC(=O)c1c(C)[nH]c(/C=C2\C(=O)Nc3ccc(F)cc32)c1C
1723,CCN(CC)CCOC(=O)C(c1ccccc1)c2ccccc2,Adiphenine,-2.01,-1.99,0.17,30,114,311.42,0,1.07,1.69,1.38,2.63,3.7,6.82,CCN(CC)CCOC(=O)C(c1ccccc1)c1ccccc1
1724,CCN(CC)c1c(cc(c(c1[N+](=O)[O-])N)C(F)(F)F)[N+](=O)[O-],Dinitramine,-5.45,-5.47,0.67,23,98,322.24,0.23,0.76,2,1.31,2.02,2.95,4.79,CCN(CC)c1c([N+](=O)[O-])cc(C(F)(F)F)c(N)c1[N+](=O)[O-]
1725,CCN(CC)c1nc(N(CC)CC)nc([Cl])n1,Chlorazine,-4.07,-4.07,0.04,26,27,257.76,0,0.97,1.28,1.28,2.04,2.22,5.41,CCN(CC)c1nc(Cl)nc(N(CC)CC)n1
1726,CCN(CC)c1nc(NC(C)C)nc(O)n1,Hydroxyipazine,-5.28,-5.27,0.23,26,162,225.29,0.63,1.28,1.4,1.37,1.84,1.24,4.27,CCN(CC)c1nc(O)nc(NC(C)C)n1
1727,CCN(CC)c1nc(NC(C)C)nc([Cl])n1,Ipazine,-3.98,-3.97,0.04,26,140,243.74,0.2,0.94,1.26,1.27,1.9,2.19,4.73,CCN(CC)c1nc(Cl)nc(NC(C)C)n1
1728,CCN(CCCC(C)Nc1ccnc2c1ccc(c2)Cl)CCO,Hydroxychloroquine,-4.03,-4.05,0.38,23,90,335.87,0.36,1.66,1.84,2.09,2.69,3.78,7.09,CCN(CCO)CCCC(C)Nc1ccnc2cc(Cl)ccc12
1729,CCN(CCO)C(=O)COC(=O)Cc1ccc2cc(ccc2c1)OC,Glycolamideanalog15,-3.43,-3.43,0.26,25,138,345.39,0.23,1.72,2.57,1.98,2.66,1.77,6.77,CCN(CCO)C(=O)COC(=O)Cc1ccc2cc(OC)ccc2c1
1730,CCN(Cc1ccncc1)C(=O)C(CO)c2ccccc2,Tropicamide,-1.7,-1.7,0.17,25,98,284.35,0.31,1.42,2.38,1.73,2.3,2.21,5.46,CCN(Cc1ccncc1)C(=O)C(CO)c1ccccc1
1731,CCN(c1cc(cc(c1C)C(=O)NCc2c(cc([nH]c2=O)C)C)c3ccc(cc3)CN4CCOCC4)C5CCOCC5,Tazemetostat<TAZVERIK>,-4.73,-4.67,0.32,37,177,572.74,0.51,2.77,3.78,3.43,4.56,4.73,9.77,CCN(c1cc(-c2ccc(CN3CCOCC3)cc2)cc(C(=O)NCc2c(C)cc(C)[nH]c2=O)c1C)C1CCOCC1
1732,CCN1C2=C(C=C(C=C2)N3C(=CN=N3)C4=CC=CC=C4)C5=CC=CC=C51,MBQ-167,-3.97,-3.97,0.06,25,152,338.41,0,0.97,2.56,3.59,2.59,5.06,3.35,CCn1c2ccccc2c2cc(-n3nncc3-c3ccccc3)ccc21
1733,CCN1C=C(C2=C(C1=O)C=C(S2)C(=NC3CCS(=O)(=O)CC3)N)C4=CC(=CC=C4)C(F)(F)F,I-BRD9<GSK602>(5%DMSO),-5.2,-5.2,0.62,25,229,497.55,0.13,1.84,2.79,2.22,3.29,4.26,6.12,CCn1cc(-c2cccc(C(F)(F)F)c2)c2sc(C(N)=NC3CCS(=O)(=O)CC3)cc2c1=O
1734,CCN1CCCC1CNC(=O)c2cc(c(cc2OC)N)S(=O)(=O)CC,Amisulpride<BARHEMSY>(I),-2.77,-2.77,0.08,25,182,369.48,0.5,2.18,3.16,1.7,2.81,1.29,6.29,CCN1CCCC1CNC(=O)c1cc(S(=O)(=O)CC)c(N)cc1OC
1735,CCN1CCN(C(=O)C1=O)C(=O)N[C@H](c2ccc(cc2)O)C(=O)N[C@H]3[C@@H]4N(C3=O)C(=C(CS4)CSc5nnnn5C)C(=O)O,Cefoperazone,-3.71,-3.71,0.11,25,204,645.67,1.5,4.51,6.36,4.79,4.27,-1.11,8.77,CCN1CCN(C(=O)N[C@@H](C(=O)N[C@@H]2C(=O)N3C(C(=O)O)=C(CSc4nnnn4C)CS[C@H]23)c2ccc(O)cc2)C(=O)C1=O
1736,CCN1CCN(CC1)Cc2ccc(nc2)Nc3ncc(c(n3)c4cc5c(c(c4)F)nc(n5C(C)C)C)F,Abemaciclib<VERZENIOS>,-3.8,-3.82,0.33,23,177,506.59,0.18,2.44,2.97,3.59,3.77,4.94,7.12,CCN1CCN(Cc2ccc(Nc3ncc(F)c(-c4cc(F)c5nc(C)n(C(C)C)c5c4)n3)nc2)CC1
1737,CCN1CCN(CC1)c2cc3c(cc2F)c(=O)c(cn3C4CC4)C(=O)O,Enrofloxacin,-3.24,-3.24,0.12,25,220,359.4,0.57,1.92,2.5,2.25,2.59,2.32,4.19,CCN1CCN(c2cc3c(cc2F)c(=O)c(C(=O)O)cn3C2CC2)CC1
1738,CCN1CCN(CC1)c4ccc(Nc2cc(ncn2)N(C)C(=O)Nc3c(Cl)c(OC)cc(OC)c3Cl)cc4,Infigratinib<BGJ398><TRUSELTIQ>,-6.99,-6.85,0.88,37,177,560.48,0.44,2.36,3.63,3.47,4.03,5.35,8.98,CCN1CCN(c2ccc(Nc3cc(N(C)C(=O)Nc4c(Cl)c(OC)cc(OC)c4Cl)ncn3)cc2)CC1
1739,CCN1c2c3cc([nH]c3ncc2CN(C1=O)c4c(c(cc(c4F)OC)OC)F)CN5CCOCC5,Pemigatinib<PEMAZYRE>,-5.35,-5.22,0.65,37,185,487.5,0.35,2.28,3.21,2.95,3.37,3.66,6.2,CCN1C(=O)N(c2c(F)c(OC)cc(OC)c2F)Cc2cnc3[nH]c(CN4CCOCC4)cc3c21
1740,CCN3CCN(CCCOC(=O)Cc1cc2ccc(OC)cc2cc1)CC3,6-MNApiperazineanalog5b,-5.86,-5.87,0.75,23,104,370.49,0,1.71,1.94,1.96,3,2.96,7.07,CCN1CCN(CCCOC(=O)Cc2ccc3cc(OC)ccc3c2)CC1
1741,CCNC(=O)/C=C(\C)/C=C/C=C(\C)/C=C/C1=C(CCCC1(C)C)C,N-ethylretinamide<15-(Ethylamino)retinal>,-7.62,-7.63,0.18,37,129,327.5,0.26,1.04,1.42,1.17,3,5.65,7.97,CCNC(=O)/C=C(C)/C=C/C=C(C)/C=C/C1=C(C)CCCC1(C)C
1742,CCNC(=O)/C=C(\C)/C=C/C=C(\C)/C=C/c1c(cc(c(c1C)C)OC)C,Motretinide,-8.21,-8.19,0.08,37,169,353.5,0.26,1.21,1.76,1.59,3.11,5.22,8.63,CCNC(=O)/C=C(C)/C=C/C=C(C)/C=C/c1c(C)cc(OC)c(C)c1C
1743,CCNC(=O)CC[C@@H](C(=O)O)N,L-Theanine,0.31,0.31,0.07,25,209,174.2,1.04,1.5,1.81,0.69,1.38,-0.69,5.03,CCNC(=O)CC[C@H](N)C(=O)O
1744,CCNC(=O)COC(=O)Cc1ccc2cc(ccc2c1)OC,Glycolamideanalog8,-3.9,-3.9,0.35,25,130,301.34,0.26,1.29,2.34,1.73,2.32,2.07,5.36,CCNC(=O)COC(=O)Cc1ccc2cc(OC)ccc2c1
1745,CCNC(=O)N2c3ccccc3C=Cc1ccccc12,N-Ethylcarbamazepine,-2.84,-2.76,0.05,32,115,264.32,0.16,0.94,2.02,2.01,2.09,4.04,3.25,CCNC(=O)N1c2ccccc2C=Cc2ccccc21
1746,CCNC(=O)NC1=NC2=C(N1)C=C(C(=C2C3CCCO3)F)C4=CN=C(N=C4)C(C)(C)O,Benzimidazoleureaanalog<VXc-486>,-5.21,-5.23,0.62,23,181,428.46,1.17,2.34,2.98,3.13,3.08,3.38,5.59,CCNC(=O)Nc1nc2c(C3CCCO3)c(F)c(-c3cnc(C(C)(C)O)nc3)cc2[nH]1
1747,CCNC(=O)Nc1nc2cc(-c3cnc(C(C)(C)OP(=O)(O)O)nc3)c(F)c([C@H]3CCCO3)c2[nH]1,Fobrepodacin<VXC-486_phosphate_ester>,-4.55,-4.58,0.04,23,181,508.44,1.49,3.23,3.52,3.5,3.46,3.5,6.89,CCNC(=O)Nc1nc2cc(-c3cnc(C(C)(C)OP(=O)(O)O)nc3)c(F)c([C@H]3CCCO3)c2[nH]1
1748,CCNC1=NC(=NC(=N1)SC)NC(C)C,Ametryne,-3.96,-3.95,0.22,26,88,227.33,0.26,1.07,1.27,1.5,1.8,1.85,4.61,CCNc1nc(NC(C)C)nc(SC)n1
1749,CCNC1=NC(=O)N=C(N1)NC(C)C,2-Hydroxyatrazine,-5.28,-5.27,0.08,26,177,197.24,0.76,1.22,1.39,1.36,1.56,0.42,3.44,CCNc1nc(=O)nc(NC(C)C)[nH]1
1750,CCN[C@H]1C[C@@H](S(=O)(=O)c2c1cc(s2)S(=O)(=O)N)C,Dorzolamide,-2.16,-2.18,0.08,23,275,324.44,0.58,1.78,2.49,1.6,2.14,0.61,3.78,CCN[C@H]1C[C@H](C)S(=O)(=O)c2sc(S(N)(=O)=O)cc21
1751,CCNc1nc(N(CC)CC)nc(O)n1,Hydroxytrietazine,-5.32,-5.31,0.39,26,158,211.26,0.63,1.25,1.41,1.37,1.7,0.86,4.08,CCNc1nc(O)nc(N(CC)CC)n1
1752,CCNc1nc(N(CC)CC)nc(OC)n1,Trietatone,-4.62,-4.62,0.04,26,136,225.29,0.13,1.18,1.3,1.2,1.84,1.16,4.75,CCNc1nc(OC)nc(N(CC)CC)n1
1753,CCNc1nc(N(CC)CC)nc(SC)n1,Trietatryne,-5.31,-5.3,0.04,26,139,241.36,0.13,1.1,1.3,1.51,1.94,1.87,5.31,CCNc1nc(SC)nc(N(CC)CC)n1
1754,CCNc1nc(N(CC)CC)nc([Cl])n1,Trietazine,-3.91,-3.9,0.12,26,140,229.71,0.2,0.91,1.27,1.26,1.76,1.8,4.55,CCNc1nc(Cl)nc(N(CC)CC)n1
1755,CCNc1nc(NCC)nc(O)n1,Hydroxysimazine,-5.36,-5.35,0.12,26,178,183.21,0.76,1.19,1.4,1.35,1.42,0.44,3.24,CCNc1nc(O)nc(NCC)n1
1756,CCNc1nc(NCC)nc(OC)n1,Simatone,-3.96,-3.95,1.43,26,141,197.24,0.26,1.13,1.28,1.19,1.56,0.74,3.9,CCNc1nc(NCC)nc(OC)n1
1757,CCNc1nc(NCC)nc(SC)n1,Simetryne,-3.98,-3.97,0.42,26,156,213.3,0.26,1.04,1.28,1.49,1.66,1.46,4.45,CCNc1nc(NCC)nc(SC)n1
1758,CCNc1nc(nc(n1)Cl)NC(C)C,Atrazine,-3.49,-3.49,0.15,25,173,215.69,0.36,0.89,1.24,1.26,1.62,1.78,3.88,CCNc1nc(Cl)nc(NC(C)C)n1
1759,CCNc1nc(nc(n1)OC)NC(C)C,Atratone,-4.13,-4.12,0.08,26,160,211.26,0.26,1.16,1.27,1.19,1.7,1.13,4.08,CCNc1nc(NC(C)C)nc(OC)n1
1760,CCO/N=C(/c1nc(sn1)NP(=O)(O)O)\C(=O)N[C@H]2[C@@H]3N(C2=O)C(=C(CS3)Sc4nc(cs4)c5cc[n+](cc5)C)C(=O)[O-],CeftarolineFosamil,-2.81,-2.81,0.26,25,209,684.68,1.03,3.85,6.07,4.99,4.28,-0.12,9.16,CCO/N=C(\C(=O)N[C@@H]1C(=O)N2C(C(=O)O)=C(Sc3nc(-c4cc[n+](C)cc4)cs3)CS[C@H]12)c1nsc(NP(=O)([O-])O)n1
1761,CCO/N=C(\c1c(ccc(c1OC)Cl)OC)/OC(=O)c2ccccc2,Benzoximate,-4.07,-4.08,0.39,23,122,363.79,0,1.25,1.83,1.66,2.6,3.91,6.65,CCO/N=C(/OC(=O)c1ccccc1)c1c(OC)ccc(Cl)c1OC
1762,CCOC(=O)/C=C(\C)/C=C/C=C(\C)/C=C/c1c(cc(c(c1C)C)OC)C,Etretinate,-8.45,-8.47,0.15,37,106,354.48,0,0.98,1.29,1.34,3.07,5.65,8.63,CCOC(=O)/C=C(C)/C=C/C=C(C)/C=C/c1c(C)cc(OC)c(C)c1C
1763,CCOC(=O)C(C)(C)OC1=CC=C(C=C1)Cl,Clofibrate,-3.53,-3.53,0.28,25,25,242.7,0,0.69,1.25,0.81,1.82,3.06,4.18,CCOC(=O)C(C)(C)Oc1ccc(Cl)cc1
1764,CCOC(=O)C(C)C1=CC2=C(C=C1)C=C(C=C2)OC,EthylNaproxen,-5.31,-5.33,0.64,21,101,258.31,0,0.75,1.45,1.43,2.06,3.52,4.05,CCOC(=O)C(C)c1ccc2cc(OC)ccc2c1
1765,CCOC(=O)C(C1=C(C2=CC=CC=C2OC1=O)O)C3=C(C4=CC=CC=C4OC3=O)O,Ethylbiscoumacetate,-3.62,-3.66,0.3,23,154,408.36,0.63,1.93,2.87,2.44,2.77,3.01,4.75,CCOC(=O)C(c1c(O)c2ccccc2oc1=O)c1c(O)c2ccccc2oc1=O
1766,CCOC(=O)C(CC1=CNC2=CC=CC=C21)N(C)C=O,EthylN-Acety-L-Tryptophan,-2.29,-2.27,0.17,28,106,274.32,0.31,1.29,2.38,1.66,2.12,1.73,4.4,CCOC(=O)C(Cc1c[nH]c2ccccc12)N(C)C=O
1767,CCOC(=O)C1(CCN(CC1)C)c2ccccc2,Meperidine,-1.93,-1.9,0.17,30,188,247.33,0,0.97,1.26,0.99,2.05,2.21,4.02,CCOC(=O)C1(c2ccccc2)CCN(C)CC1
1768,CCOC(=O)C1=C(NC(=C(C1c2ccccc2Cl)C(=O)OC)C)COCCN,Amlodipine,-4.75,-4.75,0.53,25,179,408.88,0.36,2.19,2.26,1.65,3.02,2.27,8.04,CCOC(=O)C1=C(COCCN)NC(C)=C(C(=O)OC)C1c1ccccc1Cl
1769,CCOC(=O)N[C@@H]1CC[C@@H]2[C@@H](C1)C[C@@H]3[C@H]([C@H]2/C=C/c4ccc(cn4)c5cccc(c5)F)[C@H](OC3=O)C,Vorapaxar<SCH-530348>,-5.54,-5.55,0.68,23,133,492.58,0.21,1.71,3.35,2.6,3.72,5.63,7.08,CCOC(=O)N[C@@H]1CC[C@@H]2[C@@H](C1)C[C@H]1C(=O)O[C@H](C)[C@H]1[C@H]2/C=C/c1ccc(-c2cccc(F)c2)cn1
1770,CCOC(=O)N[C@@H]1CC[C@@H]2[C@@H](C1)C[C@@H]3[C@H]([C@H]2/C=C/c4ccc(cn4)c5ccccn5)[C@H](OC3=O)C,Vorapaxaranalog<SCH-602539>,-4.16,-4.17,0.4,23,174,475.58,0.21,1.99,3.51,2.73,3.66,4.89,6.84,CCOC(=O)N[C@@H]1CC[C@@H]2[C@@H](C1)C[C@H]1C(=O)O[C@H](C)[C@H]1[C@H]2/C=C/c1ccc(-c2ccccn2)cn1
1771,CCOC(=O)Nc1ccc(cc1N)NCc2ccc(cc2)F,Ezogabine<Retigabine>,-3.81,-3.83,0.33,23,142,303.33,0.74,1.23,2.26,1.86,2.28,3.59,5.19,CCOC(=O)Nc1ccc(NCc2ccc(F)cc2)cc1N
1772,CCOC(=O)Nc1ccc2c(c1)N(c3ccccc3S2)C(=O)CCN4CCOCC4,Moricizine,-4.36,-4.36,0.45,25,157,427.52,0.37,2.01,3.04,2.75,3.13,4.11,6.57,CCOC(=O)Nc1ccc2c(c1)N(C(=O)CCN1CCOCC1)c1ccccc1S2
1773,CCOC(=O)[C@H](C)C[C@@H](Cc1ccc(cc1)c2ccccc2)NC(=O)CCC(=O)O,Sacubitril,-3.84,-3.87,0.28,23,152,411.49,0.83,1.51,2.83,1.95,3.28,3.84,9.07,CCOC(=O)[C@H](C)C[C@@H](Cc1ccc(-c2ccccc2)cc1)NC(=O)CCC(=O)O
1774,CCOC(=O)[C@H](CCc1ccccc1)N[C@@H](C)C(=O)N2Cc3ccccc3C[C@H]2C(=O)O,Quinapril,-5.61,-5.64,0.21,23,125,438.52,0.71,2,3.01,2.11,3.41,2.57,8,CCOC(=O)[C@H](CCc1ccccc1)N[C@@H](C)C(=O)N1Cc2ccccc2C[C@H]1C(=O)O
1775,CCOC(=O)[C@H](CCc1ccccc1)N[C@@H](C)C(=O)N2[C@H]3CCCC[C@@H]3C[C@H]2C(=O)O,Trandolapril,-2.84,-2.84,0.11,25,121,430.54,0.71,1.96,2.69,1.73,3.4,2.77,8.07,CCOC(=O)[C@H](CCc1ccccc1)N[C@@H](C)C(=O)N1[C@H](C(=O)O)C[C@H]2CCCC[C@@H]21
1776,CCOC(=O)[C@H](Cc1ccccc1)NC(=O)C,(S)-Ethyl2-acetamido-3-phenylpropanoate,-1.77,-1.76,0.1,28,85,235.28,0.26,1.05,1.91,0.95,1.89,1.3,5.2,CCOC(=O)[C@H](Cc1ccccc1)NC(C)=O
1777,CCOC(=O)[C@H]([C@@H]([C@@H]([C@H](C(=O)OCC)O)O)O)O,"1,6-DiethylD-galactarate",-1.09,-1.07,0.17,15,116,266.25,0.8,1.93,1.58,0.8,1.9,-2.44,7.44,CCOC(=O)[C@@H](O)[C@H](O)[C@H](O)[C@@H](O)C(=O)OCC
1778,CCOC(=O)c1c(n(c2c1c(c(c(c2)Br)O)CN(C)C)C)CSc3ccccc3,Arbidol<Umifenovir>,-5.19,-5.19,0.15,25,125,477.41,0.33,1.54,2.28,2.92,3.25,5.18,6.93,CCOC(=O)c1c(CSc2ccccc2)n(C)c2cc(Br)c(O)c(CN(C)C)c12
1779,CCOC(=O)c1ccc(cc1)N,Benzocaine,-2.19,-2.19,0.11,25,89,165.19,0.23,0.76,1.43,0.94,1.31,1.45,2.69,CCOC(=O)c1ccc(N)cc1
1780,CCOC1=C(C=C2C(=C1)N=CC(=C2NC3=CC(=C(C=C3)OCC4=CC=CC=N4)Cl)C#N)NC(=O)/C=C/CN(C)C,Neratinib<NERLYNX>,-6.78,-6.81,0.08,23,186,557.04,0.62,2.71,4.22,3.84,4.15,5.93,9.51,CCOc1cc2ncc(C#N)c(Nc3ccc(OCc4ccccn4)c(Cl)c3)c2cc1NC(=O)/C=C/CN(C)C
1781,CCOC1=CC=CC=C1OCC2CNCCO2,Viloxazine<QELBREE>,-0.73,-0.74,0.07,23,89,237.29,0.16,1.24,1.74,1.06,1.87,1.45,4.64,CCOc1ccccc1OCC1CNCCO1
1782,CCOC1=CC=CC=C1OCCN[C@H](C)CC2=CC(=C(C=C2)OC)S(=O)(=O)N,Tamsulosin,-2.91,-2.91,0.24,25,229,408.51,0.59,2.11,2.9,2.04,3.11,2.34,8.1,CCOc1ccccc1OCCN[C@H](C)Cc1ccc(OC)c(S(N)(=O)=O)c1
1783,CCOC1=NC2=CC=CC(=C2N1CC3=CC=C(C=C3)C4=CC=CC=C4C5=NNN=N5)C(=O)OC(C)OC(=O)OC6CCCCC6,CandesartanCilexetil,-6.84,-6.83,0.15,25,167,610.67,0.63,2.39,4.11,4.21,4.46,6.32,8.99,CCOc1nc2cccc(C(=O)OC(C)OC(=O)OC3CCCCC3)c2n1Cc1ccc(-c2ccccc2-c2nn[nH]n2)cc1
1784,CCOP(=S)(OCC)Oc1cc(nc(n1)C(C)C)C,Diazinon,-3.76,-3.75,0.1,20,120,304.35,0,1.38,1.1,1.31,2.31,3.58,6.33,CCOP(=S)(OCC)Oc1cc(C)nc(C(C)C)n1
1785,CCOP(=S)(OCC)Oc1ccc2c(c(c(=O)oc2c1)Cl)C,Coumaphos,-5.37,-5.38,0.65,23,93,362.77,0,1.29,1.53,1.71,2.43,4.43,5.64,CCOP(=S)(OCC)Oc1ccc2c(C)c(Cl)c(=O)oc2c1
1786,CCOP(=S)(OCC)SC(CCl)N1C(=O)c2ccccc2C1=O,Dialifor,-6.33,-6.34,0.84,23,68,393.85,0,1.6,2.26,2.29,2.64,3.88,6.66,CCOP(=S)(OCC)SC(CCl)N1C(=O)c2ccccc2C1=O
1787,CCOP(=S)(OCC)SCSc1ccc(cc1)Cl,Carbophenothion,-5.73,-5.74,0.72,23,58,342.88,0,0.97,1.3,1.98,2.36,5.42,8.27,CCOP(=S)(OCC)SCSc1ccc(Cl)cc1
1788,CCOc1cc(ccc1C2COC(=N2)c3c(cccc3F)F)C(C)(C)C,Etoxazole,-6.67,-6.68,0.91,20,102,359.42,0,0.79,1.12,1.46,2.69,5.18,4.99,CCOc1cc(C(C)(C)C)ccc1C1COC(c2c(F)cccc2F)=N1
1789,CCOc1cc(ccc1OC)[C@@H](CS(=O)(=O)C)N2C(=O)c3cccc(c3C2=O)NC(=O)C,Apremilast<Otezla>,-4.64,-4.64,0.16,25,155,460.5,0.36,2.46,4.23,2.44,3.27,2.43,6.54,CCOc1cc([C@@H](CS(C)(=O)=O)N2C(=O)c3cccc(NC(C)=O)c3C2=O)ccc1OC
1790,CCOc1ccc(cc1)Cc2cc(ccc2Cl)[C@H]3[C@@H]([C@H]([C@@H]([C@H](O3)CO)O)O)O,Dapagliflozin,-2.41,-2.41,0.17,25,68,408.87,1.02,1.99,2.41,2.52,2.96,1.84,6.93,CCOc1ccc(Cc2cc([C@@H]3O[C@H](CO)[C@@H](O)[C@H](O)[C@H]3O)ccc2Cl)cc1
1791,CCOc1ccc(cc1)NC(C)=O,Phenacetin,-2.29,-2.29,0.14,25,135,179.22,0.41,0.87,1.55,0.96,1.45,2.04,3.32,CCOc1ccc(NC(C)=O)cc1
1792,CCOc1ccc(cc1)[Si](C)(C)CCCc2ccc(c(c2)Oc3ccccc3)F,Silafluofen,-8.61,-8.61,1.31,20,80,408.59,0,0.75,1.66,1.53,3.3,6.56,7.1,CCOc1ccc([Si](C)(C)CCCc2ccc(F)c(Oc3ccccc3)c2)cc1
1793,CCOc1ccc(cc1OCC)/C=C\2/c3cc(c(cc3CCN2)OCC)OCC,Drotaverine,-5.64,-5.57,0.71,37,140,397.51,0.13,1.64,2.58,1.94,3.2,4.93,7.28,CCOc1ccc(/C=C2\NCCc3cc(OCC)c(OCC)cc32)cc1OCC
1794,CCOc1ccc2cc(c(Cl)nc2c1)C3CC(=NN3C(=O)CCCC(=O)NCCCN4CCOCC4)c5ccc(Br)cc5,TDRL-551analog44,-5.17,-5.19,0.61,23,168,671.02,0.26,2.8,4.07,3.88,4.63,5.74,11.02,CCOc1ccc2cc(C3CC(c4ccc(Br)cc4)=NN3C(=O)CCCC(=O)NCCCN3CCOCC3)c(Cl)nc2c1
1795,CCOc1ccc2cc(c(Cl)nc2c1)C3CC(=NN3C(=O)CCCC(=O)NCCCN4CCOCC4)c5ccc(I)cc5,TDRL-551analog43,-5.43,-5.46,0.08,23,168,718.02,0.26,2.82,4.13,4.19,4.72,5.58,11.23,CCOc1ccc2cc(C3CC(c4ccc(I)cc4)=NN3C(=O)CCCC(=O)NCCCN3CCOCC3)c(Cl)nc2c1
1796,CCOc1ccc2nnc(Sc3ccc4nc(NC(=O)NCCN5CCOCC5)sc4c3)n2n1,SAR125844analog16<CHEMBL4462907>,-5.29,-5.32,0.63,23,179,500.6,0.53,2.66,3.53,3.89,3.44,2.74,7.04,CCOc1ccc2nnc(Sc3ccc4nc(NC(=O)NCCN5CCOCC5)sc4c3)n2n1
1797,CCOc1ccccc1C(=O)N,Ethenzamide,-2.06,-2.06,0.51,25,129,165.19,0.49,0.87,1.64,1.06,1.17,1.18,2.69,CCOc1ccccc1C(N)=O
1798,CCOc1nc2cccc(c2n1Cc3ccc(cc3)c4ccccc4c5[nH]c(=O)on5)C(=O)O,Azilsartan,-6.48,-6.25,0.88,37,206,456.45,0.78,1.93,3.31,3.67,3.22,4.19,5.42,CCOc1nc2cccc(C(=O)O)c2n1Cc1ccc(-c2ccccc2-c2noc(=O)[nH]2)cc1
1799,CCOc1nc2cccc(c2n1Cc3ccc(cc3)c4ccccc4c5[nH]oc(=O)n5)C(=O)OCc6c(oc(=O)o6)C,AzilsartanMedoxomil,-4.39,-4.42,0.14,23,217,568.53,0.13,2.74,3.7,3.88,3.91,4.71,7.01,CCOc1nc2cccc(C(=O)OCc3oc(=O)oc3C)c2n1Cc1ccc(-c2ccccc2-c2nc(=O)o[nH]2)cc1
1800,CCS(=O)(=O)Nc1ccc(Oc2ccc(F)cc2F)c(-c2cn(C)c(=O)c3[nH]ccc23)c1,Mivebresib<ABBV-075><BET1>,-7.09,-7.09,1,25,184,459.47,0.67,1.88,3.6,2.77,3.08,4.37,5.47,CCS(=O)(=O)Nc1ccc(Oc2ccc(F)cc2F)c(-c2cn(C)c(=O)c3[nH]ccc23)c1
1801,CC[C@@H](C)[C@@H](C(=O)O)N,DL-Allo-isoleucine,-0.39,-0.39,0.17,25,101,131.18,0.78,0.97,0.92,0.39,1.13,0.44,3.23,CC[C@@H](C)[C@H](N)C(=O)O
1802,CC[C@@H](c1cccc(c1)O)[C@@H](C)CN(C)C,Tapentadol,-1.97,-1.93,0.14,37,68,221.34,0.5,0.96,1.02,0.98,2,3.08,4.81,CC[C@@H](c1cccc(O)c1)[C@@H](C)CN(C)C
1803,CC[C@@H](c1nc2cccc(c2c(=O)n1c3ccccc3)F)Nc4c5c([nH]cn5)ncn4,Idelalisib,-4.12,-3.93,0.17,37,212,415.42,0.5,1.85,3.19,3.45,2.92,3.75,4.62,CC[C@H](Nc1ncnc2[nH]cnc12)c1nc2cccc(F)c2c(=O)n1-c1ccccc1
1804,CC[C@@H]1CN(C[C@@H]1c2cnc3n2c4cc[nH]c4nc3)C(=O)NCC(F)(F)F,Upadacitinib?½H2O<RINVOQ>,-3.41,-3.31,0.03,37,186,380.37,0.47,1.52,2.23,2.03,2.52,2.91,4.2,CC[C@@H]1CN(C(=O)NCC(F)(F)F)C[C@@H]1c1cnc2cnc3[nH]ccc3n12
1805,CC[C@@H]1[C@@H]2C[C@@H](CC[C@@]2([C@H]3CC[C@]4([C@H]([C@@H]3[C@@H]1O)CC[C@@H]4[C@H](C)CCC(=O)O)C)C)O,ObeticholicAcid<OCALIVA>,-5.35,-5.17,0.36,37,109,420.63,1.2,1.39,2.4,1.61,3.53,5.11,6.07,CC[C@H]1[C@@H](O)[C@@H]2[C@H](CC[C@]3(C)[C@@H]([C@H](C)CCC(=O)O)CC[C@@H]23)[C@@]2(C)CC[C@@H](O)C[C@@H]12
1806,CC[C@@H]1[C@@]2([C@@H]([C@H](C(=O)[C@@H](C[C@@]([C@@H]([C@H](C(=O)[C@](C(=O)O1)(C)F)C)O[C@H]3[C@@H]([C@H](C[C@H](O3)C)N(C)C)O)(C)OC)C)C)N(C(=O)O2)CCCCn4cc(nn4)c5cccc(c5)N)C,Solithromycin,-6.16,-6.15,0.14,23,189,845.01,0.35,4.46,4.7,3.67,6.44,4.6,14.52,CC[C@H]1OC(=O)[C@@](C)(F)C(=O)[C@H](C)[C@@H](O[C@@H]2O[C@H](C)C[C@H](N(C)C)[C@H]2O)[C@](C)(OC)C[C@@H](C)C(=O)[C@H](C)[C@H]2N(CCCCn3cc(-c4cccc(N)c4)nn3)C(=O)O[C@]12C
1807,CC[C@@H]1[C@H](CC[C@@]2(O1)C[C@@H]3C[C@H](O2)C/C=C(/C[C@H](/C=C/C=C/4\CO[C@H]5[C@@]4([C@@H](C=C([C@H]5O)C)C(=O)O3)O)C)\C)C,MilbemycinA4<MilbemectinA4>,-4.9,-4.88,0.55,20,214,542.71,0.5,2.25,2.02,2.26,4.27,4.92,8.29,CC[C@H]1O[C@]2(CC[C@@H]1C)C[C@@H]1C[C@@H](C/C=C(\C)C[C@@H](C)/C=C/C=C3\CO[C@@H]4[C@H](O)C(C)=C[C@@H](C(=O)O1)[C@]34O)O2
1808,CC[C@@]1(C2=C(COC1=O)C(=O)N3CC4=C(C5=CC6=C(C=C5N=C4C3=C2)OCO6)CN7CCN(CC7)C)O,GI149893<Topotecananalog>,-5.7,-5.7,0.72,25,205,504.53,0.17,3.32,4.03,3.7,3.52,1.56,4.92,CC[C@@]1(O)C(=O)OCc2c1cc1n(c2=O)Cc2c-1nc1cc3c(cc1c2CN1CCN(C)CC1)OCO3
1809,CC[C@@]1(OC[C@@H](O1)[C@@H]2CCCCN2)c3ccccc3,Etoxadrol,-2.47,-2.67,0.04,20,124,261.36,0.15,1.05,1.24,1.2,2.13,2.81,3.87,CC[C@]1(c2ccccc2)OC[C@H]([C@@H]2CCCCN2)O1
1810,CC[C@@]1(c2cc-3n(c(=O)c2COC1=O)Cc4c3nc5cc6c(cc5c4CN7CCN(CC7)C)OCCO6)O,Lurtotecan<GI147211>,-5.6,-5.6,0.7,25,198,518.56,0.17,3.37,4.45,3.73,3.66,1.6,5.3,CC[C@@]1(O)C(=O)OCc2c1cc1n(c2=O)Cc2c-1nc1cc3c(cc1c2CN1CCN(C)CC1)OCCO3
1811,CC[C@@]1(c2cc-3n(c(=O)c2COC1=O)Cc4c3nc5ccc(c(c5c4)CN(C)C)O)O,Topotecan,-4.71,-4.71,0.39,25,216,421.45,0.67,2.73,3.69,3.23,3.01,1.85,4.22,CC[C@@]1(O)C(=O)OCc2c1cc1n(c2=O)Cc2cc3c(CN(C)C)c(O)ccc3nc2-1
1812,CC[C@@]1(c2cc-3n(c(=O)c2COC1=O)Cc4c3nc5ccc(cc5c4)O)O,(S)-10-Hydroxycamptothecin,-5.83,-5.83,0.12,25,268,364.35,0.67,2.23,3.56,3.04,2.49,1.79,3.07,CC[C@@]1(O)C(=O)OCc2c1cc1n(c2=O)Cc2cc3cc(O)ccc3nc2-1
1813,CC[C@H](C)[C@@H]1[C@H](CC[C@@]2(O1)C[C@@H]3C[C@H](O2)C/C=C(/[C@H]([C@H](/C=C/C=C/4\CO[C@H]5[C@@]4([C@@H](C=C([C@H]5O)C)C(=O)O3)O)C)O[C@H]6C[C@@H]([C@H]([C@@H](O6)C)O[C@H]7C[C@@H]([C@H]([C@@H](O7)C)O)OC)OC)\C)C,Ivermectin,-5.64,-5.64,0.35,25,155,875.11,0.68,4.23,3.21,3.24,6.72,5.6,15.31,CC[C@H](C)[C@H]1O[C@]2(CC[C@@H]1C)C[C@@H]1C[C@@H](C/C=C(\C)[C@@H](O[C@H]3C[C@H](OC)[C@@H](O[C@H]4C[C@H](OC)[C@@H](O)[C@H](C)O4)[C@H](C)O3)[C@@H](C)/C=C/C=C3\CO[C@@H]4[C@H](O)C(C)=C[C@@H](C(=O)O1)[C@]34O)O2
1814,CC[C@H](C)[C@H]1C(=O)N[C@H](C(=O)NC(=C)C(=O)N[C@H](C(=O)N[C@]23CCC(=N[C@@H]2c4csc(n4)[C@H]([C@H](OC(=O)c5cc(c6c(n5)[C@H]([C@H](N1)C=C6)O)[C@H](C)O)C)NC(=O)c7csc(n7)[C@@H](NC(=O)[C@H]8CSC(=N8)/C(=C/C)/NC(=O)[C@@H](NC(=O)c9csc3n9)[C@@H](C)O)[C@@](C)([C@@H](C)O)O)c1nc(cs1)C(=O)NC(=C)C(=O)NC(=C)C(=O)N)C)C,Bryamycin<Thiosterpton>,-4.32,-4.3,0.29,23,210,1664.887,4.47,11.56,14.55,10.51,11.65,0.77,26.71,C=C(NC(=O)C(=C)NC(=O)c1csc(C2=N[C@@H]3c4csc(n4)[C@H]4NC(=O)c5csc(n5)[C@H]([C@](C)(O)[C@@H](C)O)NC(=O)[C@H]5CSC(=N5)/C(=C/C)NC(=O)[C@H]([C@@H](C)O)NC(=O)c5csc(n5)[C@]3(CC2)NC(=O)[C@H](C)NC(=O)C(=C)NC(=O)[C@H](C)NC(=O)[C@H]([C@@H](C)CC)N[C@@H]2C=Cc3c([C@H](C)O)cc(nc3[C@H]2O)C(=O)O[C@@H]4C)n1)C(N)=O
1815,CC[C@H](C)[C@H]1C(=O)N[C@H](C(=O)N[C@H](C(=O)N[C@@H](CSSC[C@@H](C(=O)N[C@H](C(=O)N1)Cc2ccc(cc2)O)N)C(=O)N3CCC[C@H]3C(=O)N[C@@H](CC(C)C)C(=O)NCC(=O)N)CC(=O)N)CCC(=O)N,Oxytocin,-1.21,-1.2,0.17,23,164,1007.19,3.96,7.67,11.34,5.9,7.47,-3.61,22.99,CC[C@H](C)[C@@H]1NC(=O)[C@H](Cc2ccc(O)cc2)NC(=O)[C@@H](N)CSSC[C@@H](C(=O)N2CCC[C@H]2C(=O)N[C@@H](CC(C)C)C(=O)NCC(N)=O)NC(=O)[C@H](CC(N)=O)NC(=O)[C@H](CCC(N)=O)NC1=O
1816,CC[C@H]1C(=O)N(CC(=O)N([C@H](C(=O)N[C@H](C(=O)N([C@H](C(=O)N[C@H](C(=O)N[C@@H](C(=O)N([C@H](C(=O)N([C@H](C(=O)N([C@H](C(=O)N([C@H](C(=O)N1)[C@@H]([C@H](C)C/C=C/C=C)O)C)C(C)C)C)CC(C)C)C)CC(C)C)C)C)C)CC(C)C)C)C(C)C)CC(C)C)C)C,Voclosporin<Luveniq><LUPKYNIS>,-5.32,-5.2,0.38,20,144,1214.62,1.25,7.66,10.22,4.35,10.12,3.44,31.98,C=C/C=C/C[C@@H](C)[C@@H](O)[C@H]1C(=O)N[C@@H](CC)C(=O)N(C)CC(=O)N(C)[C@@H](CC(C)C)C(=O)N[C@@H](C(C)C)C(=O)N(C)[C@@H](CC(C)C)C(=O)N[C@@H](C)C(=O)N[C@H](C)C(=O)N(C)[C@@H](CC(C)C)C(=O)N(C)[C@@H](CC(C)C)C(=O)N(C)[C@@H](C(C)C)C(=O)N1C
1817,CC[C@H]1CCC[C@@H]([C@H](C(=O)C2=C[C@H]3[C@@H]4C[C@@H](C[C@H]4C(=C[C@H]3[C@@H]2CC(=O)O1)C)O[C@H]5[C@@H]([C@@H]([C@H]([C@@H](O5)C)OC)OC)OC)C)O[C@H]6CC[C@@H]([C@H](O6)C)N(C)C,SpinosynD,-7.2,-7.17,0.04,23,172,745.98,0,3.25,2.83,2.36,5.89,5.88,13.61,CC[C@H]1CCC[C@H](O[C@H]2CC[C@H](N(C)C)[C@@H](C)O2)[C@@H](C)C(=O)C2=C[C@@H]3[C@@H](C=C(C)[C@@H]4C[C@@H](O[C@@H]5O[C@@H](C)[C@H](OC)[C@@H](OC)[C@H]5OC)C[C@@H]34)[C@@H]2CC(=O)O1
1818,CC[C@H]1CCC[C@@H]([C@H](C(=O)C2=C[C@H]3[C@@H]4C[C@@H](C[C@H]4C=C[C@H]3[C@@H]2CC(=O)O1)O[C@H]5[C@@H]([C@@H]([C@H]([C@@H](O5)C)OC)OC)OC)C)O[C@H]6CC[C@@H]([C@H](O6)C)N(C)C,SpinosynA,-4.75,-4.72,0.04,23,121,731.96,0,3.23,2.88,2.38,5.75,5.49,13.38,CC[C@H]1CCC[C@H](O[C@H]2CC[C@H](N(C)C)[C@@H](C)O2)[C@@H](C)C(=O)C2=C[C@@H]3[C@@H](C=C[C@@H]4C[C@@H](O[C@@H]5O[C@@H](C)[C@H](OC)[C@@H](OC)[C@H]5OC)C[C@@H]34)[C@@H]2CC(=O)O1
1819,CC[C@H]1CN2CC[C@H]1C[C@H]2[C@@H](c3ccnc4c3cc(cc4)OC)O,Hydroquinine<Dihydroquinine>,-3.1,-3.1,0.19,25,173,326.44,0.23,1.76,1.66,2.28,2.59,3.4,4.19,CC[C@H]1CN2CC[C@H]1C[C@H]2[C@H](O)c1ccnc2ccc(OC)cc12
1820,CC[C@H]1CN2CCc3cc(c(cc3[C@@H]2C[C@@H]1C[C@@H]4c5cc(c(cc5CCN4)OC)OC)OC)OC,Emetine,-4.53,-4.54,0.48,23,151,480.64,0.13,2.13,2.78,2.45,3.83,4.94,7.12,CC[C@H]1CN2CCc3cc(OC)c(OC)cc3[C@@H]2C[C@@H]1C[C@H]1NCCc2cc(OC)c(OC)cc21
1821,CC[C@H]1OC(=O)[C@H](C)[C@@H](O[C@H]2C[C@@](C)(OC)[C@@H](O)[C@H](C)O2)[C@H](C)[C@@H](O[C@@H]2O[C@H](C)C[C@H](N(C)C)[C@H]2O)[C@](C)(O)C[C@@H](C)CN(C)[C@H](C)[C@@H](O)[C@]1(C)O,Azithromycin,-5.7,-5.97,0.12,37,126,748.98,0.97,4.91,2.67,2.5,6,1.9,15.58,CC[C@H]1OC(=O)[C@H](C)[C@@H](O[C@H]2C[C@@](C)(OC)[C@@H](O)[C@H](C)O2)[C@H](C)[C@@H](O[C@@H]2O[C@H](C)C[C@H](N(C)C)[C@H]2O)[C@](C)(O)C[C@@H](C)CN(C)[C@H](C)[C@@H](O)[C@]1(C)O
1822,CC[C@]12CC[C@H]3[C@H]([C@@H]1C=C[C@]2(C#C)O)CCC4=CC(=O)CC[C@H]34,Gestodene,-3.23,-3.23,0.02,25,201,310.43,0.4,1.13,2.55,1.96,2.54,3.66,3.36,C#C[C@]1(O)C=C[C@H]2[C@@H]3CCC4=CC(=O)CC[C@@H]4[C@H]3CC[C@@]21CC
1823,CC[C@]12CC[C@H]3[C@H]([C@@H]1CC[C@]2(C#C)O)CCC4=CC(=O)CC[C@H]34,L-Norgestrel<Levonorgestrel>,-5.24,-5.26,0.06,23,206,312.45,0.4,1.07,2.45,1.8,2.58,3.88,3.5,C#C[C@]1(O)CC[C@H]2[C@@H]3CCC4=CC(=O)CC[C@@H]4[C@H]3CC[C@@]21CC
1824,CC[Ge]1(CCC2(CCN(C2)CCCN(C)C)CC1)CC,Spirogermanium,-4.58,-4.57,0.21,22,87,341.12,0,1.07,0.62,0.51,2.46,4.01,5.53,C[CH2][Ge]1([CH2]C)[CH2]CC2(CCN(CCCN(C)C)C2)C[CH2]1
1825,CC\C(C1=CC=C(O)C=C1)=C(/C2=CC=C(O)C=C2)CC,Diethylstilbestrol,-4.07,-4.07,0.35,25,171,268.36,1,0.86,1.53,1.71,2.24,4.83,4.46,CC/C(=C(/CC)c1ccc(O)cc1)c1ccc(O)cc1
1826,CCc1c([nH]c(=O)[nH]1)C(=O)c2ccncc2,Piroximone,-1.98,-1.98,0.05,25,189,217.22,0.36,1.48,2.27,1.57,1.6,0.89,2.68,CCc1[nH]c(=O)[nH]c1C(=O)c1ccncc1
1827,CCc1c(c(c(c(c1Cl)O)Cl)O)C(=O)O[C@@H]2[C@H](O[C@H]([C@H]([C@H]2O)OC)OC/C/3=C\C=C\C[C@@H](/C(=C/[C@@H]([C@H](/C(=C/C(=C/C[C@H](OC3=O)[C@@H](C)O)/C)/C)O[C@H]4[C@H]([C@H]([C@@H](C(O4)(C)C)OC(=O)C(C)C)O)O)CC)/C)O)C,Fidaxomycin,-6.11,-6.07,0.45,23,151,1058.04,1.79,4.71,4.19,3.99,7.83,6.23,22.37,CCc1c(Cl)c(O)c(Cl)c(O)c1C(=O)O[C@H]1[C@H](O)[C@H](OC)[C@H](OC/C2=C\C=C\C[C@H](O)/C(C)=C/[C@H](CC)[C@@H](O[C@@H]3OC(C)(C)[C@@H](OC(=O)C(C)C)[C@H](O)[C@@H]3O)/C(C)=C/C(C)=C/C[C@@H]([C@@H](C)O)OC2=O)O[C@@H]1C
1828,CCc1c(c(nc(n1)N)N)c2ccc(cc2)Cl,Pyrimethamine,-3.31,-3.31,0.43,25,233,248.71,0.45,0.99,2.01,2.26,1.85,2.52,3.15,CCc1nc(N)nc(N)c1-c1ccc(Cl)cc1
1829,CCc1c(c2ccccc2o1)C(=O)c3cc(c(c(c3)Br)O)Br,Benzbromarone,-4.59,-4.59,0.49,25,151,424.08,0.41,0.68,2.04,2.63,2.36,5.46,4.1,CCc1oc2ccccc2c1C(=O)c1cc(Br)c(O)c(Br)c1
1830,CCc1cc(ccn1)C(=N)S,Ethionamide,-2.63,-2.63,0.03,25,163,166.24,0.21,0.76,1.3,1.45,1.32,1.9,2.65,CCc1cc(C(=N)S)ccn1
1831,CCc1cc2c(cc1N3CCC(CC3)N4CCOCC4)C(c5c(c6ccc(cc6[nH]5)C#N)C2=O)(C)C,Alectinib,-7.55,-7.55,0.18,25,275,482.62,0.31,1.94,3.08,3.33,3.77,4.77,5.66,CCc1cc2c(cc1N1CCC(N3CCOCC3)CC1)C(C)(C)c1[nH]c3cc(C#N)ccc3c1C2=O
1832,CCc1ccc(C(=O)COc2ccc(CC3SC(=O)NC3=O)cc2)nc1,Mitoglitazone<PNU-91325>,-5.1,-5.15,0.07,22,149,370.42,0.34,1.94,2.87,2.55,2.67,2.8,5.68,CCc1ccc(C(=O)COc2ccc(CC3SC(=O)NC3=O)cc2)nc1
1833,CCc1ccc(nc1)CCOc2ccc(cc2)CC3C(=O)NC(=O)S3,Pioglitazone,-6.85,-6.85,0.19,25,184,356.44,0.34,1.64,2.37,2.33,2.66,3.16,5.71,CCc1ccc(CCOc2ccc(CC3SC(=O)NC3=O)cc2)nc1
1834,CCc1ccc2cc3ccccc3cc2c1,2-Ethylanthracene,-6.86,-6.89,0.95,23,152,206.29,0,0.24,1.29,2.02,1.74,4.56,2.14,CCc1ccc2cc3ccccc3cc2c1
1835,CCn1c(cc(n1)Cc2ccccc2)C3CCN(CC3)C[C@H]4C[C@@H](C[C@@H]4c5cccc(c5)F)N(C)[C@H](C(C)C)C(=O)O,MK-578<MRK-1>,-3.11,-3.11,0.19,25,127,574.77,0.57,2.05,2.63,2.77,4.64,6.42,9.79,CCn1nc(Cc2ccccc2)cc1C1CCN(C[C@H]2C[C@H](N(C)[C@@H](C(=O)O)C(C)C)C[C@@H]2c2cccc(F)c2)CC1
1836,CCn1c2c(c(=O)n(c1=O)CC)n(c(n2)/C=C/c3ccc(c(c3)OC)OC)C,Istradefylline<NOURIANZ>,-6.06,-5.95,0.04,37,193,384.43,0,1.9,3.03,2.36,2.89,2.12,5.39,CCn1c(=O)c2c(nc(/C=C/c3ccc(OC)c(OC)c3)n2C)n(CC)c1=O
1837,CCn1c2cc(ncc2cc(c1=O)c3cc(c(cc3Br)F)NC(=O)Nc4ccccc4)NC,Ripretinib<QINLOCK>,-5.1,-4.93,0.6,37,185,510.36,0.78,1.9,3.63,3.36,3.35,5.67,6.41,CCn1c(=O)c(-c2cc(NC(=O)Nc3ccccc3)c(F)cc2Br)cc2cnc(NC)cc21
1838,CCn1c2ccccc2c3c1ccc(c3)N,3-Amino-9-ethylcarbazole,-3.93,-3.93,0.59,25,99,210.27,0.23,0.68,1.74,2.25,1.7,3.4,1.9,CCn1c2ccccc2c2cc(N)ccc21
1839,CCn1c2ccccc2c3c1cccc3,9-Ethylcarbazole,-4.93,-4.93,0.34,25,69,195.26,0,0.37,1.35,1.95,1.6,3.81,1.78,CCn1c2ccccc2c2ccccc21
1840,CN(C(=N)N[N+](=O)[O-])[N+](=O)[O-],"N-Methyl-N,N'-dinitroguanidine",-0.61,-0.61,0.17,25,140,163.09,0.26,1.53,1.51,1.04,1,-1.17,2.71,CN(C(=N)N[N+](=O)[O-])[N+](=O)[O-]
1841,CN(C(=O)N)C1=C(C=CC=C1)C,1-Methyl-1-(2-methylphenyl)urea,-0.4,-0.4,0.17,25,138,164.21,0.39,0.84,1.46,1.14,1.35,1.51,2.33,Cc1ccccc1N(C)C(N)=O
1842,CN(C(=O)N)C1=CC=C(C=C1)C,1-Methyl-1-(4-methylphenyl)urea,-0.39,-0.42,0.17,21,145,164.21,0.39,0.84,1.46,1.14,1.35,1.51,2.33,Cc1ccc(N(C)C(N)=O)cc1
1843,CN(C(=O)N[C@H]1CC[C@@H](CC1)CCN2CCN(CC2)c3c(c(ccc3)Cl)Cl)C,Cariprazine,-6,-5.94,0.22,37,138,427.41,0.16,1.66,2.37,2.05,3.27,4.34,7.72,CN(C)C(=O)N[C@H]1CC[C@H](CCN2CCN(c3cccc(Cl)c3Cl)CC2)CC1
1844,CN(C(=O)Nc1ccc(c(c1)Cl)Cl)OC,Linuron,-3.5,-3.5,0.05,25,93,249.09,0.44,0.98,1.82,1.31,1.66,3.02,4.2,CON(C)C(=O)Nc1ccc(Cl)c(Cl)c1
1845,CN(C)C(=N)NC(=N)N.Cl,MetforminH(+).Cl,-0.15,-0.15,0.04,25,224,165.63,0.57,1.68,0.58,1.13,1.09,-0.61,5.74,CN(C)C(=N)NC(=N)N.Cl
1846,CN(C)C(=O)COC(=O)C(C)c1ccc2cc(ccc2c1)OC,NaproxenesterVb,-4.87,-4.9,0.55,21,151,315.36,0,1.37,2.34,1.76,2.46,2.58,5.21,COc1ccc2cc(C(C)C(=O)OCC(=O)N(C)C)ccc2c1
1847,CN(C)C(=O)COC(=O)Cc1ccc(cc1)OC(=O)c2ccc(cc2)N=C(N)N,Camostat,-3.57,-3.49,0.21,37,194,398.41,0.55,2.5,2.98,2.33,2.97,0.98,7.3,CN(C)C(=O)COC(=O)Cc1ccc(OC(=O)c2ccc(N=C(N)N)cc2)cc1
1848,CN(C)C(=O)COC(=O)Cc1ccc2cc(ccc2c1)OC,Glycolamideanalog6,-3.82,-3.82,0.34,25,102,301.34,0,1.34,2.35,1.75,2.32,2.02,4.98,COc1ccc2cc(CC(=O)OCC(=O)N(C)C)ccc2c1
1849,CN(C)C(=O)COC(=O)c1ccccc1O,SalicylicAcidesterIb,-1.68,-1.71,0.17,21,68,223.23,0.13,1.02,1.95,1.13,1.67,0.64,3.88,CN(C)C(=O)COC(=O)c1ccccc1O
1850,CN(C)C(=O)Nc1ccc(c(c1)Cl)Cl,Diuron,-3.75,-3.75,0.02,25,159,233.09,0.44,0.77,1.66,1.27,1.6,3.09,3.61,CN(C)C(=O)Nc1ccc(Cl)c(Cl)c1
1851,CN(C)C(=O)c1cc2cnc(nc2n1C3CCCC3)Nc4ccc(cn4)N5CCNCC5,Ribociclib<KISQALI>,-5.24,-5.27,0.53,23,198,434.54,0.29,2.45,3.47,3.39,3.32,2.8,5.65,CN(C)C(=O)c1cc2cnc(Nc3ccc(N4CCNCC4)cn3)nc2n1C1CCCC1
1852,CN(C)C(C)CN1c2c(cccc2)Sc2c1cccc2,Promethazine,-4.44,-4.45,0.19,24,60,284.43,0,1.09,1.72,2.14,2.28,4.24,3.73,CC(CN1c2ccccc2Sc2ccccc21)N(C)C
1853,CN(C)C(SSC(N(C)C)=S)=S,Thiram,-3.9,-3.9,0.14,25,156,240.44,0,1.14,1.6,2.12,1.72,2.06,6.25,CN(C)C(=S)SSC(=S)N(C)C
1854,CN(C)C/C=C/C(=O)NC1=C(C=C2C(=C1)C(=NC=N2)NC3=CC(=C(C=C3)F)Cl)O[C@H]4CCOC4,Afatinib,-4.23,-4.25,0.42,23,177,485.94,0.68,2.23,3.23,3.22,3.44,4.39,7.56,CN(C)C/C=C/C(=O)Nc1cc2c(Nc3ccc(F)c(Cl)c3)ncnc2cc1O[C@H]1CCOC1
1855,CN(C)C1=CC=C(C=C1)N=NC2=CC=CC=C2,"4-(N,N-Dimethylamino)azobenzene",-5.99,-5.99,0.78,25,117,225.29,0,0.75,1.11,1.63,1.86,4.17,3.5,CN(C)c1ccc(N=Nc2ccccc2)cc1
1856,CN(C)C1CCN(CC1)c2c(nccn2)OC3CN(C3)c4ccc5ccccc5n4,R047cmpd23,-5.93,-5.96,0.76,23,156,404.51,0,2.14,2.55,3.1,3.12,2.82,5.13,CN(C)C1CCN(c2nccnc2OC2CN(c3ccc4ccccc4n3)C2)CC1
1857,CN(C)CC(c1ccc(cc1)OC)C2(CCCCC2)O,Venlafaxine,-2.99,-2.99,0.04,25,75,277.4,0.31,1.16,1.23,1.2,2.37,3.04,5.05,COc1ccc(C(CN(C)C)C2(O)CCCCC2)cc1
1858,CN(C)CC/C=C\1/c2ccccc2CSc3c1cccc3,Dosulepin,-4.67,-4.69,0.51,23,56,295.44,0,0.89,1.46,2.05,2.42,4.68,4.47,CN(C)CC/C=C1/c2ccccc2CSc2ccccc21
1859,CN(C)CCC(c1ccccc1)c2ccccn2,Pheniramine<Trimeton>,-3.27,-3.22,0.23,38,25,240.34,0,1.02,1.41,1.37,2.09,3.17,4.48,CN(C)CCC(c1ccccc1)c1ccccn1
1860,CN(C)CCC=C1c2c(cccc2)CCc2c1cccc2,Amitriptyline,-4.84,-4.85,0.35,24,197,277.41,0,0.77,1.31,1.71,2.4,4.17,4.21,CN(C)CCC=C1c2ccccc2CCc2ccccc21
1861,CN(C)CCC=C1c2ccccc2C=Cc3c1cccc3,Cyclobenzaprine,-4.32,-4.34,0.44,23,149,275.39,0,0.83,1.41,1.86,2.36,4.55,4.03,CN(C)CCC=C1c2ccccc2C=Cc2ccccc21
1862,CN(C)CCCN1c2c(cccc2)CCc2c1cccc2,Imipramine,-4.47,-4.48,0.26,24,146,280.42,0,0.95,1.59,1.81,2.4,3.88,4.25,CN(C)CCCN1c2ccccc2CCc2ccccc21
1863,CN(C)CCCN1c2ccccc2CCc3c1cc(cc3)Cl,Clomipramine,-4.58,-4.62,0.3,21,190,314.85,0,0.89,1.66,1.94,2.52,4.53,4.7,CN(C)CCCN1c2ccccc2CCc2ccc(Cl)cc21
1864,CN(C)CCC[C@@H](C)[C@H]2CC[C@H]1[C@@H]3CC[C@@H]4C[C@H](O)CC[C@]4(C)[C@H]3C[C@H](O)[C@@]12C,"24-Dimethylamino-5?-cholane-3?,12?-diol",-4.15,-4.15,0.03,25,109,405.6569,0.63,1.53,2.15,1.6,3.55,4.95,6.17,C[C@H](CCCN(C)C)[C@H]1CC[C@H]2[C@@H]3CC[C@@H]4C[C@H](O)CC[C@]4(C)[C@H]3C[C@H](O)[C@]12C
1865,CN(C)CCC[C@@H](C)[C@H]2CC[C@H]1[C@@H]3[C@H](O)C[C@@H]4C[C@H](O)CC[C@]4(C)[C@H]3C[C@H](O)[C@@]12C,"24-Dimethylamino-5?-cholane-3?,7?,12?-triol",-3.34,-3.34,0.03,25,41,421.6563,0.94,1.83,2.41,1.81,3.61,3.93,6.38,C[C@H](CCCN(C)C)[C@H]1CC[C@H]2[C@@H]3[C@H](O)C[C@@H]4C[C@H](O)CC[C@]4(C)[C@H]3C[C@H](O)[C@]12C
1866,CN(C)CCC[C@@H](C)[C@H]4CC[C@@H]1[C@]4(C)CC[C@@H]2[C@@]3(C)CC[C@@H](O)C[C@H]3C[C@@H](O)[C@@H]12,"24-Dimethylamino-5?-cholane-3?,7?-diol",-4.34,-4.34,0.03,25,61,405.6369,0.63,1.55,2.15,1.6,3.55,4.95,6.17,C[C@H](CCCN(C)C)[C@H]1CC[C@H]2[C@@H]3[C@H](O)C[C@@H]4C[C@H](O)CC[C@]4(C)[C@H]3CC[C@]12C
1867,CN(C)CCC[C@@H](C)[C@H]4CC[C@@H]3[C@]4(C)CC[C@H]1[C@H]3CC[C@@H]2C[C@H](O)CC[C@]12C,24-Dimethylamino-5?-cholan-3?-ol,-4.74,-4.74,0.03,25,123,389.6575,0.31,1.22,1.89,1.39,3.5,5.98,5.96,C[C@H](CCCN(C)C)[C@H]1CC[C@H]2[C@@H]3CC[C@@H]4C[C@H](O)CC[C@]4(C)[C@H]3CC[C@]12C
1868,CN(C)CCN(Cc1ccc(cc1)OC)c2ccccn2,Pyrilamine<Mepyramine>,-3.53,-3.47,0.28,38,87,285.38,0,1.45,1.73,1.66,2.39,2.66,5.57,COc1ccc(CN(CCN(C)C)c2ccccn2)cc1
1869,CN(C)CCN(Cc1ccc(cc1)OC)c2ncccn2,Thonzylamine<Neohetramine>,-3.08,-3.01,0.19,38,100,286.37,0,1.54,1.76,1.7,2.35,2.05,5.51,COc1ccc(CN(CCN(C)C)c2ncccn2)cc1
1870,CN(C)CCN(Cc1ccc(s1)Cl)c2ccccn2,Chloropyrilene<Tagathen>,-3.16,-3.07,0.2,38,96,295.83,0,1.17,1.64,1.69,2.23,3.36,5.19,CN(C)CCN(Cc1ccc(Cl)s1)c1ccccn1
1871,CN(C)CCN(Cc1cccs1)c2ccccn2,Methapyrilene<Thenylpyramine>,-2.63,-2.6,0.4,30,88,261.39,0,1.18,1.56,1.54,2.11,2.71,4.73,CN(C)CCN(Cc1cccs1)c1ccccn1
1872,CN(C)CCN(Cc1ccsc1)c2ccccn2,Thenyldiamine<Thenfadil>,-3.22,-3.14,0.21,38,89,261.39,0,1.18,1.56,1.54,2.11,2.71,4.73,CN(C)CCN(Cc1ccsc1)c1ccccn1
1873,CN(C)CCOC(c1ccccc1)c2ccc(cc2)Br,Bromdiphenhydramine<Bromazine>,-3.84,-3.75,0.34,38,98,334.25,0,0.95,1.6,1.69,2.36,4.12,5.77,CN(C)CCOC(c1ccccc1)c1ccc(Br)cc1
1874,CN(C)CCOC(c1ccccc1)c2ccccc2,Diphenhydramine<Benadryl>,-2.96,-2.95,0.04,26,169,255.36,0,0.95,1.43,1.36,2.19,3.35,5.13,CN(C)CCOC(c1ccccc1)c1ccccc1
1875,CN(C)CCS(=O)(=O)N1CCN(CC1)c2nc(nc(n2)N3CCOCC3)n4c5cccc(c5nc4C(F)F)OC,SN32976,-5.2,-5.22,0.62,23,158,581.64,0.09,3.21,3.66,3.62,3.98,1.01,8.3,COc1cccc2c1nc(C(F)F)n2-c1nc(N2CCOCC2)nc(N2CCN(S(=O)(=O)CCN(C)C)CC2)n1
1876,CN(C)CC[C@@](C1=CC=CC2=CC=CC=C21)([C@H](C3=CC=CC=C3)C4=C(N=C5C=CC(=CC5=C4)Br)OC)O,Bedaquiline<TMC207><Sirturo>,-6.18,-6.21,0.19,23,174,555.5,0.31,1.89,2.92,3.98,4.01,7.13,7.29,COc1nc2ccc(Br)cc2cc1[C@@H](c1ccccc1)[C@@](O)(CCN(C)C)c1cccc2ccccc12
1877,CN(C)C[C@H]1CCCC[C@@]1(c2cccc(c2)OC)O,Tramadol,-2.24,-2.24,0.04,25,181,263.38,0.31,1.3,1.15,1.23,2.23,2.63,4.48,COc1cccc([C@@]2(O)CCCC[C@@H]2CN(C)C)c1
1878,CN(C)Cc1c2c(=O)n(c(=O)n(c2sc1c3ccc(cc3)NC(=O)NOC)Cc4c(cccc4F)F)c5ccc(nn5)OC,Relugolix<ORGOVYX>,-4.38,-4.38,0.45,25,182,623.63,0.51,3.01,4.19,3.97,4.24,3.75,8.8,CONC(=O)Nc1ccc(-c2sc3c(c2CN(C)C)c(=O)n(-c2ccc(OC)nn2)c(=O)n3Cc2c(F)cccc2F)cc1
1879,CN(C)Cc1c[nH]c2c1cc(cc2)Br,5-Bromogramine,-4.06,-4.06,0.13,25,160,253.14,0.31,0.82,1.39,1.74,1.64,2.99,2.61,CN(C)Cc1c[nH]c2ccc(Br)cc12
1880,CN(C)[C@H]1[C@@H]2C[C@@H]3[C@@H](C4=C(C=CC(=C4C(=O)C3=C([C@@]2(C(=O)C(=C1O)C(=O)N)O)O)O)Cl)O,Demeclocycline,-2.58,-2.58,0.07,25,171,464.86,1.9,3.25,3.75,3.54,3.08,0.26,4.9,CN(C)[C@@H]1C(O)=C(C(N)=O)C(=O)[C@@]2(O)C(O)=C3C(=O)c4c(O)ccc(Cl)c4[C@@H](O)[C@H]3C[C@@H]12
1881,CN(C)[C@H]1[C@@H]2[C@H]([C@@H]3C(=C)c4cccc(c4C(=O)C3=C([C@@]2(C(=O)C(=C1O)C(=O)N)O)O)O)O,Metacycline<Methacycline>,-1.73,-1.61,0.17,37,165,442.42,1.73,3.19,3.71,3.47,3.06,-0.44,4.59,C=C1c2cccc(O)c2C(=O)C2=C(O)[C@]3(O)C(=O)C(C(N)=O)=C(O)[C@@H](N(C)C)[C@@H]3[C@@H](O)[C@H]12
1882,CN(C)c1ccc(cc1)C(=O)OC,Methyl4-(Dimethylamino)benzoicAcid,-3.3,-3.3,0.06,25,372,179.22,0,0.79,1.26,0.88,1.45,1.54,2.9,COC(=O)c1ccc(N(C)C)cc1
1883,CN(C)c1nc2c(cn1)nccn2,2-Dimethylaminopteridine,0.42,0.36,0.17,20,147,175.19,0,0.97,1.35,1.67,1.3,0.49,1.77,CN(C)c1ncc2nccnc2n1
1884,CN(C)c1nc2ncncc2nc1,7-Dimethylaminopteridine,0.04,-0.02,0.17,20,146,175.2,0,1,1.37,1.66,1.3,0.49,1.77,CN(C)c1cnc2cncnc2n1
1885,CN(C)c1ncnc2c1nccn2,4-Dimethylaminopteridine,-0.96,-1.02,0.17,20,146,175.19,0,1,1.37,1.66,1.3,0.49,1.77,CN(C)c1ncnc2nccnc12
1886,CN(C1=CC=C(C=C1)N=NC2=CC(=CC=C2)C)C,"Benzene,4-Dimethylamino-3'-methyl-azo-",-5.78,-5.78,0.73,25,139,239.32,0,0.75,1.05,1.65,2,4.48,3.72,Cc1cccc(N=Nc2ccc(N(C)C)cc2)c1
1887,CN(C1=CC=CC=C1)C(C)=O,N-Methylacetanilide,-0.95,-0.95,0.17,25,103,149.19,0,0.72,1.43,0.91,1.25,1.67,2.26,CC(=O)N(C)c1ccccc1
1888,CN(C1=NC=NC(C(NC2=CC=C(N3CCN(C)CC3)C=C2)=O)=C1)CC(C=C4)=CN=C4C(F)(F)F,W024cmpd41(2%DMSO),-4.47,-4.47,0.47,25,183,485.5,0.41,2.48,3.12,2.69,3.44,3.53,7.15,CN1CCN(c2ccc(NC(=O)c3cc(N(C)Cc4ccc(C(F)(F)F)nc4)ncn3)cc2)CC1
1889,CN(C1=NC=NC(C(NC2=NN=CS2)=O)=C1)CC(C=C3)=CN=C3C(F)(F)F,W024cmpd52(2%DMSO),-4.21,-4.21,0.42,25,186,395.36,0.41,1.79,2.88,2.26,2.48,2.63,5.25,CN(Cc1ccc(C(F)(F)F)nc1)c1cc(C(=O)Nc2nncs2)ncn1
1890,CN(C1=NN=CC(C(NC2=CC=CC=C2)=O)=C1)CC3=CC=C(F)C=C3,W024cmpd24(2%DMSO),-4.87,-4.87,0.55,25,173,336.36,0.41,1.45,2.67,2.3,2.51,3.5,4.99,CN(Cc1ccc(F)cc1)c1cc(C(=O)Nc2ccccc2)cnn1
1891,CN(C2=NC1=C[NH]C=NC1=N2)C,"N,N-Dimethyl-9H-purin-8-amine",-1.36,-1.39,0.17,20,206,163.18,0.13,1.45,0.44,1.41,1.2,0.37,1.43,CN(C)c1nc2c[nH]cnc-2n1
1892,CN(C2=NC1=NC=NC1=C[NH]2)C,"N,N-Dimethyl-7H-purin-2-amine",-2.66,-2.69,0.17,20,203,163.18,0.26,1.45,0.44,1.41,1.2,0.37,1.43,CN(C)c1nc2ncnc-2c[nH]1
1893,CN(CC#C)CC=1c2ccccc2Oc2c(C=1)cccc2,Omigapil,-5.18,-5.18,0.08,25,119,275.35,0.09,1.04,1.64,2,2.23,3.9,3.77,C#CCN(C)CC1=Cc2ccccc2Oc2ccccc21
1894,CN(CC(=O)N)C(=O)COC(=O)C1=CC=CC=C1,N-(2-Amino-2-oxoethyl)-2-(benzoyloxy)acetamide,-0.9,-0.92,0.17,22,102,250.25,0.49,1.61,2.84,1.38,1.87,-0.21,4.86,CN(CC(N)=O)C(=O)COC(=O)c1ccccc1
1895,CN(CCC1=CC=C(C=C1)NS(=O)(=O)C)CCOC2=CC=C(C=C2)NS(=O)(=O)C,Dofetilide,-4.05,-4.05,0,25,133,441.56,0.72,2.16,3.3,2.43,3.23,1.98,7.88,CN(CCOc1ccc(NS(C)(=O)=O)cc1)CCc1ccc(NS(C)(=O)=O)cc1
1896,CN(CCCN1CCc2cc(c(cc2CC1=O)OC)OC)C[C@H]3Cc4c3cc(c(c4)OC)OC,Ivabradine,-2.16,-2.18,0.06,23,137,468.59,0,2.35,3.25,2.46,3.67,3.31,7.51,COc1cc2c(cc1OC)CC(=O)N(CCCN(C)C[C@H]1Cc3cc(OC)c(OC)cc31)CC2
1897,CN(CCCOC(=O)c1cc(c(c(c1)OC)OC)OC)CCN(C)CCCOC(=O)c2cc(c(c(c2)OC)OC)OC,Hexobendine,-3.25,-3.25,0.02,25,76,592.68,0,3.15,4.08,1.97,4.56,3.4,14.54,COc1cc(C(=O)OCCCN(C)CCN(C)CCCOC(=O)c2cc(OC)c(OC)c(OC)c2)cc(OC)c1OC
1898,CN([S](=O)(C1=CC=C(C=C1)N)=O)C2=NC=CC=C2,N1-Methyl-N1-(2-pyridyl)sulfanilamide,-2.44,-2.29,0.17,37,190,263.32,0.23,1.37,2.56,2.05,1.9,1.49,3.21,CN(c1ccccn1)S(=O)(=O)c1ccc(N)cc1
1899,CN(c1c(nc(nc1N)c2c3cccnc3n(n2)Cc4ccccc4F)N)C(=O)OC,Riociguat,-4.98,-5.02,0.57,23,249,422.42,0.47,2.02,3.6,3.89,2.95,2.44,5.07,COC(=O)N(C)c1c(N)nc(-c2nn(Cc3ccccc3F)c3ncccc23)nc1N
1900,CN(c1ncnc(c1)C(=O)Nc1ccccc1)Cc1cccnc1,W024cmpd19(2%DMSO),-4.29,-4.29,0.43,25,175,319.36,0.41,1.78,2.82,2.42,2.45,2.76,4.76,CN(Cc1cccnc1)c1cc(C(=O)Nc2ccccc2)ncn1
1901,CN1C(=C(c2c(ccs2)S1(=O)=O)O)C(=O)Nc3ccccn3,Tenoxicam,-4.17,-4.17,0.03,25,211,337.38,0.72,2.06,3.04,2.51,2.17,1.64,3.38,CN1C(C(=O)Nc2ccccn2)=C(O)c2sccc2S1(=O)=O
1902,CN1C(=C(c2ccccc2S1(=O)=O)O)/C(=N/c3ccccn3)/O,Piroxicam,-4.75,-4.75,0.3,25,199,331.35,0.72,2.12,3.12,2.56,2.25,2.23,3.53,CN1C(/C(O)=N/c2ccccn2)=C(O)c2ccccc2S1(=O)=O
1903,CN1C(=NC=N1)[C@@H]2[C@H](NC3=CC(=CC4=C3C2=NNC4=O)F)C5=CC=C(C=C5)F,Talazoparib<TALZENNA>,-4.55,-4.38,0.35,37,137,380.35,0.45,1.62,2.88,2.94,2.51,2.63,3.52,Cn1ncnc1[C@H]1c2n[nH]c(=O)c3cc(F)cc(c23)N[C@@H]1c1ccc(F)cc1
1904,CN1C(=NNC1=O)CN2C=CC(=C(C2=O)OC3=CC(=CC(=C3)C#N)Cl)C(F)(F)F,Doravirine<PIFELTRO>,-3.53,-3.55,0.28,23,191,425.75,0.16,1.93,3.14,2.17,2.6,2.65,5.22,Cn1c(Cn2ccc(C(F)(F)F)c(Oc3cc(Cl)cc(C#N)c3)c2=O)n[nH]c1=O
1905,CN1C(=O)N(C(=O)N=C1N(C)C)C2CCCCC2,Hexazinone,-0.88,-0.88,0.17,25,116,252.32,0,1.6,1.54,1.33,1.97,0.51,3.54,CN(C)c1nc(=O)n(C2CCCCC2)c(=O)n1C
1906,CN1C(=O)N(C(C1)O)C2=NN=C(S2)C(C)(C)C,Buthidazole,-1.88,-1.88,0.17,25,189,256.33,0.23,1.45,1.95,1.67,1.85,1.03,2.82,CN1CC(O)N(c2nnc(C(C)(C)C)s2)C1=O
1907,CN1C(=S)SCN(C1)C,DMTT<Dazomet>,-1.73,-1.73,0.17,25,106,162.28,0,1.06,1.16,1.44,1.19,0.8,2.32,CN1CSC(=S)N(C)C1
1908,CN1C(C=C(N1C2=CC=CC=C2)C)=S,"1,3-Dimethyl-2-phenyl-3-pyrazoline-5-thione",-1.55,-1.67,0.17,15,120,204.3,0,0.95,1.61,1.85,1.59,2.85,2.25,Cc1cc(=S)n(C)n1-c1ccccc1
1909,CN1C(SC(=N1)[S](N)(=O)=O)=NC(C)=O,Methazolamide<Neptazane>,-1.92,-1.92,0.29,25,214,236.27,0.44,2.01,1.76,1.85,1.48,-1.42,2.83,CC(=O)N=c1sc(S(N)(=O)=O)nn1C
1910,CN1C(c2c(O)cccc2)N(C)c2ccccc12,"2-(1,3-Dimethyl-2,3-dihydro-1H-benzpimidazol-2-yl)-phenol",-1.32,-1.35,0.17,22,135,240.3,0.5,1.16,1.88,2.03,1.9,2.98,2.41,CN1c2ccccc2N(C)C1c1ccccc1O
1911,CN1C2=C(C(N(C1=O)C)=O)[NH]C(=N2)C,8-Methyltheophylline,-0.7,-0.73,0.17,23,237,194.19,0.35,1.3,1.93,1.49,1.36,-0.73,1.6,Cc1nc2c([nH]1)c(=O)n(C)c(=O)n2C
1912,CN1C2=C(C(N=C1)=O)[NH]C=N2,"3,7-Dihydro-3-methyl-6H-purin-6-one",-1.47,-1.5,0.17,23,210,150.14,0.35,1.17,1.65,1.52,1.02,-0.34,1.06,Cn1cnc(=O)c2[nH]cnc21
1913,CN1C2=C(C=C(C=C2)OC3=CC(=NC=C3)C4=NC=C(N4)C(F)(F)F)N=C1NC5=CC=C(C=C5)C(F)(F)F,CHIR-265,-6.85,-6.69,0.95,37,199,518.41,0.53,1.46,2.9,3.08,3.19,6.93,5.77,Cn1c(Nc2ccc(C(F)(F)F)cc2)nc2cc(Oc3ccnc(-c4ncc(C(F)(F)F)[nH]4)c3)ccc21
1914,CN1C2=C(C=NC1=O)NC(N2)=O,"3-Methyl-7,9-dihydro-3H-purine-2,8-dione",-0.77,-0.79,0.17,23,247,166.14,0.36,1.52,2.07,1.47,1.08,-1.05,1.18,Cn1c(=O)ncc2[nH]c(=O)[nH]c21
1915,CN1C2=C(CNC1=O)[N](C=N2)C,"3,6-Dihydroxy-3,7-dimethylpurin-2(1H)-one",-1.27,-1.34,0.17,19,182,166.18,0.16,1.09,1.71,1.35,1.21,0.08,1.33,CN1C(=O)NCc2c1ncn2C
1916,CN1C2=C(N=CC1=O)C=NC=N2,8-Methyl-7(8H)-pteridinone,-0.86,-0.91,0.17,20,149,162.15,0,1.13,1.51,1.42,1.12,-0.28,1.36,Cn1c(=O)cnc2cncnc21
1917,CN1C2=C(OCC1=O)C=CC=C2,"4-Methyl-2H-1,4-benzoxazin-3(4H)-one",-2.1,-2.14,0.17,20,105,163.18,0,1.01,1.43,1.23,1.2,1.04,1.5,CN1C(=O)COc2ccccc21
1918,CN1C3=C(SC2=CC=CC=C12)C=CC=C3,N-Mmethylphenothiazine,-5.52,-5.59,0.68,20,120,213.31,0,0.55,1.54,1.97,1.62,3.92,1.96,CN1c2ccccc2Sc2ccccc21
1919,CN1C=C(C=N1)C2=CC3=C(C=C2)N(C=N3)C4=CC(=CC(=C4)NS(=O)(=O)C5CC5)C6=C(C=C(C=C6)F)F,ODM-203,-6.43,-6.43,0.05,25,203,505.54,0.36,1.68,3.84,4.42,3.42,5.28,5.15,Cn1cc(-c2ccc3c(c2)ncn3-c2cc(NS(=O)(=O)C3CC3)cc(-c3ccc(F)cc3F)c2)cn1
1920,CN1C=C(C=N1)C2=CN3C(=C(C=N3)C#N)C(=C2)C4=CN=C(C=C4)N5CCN(CC5)CC6=CN=C(C=C6)OC,SelpercatinibanalogI,-3.87,-3.87,0.35,25,229,505.57,0,2.71,3.89,4.03,3.76,3.39,6.19,COc1ccc(CN2CCN(c3ccc(-c4cc(-c5cnn(C)c5)cn5ncc(C#N)c45)cn3)CC2)cn1
1921,CN1C=CC(NC1=O)=O,1-Methyluracil,-0.78,-0.8,0.17,23,237,126.11,0.24,0.94,1.48,0.92,0.89,-0.93,1.22,Cn1ccc(=O)[nH]c1=O
1922,CN1CC(=CCC1)C(OC)=O,Arecoline,0.81,0.81,0.17,25,25,155.2,0,0.92,0.9,0.57,1.26,0.42,2.65,COC(=O)C1=CCCN(C)C1
1923,CN1CC(=O)N2[C@@H](C1=O)Cc3c4ccccc4[nH]c3[C@H]2c5ccc6c(c5)OCO6,Tadalafil,-5.32,-5.11,0.14,37,302,389.4,0.31,2.27,3.27,3.39,2.7,2.21,3.27,CN1CC(=O)N2[C@H](c3ccc4c(c3)OCO4)c3[nH]c4ccccc4c3C[C@@H]2C1=O
1924,CN1CC(CCC1)CN1c2c(cccc2)Sc2c1cccc2,Pecazine<Mepamine><Mepazine>,-4.72,-4.73,0.04,24,168,310.47,0,1.07,1.82,2.35,2.46,4.63,3.85,CN1CCCC(CN2c3ccccc3Sc3ccccc32)C1
1925,CN1CCC(=C2c3ccccc3CC(=O)c4c2ccs4)CC1,Ketotifen,-4.62,-4.62,0.08,25,153,309.43,0,1.01,1.76,2.05,2.37,4.01,3.47,CN1CCC(=C2c3ccccc3CC(=O)c3sccc32)CC1
1926,CN1CCC(=C2c3ccccc3CCc4c2ccs4)CC1,Pizotifen,-5.55,-5.55,0.1,25,153,295.44,0,0.71,1.27,1.84,2.36,4.37,3.44,CN1CCC(=C2c3ccccc3CCc3sccc32)CC1
1927,CN1CCC(CC1)COC2=CN=C(N=C2)C3=CC=CC(=C3)CN4C(=O)C=CC(=N4)C5=CC=CC(=C5)C#N,Tepotinib<EMD-1214063><TEPMETKO>,-7.5,-7.35,1.08,37,178,492.57,0.9,2.39,3.56,3.54,3.77,4.01,7.34,CN1CCC(COc2cnc(-c3cccc(Cn4nc(-c5cccc(C#N)c5)ccc4=O)c3)nc2)CC1
1928,CN1CCC(CC1)COc2cc3c(cc2OC)c(ncn3)Nc4cc(ccc4Cl)OC,AZM-475271,-5.26,-5.12,0.63,37,171,442.94,0.13,1.89,2.93,2.88,3.27,4.76,6.63,COc1ccc(Cl)c(Nc2ncnc3cc(OCC4CCN(C)CC4)c(OC)cc23)c1
1929,CN1CCC(CC1)COc2cc3c(cc2OC)c(ncn3)Nc4ccc(cc4F)Br,Vandetanib,-5.29,-5.29,0.36,25,235,475.35,0.18,1.68,2.88,2.92,3.14,5,6.34,COc1cc2c(Nc3ccc(Br)cc3F)ncnc2cc1OCC1CCN(C)CC1
1930,CN1CCC2=C(C1)C(c3c2cccc3)c4ccccc4,Phenindamine<Thephorin>,-3.62,-3.5,0.3,38,91,261.36,0,0.79,1.38,1.88,2.15,3.92,2.74,CN1CCC2=C(C1)C(c1ccccc1)c1ccccc12
1931,CN1CCCC1c2c[nH]c3c2cccc3,3-(1-Methyl-2-pyrrolidinyl)-1H-indole,-2.59,-2.46,0.05,37,141,200.28,0.31,0.84,1.31,1.63,1.64,2.93,2.02,CN1CCCC1c1c[nH]c2ccccc12
1932,CN1CCCN=C1/C=C/c2cccs2,Pyrantel,-2.85,-2.86,0.17,23,179,206.31,0,0.76,0.82,1.22,1.63,2.5,2.99,CN1CCCN=C1/C=C/c1cccs1
1933,CN1CCC[C@@H]1Cc2c[nH]c3c2cc(cc3)CCS(=O)(=O)c4ccccc4,Eletriptan,-5.56,-5.57,0.69,23,47,382.52,0.31,1.47,2.64,2.32,2.95,3.82,5.07,CN1CCC[C@@H]1Cc1c[nH]c2ccc(CCS(=O)(=O)c3ccccc3)cc12
1934,CN1CCN(CC1)C(c2ccccc2)c3ccc(cc3)Cl,Chlorcyclizine,-3.54,-3.45,0.28,38,110,300.83,0,1.21,1.63,1.85,2.38,3.68,4.59,CN1CCN(C(c2ccccc2)c2ccc(Cl)cc2)CC1
1935,CN1CCN(CC1)C2=C(C=C3C4=C2OCN(N4C=C(C3=O)C(=O)O)C)F,Marbofloxacin,-4.7,-4.72,0.51,23,269,362.36,0.57,2.51,2.77,2.42,2.46,0.51,3.76,CN1CCN(c2c(F)cc3c(=O)c(C(=O)O)cn4c3c2OCN4C)CC1
1936,CN1CCN(CC1)C2CCN(CC2)c3ccc(c(c3)OC)Nc4ncc(c(n4)Nc5ccccc5P(=O)(C)C)Cl,Brigatinib,-2.67,-2.68,0.17,23,214,584.09,0.33,2.84,3.11,3.66,4.41,5.09,8.85,COc1cc(N2CCC(N3CCN(C)CC3)CC2)ccc1Nc1ncc(Cl)c(Nc2ccccc2P(C)(C)=O)n1
1937,CN1CCN(CC1)C3=Nc4ccccc4Oc2ccc(Cl)cc23,Loxapine,-4.45,-4.47,0.28,23,110,327.81,0,1.49,1.67,2.3,2.39,3.77,3.71,CN1CCN(C2=Nc3ccccc3Oc3ccc(Cl)cc32)CC1
1938,CN1CCN(CC1)CCCOC2=C(C=C3C(=C2)N=CC(=C3NC4=CC(=C(C=C4Cl)Cl)OC)C#N)OC,Bosutinib,-5.34,-5.36,0.64,23,133,530.45,0.18,2.4,3.72,3.27,3.83,5.19,8.59,COc1cc(Nc2c(C#N)cnc3cc(OCCCN4CCN(C)CC4)c(OC)cc23)c(Cl)cc1Cl
1939,CN1CCN(CC1)c1cc(Cl)c(cc1[N+](=O)[O-])C(=O)Nc1cc(ccc1C)c1nc2c(s1)cccc2,O026cmpd5(0.5%DMSO),-6.69,-6.74,0.92,23,200,522.0185,0.41,1.95,3.95,4.11,3.67,5.84,6.62,Cc1ccc(-c2nc3ccccc3s2)cc1NC(=O)c1cc([N+](=O)[O-])c(N2CCN(C)CC2)cc1Cl
1940,CN1CCN(CC1)c2ccc(c(c2)NC3CCOCC3)C(=O)Nc4c5cc(ccc5[nH]n4)Cc6cc(cc(c6)F)F,Entrectinib<ROZLYTREK>,-4.84,-4.67,0.04,37,199,560.64,1.01,2.29,3.49,3.85,4.1,5.03,7.84,CN1CCN(c2ccc(C(=O)Nc3n[nH]c4ccc(Cc5cc(F)cc(F)c5)cc34)c(NC3CCOCC3)c2)CC1
1941,CN1CCN(CC1)c2ccc3c(c2)[nH]c(n3)c4c(c5c(cccc5F)[nH]c4=O)N,Dovitinib,-5.83,-5.87,0.74,23,298,392.43,1.03,2.48,3.25,3.36,2.81,2.54,4.02,CN1CCN(c2ccc3nc(-c4c(N)c5c(F)cccc5[nH]c4=O)[nH]c3c2)CC1
1942,CN1CCN(CC1)c2nc3ccccc3c(n2)C4=C(C(=O)NC4=O)c5c[nH]c6c5cccc6,Sotrastaurin,-5.79,-5.56,0.74,37,222,438.48,0.65,2.33,3.57,4,3.18,2.43,4.48,CN1CCN(c2nc(C3=C(c4c[nH]c5ccccc45)C(=O)NC3=O)c3ccccc3n2)CC1
1943,CN1CC[C@@H]([C@@H](C1)O)c2c(cc(c3c2oc(cc3=O)c4ccccc4Cl)O)O,Flavopiridol<Alvocidib>,-5.39,-5.39,0.12,25,219,401.84,1.02,1.83,2.53,2.93,2.8,3.3,4.79,CN1CC[C@H](c2c(O)cc(O)c3c(=O)cc(-c4ccccc4Cl)oc23)[C@H](O)C1
1944,CN1CC[C@@]23CCCC[C@@H]2[C@@H]1Cc4c3cc(cc4)OC,Dextromethorphan,-3.5,-3.51,0.27,23,111,271.4,0,0.87,1.05,1.46,2.24,3.38,2.85,COc1ccc2c(c1)[C@]13CCCC[C@@H]1[C@H](C2)N(C)CC3
1945,CN1CC[C@H](C[C@@H]1C2=NC3=CC=CC=C3N2)NC(=O)NC4=CC=C(C=C4)C#N,Glasdegib<DAURISMO>,-5.31,-5.34,0.64,23,214,374.44,0.92,2.02,3.35,2.91,2.86,3.39,4.96,CN1CC[C@@H](NC(=O)Nc2ccc(C#N)cc2)C[C@@H]1c1nc2ccccc2[nH]1
1946,CN1CC[C@]23c4c5ccc(c4O[C@H]2[C@H](C=C[C@H]3[C@H]1C5)O)OC,Codeine,-1.53,-1.48,0.05,30,155,299.36,0.23,1.58,1.92,2.16,2.21,1.5,2.39,COc1ccc2c3c1O[C@H]1[C@@H](O)C=C[C@H]4[C@@H](C2)N(C)CC[C@@]341
1947,CN1CC[C@]23c4c5ccc(c4O[C@H]2[C@H](C=C[C@H]3[C@H]1C5)OS(=O)(=O)O)O,Morphine-6-Sulfate,-5.16,-5.03,0.61,37,291,365.4,0.59,2.08,2.67,2.31,2.5,1.03,2.98,CN1CC[C@]23c4c5ccc(O)c4O[C@H]2[C@@H](OS(=O)(=O)O)C=C[C@H]3[C@H]1C5
1948,CN1CCc2c(sc(n2)C(=O)N[C@@H]3C[C@H](CC[C@@H]3NC(=O)C(=O)Nc4ccc(cn4)Cl)C(=O)N(C)C)C1,Edoxaban,-3.94,-3.97,0.05,23,196,548.06,0.99,3.39,5.12,3.32,3.89,1.29,8.4,CN1CCc2nc(C(=O)N[C@@H]3C[C@@H](C(=O)N(C)C)CC[C@@H]3NC(=O)C(=O)Nc3ccc(Cl)cn3)sc2C1
1949,CN1CCc2cc3c(cc2[C@@H]1[C@@H]4c5ccc(c(c5C(=O)O4)OC)OC)OCO3,Hydrastine,-4.08,-4.12,0.39,20,132,383.41,0,1.89,2.6,2.33,2.68,2.87,3.87,COc1ccc2c(c1OC)C(=O)O[C@@H]2[C@H]1c2cc3c(cc2CCN1C)OCO3
1950,CN1CCc2cccc-3c2[C@H]1Cc4c3c(c(cc4)O)O,Apomorphine,-5.02,-5.06,0.58,23,286,267.33,0.77,1.11,1.72,2.43,2.03,2.85,2.36,CN1CCc2cccc3c2[C@H]1Cc1ccc(O)c(O)c1-3
1951,CN1C[C@@H]2C[C@H]1CN2c3cc4c(cc3F)c(=O)c(cn4C5CC5)C(=O)O,Danofloxacin,-2.9,-2.9,0.03,25,201,357.38,0.57,1.95,2.55,2.48,2.48,2.07,3.22,CN1C[C@@H]2C[C@H]1CN2c1cc2c(cc1F)c(=O)c(C(=O)O)cn2C1CC1
1952,CN1C[C@@H]2c3ccccc3Oc4ccc(cc4[C@H]2C1)Cl,Asenapine,-3.78,-3.8,0.12,23,140,285.77,0,0.91,1.58,2,2.09,4.26,2.76,CN1C[C@@H]2c3ccccc3Oc3ccc(Cl)cc3[C@H]2C1
1953,CN1Cc2c(cc(cc2Cl)Cl)[C@@H](C1)c3cccc(c3)S(=O)(=O)NCCOCCOCCNC(=O)NCCCCNC(=O)NCCOCCOCCNS(=O)(=O)c4cccc(c4)[C@@H]5CN(Cc6c5cc(cc6Cl)Cl)C,Tenapanor<IBSRELA>,-7.56,-7.56,0.11,23,150,1145.05,1.52,5.07,6.93,5.52,8.1,6.16,23.78,CN1Cc2c(Cl)cc(Cl)cc2[C@H](c2cccc(S(=O)(=O)NCCOCCOCCNC(=O)NCCCCNC(=O)NCCOCCOCCNS(=O)(=O)c3cccc([C@@H]4CN(C)Cc5c(Cl)cc(Cl)cc54)c3)c2)C1
1954,CN1N=C(S\C1=N/C(=O)C(F)(F)F)S(=O)(N)=O,"2,2,2-Trifluoro-N-[(2Z)-3-methyl-5-sulfamoyl-1,3,4-thiadiazol-2(3H)-ylidene]acetamide",-2.07,-2.1,0.17,23,196,290.24,0.44,1.89,1.59,1.49,1.53,-0.88,3.4,Cn1nc(S(N)(=O)=O)s/c1=N\C(=O)C(F)(F)F
1955,CN1N=C(S\C1=N/C(C)=O)S(=O)(N)=O,Methazolamide<Neptazane>,-2.27,-2.3,0.29,23,214,236.27,0.44,2.01,1.76,1.85,1.48,-1.42,2.83,CC(=O)/N=c1\sc(S(N)(=O)=O)nn1C
1956,CN1[C@@H]2CC[C@H]1C[C@H](C2)OC(=O)C(CO)c3ccccc3,Atropine<Hyoscyamine>,-2,-2,0.09,25,119,289.38,0.31,1.31,1.63,1.46,2.28,1.93,4.27,CN1[C@@H]2CC[C@H]1C[C@@H](OC(=O)C(CO)c1ccccc1)C2
1957,CN1[C@H]2CC[C@@H]1[C@H]([C@H](C2)OC(=O)c3ccccc3)C(=O)OC,Cocaine,-2.27,-2.27,0.01,25,98,303.36,0,1.36,1.76,1.32,2.3,1.87,4.15,COC(=O)[C@H]1[C@@H](OC(=O)c2ccccc2)C[C@@H]2CC[C@H]1N2C
1958,CN1c2ccc(cc2C(=NC(C1=O)O)c3ccccc3)Cl,Temazepam,-3.45,-3.46,0.54,24,158,300.74,0.17,1.34,1.76,2.24,2.13,2.47,3.49,CN1C(=O)C(O)N=C(c2ccccc2)c2cc(Cl)ccc21
1959,CN1c2ccccc2C(=O)N3[C@H]1c4c(c5ccccc5[nH]4)CC3,Evodiamine,-6.99,-6.99,0.14,25,279,303.36,0.31,1.36,2.71,2.84,2.26,3.31,2.43,CN1c2ccccc2C(=O)N2CCc3c([nH]c4ccccc34)[C@H]21
1960,CN2C(C1=NC(N=C1N(C2=O)C)=O)=O,"1,3-DimethyluricAcid",-2.5,-2.58,0.17,18,203,194.15,0,1.52,1.72,1.54,1.24,-2.54,1.51,Cn1c(=O)c2c(n(C)c1=O)=NC(=O)N=2
1961,CN2C(C1=NC=CN=C1N=C2)=O,3-methyl-4(3H)-pteridinone,-1,-1.05,0.17,20,150,162.15,0,1.22,1.6,1.41,1.12,-0.28,1.36,Cn1cnc2nccnc2c1=O
1962,CN2C1=CC=CC=C1C(C3=C2C=CC=C3)(O)C4=CC=CC=C4,"9,10-dihydro-10-methyl-9-phenyl-9-acridinol",-3.9,-3.9,0.35,25,159,287.36,0.31,1.07,1.95,2.45,2.26,4.05,2.81,CN1c2ccccc2C(O)(c2ccccc2)c2ccccc21
1963,CN2C1=CC=CC=C1C(C=C2)=O,Echinopsine,-0.96,-0.98,0.17,23,152,159.19,0,0.81,1.54,1.4,1.24,1.54,1.47,Cn1ccc(=O)c2ccccc21
1964,CN2C1=CSSC1=C(C2=O)NC(C)=O,Thiolutin,-3.01,-3.04,0.17,23,204,228.3,0.26,1.59,2.45,1.99,1.49,1.57,2.16,CC(=O)Nc1c2sscc-2n(C)c1=O
1965,CN2C1=NC=CN=C1C=NC2=O,1-Methyl-2(1H)-pteridinone,-1.32,-1.37,0.17,20,147,162.15,0,1.12,1.45,1.43,1.12,-0.28,1.36,Cn1c(=O)ncc2nccnc21
1966,CN2C=C1N=CC=NC1=NC2=O,3-Methyl-2(3H)-pteridinone,-0.86,-0.91,0.17,20,157,162.15,0,1.11,1.02,1.44,1.12,-0.28,1.36,Cn1cc2nccnc2nc1=O
1967,CN4CCC(Nc2nc3c(Nc1ccc(F)c(Cl)c1)ncnc3cn2)CC4,Falnidamol,-6.21,-6.24,0.31,23,198,387.84,0.38,1.53,2.33,2.9,2.71,3.46,5,CN1CCC(Nc2ncc3ncnc(Nc4ccc(F)c(Cl)c4)c3n2)CC1
1968,CN5CCC(NC(=O)c4ccc(Nc3nc(Oc2cccc1CCC(=O)c12)c(cn3)C(F)(F)F)c(OC)c4)CC5,BI-4464,-5.86,-5.86,0.75,25,188,555.55,0.45,2.35,3.43,3.03,3.82,4.99,7.61,COc1cc(C(=O)NC2CCN(C)CC2)ccc1Nc1ncc(C(F)(F)F)c(Oc2cccc3c2C(=O)CC3)n1
1969,CNC(=O)C1=C(C=C(C=C1)N2C(=S)N(C(=O)C23CCC3)C4=CC(=C(N=C4)C#N)C(F)(F)F)F,Apalutamide<ERLEADA>,-4.65,-4.68,0.05,23,220,477.43,0.26,2.02,3.64,2.82,3.01,3.53,5.32,CNC(=O)c1ccc(N2C(=S)N(c3cnc(C#N)c(C(F)(F)F)c3)C(=O)C23CCC3)cc1F
1970,CNC(=O)C2=C1C(=NC=N1)N=C[NH]2,N-Methyl-1H-purine-6-carboxamide,-2.34,-2.38,0.17,20,205,177.17,0.39,1.52,1.13,1.55,1.22,-0.34,1.66,CNC(=O)c1[nH]cnc2ncnc1-2
1971,CNC(=O)N(N(CCCl)S(=O)(=O)C)S(=O)(=O)C,Cloretazine<VNP40101M>,-2.71,-2.71,0.06,25,142,307.78,0.16,1.94,2.83,1.35,1.95,-1,5.65,CNC(=O)N(N(CCCl)S(C)(=O)=O)S(C)(=O)=O
1972,CNC(=O)N2c3ccccc3C=Cc1ccccc12,N-Methylcarbamazepine,-2.79,-2.71,0.06,32,143,250.3,0.16,0.94,2.02,2.02,1.95,3.65,2.8,CNC(=O)N1c2ccccc2C=Cc2ccccc21
1973,CNC(=O)c1cc(ccn1)Oc2ccc(c(c2)F)NC(=O)Nc3ccc(c(c3)C(F)(F)F)Cl,Regorafenib,-6.58,-6.61,0.55,23,205,482.82,0.97,1.74,3.31,2.3,3.04,5.69,7.02,CNC(=O)c1cc(Oc2ccc(NC(=O)Nc3ccc(Cl)c(C(F)(F)F)c3)c(F)c2)ccn1
1974,CNC(=O)c1cc(ccn1)Oc2ccc(cc2)NC(=O)Nc3ccc(c(c3)C(F)(F)F)Cl,Sorafenib,-5.62,-5.616,0.55,25,204,464.83,0.97,1.81,3.36,2.43,3.02,5.55,6.84,CNC(=O)c1cc(Oc2ccc(NC(=O)Nc3ccc(Cl)c(C(F)(F)F)c3)cc2)ccn1
1975,CNC(=O)c1ccc(cc1)c2c(nccn2)OC3CN(C3)c4ccc5ccccc5n4,R047cmpd30,-4.07,-4.1,0.39,23,185,411.46,0.26,2.05,3.41,3.64,3.05,3.32,4.91,CNC(=O)c1ccc(-c2nccnc2OC2CN(c3ccc4ccccc4n3)C2)cc1
1976,CNC(=O)c1ccc(cc1F)c2cnc3ncc(n3n2)Cc4ccc5c(c4)cccn5,Capmatinib<TABRECTA>,-5.5,-5.5,0.12,25,197,412.42,0.26,1.83,2.91,3.41,2.92,3.43,4.58,CNC(=O)c1ccc(-c2cnc3ncc(Cc4ccc5ncccc5c4)n3n2)cc1F
1977,CNC(=O)c1ccccc1Sc2ccc3c(c2)[nH]nc3/C=C/c4ccccn4,Axitinib,-5.99,-6.03,0.23,23,226,386.47,0.78,1.68,3.31,3.48,2.88,4.64,5.21,CNC(=O)c1ccccc1Sc1ccc2c(/C=C/c3ccccn3)n[nH]c2c1
1978,CNC1=C(C=C(C=C1)[N+](=O)[O-])[N+](=O)[O-],"N-Methyl-2,4-dinitroaniline",-3.9,-3.99,0.35,18,149,197.15,0.14,0.56,1.83,1.35,1.31,1.54,2.61,CNc1ccc([N+](=O)[O-])cc1[N+](=O)[O-]
1979,CNC1=CC=C(C3=C1C(C2=CC=CC=C2C3=O)=O)NC,"1,4-Bis(methylamino)anthraquinone",-6.86,-6.86,0.95,25,220,266.3,0.16,1.27,2.08,2.35,2.01,2.55,2.79,CNc1ccc(NC)c2c1C(=O)c1ccccc1C2=O
1980,CNC1=NC=NC(=N1)NC,"N,N'-Dimethyl-1,3,5-triazine-2,4-diamine",-1.07,-0.97,0.17,37,169,139.16,0.26,0.94,1.18,1.14,1.07,-0.05,1.99,CNc1ncnc(NC)n1
1981,CNC1CCCN(C1)C2=C(C=C3C(=C2OC)N(C=C(C3=O)C(=O)O)C4CC4)F,Balofloxacin,-3.3,-3.24,0.15,35,120,389.42,0.72,2.03,2.58,2.23,2.79,2.37,4.75,CNC1CCCN(c2c(F)cc3c(=O)c(C(=O)O)cn(C4CC4)c3c2OC)C1
1982,CNC2=C1C(=NC=N1)N=C[NH]2,6-Methylaminopurine,-2.07,-2.1,0.17,20,182,149.16,0.27,1.4,0.43,1.39,1.06,0.35,1.21,CNc1[nH]cnc2ncnc1-2
1983,CNC2=NC1=C[NH]C=NC1=N2,N-Methyl-7H-Purin-8-amine,-1.8,-1.83,0.17,20,188,149.16,0.27,1.4,0.43,1.39,1.06,0.35,1.21,CNc1nc2c[nH]cnc-2n1
1984,CNCC(c1ccc(cc1)O)O,Synephrine,-1.74,-1.74,0.39,25,185,167.21,0.88,1.37,1.17,1.2,1.36,0.64,3.08,CNCC(O)c1ccc(O)cc1
1985,CNCC1=CN(C(=C1)C2=CC=CC=C2F)S(=O)(=O)C3=CN=CC=C3,Vonoprazan<inVOQUEZNA>,-4.78,-4.64,0.53,37,195,345.39,0.13,1.7,2.76,2.15,2.43,2.65,4.46,CNCc1cc(-c2ccccc2F)n(S(=O)(=O)c2cccnc2)c1
1986,CNCCC(c1ccccc1)Oc2ccc(cc2)C(F)(F)F,Fluoxetine,-5.33,-5.34,0.64,23,181,309.33,0.13,0.78,1.19,1.01,2.24,4.44,5.44,CNCCC(Oc1ccc(C(F)(F)F)cc1)c1ccccc1
1987,CNCCC=C1C2=CC=CC=C2COC3=CC=CC=C31,Desmethyldoxepin<Nordoxepin>,-3.71,-3.71,0.04,25,116,265.36,0.13,0.92,1.45,1.73,2.18,3.62,3.84,CNCCC=C1c2ccccc2COc2ccccc21
1988,CNCCCC12c3c(cccc3)C(CC1)c3c2cccc3,Maprotiline,-4.54,-4.54,0.48,25,92,277.41,0.13,0.68,1.27,1.76,2.33,4.21,3.11,CNCCCC12CCC(c3ccccc31)c1ccccc12
1989,CNCCCC1c2ccccc2C=Cc3c1cccc3,Protriptyline,-5.63,-5.65,0.7,23,127,263.38,0.13,0.73,1.34,1.72,2.26,4.3,3.98,CNCCCC1c2ccccc2C=Cc2ccccc21
1990,CNCCCN1c2ccccc2CCc3c1cccc3,Desipramine,-4.01,-4.01,0.1,25,100,266.39,0.13,0.9,1.58,1.8,2.26,3.53,4.03,CNCCCN1c2ccccc2CCc2ccccc21
1991,CNS(=O)(=O)CCc1ccc2c(c1)c(c[nH]2)C3CCN(CC3)C,Naratriptan,-3.24,-3.13,0.18,37,171,335.46,0.68,1.62,2.14,2.11,2.59,2.07,4.75,CNS(=O)(=O)CCc1ccc2[nH]cc(C3CCN(C)CC3)c2c1
1992,CNS(=O)(=O)Cc1ccc2c(c1)c(c[nH]2)CCCN3CCN(CC3)c4c(cncn4)OC,Avitriptan,-4.71,-4.71,0.16,25,174,458.58,0.68,2.53,3.11,3.03,3.41,1.77,6.93,CNS(=O)(=O)Cc1ccc2[nH]cc(CCCN3CCN(c4ncncc4OC)CC3)c2c1
1993,CN[C@@H](C)C(=O)N[C@@H](C1CCN(CC1)C(=O)COCCOCCOCCOCCOc1cc2nccc(Nc3ccc4scnc4c3)c2cc1S(=O)(=O)C(C)(C)C)C(=O)N1CCC[C@H]1c1nc(cs1)C(=O)c1ccc(F)cc1,M117-PROTAC-5(5%DMSO),-5.622,-5.635,0.7,23,177,1131.36088,0.52,5.64,8.43,6.12,8.17,7.13,19.92,CN[C@@H](C)C(=O)N[C@H](C(=O)N1CCC[C@H]1c1nc(C(=O)c2ccc(F)cc2)cs1)C1CCN(C(=O)COCCOCCOCCOCCOc2cc3nccc(Nc4ccc5scnc5c4)c3cc2S(=O)(=O)C(C)(C)C)CC1
1994,CN[C@@H](C)C(=O)N[C@@H](C1CCN(CC1)C(=O)c1ccc(cc1)N1CCN(CCCOc2cc3ncnc(Nc4n[nH]c(C)c4C)c3cc2S(=O)(=O)C(C)(C)C)CC1)C(=O)N1CCC[C@H]1c1nc(cs1)C(=O)c1ccc(F)cc1,M117-PROTAC-13(5%DMSO),-5.901,-5.917,0.76,23,177,1105.351663,1.04,5.7,8.35,6.63,8.13,7.01,16.91,CN[C@@H](C)C(=O)N[C@H](C(=O)N1CCC[C@H]1c1nc(C(=O)c2ccc(F)cc2)cs1)C1CCN(C(=O)c2ccc(N3CCN(CCCOc4cc5ncnc(Nc6n[nH]c(C)c6C)c5cc4S(=O)(=O)C(C)(C)C)CC3)cc2)CC1
1995,CN[C@@H](C)C(=O)N[C@@H](C1CCN(CC1)C(=O)c1ccc(nc1)N1CCN(CCCOc2cc3ncnc(Nc4n[nH]c(C)c4C)c3cc2S(=O)(=O)C(C)(C)C)CC1)C(=O)N1CCC[C@H]1c1nc(cs1)C(=O)c1ccc(F)cc1,M117-PROTAC-15(5%DMSO),-5.647,-5.662,0.71,23,177,1106.339723,1.04,5.88,8.41,6.7,8.12,6.41,16.86,CN[C@@H](C)C(=O)N[C@H](C(=O)N1CCC[C@H]1c1nc(C(=O)c2ccc(F)cc2)cs1)C1CCN(C(=O)c2ccc(N3CCN(CCCOc4cc5ncnc(Nc6n[nH]c(C)c6C)c5cc4S(=O)(=O)C(C)(C)C)CC3)nc2)CC1
1996,CN[C@@H](C)C(=O)N[C@@H](C1CCN(CC1)C(=O)c1cnc(cn1)N1CCN(CCCOc2cc3ncnc(Nc4n[nH]c(C)c4C)c3cc2S(=O)(=O)C(C)(C)C)CC1)C(=O)N1CCC[C@H]1c1nc(cs1)C(=O)c1ccc(F)cc1,M117-PROTAC-17(5%DMSO),-5.618,-5.633,0.7,23,177,1107.327783,1.04,5.98,8.41,6.72,8.08,5.8,16.8,CN[C@@H](C)C(=O)N[C@H](C(=O)N1CCC[C@H]1c1nc(C(=O)c2ccc(F)cc2)cs1)C1CCN(C(=O)c2cnc(N3CCN(CCCOc4cc5ncnc(Nc6n[nH]c(C)c6C)c5cc4S(=O)(=O)C(C)(C)C)CC3)cn2)CC1
1997,CN[C@@H](C)C(=O)N[C@@H](C1CCN(CC1)C(=O)c1cnc(cn1)N1CCN(CCOc2cc3ncnc(Nc4n[nH]c(C)c4C)c3cc2S(=O)(=O)C(C)(C)C)CC1)C(=O)N1CCC[C@H]1c1nc(cs1)C(=O)c1ccc(F)cc1,M117-PROTAC-16(5%DMSO),-5.434,-5.45,0.66,23,177,1093.301203,1.04,5.98,8.4,6.72,7.93,5.41,16.29,CN[C@@H](C)C(=O)N[C@H](C(=O)N1CCC[C@H]1c1nc(C(=O)c2ccc(F)cc2)cs1)C1CCN(C(=O)c2cnc(N3CCN(CCOc4cc5ncnc(Nc6n[nH]c(C)c6C)c5cc4S(=O)(=O)C(C)(C)C)CC3)cn2)CC1
1998,CN[C@@H](C)C(=O)N[C@@H](C1CCN(CC1)C(=O)c1cnc(nc1)N1CCC(CCCOc2cc3ncnc(Nc4n[nH]c(C)c4C)c3cc2S(=O)(=O)C(C)(C)C)CC1)C(=O)N1CCC[C@H]1c1nc(cs1)C(=O)c1ccc(F)cc1,M117-PROTAC-10(5%DMSO),-6.715,-6.732,0.92,23,177,1106.339723,1.04,5.51,8.25,6.58,8.12,7.29,16.83,CN[C@@H](C)C(=O)N[C@H](C(=O)N1CCC[C@H]1c1nc(C(=O)c2ccc(F)cc2)cs1)C1CCN(C(=O)c2cnc(N3CCC(CCCOc4cc5ncnc(Nc6n[nH]c(C)c6C)c5cc4S(=O)(=O)C(C)(C)C)CC3)nc2)CC1
1999,CN[C@@H](C)C(=O)N[C@@H](C1CCN(CC1)C(=O)c1cnc(nc1)N1CCC(CCOc2cc3ncnc(Nc4n[nH]c(C)c4C)c3cc2S(=O)(=O)C(C)(C)C)CC1)C(=O)N1CCC[C@H]1c1nc(cs1)C(=O)c1ccc(F)cc1,M117-PROTAC-9(5%DMSO),-6.328,-6.347,0.84,23,177,1092.313143,1.04,5.51,8.25,6.58,7.98,6.9,16.32,CN[C@@H](C)C(=O)N[C@H](C(=O)N1CCC[C@H]1c1nc(C(=O)c2ccc(F)cc2)cs1)C1CCN(C(=O)c2cnc(N3CCC(CCOc4cc5ncnc(Nc6n[nH]c(C)c6C)c5cc4S(=O)(=O)C(C)(C)C)CC3)nc2)CC1
2000,CN[C@@H](C)C(=O)N[C@@H](C1CCN(CC1)C(=O)c1cnc(nc1)N1CCC(COc2cc3ncnc(Nc4n[nH]c(C)c4C)c3cc2S(=O)(=O)C(C)(C)C)CC1)C(=O)N1CCC[C@H]1c1nc(cs1)C(=O)c1ccc(F)cc1,M117-PROTAC-8(5%DMSO),-6.148,-6.168,0.81,23,177,1078.286,1.04,5.5,8.24,6.58,7.83,6.51,15.8,CN[C@@H](C)C(=O)N[C@H](C(=O)N1CCC[C@H]1c1nc(C(=O)c2ccc(F)cc2)cs1)C1CCN(C(=O)c2cnc(N3CCC(COc4cc5ncnc(Nc6n[nH]c(C)c6C)c5cc4S(=O)(=O)C(C)(C)C)CC3)nc2)CC1
2001,CN[C@@H](C)C(=O)N[C@@H](C1CCN(CC1)C(=O)c1cnc(nc1)N1CCN(CCCOc2cc3ncnc(Nc4n[nH]c(C)c4C)c3cc2S(=O)(=O)C(C)(C)C)CC1)C(=O)N1CCC[C@H]1c1nc(cs1)C(=O)c1ccc(F)cc1,M117-PROTAC-12(5%DMSO),-5.683,-5.699,0.71,23,177,1107.327783,1.04,5.97,8.44,6.74,8.08,5.8,16.8,CN[C@@H](C)C(=O)N[C@H](C(=O)N1CCC[C@H]1c1nc(C(=O)c2ccc(F)cc2)cs1)C1CCN(C(=O)c2cnc(N3CCN(CCCOc4cc5ncnc(Nc6n[nH]c(C)c6C)c5cc4S(=O)(=O)C(C)(C)C)CC3)nc2)CC1
2002,CN[C@@H](C)C(=O)N[C@H](C(=O)N1C[C@H](C[C@H]1C(=O)N[C@@H]1CCCc2ccccc12)NC(=O)c1cnc(cn1)N1CCN(CCCOc2cc3ncnc(Nc4n[nH]c(C)c4C)c3cc2S(=O)(=O)C(C)(C)C)CC1)C(C)(C)C,M117-PROTAC-18(5%DMSO),-5.867,-5.871,0.75,23,177,1063.31996,1.57,5.98,8.1,6.22,8.09,4.7,16.65,CN[C@@H](C)C(=O)N[C@H](C(=O)N1C[C@@H](NC(=O)c2cnc(N3CCN(CCCOc4cc5ncnc(Nc6n[nH]c(C)c6C)c5cc4S(=O)(=O)C(C)(C)C)CC3)cn2)C[C@H]1C(=O)N[C@@H]1CCCc2ccccc21)C(C)(C)C
2003,CN[C@@H](C)C(=O)N[C@H](C(=O)N1Cc2cc(OCCOCCOCCOCCOc3cc4nccc(Nc5ccc6scnc6c5)c4cc3S(=O)(=O)C(C)(C)C)ccc2C[C@H]1C(=O)N[C@@H]1CCCc2ccccc12)C(C)(C)C,M117-PROTAC-3(5%DMSO),-6.796,-6.804,0.94,23,172,1092.37112,0.77,5.14,7.58,5.95,8.25,8.25,18.54,CN[C@@H](C)C(=O)N[C@H](C(=O)N1Cc2cc(OCCOCCOCCOCCOc3cc4nccc(Nc5ccc6scnc6c5)c4cc3S(=O)(=O)C(C)(C)C)ccc2C[C@H]1C(=O)N[C@@H]1CCCc2ccccc21)C(C)(C)C
2004,CN[C@@H](C)C(=O)N[C@H](C(=O)N1Cc2cc(OCCOCCOCCOCCOc3cc4ncnc(Nc5n[nH]c(C)c5C)c4cc3S(=O)(=O)C(C)(C)C)ccc2C[C@H]1C(=O)N[C@@H]1CCCc2ccccc12)C(C)(C)C,M117-PROTAC-6(5%DMSO),-5.441,-5.44,0.66,23,168,1054.3033,1.3,5.15,7.18,5.42,8.06,6.38,18.58,CN[C@@H](C)C(=O)N[C@H](C(=O)N1Cc2cc(OCCOCCOCCOCCOc3cc4ncnc(Nc5n[nH]c(C)c5C)c4cc3S(=O)(=O)C(C)(C)C)ccc2C[C@H]1C(=O)N[C@@H]1CCCc2ccccc21)C(C)(C)C
2005,CN[C@@H](CC(C)C)C(=O)O,N-Methyl-L-Leucine,-0.51,-0.51,0.17,25,87,145.2,0.71,0.87,0.78,0.34,1.27,0.71,4.04,CN[C@@H](CC(C)C)C(=O)O
2006,CN[C@@H](CC1=CC=C(C=C1)O)C(=O)O,N-Methyl-L-Tyrosine,-2.08,-2.13,0.17,20,293,195.22,1.2,1.19,1.45,1.13,1.51,0.61,3.47,CN[C@@H](Cc1ccc(O)cc1)C(=O)O
2007,CN[C@@H](CCCC)C(=O)O,N-Methyl-Norleucine,-0.14,-0.15,0.17,13,77,145.2,0.71,0.84,0.79,0.33,1.27,0.85,4.93,CCCC[C@H](NC)C(=O)O
2008,CN[C@H]1CC[C@H](c2c1cccc2)c3ccc(c(c3)Cl)Cl,Sertraline,-4.83,-4.83,0.21,25,119,306.23,0.13,0.67,1.44,1.83,2.26,5.18,4.02,CN[C@H]1CC[C@@H](c2ccc(Cl)c(Cl)c2)c2ccccc21
2009,COC(=O)/C=C/C(=O)OC,Dimethylfumarate,-2.3,-2.29,0.17,27,104,144.13,0,0.76,1.08,0.28,1.06,-0.11,3.95,COC(=O)/C=C/C(=O)OC
2010,COC(=O)C(=O)OC,Dimethyloxalate,0.17,0.17,0.17,27,54,118.09,0,0.69,0.97,0.13,0.82,-0.67,2.61,COC(=O)C(=O)OC
2011,COC(=O)C1CCCN1C(=O)COC(=O)C2=CC=CC=C2,N-[(Benzoyloxy)acetyl]-L-ProlineMethyl,-2.07,-2.08,0.17,22,73,291.3,0,1.41,2.41,1.24,2.14,1.01,4.92,COC(=O)C1CCCN1C(=O)COC(=O)c1ccccc1
2012,COC(=O)CC1CC(NC1=O)COc1ccc(cc1)c1ccc(cc1)C(N)=NC(OC)=O,Lefradafiban<BIbutyl-104XX>,-5.41,-5.32,0.15,37,166,439.47,0.48,2.39,2.87,2.6,3.25,2.27,7.43,COC(=O)CC1CC(COc2ccc(-c3ccc(C(N)=NC(=O)OC)cc3)cc2)NC1=O
2013,COC(=O)CS(=O)(=O)C1=CC=C(C=C1)Cl,Methyl(4-chloro-phenyl)sulfonylacetate,-2.38,-2.38,0.17,25,85,248.69,0,0.97,2.06,0.89,1.62,1.29,3.7,COC(=O)CS(=O)(=O)c1ccc(Cl)cc1
2014,COC(=O)C[C@@H]1N=C(C2=CC=C(Cl)C=C2)C2=C(SC(C(=O)NCCCCCNC3=CC=CC4=C3C(=O)N(C3CCC(=O)NC3=O)C4=O)=C2C)N2C(C)=NN=C12,ZXH-3-26,-5.67,-5.67,0.01,25,179,785.27,0.67,3.65,5.41,5.22,5.47,4.47,10.62,COC(=O)C[C@@H]1N=C(c2ccc(Cl)cc2)c2c(sc(C(=O)NCCCCCNc3cccc4c3C(=O)N(C3CCC(=O)NC3=O)C4=O)c2C)-n2c(C)nnc21
2015,COC(=O)N1C=C(F)C(=O)NC1=O,1-(Methoxycarbonyl)-5-fluorouracil,-0.86,-0.91,0.17,22,160,188.11,0.24,1.04,1.61,0.88,1.13,-0.71,2.26,COC(=O)n1cc(F)c(=O)[nH]c1=O
2016,COC(=O)N1CCC(CC1)c2c(nccn2)OC3CN(C3)c4ccc5ccccc5n4,R047cmpd45,-3.85,-3.87,0.34,23,167,419.48,0,2,2.87,2.99,3.09,3.24,5.28,COC(=O)N1CCC(c2nccnc2OC2CN(c3ccc4ccccc4n3)C2)CC1
2017,COC(=O)NC1=C(N=C(N=C1N)C2=NN(C3=C2C=C(C=N3)F)CC4=CC=CC=C4F)N,Vericiguat<BAY-1021189><MK-1242><VERQUVO>,-5.88,-5.65,0.07,37,205,426.38,0.84,1.97,3.55,3.79,2.83,2.56,5.03,COC(=O)Nc1c(N)nc(-c2nn(Cc3ccccc3F)c3ncc(F)cc23)nc1N
2018,COC(=O)NC1=NC2=C(N1)C=C(C=C2)SC3=CC=CC=C3,Fenbendazole,-5.67,-5.67,0.11,25,233,299.35,0.71,1.2,2.41,2.58,2.13,3.89,3.78,COC(=O)Nc1nc2ccc(Sc3ccccc3)cc2[nH]1
2019,COC(=O)Nc1[nH]c2ccc(cc2n1)C(=O)c3ccc(cc3)F,Flubendazole,-4.74,-4.74,0.17,25,260,313.28,0.71,1.39,2.73,2.37,2.14,3.11,3.76,COC(=O)Nc1nc2cc(C(=O)c3ccc(F)cc3)ccc2[nH]1
2020,COC(=O)Nc1[nH]c2ccc(cc2n1)S(=O)c3ccccc3,Oxfendazole,-4.76,-4.76,0.53,25,253,315.35,0.71,1.76,3.46,2.76,2.19,2.91,3.88,COC(=O)Nc1nc2cc([S+]([O-])c3ccccc3)ccc2[nH]1
2021,COC(=O)OCOC1=C2C(=O)N3CCOC[C@H]3N(N2C=CC1=O)[C@H]4C5=C(CSC6=CC=CC=C46)C(=C(C=C5)F)F,BaloxavirMarboxil<XOFLUZA>,-4.53,-4.58,0.02,20,229,571.55,0,3.28,4.03,3.47,3.7,3.39,6.84,COC(=O)OCOc1c2n(ccc1=O)N([C@@H]1c3ccccc3SCc3c1ccc(F)c3F)[C@@H]1COCCN1C2=O
2022,COC(=O)c1ccc(cc1)N,Methyl4-AminobenzoicAcid,-1.97,-1.97,0.12,25,112,151.16,0.23,0.76,1.42,0.95,1.17,1.06,2.11,COC(=O)c1ccc(N)cc1
2023,COC(=O)n1c2ccc(cc2nc1NC(=O)OC)C(=O)c3ccccc3,Methyl5-Benzoyl-2-[(methoxycarbonyl)amino]-1H-benzimidazole-1-carboxylate,-4.67,-4.72,0.51,21,157,353.33,0.37,1.69,3.08,2.52,2.48,3.06,4.66,COC(=O)Nc1nc2cc(C(=O)c3ccccc3)ccc2n1C(=O)OC
2024,COC(C1=CC=C(C(=O)OC)C=C1)=O,Dimethylterephthalate,-4.01,-4.01,0.37,25,141,194.19,0,0.78,1.38,0.73,1.43,1.26,3.23,COC(=O)c1ccc(C(=O)OC)cc1
2025,COC1(COC(CO1)(C)OC)C,"2,5-Dimethoxy-2,5-dimethyl-1,4-dioxane",-1.25,-1.25,0.17,23,71,176.21,0,0.94,0.77,0.33,1.36,0.76,2.73,COC1(C)COC(C)(OC)CO1
2026,COC1=C(C(=CC(=C1)C=O)OC)OC,"3,4,5-Trimethoxybenzaldehyde",-2.12,-2.12,0.17,25,100,196.2,0,1.04,2.08,1,1.47,1.52,3.33,COc1cc(C=O)cc(OC)c1OC
2027,COC1=C(C(=CC=C1)OC)O,"Syringol<2,6-Dimethoxyphenol>",-0.89,-0.95,0.17,13,57,154.16,0.16,0.56,1.03,0.77,1.17,1.41,2.2,COc1cccc(OC)c1O
2028,COC1=C(C(N(C)C=C1)=O)C#N,Ricidine,-1.63,-1.78,0.17,10,202,164.16,0,1.18,1.95,1.03,1.23,0.27,2.15,COc1ccn(C)c(=O)c1C#N
2029,COC1=C(C=C(C=C1)OC)[N+](=O)[O-],"1,4-Dimethoxy-2-nitrobenzene",-3.1,-3.12,0.19,23,73,183.16,0,0.63,1.49,0.96,1.29,1.61,2.69,COc1ccc(OC)c([N+](=O)[O-])c1
2030,COC1=C(C=C2C(=C1)N=CC(=N2)NC3CCC(CC3)O)OC,RPR-127963,-4.25,-4.25,0.07,25,121,303.36,0.34,1.53,2.24,2.15,2.3,2.36,4.29,COc1cc2ncc(NC3CCC(O)CC3)nc2cc1OC
2031,COC1=C(C=C2C(=C1)N=CN=C2NC3=CC(=C(C=C3)F)Cl)NC(=O)/C=C/CN4CCCCC4,Dacomitinib<VIZIMPRO>,-7.29,-7.32,0.27,23,185,469.94,0.68,1.99,3.1,3.17,3.38,5.16,7.36,COc1cc2ncnc(Nc3ccc(F)c(Cl)c3)c2cc1NC(=O)/C=C/CN1CCCCC1
2032,COC1=C(C=CC(=C1)C2=CC(=C(N)C=C2)OC)N,"3,3'-Dimethoxybenzidine",-3.61,-3.61,0.29,25,137,244.29,0.48,1.19,2.04,2.18,1.92,2.54,3.28,COc1cc(-c2ccc(N)c(OC)c2)ccc1N
2033,COC1=C(C=CC(=C1)C=O)OC,"Veratraldehyde<3,4-Dimethoxybenzaldehyde>",-1.42,-1.42,0.17,25,43,166.18,0,0.87,1.79,0.95,1.27,1.52,2.69,COc1ccc(C=O)cc1OC
2034,COC1=C(C=O)C=C(C=C1)OC,"2,5-Dimethoxybenzaldehyde",-2.32,-2.32,0.17,25,52,166.18,0,0.82,1.41,0.95,1.27,1.52,2.69,COc1ccc(OC)c(C=O)c1
2035,COC1=C(N)C=C(C=C1)[N+](=O)[O-],2-Methoxy-5-nitroaniline,-3.14,-3.17,0.2,23,118,168.15,0.31,0.7,1.7,1.22,1.19,1.19,2.14,COc1ccc([N+](=O)[O-])cc1N
2036,COC1=C(OCC(CO)O)C=CC=C1,Guaifenesin,-0.6,-0.6,0.25,25,79,198.22,0.5,1.21,1.8,1.12,1.51,0.43,4.23,COc1ccccc1OCC(O)CO
2037,COC1=CC(=C(C=C1)N)[N+](=O)[O-],4-Methoxy-2-nitroaniline,-3.15,-3.15,0.2,25,124,168.15,0.18,0.69,1.57,1.23,1.19,1.19,2.14,COc1ccc(N)c([N+](=O)[O-])c1
2038,COC1=CC(C2=CN(C)C(=O)C3=CN=CC=C23)=CC(OC)=C1CN1CCN(CCCCCOC2=CC(C3=C(C)N=CS3)=CC=C2CNC(=O)[C@@H]2C[C@@H](O)CN2C(=O)[C@@H](NC(=O)C2(F)CC2)C(C)(C)C)CC1,VZ185,-5.8,-5.8,0.01,25,174,995.21,0.74,5.31,6.84,5.59,7.47,6.03,15.79,COc1cc(-c2cn(C)c(=O)c3cnccc23)cc(OC)c1CN1CCN(CCCCCOc2cc(-c3scnc3C)ccc2CNC(=O)[C@@H]2C[C@@H](O)CN2C(=O)[C@@H](NC(=O)C2(F)CC2)C(C)(C)C)CC1
2039,COC1=CC2=NC=NC(NC3=CC=C(F)C(Cl)=C3)=C2C=C1OCCCCCOCCOCCC(=O)N[C@H](C(=O)N1C[C@H](O)C[C@H]1C(=O)NCC1=CC=C(C2=C(C)N=CS2)C=C1)C(C)(C)C,Gefitinib-basedPROTAC3,-5.91,-5.91,0.01,25,166,934.51,0.99,4.21,6.79,5.3,6.86,7.39,17.43,COc1cc2ncnc(Nc3ccc(F)c(Cl)c3)c2cc1OCCCCCOCCOCCC(=O)N[C@H](C(=O)N1C[C@H](O)C[C@H]1C(=O)NCc1ccc(-c2scnc2C)cc1)C(C)(C)C
2040,COC1=CC=C(C=C1)NC(=O)N,1-(4-Methoxyphenyl)urea,-1.55,-1.59,0.17,21,154,166.18,0.75,0.98,1.64,1.17,1.27,1.19,2.52,COc1ccc(NC(N)=O)cc1
2041,COC1=CC=C(C=C1)NCC(CO)O,"3-p-Anisidino-propane-1,2-diol",-0.28,-0.29,0.17,23,120,197.23,0.6,1.29,1.52,1.27,1.56,0.46,4.23,COc1ccc(NCC(O)CO)cc1
2042,COC1=CC=C(C=C1)S(=O)(=O)C2=COC(=C2)S(=O)(=O)N,4-[(4-Methoxyphenyl)sulfonyl-2-furansulfonamide,-3.02,-3.02,0.17,25,118,317.34,0.44,1.68,2.85,1.68,2.01,0.77,3.59,COc1ccc(S(=O)(=O)c2coc(S(N)(=O)=O)c2)cc1
2043,COC1=NSC(=N1)N,"3-Methoxy-1,2,4-thiadiazol-5-amine",-1.18,-1.24,0.17,20,168,131.16,0.23,0.66,1.37,1.14,0.86,0.13,1.29,COc1nsc(N)n1
2044,COC2=C(C1=C(N=CC=N1)C=C2OC)N,"6,7-Dimethoxy-5-quinoxalinamine",-1.67,-1.71,0.17,22,183,205.22,0.24,1.24,2.08,1.8,1.5,1.23,2.29,COc1cc2nccnc2c(N)c1OC
2045,COC2=C(C=C(C(=O)C1=CC(=CC=C1)C)C=C2)C,"4-Methoxy-3,3'-dimethylbenzophenone",-5.04,-5.08,0.58,20,62,240.3,0,0.72,1.57,1.48,1.96,3.54,3.47,COc1ccc(C(=O)c2cccc(C)c2)cc1C
2046,COC2=CC(=C1N=CC=CC1=C2)NC(C3=CN=CC=C3)=O,N-(6-methoxy-8-quinolyl)nicotinamide,-4.45,-4.45,0.46,25,188,279.3,0.41,1.54,2.55,2.32,2.07,2.89,3.47,COc1cc(NC(=O)c2cccnc2)c2ncccc2c1
2047,COC2=CC1=C(C=CC(O1)=O)C=C2,Herniarin,-3.11,-3.12,0.19,23,103,176.17,0,0.64,1.25,1.08,1.26,1.8,1.78,COc1ccc2ccc(=O)oc2c1
2048,COC2=CC=C(C(=O)C1=COC(=C1)[S](=O)(=O)N)C=C2,4-(4-Methoxybenzoyl)-2-furansulfonamide,-4.15,-4.15,0.4,25,181,281.29,0.44,1.52,2.42,1.81,1.88,1.17,3.41,COc1ccc(C(=O)c2coc(S(N)(=O)=O)c2)cc1
2049,COC2=CC=C(C(=O)C1=CSC(=C1)[S](=O)(=O)N)C=C2,4-(4-Methoxy-benzoyl)-2-thiophenesulfonamide,-4.47,-4.47,0.47,25,174,297.36,0.44,1.42,2.46,1.97,1.99,1.64,3.7,COc1ccc(C(=O)c2csc(S(N)(=O)=O)c2)cc1
2050,COC2=NC1=NC=NC1=C[NH]2,1H-2-Methoxy-purine,-1.45,-1.48,0.17,20,164,150.14,0.13,1.17,0.41,1.28,1.02,0.31,1.21,COc1nc2ncnc-2c[nH]1
2051,COCC1=CC=C(O1)C=O,5-(Methoxymethyl)-2-furancarboxaldehyde,-0.47,-0.5,0.17,20,56,140.14,0,0.66,1.16,0.66,1.03,1.24,2.23,COCc1ccc(C=O)o1
2052,COCC1CCN(CC1)c2c(nccn2)OC3CN(C3)c4ccc5ccccc5n4,R047cmpd19,-4.27,-4.29,0.43,23,156,405.49,0,1.86,2.53,2.97,3.08,3.16,5.36,COCC1CCN(c2nccnc2OC2CN(c3ccc4ccccc4n3)C2)CC1
2053,COCCCNC(/C=C/c1cccnc1)=C\C(=O)/C=C/c2cccnc2,Curcuminanalog5d,-2.72,-2.65,0.17,37,133,349.43,0.13,1.97,2.46,2.07,2.84,3.28,8.52,COCCCNC(=C\C(=O)/C=C/c1cccnc1)/C=C/c1cccnc1
2054,COCCN(CCOC)C(=O)COC(=O)C1=CC=CC=C1,"2-(Benzoyloxy)-N,N-bis(2-methoxyethyl)acetamide",-0.57,-0.57,0.17,22,58,295.33,0,1.5,2.25,1.04,2.29,0.96,8.08,COCCN(CCOC)C(=O)COC(=O)c1ccccc1
2055,COCCNC(/C=C/c1cccnc1)=C\C(=O)/C=C/c2cccnc2,Curcuminanalog5c,-2.73,-2.65,0.17,37,134,335.4,0.15,1.96,2.47,2.05,2.7,2.89,7.81,COCCNC(=C\C(=O)/C=C/c1cccnc1)/C=C/c1cccnc1
2056,CON=C(C=NO)C,Dimethylglyoxime,-2.25,-2.29,0.17,20,246,116.12,0.31,0.81,0.41,0.61,0.9,0.47,3.57,CON=C(C)C=NO
2057,CONC(=O)c3cc(Nc1ncnn2cc(c(C)c12)C(=O)NCC)c(C)cc3,BMS-480188,-4.25,-4.26,0.19,24,188,382.42,0.64,2.23,2.94,2.64,2.85,2.13,5.55,CCNC(=O)c1cn2ncnc(Nc3cc(C(=O)NOC)ccc3C)c2c1C
2058,COP(=S)(OC)Oc1cc(c(cc1Cl)Br)Cl,Bromofos,-6.08,-6.09,0.79,23,54,366,0,0.77,1.39,1.73,1.96,4.65,5.53,COP(=S)(OC)Oc1cc(Cl)c(Br)cc1Cl
2059,COP(=S)(OC)Oc1cc(c(cc1Cl)Cl)Cl,Fenclofos,-5.71,-5.72,0.72,23,38,321.55,0,0.77,1.31,1.55,1.91,4.54,5.33,COP(=S)(OC)Oc1cc(Cl)c(Cl)cc1Cl
2060,COP(=S)(OC)Oc1cc(c(cc1Cl)I)Cl,Iodofenphos,-6.6,-6.62,0.9,23,73,413,0,0.79,1.45,2.04,2.05,4.49,5.78,COP(=S)(OC)Oc1cc(Cl)c(I)cc1Cl
2061,CO[C@@H]1[C@@H]([C@H]([C@@H]([C@H](O1)CO)O)O)O,?-D-methylglucoside,0.42,0.42,0.01,26,168,194.18,1,1.83,1.5,1.19,1.34,-2.57,3.6,CO[C@H]1O[C@H](CO)[C@@H](O)[C@H](O)[C@H]1O
2062,CO[C@@]1([C@@H]2N(C1=O)C(=C(CS2)COC(=O)N)C(=O)O)NC(=O)Cc3cccs3,Cefoxitin,-2.97,-2.97,0.12,25,185,427.45,1.29,2.65,3.74,2.64,2.77,0.1,5.63,CO[C@@]1(NC(=O)Cc2cccs2)C(=O)N2C(C(=O)O)=C(COC(N)=O)CS[C@@H]21
2063,COc1c(cc(c2c1oc(cc2=O)c3ccccc3)O)O,Wogonin,-4.91,-4.94,0.01,23,204,284.26,0.57,0.99,2.13,2.11,1.99,2.88,3.02,COc1c(O)cc(O)c2c(=O)cc(-c3ccccc3)oc12
2064,COc1c(cc2c(c1O)c(=O)cc(o2)c3ccccc3)O,OroxylinA,-5.26,-5.29,0.11,23,215,284.26,0.46,0.93,2.11,2.08,1.99,2.88,3.02,COc1c(O)cc2oc(-c3ccccc3)cc(=O)c2c1O
2065,COc1c(ccc2c1N=C(N3C2=NCC3)NC(=O)c4cnc(nc4)N)OCCCN5CCOCC5,Copanlisib<ALIQOPA>,-5.29,-5.29,0.1,25,200,480.52,0.61,3.21,3.55,3.34,3.45,0.66,6.73,COc1c(OCCCN2CCOCC2)ccc2c1N=C(NC(=O)c1cnc(N)nc1)N1CCN=C21
2066,COc1c(ncnc1OC)NS(=O)(=O)c2ccc(cc2)N,Sulfadoxine,-3.13,-3.17,0.2,23,192,310.33,0.6,1.81,3.14,2.23,2.12,0.88,4.12,COc1ncnc(NS(=O)(=O)c2ccc(N)cc2)c1OC
2067,COc1c2c[n+]3c(cc2ccc1OC)c4cc5OCOc5cc4CC3,Berberine(+).Cl,-2.39,-2.39,0.04,25,175,336.36,0,1.09,2.25,2.52,2.4,3.1,3.04,COc1ccc2cc3[n+](cc2c1OC)CCc1cc2c(cc1-3)OCO2
2068,COc1c2ccc(=O)oc2cc3c1cco3,Bergapten<5-Methoxypsoralen>,-4.64,-4.64,0.5,25,188,216.19,0,0.74,1.45,1.58,1.45,2.55,1.77,COc1c2ccoc2cc2oc(=O)ccc12
2069,COc1cc(c(cc1C(=O)CCC2CCN(CC2)CC3CCCCC3)Cl)N,Donecopride<MR31147>,-6.24,-6.25,0.91,23,140,392.96,0.23,1.41,2.09,1.86,3.15,5.19,7.42,COc1cc(N)c(Cl)cc1C(=O)CCC1CCN(CC2CCCCC2)CC1
2070,COc1cc(cc(OC)c1O)[C@@H]2c4cc5OCOc5c(O)c4C[C@H]3COC(=O)[C@H]23,?-Peltatin,-4.05,-4.13,0.38,20,236,400.38,0.44,1.63,3.09,2.43,2.69,2.32,3.91,COc1cc([C@@H]2c3cc4c(c(O)c3C[C@H]3COC(=O)[C@@H]32)OCO4)cc(OC)c1O
2071,COc1cc(cc(OC)c1OC)[C@@H]2c4cc5OCOc5c(O)c4C[C@H]3COC(=O)[C@H]23,?-Peltatin,-4.48,-4.5,0.47,23,234,414.41,0.27,1.82,3.65,2.41,2.83,2.62,4.31,COc1cc([C@@H]2c3cc4c(c(O)c3C[C@H]3COC(=O)[C@@H]32)OCO4)cc(OC)c1OC
2072,COc1cc(cc(c1)OC)/C=C/c2ccc(cc2)O,Pterostilbene,-4.07,-4.09,0.39,23,88,256.3,0.5,0.92,1.59,1.64,2.02,3.58,4.08,COc1cc(/C=C/c2ccc(O)cc2)cc(OC)c1
2073,COc1cc(cc(c1OC)OC)C(=O)OCCCN2CCCN(CC2)CCCOC(=O)c3cc(c(c(c3)OC)OC)OC,Dilazep,-3.49,-3.49,0.03,25,125,604.69,0,3.13,4.17,2.18,4.59,3.54,13.49,COc1cc(C(=O)OCCCN2CCCN(CCCOC(=O)c3cc(OC)c(OC)c(OC)c3)CC2)cc(OC)c1OC
2074,COc1cc(ccc1O)/C=C/C(=O)O,FerulicAcid,-2.49,-2.49,0.07,25,169,194.18,0.85,0.87,1.46,1.11,1.43,1.5,3.12,COc1cc(/C=C/C(=O)O)ccc1O
2075,COc1cc(ccc1O)C(=O)O,VanillicAcid,-2.04,-2.04,0.08,25,214,168.15,0.78,0.8,1.35,0.96,1.19,1.1,2.19,COc1cc(C(=O)O)ccc1O
2076,COc1cc(ccc1O)[C@@H]2[C@H](Oc3ccc(cc3O2)[C@@H]4[C@H](C(=O)c5c(cc(cc5O4)O)O)O)CO,Silybin<Silibinin>,-3.95,-3.95,0.06,25,174,482.44,1.39,2.58,3.57,3.57,3.25,2.36,5.54,COc1cc([C@H]2Oc3cc([C@H]4Oc5cc(O)cc(O)c5C(=O)[C@@H]4O)ccc3O[C@@H]2CO)ccc1O
2077,COc1cc(ccc1OC)C(CCCN(C)CCc2ccc(OC)c(OC)c2)C(C)C,Acyanoverapamil,-4.44,-4.44,0.46,22,105,429.59,0,1.7,2.49,1.6,3.63,5.42,9.99,COc1ccc(CCN(C)CCCC(c2ccc(OC)c(OC)c2)C(C)C)cc1OC
2078,COc1cc(ccc1OC)c1c(=O)c2ccc(c(c2oc1C(F)(F)F)CN1CCN(CC1)C)O,O026cmpd4(0.5%DMSO),-4.52,-4.53,0.48,23,167,478.4609,0.66,2.34,2.81,2.3,3.26,3.95,6.46,COc1ccc(-c2c(C(F)(F)F)oc3c(CN4CCN(C)CC4)c(O)ccc3c2=O)cc1OC
2079,COc1cc2c(cc1C(=O)N)c(ccn2)Oc3ccc(c(c3)Cl)NC(=O)NC4CC4,Lenvatinib,-6.53,-6.53,0.05,25,218,426.85,1,2.13,3.61,3.23,2.96,4.07,5.33,COc1cc2nccc(Oc3ccc(NC(=O)NC4CC4)c(Cl)c3)c2cc1C(N)=O
2080,COc1cc2c(cc1OC)N3[C@@H]4[C@]25CCN6[C@H]5C[C@@H]7[C@H]4[C@H](CC3=O)OCC=C7C6,Brucine,-2.72,-2.72,0.03,25,178,394.464,0,2.08,2.61,2.75,2.81,2.11,3.08,COc1cc2c(cc1OC)[C@@]13CCN4CC5=CCO[C@H]6CC(=O)N2[C@H]1[C@H]6[C@H]5C[C@H]43
2081,COc1cc2c(ccnc2cc1OC)Oc3ccc(cc3)NC(=O)C4(CC4)C(=O)Nc5ccc(cc5)F,Cabozantinib(chloride),-6.06,-6.062,0.09,25,201,501.51,0.87,2.41,4.35,3.43,3.56,5.54,6.35,COc1cc2nccc(Oc3ccc(NC(=O)C4(C(=O)Nc5ccc(F)cc5)CC4)cc3)c2cc1OC
2082,COc1ccc(Nc2nccc(-c3c[nH]nc3-c3cccnc3)n2)cc1,RK-59638,-5.16,-5.19,0.61,23,187,344.37,0.65,1.66,2.99,3.39,2.54,3.68,4.26,COc1ccc(Nc2nccc(-c3c[nH]nc3-c3cccnc3)n2)cc1
2083,COc1ccc(c2sc(nc12)NC(=O)c4ccnc(CN3CCCC3)c4)N5CCOCC5,Ro0728617,-3.85,-3.87,0.34,23,217,453.56,0.41,2.4,3.28,3.26,3.3,3.38,6.2,COc1ccc(N2CCOCC2)c2sc(NC(=O)c3ccnc(CN4CCCC4)c3)nc12
2084,COc1ccc(cc1)B(O)O,4-MethoxybenzeneboronicAcid,-1.51,-1.51,0.11,25,205,151.96,0.63,0.89,1.23,0.94,1.17,-0.63,2.51,COc1ccc(B(O)O)cc1
2085,COc1ccc(cc1)C(=O)O,p-AnisicAcid<4-MethoxybenzoicAcid>,-2.83,-2.83,0.04,25,185,152.15,0.57,0.66,1.17,0.81,1.13,1.39,2.11,COc1ccc(C(=O)O)cc1
2086,COc1ccc(cc1)C(c2ccc(cc2)OC)C(Cl)(Cl)Cl,Methoxychlor,-6.88,-6.89,0.96,23,87,345.65,0,0.65,1.55,1.59,2.37,5.21,5.26,COc1ccc(C(c2ccc(OC)cc2)C(Cl)(Cl)Cl)cc1
2087,COc1ccc(cc1)NC(=O)c1ncnc(c1)N(Cc1ccc(cc1)F)C,W024cmpd35(2%DMSO),-4.68,-4.68,0.51,25,165,366.39,0.41,1.7,2.79,2.36,2.71,3.51,5.61,COc1ccc(NC(=O)c2cc(N(C)Cc3ccc(F)cc3)ncn2)cc1
2088,COc1ccc(cc1)S(=O)(=O)Cc2nc3c(Br)cc(Cl)cn3c2[N+]([O-])=O,"3-Nitroimidazole[1,2,a]pyridineanalog2g",-5.21,-5.24,0.4,23,226,460.69,0,1.55,3.47,2.59,2.61,3.64,4.91,COc1ccc(S(=O)(=O)Cc2nc3c(Br)cc(Cl)cn3c2[N+](=O)[O-])cc1
2089,COc1ccc(cc1)n2c3c(c(n2)C(=O)N)CCN(C3=O)c4ccc(cc4)N5CCCCC5=O,Apixaban,-4.2,-4.22,0.41,24,238,459.5,0.49,2.6,4.26,3.69,3.35,2.7,5.52,COc1ccc(-n2nc(C(N)=O)c3c2C(=O)N(c2ccc(N4CCCCC4=O)cc2)CC3)cc1
2090,COc1ccc(cc1C(=O)NCc2cccnc2)C(=O)NCc3cccnc3,Picotamide<Plactidil>,-3.26,-3.26,0.14,25,136,376.41,0.51,2.2,3.61,2.52,2.84,2.35,6.3,COc1ccc(C(=O)NCc2cccnc2)cc1C(=O)NCc1cccnc1
2091,COc1ccc(cc1O)[C@@H]2CC(=O)c3c(cc(cc3O2)O)O,Hesperetin,-4.2,-4.2,0.23,25,230,302.28,1.07,1.23,2.25,2.22,2.09,2.52,3.28,COc1ccc([C@@H]2CC(=O)c3c(O)cc(O)cc3O2)cc1O
2092,COc1ccc(cn1)CN6C2CC6CN(C2)c3ccc(cn3)c4cc(cn5ncc(C#N)c45)OCC(C)(C)O,Selpercatinib<RETEVMO>,-4.54,-4.54,0.48,25,199,525.6,0.23,3.02,3.6,3.79,3.9,3.28,6.33,COc1ccc(CN2C3CC2CN(c2ccc(-c4cc(OCC(C)(C)O)cn5ncc(C#N)c45)cn2)C3)cn1
2093,COc1ccc2c(c1)cc[nH]2,5-Methoxyindole,-2.14,-2.14,0.13,25,57,147.17,0.31,0.54,1.2,1.29,1.15,2.18,1.32,COc1ccc2[nH]ccc2c1
2094,COc1ccc2c(c1)cccn2,6-Methoxyquinoline,-1.67,-1.67,0.23,25,19,159.19,0,0.67,1.24,1.38,1.24,2.24,1.66,COc1ccc2ncccc2c1
2095,COc1ccc2cc(ccc2c1)CC(=O)OCCCN3CCN(C)CC3,6-MNApiperazineanalog5a,-5.77,-5.78,0.73,23,107,356.46,0,1.7,1.93,1.96,2.86,2.57,6.47,COc1ccc2cc(CC(=O)OCCCN3CCN(C)CC3)ccc2c1
2096,COc1ccc2cc(ccc2c1)CC(=O)OCCCN3CCN(CC3)C(C)=O,6-MNApiperazineanalog5c,-4.91,-4.92,0.56,23,118,384.47,0,1.82,2.64,2.12,3.02,2.49,6.87,COc1ccc2cc(CC(=O)OCCCN3CCN(C(C)=O)CC3)ccc2c1
2097,COc1ccc2cc(ccc2c1)CC(=O)OCCCN3CCN(CC3)c4ccccc4,6-MNApiperazineanalog5d,-6.83,-6.84,0.95,23,79,418.53,0,1.64,2.49,2.58,3.33,4.15,7.05,COc1ccc2cc(CC(=O)OCCCN3CCN(c4ccccc4)CC3)ccc2c1
2098,COc1ccc2cc(ccc2c1)CC(=O)OCCN3CCN(C)CC3,6-MNApiperazineanalog4a,-5.98,-5.99,0.77,23,110,342.43,0,1.7,1.93,1.96,2.72,2.18,5.89,COc1ccc2cc(CC(=O)OCCN3CCN(C)CC3)ccc2c1
2099,COc1ccc2cc(ccc2c1)CC(=O)OCCN3CCN(CC3)C(C)=O,6-MNApiperazineanalog4c,-5.42,-5.43,0.66,23,118,370.44,0,1.82,2.63,2.12,2.88,2.1,6.29,COc1ccc2cc(CC(=O)OCCN3CCN(C(C)=O)CC3)ccc2c1
2100,COc1ccc2cc(ccc2c1)CC(=O)OCCN3CCN(CC3)CC,6-MNApiperazineanalog4b,-5.34,-5.35,0.64,23,105,356.46,0,1.7,1.93,1.96,2.86,2.57,6.47,CCN1CCN(CCOC(=O)Cc2ccc3cc(OC)ccc3c2)CC1
2101,COc1ccc2cc(ccc2c1)CC(=O)OCCN3CCN(CC3)c4ccccc4,6-MNApiperazineanalog4d,-5.82,-5.84,0.74,23,92,404.5,0,1.64,2.49,2.58,3.19,3.76,6.49,COc1ccc2cc(CC(=O)OCCN3CCN(c4ccccc4)CC3)ccc2c1
2102,COc1cccc(c1)N2CCN(CC2)C3=Nc4c(cccc4F)[C@@H](N3c5cc(ccc5OC)C(F)(F)F)CC(=O)O,Letermovir,-3.28,-3.29,0.68,23,179,572.55,0.57,2.19,2.66,2.75,3.88,5.71,7.65,COc1cccc(N2CCN(C3=Nc4c(F)cccc4[C@H](CC(=O)O)N3c3cc(C(F)(F)F)ccc3OC)CC2)c1
2103,COc1ccnc2[nH]cc(C(=O)C(=O)N3CCN(C(=O)c4ccccc4)C[C@@H]3C)c12,Temsaviranalog8,-3.28,-3.31,0.23,23,236,406.43,0.35,2.41,4.22,3.08,2.98,2.13,5.22,COc1ccnc2[nH]cc(C(=O)C(=O)N3CCN(C(=O)c4ccccc4)C[C@@H]3C)c12
2104,COc1nc2c(cn1)nccn2,2-Methoxypteridine,-1.06,-1.11,0.17,20,109,162.15,0,0.97,1.31,1.47,1.12,0.43,1.55,COc1ncc2nccnc2n1
2105,COc1nc2cncnc2nc1,6-Methoxypteridine,-1.09,-1.14,0.17,20,129,162.15,0,0.97,1.31,1.47,1.12,0.43,1.55,COc1cnc2ncncc2n1
2106,COc1nc2ncncc2nc1,7-Methoxypteridine,-0.86,-0.91,0.17,20,108,162.15,0,0.97,1.31,1.47,1.12,0.43,1.55,COc1cnc2cncnc2n1
2107,COc1ncc(OC)c2c(C(=O)C(=O)N3CCN(C(=O)c4ccccc4)CC3)c[nH]c12,Temsaviranalog10,-4,-4.03,0.37,23,231,422.43,0.31,2.63,4.22,3.06,3.04,1.75,5.57,COc1ncc(OC)c2c(C(=O)C(=O)N3CCN(C(=O)c4ccccc4)CC3)c[nH]c12
2108,COc1ncnc2c1nccn2,4-Methoxypteridine,-1.06,-1.11,0.17,20,110,162.15,0,0.97,1.31,1.47,1.12,0.43,1.55,COc1ncnc2nccnc12
2109,CS(=O)(=O)C1=CC=CC(=C1)CNC2=NC(=NC=C2C(F)(F)F)NC3=CC4=C(C=C3)NC(=O)CC4,PF-573228,-6.1,-5.98,0.8,37,197,491.49,0.72,2,3.35,2.7,3.24,4.14,6.17,CS(=O)(=O)c1cccc(CNc2nc(Nc3ccc4c(c3)CCC(=O)N4)ncc2C(F)(F)F)c1
2110,CS(=O)(=O)N1CCC(CC1)c2c(nccn2)OC3CN(C3)c4ccc5ccccc5n4,R047cmpd46,-3.73,-3.76,0.32,23,170,439.53,0,2.24,3.04,3.2,3.16,2.43,5.23,CS(=O)(=O)N1CCC(c2nccnc2OC2CN(c3ccc4ccccc4n3)C2)CC1
2111,CS(=O)(=O)N1CCN(CC1)Cc2cc3c(s2)c(nc(n3)c4cccc5c4cn[nH]5)N6CCOCC6,Pictilisib<GDC-0941),-6.1,-5.92,0.14,37,196,513.64,0.53,2.72,3.72,4.37,3.56,2.15,5.93,CS(=O)(=O)N1CCN(Cc2cc3nc(-c4cccc5[nH]ncc45)nc(N4CCOCC4)c3s2)CC1
2112,CS(=O)(=O)Nc1ccc(cc1)/C=C/c2cc(cc(c2OC)C(C)(C)C)N3C=CC(=O)NC3=O,ABT-072,-6.84,-6.62,0.08,37,184,469.55,0.6,2.04,3.29,2.85,3.49,3.37,6.64,COc1c(/C=C/c2ccc(NS(C)(=O)=O)cc2)cc(-n2ccc(=O)[nH]c2=O)cc1C(C)(C)C
2113,CS(=O)(=O)c1ccc(c(c1)Cl)C(=O)Nc2ccc(c(c2)c3ccccn3)Cl,Vismodegib,-4.62,-4.65,0.49,23,180,421.3,0.47,1.6,3.52,2.74,2.73,4.71,5.5,CS(=O)(=O)c1ccc(C(=O)Nc2ccc(Cl)c(-c3ccccn3)c2)c(Cl)c1
2114,CS(=O)(=O)c1ccc(cc1)C(=O)Nc2cc(c(Cl)cc2)c3ccccn3,Vismodegibanalog30,-5.86,-5.89,0.75,23,198,386.85,0.47,1.66,3.45,2.62,2.69,4.06,5.06,CS(=O)(=O)c1ccc(C(=O)Nc2ccc(Cl)c(-c3ccccn3)c2)cc1
2115,CS(=O)(=O)c1cccc(c1)C[C@@H](C(=O)O)NC(=O)c2c(cc3c(c2Cl)CCN(C3)C(=O)c4ccc5ccoc5c4)Cl,Lifitegrast<XIIDRA>,-4.58,-4.58,0.49,25,154,615.48,0.83,2.38,4.93,3.69,4.11,4.77,7.82,CS(=O)(=O)c1cccc(C[C@H](NC(=O)c2c(Cl)cc3c(c2Cl)CCN(C(=O)c2ccc4ccoc4c2)C3)C(=O)O)c1
2116,CS(=O)(=O)c2ccc(Oc1cc(C#N)cc(F)c1)c3c2[C@H](O)[C@H](F)[C@@H]3F,Belzutifan<MK-6482><WELIREG>,-4.58,-4.58,0.49,25,190,383.34,0.39,1.51,2.72,1.83,2.39,3.29,4.42,CS(=O)(=O)c1ccc(Oc2cc(F)cc(C#N)c2)c2c1[C@H](O)[C@H](F)[C@@H]2F
2117,CSC1=CC(=CC(=C1)O)O,5-Methylthioresorcinol,-1.74,-1.8,0.17,20,115,156.21,1,0.71,1.19,1.35,1.14,1.82,2.07,CSc1cc(O)cc(O)c1
2118,CSC1=CC=C2C(=C1)C(C3=C(O2)C=CC(=C3)C(=O)O)=O,7-(Methylsulfanyl)-9-oxo-9H-xanthene-2-carboxylicAcid,-6.04,-6.04,0.31,25,210,286.31,0.57,1.14,2.22,2.23,1.95,3.37,2.98,CSc1ccc2oc3ccc(C(=O)O)cc3c(=O)c2c1
2119,CSC1=NC2=C(N1)C=CC(=C2)C(=O)N3CCCCC3,[2-(Methylsulfanyl)-1H-benzimidazol-5-yl](1-piperidinyl)methanone,-4.08,-4.08,0.23,25,185,275.37,0.35,1.29,2.39,2.26,2.06,2.91,3.47,CSc1nc2cc(C(=O)N3CCCCC3)ccc2[nH]1
2120,CSC1=NC2=C(S1)C=CC=C2,2-Methyl-Thiobenzothiazole,-3.15,-3.16,0.2,24,44,181.29,0,0.48,1.3,1.7,1.27,3.02,1.83,CSc1nc2ccccc2s1
2121,CSC1=NC=CC=N1,2-(Methylsulfanyl)pyrimidine,-0.4,-0.4,0.17,25,85,126.18,0,0.65,0.97,1,0.94,1.2,1.86,CSc1ncccn1
2122,CSC2=C1C(=NC=N1)N=C[NH]2,6-Methylmercaptopurine,-2.29,-2.33,0.17,20,181,166.21,0.13,1.08,0.41,1.59,1.13,1.03,1.5,CSc1[nH]cnc2ncnc1-2
2123,CSC2=CC(C1=CC=CC=C1C2=O)=O,"2-Methylsulfanyl-1,4-Naphthalenedione",-4.48,-4.47,0.47,26,128,204.25,0,0.92,1.85,1.71,1.46,2.31,2.25,CSC1=CC(=O)c2ccccc2C1=O
2124,CSC2=NC1=C[NH]C=NC1=N2,8-(Methylsulfanyl)-7H-purine,-1.99,-2.03,0.17,20,191,166.21,0.13,1.08,0.41,1.59,1.13,1.03,1.5,CSc1nc2c[nH]cnc-2n1
2125,CSC2=NC1=NC=NC1=C[NH]2,2-Methylthiopurine,-2.52,-2.56,0.17,20,181,166.21,0.13,1.08,0.41,1.59,1.13,1.03,1.5,CSc1nc2ncnc-2c[nH]1
2126,CSc1[nH]c2cc(c(cc2n1)C(=O)N3CCCCC3)Cl,[6-Chloro-2-(methylsulfanyl)-1H-benzimidazol-5-yl](1-piperidinyl)methanone,-4.31,-4.31,0.19,25,187,309.81,0.35,1.29,2.47,2.41,2.18,3.56,3.9,CSc1nc2cc(C(=O)N3CCCCC3)c(Cl)cc2[nH]1
2127,CSc1c2nccnc2ncn1,4-(Methylsulfanyl)-pteridine,-2.3,-2.37,0.17,20,129,178.22,0,0.88,1.31,1.77,1.23,1.14,1.87,CSc1ncnc2nccnc12
2128,CSc1nc2ncncc2nc1,7-(Methylsulfanyl)-pteridine,-1.49,-1.55,0.17,20,127,178.22,0,0.88,1.31,1.77,1.23,1.14,1.87,CSc1cnc2cncnc2n1
2129,CSc1ncc2nccnc2n1,2-(Methylsulfanyl)-pteridine,-1.69,-1.75,0.17,20,127,178.22,0,0.88,1.31,1.77,1.23,1.14,1.87,CSc1ncc2nccnc2n1
2130,C[C@@H](C(=O)N)NCC1=CC=C(C=C1)OCC2=CC(=CC=C2)F,Safinamide<XADAGO>,-3.74,-3.63,0.04,37,142,302.34,0.62,1.44,2.25,1.71,2.32,2.37,5.49,C[C@H](NCc1ccc(OCc2cccc(F)c2)cc1)C(N)=O
2131,C[C@@H](C(=O)N1CCC[C@H]1C(=O)O)N[C@@H](CCc2ccccc2)C(=O)O,Enalaprilat,-1.94,-1.95,0.17,23,155,348.39,1.28,1.91,2.65,1.62,2.66,1.13,6.52,C[C@H](N[C@@H](CCc1ccccc1)C(=O)O)C(=O)N1CCC[C@H]1C(=O)O
2132,C[C@@H](C(=O)N[C@@H](CCC(=O)N)C(=O)O)N,L-Alanyl-L-Glutamine,0.56,0.56,0.06,25,232,217.22,1.52,2.08,2.71,1.11,1.64,-1.83,5.32,C[C@H](N)C(=O)N[C@@H](CCC(N)=O)C(=O)O
2133,C[C@@H](C(=O)N[C@H](CC(C)C)C(=O)N[C@@H](C)C(=O)N[C@H](C(C)C)C(=O)N[C@@H](C(C)C)C(=O)N[C@@H](C(C)C)C(=O)N[C@@H](CC1=CNC2=CC=CC=C21)C(=O)N[C@H](CC(C)C)C(=O)N[C@@H](CC3=CNC4=CC=CC=C43)C(=O)N[C@H](CC(C)C)C(=O)N[C@@H](CC5=CNC6=CC=CC=C65)C(=O)N[C@H](CC(C)C)C(=O)N[C@@H](CC7=CNC8=CC=CC=C87)C(=O)NCCO)NC(=O)CNC(=O)[C@H](C(C)C)NC=O,GramicidinA<Gramicidin>,-4.17,-4.13,0.41,23,229,1882.29,5.57,11.3,17.8,10.26,14.81,4.37,40.67,CC(C)C[C@@H](NC(=O)[C@H](C)NC(=O)CNC(=O)[C@@H](NC=O)C(C)C)C(=O)N[C@@H](C)C(=O)N[C@@H](C(=O)N[C@H](C(=O)N[C@H](C(=O)N[C@@H](Cc1c[nH]c2ccccc12)C(=O)N[C@H](CC(C)C)C(=O)N[C@@H](Cc1c[nH]c2ccccc12)C(=O)N[C@H](CC(C)C)C(=O)N[C@@H](Cc1c[nH]c2ccccc12)C(=O)N[C@H](CC(C)C)C(=O)N[C@@H](Cc1c[nH]c2ccccc12)C(=O)NCCO)C(C)C)C(C)C)C(C)C
2134,C[C@@H](C(=O)O)N,L-Alanine,0.26,0.26,0.03,25,315,89.09,0.78,0.93,0.92,0.38,0.71,-0.58,1.6,C[C@H](N)C(=O)O
2135,C[C@@H](C(=O)OC(C)C)N[P@](=O)(OC[C@@H]1[C@H]([C@@]([C@@H](O1)N2C=CC(=O)NC2=O)(C)F)O)OC3=CC=CC=C3,Sofosbuvir<inEPCLUSA>,-2.4,-2.42,0.04,37,99,529.45,0.68,3.1,4.03,1.99,3.63,1.66,8.53,CC(C)OC(=O)[C@H](C)N[P@](=O)(OC[C@H]1O[C@@H](n2ccc(=O)[nH]c2=O)[C@](C)(F)[C@@H]1O)Oc1ccccc1
2136,C[C@@H](C1=C(C(=O)C2=C(O1)C=CC(=C2)F)C3=CC(=CC=C3)F)N4C5=NC=NC(=C5C(=N4)C6=CC(=C(C=C6)OC(C)C)F)N,Umbralisib<RP-5264><UKONIQ>,-5.46,-5.49,0.15,23,141,571.55,0.23,2.17,3.91,4.26,3.91,6.66,6.64,CC(C)Oc1ccc(-c2nn([C@@H](C)c3oc4ccc(F)cc4c(=O)c3-c3cccc(F)c3)c3ncnc(N)c23)cc1F
2137,C[C@@H](C1=CC=C(C=C1)CC(C)C)C(=O)O,(+)-Ibuprofen<Dexibuprofen>,-3.46,-3.46,0.14,25,55,206.28,0.57,0.51,1.01,0.78,1.78,3.07,3.89,CC(C)Cc1ccc([C@H](C)C(=O)O)cc1
2138,C[C@@H](C1=CC=CC=C1)NC2=CC(=O)N(C(=O)N2)C(C)C,Mavacamten<CAMZYO>,-4.12,-4.14,0.4,23,172,273.33,0.29,1.55,2.04,1.63,2.16,2.29,4.08,CC(C)n1c(=O)cc(N[C@@H](C)c2ccccc2)[nH]c1=O
2139,C[C@@H](C1=NC(=CS1)C2=CC=C(C=C2)C#N)[C@](CN3C=NC=N3)(C4=C(C=CC(=C4)F)F)O,Isavuconazole,-5.1,-5.1,0.07,25,120,437.47,0.31,1.55,3.22,3.05,3.01,4.24,5.59,C[C@@H](c1nc(-c2ccc(C#N)cc2)cs1)[C@](O)(Cn1cncn1)c1cc(F)ccc1F
2140,C[C@@H](Cn1ccc(n1)c2ccc(c(c2)Cl)C#N)NC(=O)c3cc([nH]n3)C(C)O,Darolutamide<NUBEQA>,-4.64,-4.46,0.5,37,180,398.85,1.09,2.04,3.68,3.14,2.87,2.67,5.78,CC(O)c1cc(C(=O)N[C@@H](C)Cn2ccc(-c3ccc(C#N)c(Cl)c3)n2)n[nH]1
2141,C[C@@H](c1ccc2cc(ccc2c1)OC)C(=O)O,Naproxen,-4.16,-4.23,0.08,21,153,230.26,0.57,0.75,1.49,1.54,1.78,3.04,3,COc1ccc2cc([C@H](C)C(=O)O)ccc2c1
2142,C[C@@H](c1nc(cs1)c2ccc(cc2)C#N)[C@](Cn3cncn3)(c4ccc(cc4F)F)O,Ravuconazole<ER-30346>,-5.94,-5.94,0.77,25,165,437.47,0.31,1.51,3.18,3.02,3.01,4.24,5.59,C[C@@H](c1nc(-c2ccc(C#N)cc2)cs1)[C@](O)(Cn1cncn1)c1ccc(F)cc1F
2143,C[C@@H]1C([C@H](C[C@@H](O1)OC2CCC3(C4CCC5(C(CC[C@]5(C4CCC3(C2)O)O)C6=CC(=O)OC6)C)C=O)OC)O[C@@H]7[C@H]([C@@H]([C@H]([C@@H](O7)CO)O)O)O,Strophanthin,-1.43,-1.43,0.17,25,179,710.81,1.62,4.21,4.81,3.55,5.11,0.26,9.84,CO[C@H]1C[C@H](OC2CCC3(C=O)C4CCC5(C)C(C6=CC(=O)OC6)CC[C@@]5(O)C4CCC3(O)C2)O[C@H](C)C1O[C@H]1O[C@@H](CO)[C@H](O)[C@@H](O)[C@@H]1O
2144,C[C@@H]1C/C=C/C=C/C=C/C=C/[C@@H](C[C@H]2[C@@H]([C@H](C[C@](O2)(C[C@H](C[C@@H]3[C@H](O3)/C=C/C(=O)O1)O)O)O)C(=O)O)OC4[C@H]([C@H]([C@@H]([C@H](O4)C)O)N)O,Natamycin,-4.17,-4.15,1.13,21,290,665.73,2.08,4.49,3.82,3.38,4.89,0.12,13.07,C[C@@H]1C/C=C/C=C/C=C/C=C/[C@H](OC2O[C@H](C)[C@@H](O)[C@H](N)[C@@H]2O)C[C@@H]2O[C@](O)(C[C@@H](O)C[C@H]3O[C@@H]3/C=C/C(=O)O1)C[C@H](O)[C@H]2C(=O)O
2145,C[C@@H]1C2=C(N=CN2C3=C(C=C(C=C3)Br)C(=N1)C4=CC=CC=C4F)C(=O)O,MIDD0301,-3.87,-3.91,0.42,23,215,414.23,0.57,1.15,2.27,2.77,2.53,4.38,3.95,C[C@H]1N=C(c2ccccc2F)c2cc(Br)ccc2-n2cnc(C(=O)O)c21
2146,C[C@@H]1CC(=O)C=C([C@]12C(=O)c3c(cc(c(c3O2)Cl)OC)OC)OC,Griseofulvin,-4.61,-4.61,0.18,25,220,352.77,0,1.53,2.26,1.74,2.44,2.81,3.95,COC1=CC(=O)C[C@@H](C)[C@]12Oc1c(Cl)c(OC)cc(OC)c1C2=O
2147,C[C@@H]1CCN(C[C@@H]1N(C)C2=NC=NC3=C2C=CN3)C(=O)CC#N,Tofacitinib,-3.48,-3.5,0.22,23,116,312.37,0.35,1.79,3.05,2.33,2.39,1.54,4.15,C[C@@H]1CCN(C(=O)CC#N)C[C@@H]1N(C)c1ncnc2[nH]ccc12
2148,C[C@@H]1CCO[C@@H]2N1C(=O)c3c(c(=O)c(cn3C2)C(=O)NCc4ccc(cc4F)F)O,Dolutegravir<GSK1349572A>,-4.33,-4.33,0.08,25,190,419.38,0.57,2.71,3.71,2.53,2.78,1.35,5.02,C[C@@H]1CCO[C@H]2Cn3cc(C(=O)NCc4ccc(F)cc4F)c(=O)c(O)c3C(=O)N12
2149,C[C@@H]1CC[C@@]23CCC(=O)[C@H]2[C@@]1([C@@H](C[C@@]([C@H]([C@@H]3C)O)(C)C=C)OC(=O)CSC(C)(C)CNC(=O)[C@@H](C(C)C)N)C,Valnemulin,-5.67,-5.67,0.71,25,177,564.82,0.78,2.56,2.74,2.05,4.64,4.5,9.46,C=C[C@]1(C)C[C@@H](OC(=O)CSC(C)(C)CNC(=O)[C@H](N)C(C)C)[C@]2(C)[C@H](C)CC[C@]3(CCC(=O)[C@H]32)[C@@H](C)[C@@H]1O
2150,C[C@@H]1CC[C@@]23CCC(=O)[C@H]2[C@@]1([C@@H](C[C@@]([C@H]([C@@H]3C)O)(C)C=C)OC(=O)CS[C@@H]4C[C@H]5CC[C@@H](C4)N5C)C,Retapamulin(1),-4.13,-4.13,0.4,25,126,517.76,0.31,1.9,1.95,2.16,4.16,5.25,6.99,C=C[C@]1(C)C[C@@H](OC(=O)CS[C@@H]2C[C@H]3CC[C@@H](C2)N3C)[C@]2(C)[C@H](C)CC[C@]3(CCC(=O)[C@H]32)[C@@H](C)[C@@H]1O
2151,C[C@@H]1CC[C@H]2[C@H](C(=O)O[C@H]3[C@@]24[C@H]1CCC(O3)(OO4)C)C,Artemisinin,-3.61,-3.61,0.46,25,156,282.33,0,1.27,1.96,1.11,2.04,2.39,2.58,C[C@@H]1CC[C@H]2[C@@H](C)C(=O)O[C@@H]3OC4(C)CC[C@@H]1[C@]32OO4
2152,C[C@@H]1CC[C@H]2[C@H]([C@@H](O[C@H]3[C@@]24[C@H]1CCC(O3)(OO4)C)OC(=O)CCC(=O)O)C,Artesunate,-2.88,-2.88,0.17,25,143,384.43,0.57,1.73,1.82,1.24,2.73,2.6,4.74,C[C@H]1[C@H](OC(=O)CCC(=O)O)O[C@@H]2OC3(C)CC[C@H]4[C@H](C)CC[C@@H]1[C@@]24OO3
2153,C[C@@H]1CN(CC(=O)N2CC(C)(C)c3c2cc(Cc2ccc(F)cc2)c(=O)n3C)[C@@H](CN2CCN(C[C@H]2C)c2ncc(cn2)C(=O)N2CCN(CCCOc3cc4ncnc(Nc5[nH]nc(C)c5C)c4cc3S(=O)(=O)C(C)(C)C)CC2)CN1,M117-PROTAC-21(5%DMSO),-5.95,-5.95,0.77,23,177,1144.410923,0.81,6.66,7.97,6.8,8.59,5.23,16.62,Cc1n[nH]c(Nc2ncnc3cc(OCCCN4CCN(C(=O)c5cnc(N6CCN(C[C@H]7CN[C@H](C)CN7CC(=O)N7CC(C)(C)c8c7cc(Cc7ccc(F)cc7)c(=O)n8C)[C@H](C)C6)nc5)CC4)c(S(=O)(=O)C(C)(C)C)cc23)c1C
2154,C[C@@H]1CN(CC(=O)N2CC(C)(C)c3ncc(Cc4ccc(F)cc4)cc23)[C@@H](CN2CCN(C[C@H]2C)c2ncc(cn2)C(=O)N2CCN(CCCOc3cc4ncnc(Nc5[nH]nc(C)c5C)c4cc3S(=O)(=O)C(C)(C)C)CC2)CN1,M117-PROTAC-22(5%DMSO),-6.211,-6.212,0.82,23,177,1114.384943,0.81,6.24,7.34,6.7,8.39,5.92,16.28,Cc1n[nH]c(Nc2ncnc3cc(OCCCN4CCN(C(=O)c5cnc(N6CCN(C[C@H]7CN[C@H](C)CN7CC(=O)N7CC(C)(C)c8ncc(Cc9ccc(F)cc9)cc87)[C@H](C)C6)nc5)CC4)c(S(=O)(=O)C(C)(C)C)cc23)c1C
2155,C[C@@H]1CN(C[C@@H](N1)C)c2c(c(c3c(c2F)n(cc(c3=O)C(=O)O)C4CC4)N)F,Sparfloxacin,-3.37,-3.37,0.17,25,203,392.4,0.97,2.08,2.64,2.41,2.7,2.08,4.29,C[C@@H]1CN(c2c(F)c(N)c3c(=O)c(C(=O)O)cn(C4CC4)c3c2F)C[C@H](C)N1
2156,C[C@@H]1C[C@H]2[C@@H]3CCC4=CC(=O)C=C[C@@]4([C@]3([C@H](C[C@@]2([C@]1(C(=O)CO)O)C)O)F)C,Dexamethasone,-3.67,-3.67,0.18,25,263,392.47,0.8,1.97,2.95,2.07,2.91,1.9,4.15,C[C@@H]1C[C@H]2[C@@H]3CCC4=CC(=O)C=C[C@]4(C)[C@@]3(F)[C@@H](O)C[C@]2(C)[C@@]1(O)C(=O)CO
2157,C[C@@H]1[C@@H]2[C@H](C(=O)N2C(=C1S[C@H]3C[C@H](NC3)C(=O)N(C)C)C(=O)O)[C@@H](C)O,Meropenem·3H2O<MERREM>,-1.44,-1.44,0.06,25,196,383.46,1.02,2.88,2.8,2.44,2.76,-0.31,5.06,C[C@@H](O)[C@H]1C(=O)N2C(C(=O)O)=C(S[C@@H]3CN[C@H](C(=O)N(C)C)C3)[C@H](C)[C@H]12
2158,C[C@@H]1[C@@H]2[C@H](C(=O)N2C(=C1S[C@H]3C[C@H](NC3)CNS(=O)(=O)N)C(=O)O)[C@@H](C)O,Doripenem·H2O,-1.27,-1.27,0.17,25,186,420.5,1.67,3.41,2.96,2.87,2.85,-1.6,5.58,C[C@@H](O)[C@H]1C(=O)N2C(C(=O)O)=C(S[C@@H]3CN[C@H](CNS(N)(=O)=O)C3)[C@H](C)[C@H]12
2159,C[C@@H]1[C@H]([C@H](C[C@@H](O1)O[C@@H]2[C@H](O[C@H](C[C@@H]2O)O[C@@H]3[C@H](O[C@H](C[C@@H]3O)O[C@H]4CC[C@]5([C@@H](C4)CC[C@@H]6[C@@H]5CC[C@]7([C@@]6(CC[C@@H]7C8=CC(=O)OC8)O)C)C)C)C)O)O,Digitoxin,-5.38,-5.38,0.16,25,256,764.95,1.27,4.02,4.2,3.46,5.69,3.25,10.89,C[C@H]1O[C@@H](O[C@H]2[C@@H](O)C[C@H](O[C@H]3[C@@H](O)C[C@H](O[C@H]4CC[C@@]5(C)[C@H](CC[C@@H]6[C@@H]5CC[C@]5(C)[C@@H](C7=CC(=O)OC7)CC[C@]65O)C4)O[C@@H]3C)O[C@@H]2C)C[C@H](O)[C@@H]1O
2160,C[C@@H]\1C/C(=C/C[C@@H]2C[C@@H](C[C@@]3(O2)C/C(=N\OC)/[C@@H]([C@H](O3)/C(=C/C(C)C)/C)C)OC(=O)[C@@H]4C=C([C@H]([C@@H]5[C@]4(/C(=C/C=C1)/CO5)O)O)C)/C,Moxidectin<CYDECTIN>,-6.12,-6.1,0.8,23,150,639.82,0.5,2.74,2.09,2.6,5.05,5.73,10.5,CO/N=C1\C[C@]2(C[C@@H]3C[C@@H](C/C=C(\C)C[C@@H](C)/C=C/C=C4\CO[C@@H]5[C@H](O)C(C)=C[C@@H](C(=O)O3)[C@]45O)O2)O[C@H](/C(C)=C/C(C)C)[C@H]1C
2161,C[C@@]1(C(=O)N2[C@H](C(=O)N3CCC[C@H]3[C@@]2(O1)O)Cc4ccccc4)NC(=O)[C@@H]5C[C@@H]6c7cccc8c7c(c[nH]8)C[C@H]6N(C5)C,"Ergotamine,Dihydro-",-4.85,-4.85,0.27,25,204,583.68,0.79,3.63,4.54,4.44,4.25,2.08,5.86,CN1C[C@H](C(=O)N[C@]2(C)O[C@@]3(O)[C@@H]4CCCN4C(=O)[C@H](Cc4ccccc4)N3C2=O)C[C@@H]2c3cccc4[nH]cc(c34)C[C@H]21
2162,C[C@@]1(C(=O)N2[C@H](C(=O)N3CCC[C@H]3[C@@]2(O1)O)Cc4ccccc4)NC(=O)[C@H]5CN([C@@H]6Cc7c[nH]c8c7c(ccc8)C6=C5)C,Ergotamine,-5.42,-5.44,0.34,23,213,581.7,0.79,3.69,4.6,4.56,4.21,1.99,5.73,CN1C[C@H](C(=O)N[C@]2(C)O[C@@]3(O)[C@@H]4CCCN4C(=O)[C@H](Cc4ccccc4)N3C2=O)C=C2c3cccc4[nH]cc(c34)C[C@H]21
2163,C[C@@]1(CN2C=C(N=C2O1)[N+](=O)[O-])COC3=CC=C(C=C3)N4CCC(CC4)OC5=CC=C(C=C5)OC(F)(F)F,Delamanid<OPC-67683>,-7.57,-7.48,0.282,37,196,534.48,0,1.85,3.19,2.54,3.51,4.97,6.67,C[C@]1(COc2ccc(N3CCC(Oc4ccc(OC(F)(F)F)cc4)CC3)cc2)Cn2cc([N+](=O)[O-])nc2O1
2164,C[C@@]12CCC[C@@]([C@H]1CC[C@]34[C@H]2CC[C@](C3)(C(=C)C4)O[C@H]5[C@@H]([C@H]([C@@H]([C@H](O5)CO)O)O)O[C@H]6[C@@H]([C@H]([C@@H]([C@H](O6)CO)O)O)O)(C)C(=O)O[C@H]7[C@@H]([C@H]([C@@H]([C@H](O7)CO)O)O)O,Stevioside,-2.83,-2.81,0.17,23,198,804.88,2.74,5.49,4.29,4.25,5.67,-2.94,11.85,C=C1C[C@@]23CC[C@H]4[C@@](C)(CCC[C@@]4(C)C(=O)O[C@@H]4O[C@H](CO)[C@@H](O)[C@H](O)[C@H]4O)[C@@H]2CC[C@]1(O[C@@H]1O[C@H](CO)[C@@H](O)[C@H](O)[C@H]1O[C@@H]1O[C@H](CO)[C@@H](O)[C@H](O)[C@H]1O)C3
2165,C[C@@]12CC[C@@H](C1(C)C)C[C@]2(CCCN(C)C)c3ccccc3,Deramciclane,-5.84,-5.84,0.15,25,101,299.49,0,0.74,0.83,1.11,2.71,5.11,3.92,CN(C)CCC[C@]1(c2ccccc2)C[C@H]2CC[C@]1(C)C2(C)C
2166,C[C@@]12CC[C@@H](C1)C([C@@H]2O)(C)C,Endo-(+)-FenchylAlcohol,-2.27,-2.27,0.1,25,41,154.249,0.31,0.41,0.49,0.6,1.36,2.19,1.26,CC1(C)[C@H]2CC[C@](C)(C2)[C@H]1O
2167,C[C@H](CC)[C@H](N)C(=O)NC(C)C(=O)OC(C)COC(=O)[C@]45CC[C@]3(C)C(=CC[C@H]2[C@@]3(C)CCC1[C@]2(C)CC[C@H](O)C1(C)C)[C@@H]5CC(C)(C)CC4,OleanolicL-AlaL-Ile(PGlinker)-9d,-7.12,-7.27,1.01,37,165,699.02,0.78,2.57,2.55,1.95,5.86,7.5,10.6,CC[C@@H](C)[C@H](N)C(=O)NC(C)C(=O)OC(C)COC(=O)[C@]12CCC(C)(C)C[C@H]1C1=CC[C@@H]3[C@@]4(C)CC[C@H](O)C(C)(C)C4CC[C@@]3(C)[C@]1(C)CC2
2168,C[C@H](CC)[C@H](N)C(=O)OC(C)COC(=O)[C@]45CC[C@]3(C)C(=CC[C@H]2[C@@]3(C)CCC1[C@]2(C)CC[C@H](O)C1(C)C)[C@@H]5CC(C)(C)CC4,OleanolicL-Ile(PGlinker)-7c,-7,-7.18,0.98,37,83,627.94,0.52,1.98,1.69,1.63,5.33,8,9.03,CC[C@@H](C)[C@H](N)C(=O)OC(C)COC(=O)[C@]12CCC(C)(C)C[C@H]1C1=CC[C@@H]3[C@@]4(C)CC[C@H](O)C(C)(C)C4CC[C@@]3(C)[C@]1(C)CC2
2169,C[C@H](CCC(=O)O)[C@H]1CC[C@@H]2[C@@]1(CC[C@H]3[C@H]2CC[C@H]4[C@@]3(CC[C@H](C4)O)C)C,LithocholicAcid,-7.3,-7.3,0.03,25,184,376.57,0.88,1.05,2.15,1.4,3.19,5.51,5.14,C[C@H](CCC(=O)O)[C@H]1CC[C@H]2[C@@H]3CC[C@@H]4C[C@H](O)CC[C@]4(C)[C@H]3CC[C@]12C
2170,C[C@H](CCC(=O)O)[C@H]1CC[C@@H]2[C@@]1(CC[C@H]3[C@H]2C[C@@H]([C@H]4[C@@]3(CC[C@H](C4)O)C)O)C,HyodeoxycholicAcid,-4.82,-4.82,0.08,25,198,392.57,1.2,1.35,2.4,1.61,3.25,4.48,5.36,C[C@H](CCC(=O)O)[C@H]1CC[C@H]2[C@@H]3C[C@H](O)[C@@H]4C[C@H](O)CC[C@]4(C)[C@H]3CC[C@]12C
2171,C[C@H](CCC(=O)O)[C@H]1CC[C@@H]2[C@@]1(CC[C@H]3[C@H]2[C@@H](C[C@H]4[C@@]3(CC[C@H](C4)O)C)O)C,ChenodeoxycholicAcid,-4.57,-4.57,0.1,25,119,392.57,1.2,1.35,2.4,1.61,3.25,4.48,5.36,C[C@H](CCC(=O)O)[C@H]1CC[C@H]2[C@@H]3[C@H](O)C[C@@H]4C[C@H](O)CC[C@]4(C)[C@H]3CC[C@]12C
2172,C[C@H](CCC(=O)O)[C@H]1CC[C@@H]2[C@@]1(CC[C@H]3[C@H]2[C@H](C[C@H]4[C@@]3(CC[C@H](C4)O)C)O)C,UrsodeoxycholicAcid,-5.05,-5.05,0.08,25,203,392.57,1.2,1.35,2.4,1.61,3.25,4.48,5.36,C[C@H](CCC(=O)O)[C@H]1CC[C@H]2[C@@H]3[C@@H](O)C[C@@H]4C[C@H](O)CC[C@]4(C)[C@H]3CC[C@]12C
2173,C[C@H](CCC(=O)O)[C@H]1CC[C@@H]2[C@@]1([C@H](C[C@H]3[C@H]2CC[C@H]4[C@@]3(CC[C@H](C4)O)C)O)C,DeoxycholicAcid,-4.55,-4.55,0.15,25,176,392.57,1.2,1.35,2.4,1.61,3.25,4.48,5.36,C[C@H](CCC(=O)O)[C@H]1CC[C@H]2[C@@H]3CC[C@@H]4C[C@H](O)CC[C@]4(C)[C@H]3C[C@H](O)[C@]12C
2174,C[C@H](CCC(=O)O)[C@H]1CC[C@@H]2[C@@]1([C@H](C[C@H]3[C@H]2[C@@H](C[C@H]4[C@@]3(CC[C@H](C4)O)C)O)O)C,CholicAcid,-3.63,-3.63,0.09,25,198,408.57,1.51,1.66,2.66,1.82,3.31,3.45,5.57,C[C@H](CCC(=O)O)[C@H]1CC[C@H]2[C@@H]3[C@H](O)C[C@@H]4C[C@H](O)CC[C@]4(C)[C@H]3C[C@H](O)[C@]12C
2175,C[C@H](CCC(=O)O)[C@H]1CC[C@@H]2[C@@]1([C@H](C[C@H]3[C@H]2[C@H](C[C@H]4[C@@]3(CC[C@H](C4)O)C)O)O)C,UrsocholicAcid,-2.78,-2.78,0.11,25,157,408.57,1.51,1.66,2.66,1.82,3.31,3.45,5.57,C[C@H](CCC(=O)O)[C@H]1CC[C@H]2[C@@H]3[C@@H](O)C[C@@H]4C[C@H](O)CC[C@]4(C)[C@H]3C[C@H](O)[C@]12C
2176,C[C@H](CCCC(C)C)[C@H]1CC[C@@H]2[C@@]1(CC[C@H]3[C@H]2CC[C@@H]4[C@@]3(CC[C@@H](C4)CCC=C(c5cc(c(c(c5)Cl)O)C(=O)O)c6cc(c(c(c6)Cl)O)C(=O)O)C)C,Cosalane<NSC-658586>,-8.54,-8.63,0.39,21,262,767.86,1.21,1.13,3.11,3.13,6.01,12.75,11.93,CC(C)CCC[C@@H](C)[C@H]1CC[C@H]2[C@@H]3CC[C@H]4C[C@@H](CCC=C(c5cc(Cl)c(O)c(C(=O)O)c5)c5cc(Cl)c(O)c(C(=O)O)c5)CC[C@]4(C)[C@H]3CC[C@]12C
2177,C[C@H](CCCC(C)C)[C@H]1CC[C@@H]\2[C@@]1(CCC/C2=C\C=C/3\C[C@H](CCC3=C)O)C,Cholecalciferol<VitaminD3>,-3.6,-3.59,0.29,23,84,384.6,0.31,0.71,0.75,1.2,3.52,7.62,7.29,C=C1CC[C@H](O)C/C1=C/C=C1\CCC[C@]2(C)[C@@H]([C@H](C)CCCC(C)C)CC[C@@H]12
2178,C[C@H](CCCN)[C@H]2CC[C@H]1[C@@H]3CC[C@@H]4C[C@H](O)CC[C@]4(C)[C@H]3C[C@H](O)[C@@]12C,"24-Amino-5?-cholane-3?,12?-diol",-4.02,-4.02,0.03,25,121,377.6037,0.84,1.57,2.28,1.64,3.27,4.35,5.44,C[C@H](CCCN)[C@H]1CC[C@H]2[C@@H]3CC[C@@H]4C[C@H](O)CC[C@]4(C)[C@H]3C[C@H](O)[C@]12C
2179,C[C@H](CCCN)[C@H]2CC[C@H]1[C@@H]3[C@H](O)C[C@@H]4C[C@H](O)CC[C@]4(C)[C@H]3C[C@H](O)[C@@]12C,"24-Amino-5?-cholane-3?,7?,12?-triol",-3.26,-3.26,0.03,25,51,393.6031,1.15,1.87,2.54,1.85,3.33,3.32,5.66,C[C@H](CCCN)[C@H]1CC[C@H]2[C@@H]3[C@H](O)C[C@@H]4C[C@H](O)CC[C@]4(C)[C@H]3C[C@H](O)[C@]12C
2180,C[C@H](CCCN)[C@H]4CC[C@@H]1[C@]4(C)CC[C@@H]2[C@@]3(C)CC[C@@H](O)C[C@H]3C[C@@H](O)[C@@H]12,"24-Amino-5?-cholane-3?,7?-diol",-4.22,-4.22,0.03,25,69,377.6037,0.84,1.57,2.28,1.64,3.27,4.35,5.44,C[C@H](CCCN)[C@H]1CC[C@H]2[C@@H]3[C@H](O)C[C@@H]4C[C@H](O)CC[C@]4(C)[C@H]3CC[C@]12C
2181,C[C@H](CCCN)[C@H]4CC[C@@H]3[C@]4(C)CC[C@H]1[C@H]3CC[C@@H]2C[C@H](O)CC[C@]12C,3?-Hydroxy-24-amino-5?-cholane,-4.52,-4.52,0.03,25,126,361.6043,0.52,1.27,2.03,1.43,3.21,5.38,5.23,C[C@H](CCCN)[C@H]1CC[C@H]2[C@@H]3CC[C@@H]4C[C@H](O)CC[C@]4(C)[C@H]3CC[C@]12C
2182,C[C@H](CCCNC)[C@H]2CC[C@H]1[C@@H]3CC[C@@H]4C[C@H](O)CC[C@]4(C)[C@H]3C[C@H](O)[C@@]12C,"24-Methylamino-5?-Cholane-3?,12?-diol",-3.96,-3.96,0.03,25,115,391.6303,0.76,1.47,2.14,1.59,3.41,4.61,5.92,CNCCC[C@@H](C)[C@H]1CC[C@H]2[C@@H]3CC[C@@H]4C[C@H](O)CC[C@]4(C)[C@H]3C[C@H](O)[C@]12C
2183,C[C@H](CCCNC)[C@H]2CC[C@H]1[C@@H]3[C@H](O)C[C@@H]4C[C@H](O)CC[C@]4(C)[C@H]3C[C@H](O)[C@@]12C,"24-Methylamino-5?-Cholane-3?,7?,12?-triol",-3.37,-3.37,0.03,25,49,407.6297,1.07,1.77,2.4,1.8,3.47,3.58,6.14,CNCCC[C@@H](C)[C@H]1CC[C@H]2[C@@H]3[C@H](O)C[C@@H]4C[C@H](O)CC[C@]4(C)[C@H]3C[C@H](O)[C@]12C
2184,C[C@H](CCCNC)[C@H]4CC[C@@H]1[C@]4(C)CC[C@@H]2[C@@]3(C)CC[C@@H](O)C[C@H]3C[C@@H](O)[C@@H]12,"24-Methylamino-5?-cholane-3?,7?-diol",-3.9,-3.9,0.03,25,65,391.6303,0.75,1.47,2.14,1.59,3.41,4.61,5.92,CNCCC[C@@H](C)[C@H]1CC[C@H]2[C@@H]3[C@H](O)C[C@@H]4C[C@H](O)CC[C@]4(C)[C@H]3CC[C@]12C
2185,C[C@H](CCCNC)[C@H]4CC[C@@H]3[C@]4(C)CC[C@H]1[C@H]3CC[C@@H]2C[C@H](O)CC[C@]12C,3?-Hydroxy-24-methylamino-5?-cholane,-4.47,-4.47,0.03,25,122,375.6309,0.45,1.17,1.88,1.38,3.36,5.64,5.71,CNCCC[C@@H](C)[C@H]1CC[C@H]2[C@@H]3CC[C@@H]4C[C@H](O)CC[C@]4(C)[C@H]3CC[C@]12C
2186,C[C@H](CCCNCc1ccccc1)[C@H]3CC[C@H]2[C@@H]4CC[C@@H]5C[C@H](O)CC[C@]5(C)[C@H]4C[C@H](O)[C@@]23C,"24-Benzylamino-5?-cholane-3?,12?-diol",-6.1,-6.1,0.03,25,103,467.7263,0.76,1.56,2.6,2.16,4.02,6.18,7.19,C[C@H](CCCNCc1ccccc1)[C@H]1CC[C@H]2[C@@H]3CC[C@@H]4C[C@H](O)CC[C@]4(C)[C@H]3C[C@H](O)[C@]12C
2187,C[C@H](CCCNCc1ccccc1)[C@H]3CC[C@H]2[C@@H]4[C@H](O)C[C@@H]5C[C@H](O)CC[C@]5(C)[C@H]4C[C@H](O)[C@@]23C,"24-Benzylamino-5?-cholane-3?,7?,12?-triol",-4.62,-4.62,0.03,25,49,483.7257,1.07,1.86,2.86,2.37,4.08,5.15,7.4,C[C@H](CCCNCc1ccccc1)[C@H]1CC[C@H]2[C@@H]3[C@H](O)C[C@@H]4C[C@H](O)CC[C@]4(C)[C@H]3C[C@H](O)[C@]12C
2188,C[C@H](CCCNCc1ccccc1)[C@H]5CC[C@@H]2[C@]5(C)CC[C@@H]3[C@@]4(C)CC[C@@H](O)C[C@H]4C[C@@H](O)[C@@H]23,"24-Benzylamino-5?-cholane-3?,7?-diol",-6.22,-6.22,0.03,25,131,467.7263,0.76,1.56,2.6,2.16,4.02,6.18,7.19,C[C@H](CCCNCc1ccccc1)[C@H]1CC[C@H]2[C@@H]3[C@H](O)C[C@@H]4C[C@H](O)CC[C@]4(C)[C@H]3CC[C@]12C
2189,C[C@H](Cc1cc2c(c(c1)C(=O)N)N(CC2)CCCO)NCCOc3ccccc3OCC(F)(F)F,Silodosin,-4.89,-4.85,0.55,37,106,495.53,0.95,2.18,3.17,2.14,3.59,3.07,9.22,C[C@H](Cc1cc2c(c(C(N)=O)c1)N(CCCO)CC2)NCCOc1ccccc1OCC(F)(F)F
2190,C[C@H](Cc1ccc(cc1)OC)NC[C@@H](c2ccc(c(c2)NC=O)O)O,Formoterol,-4.44,-4.46,0.46,23,123,344.4,1.08,2.08,2.42,2.17,2.7,2.22,6.79,COc1ccc(C[C@@H](C)NC[C@H](O)c2ccc(O)c(NC=O)c2)cc1
2191,C[C@H](Cn1cnc2c1ncnc2N)OCP(=O)(OCOC(=O)OC(C)C)OCOC(=O)OC(C)C,TenofovirDisoproxil,-1.54,-1.53,0.46,23,157,519.45,0.23,3.22,3.16,2.11,3.6,3.04,10.64,CC(C)OC(=O)OCOP(=O)(CO[C@H](C)Cn1cnc2c(N)ncnc21)OCOC(=O)OC(C)C
2192,C[C@H](Cn1cnc2c1ncnc2N)OC[P@@](=O)(N[C@@H](C)C(=O)OC(C)C)Oc3ccccc3,TenofovirAlafenamide,-3.22,-3.25,0.21,20,106,476.47,0.36,2.5,3.9,2.44,3.49,2.97,8.02,CC(C)OC(=O)[C@H](C)N[P@](=O)(CO[C@H](C)Cn1cnc2c(N)ncnc21)Oc1ccccc1
2193,C[C@H](NC(=O)C1(CCC(CC1)C1N=C(C=C(C)N=1)NC1C=C(C)NN=1)OC)C1C=NC(=CC=1)N1C=C(F)C=N1,Pralsetinib<GAVRETO>,-5.7,-5.73,0.07,23,206,533.6,0.91,2.51,4.05,3.69,3.93,4.2,7.38,COC1(C(=O)N[C@@H](C)c2ccc(-n3cc(F)cn3)nc2)CCC(c2nc(C)cc(Nc3cc(C)[nH]n3)n2)CC1
2194,C[C@H](O)[C@H](CC)N1N=CN(C1=O)c2ccc(cc2)N3CCN(CC3)c4ccc(cc4)OC[C@H]6C[C@@](Cn5cncn5)(OC6)c7ccc(F)cc7F,Posaconazole,-5.66,-5.68,0.79,23,171,700.78,0.23,3.16,4.37,4.39,5.07,4.57,9.87,CC[C@@H]([C@H](C)O)n1ncn(-c2ccc(N3CCN(c4ccc(OC[C@@H]5CO[C@@](Cn6cncn6)(c6ccc(F)cc6F)C5)cc4)CC3)cc2)c1=O
2195,C[C@H]([C@@H]1CC[C@H]([C@H](O1)O[C@@H]2[C@H](C[C@H]([C@@H]([C@H]2O)O[C@@H]3[C@@H]([C@H]([C@@](CO3)(C)O)NC)O)N)N)N)NC,GentamicinC1,-1.27,-1.24,0.17,23,148,477.6,1.53,4.99,2.78,2.43,3.65,-3.33,9.09,CN[C@@H]1[C@@H](O)[C@@H](O[C@@H]2[C@@H](O)[C@H](O[C@H]3O[C@H]([C@@H](C)NC)CC[C@H]3N)[C@@H](N)C[C@H]2N)OC[C@]1(C)O
2196,C[C@H]([C@@H]1[C@H]2[C@H]3CCC[C@@H](C3=C(N2C1=O)C(=O)OC(C)OC(=O)OC4CCCCC4)OC)O,SanfetrinemCilexetil<GV118819X>,-3.37,-3.4,0.25,37,165,451.51,0.31,2.42,2.28,1.81,3.31,2.65,6.76,CO[C@H]1CCC[C@H]2C1=C(C(=O)OC(C)OC(=O)OC1CCCCC1)N1C(=O)[C@H]([C@@H](C)O)[C@@H]21
2197,C[C@H]([C@](Cn1cncn1)(c2ccc(cc2F)F)O)N3CCC(=C)CC3,Efinaconazole,-4.03,-4.03,0.38,25,88,348.39,0.23,1.65,1.8,1.9,2.55,2.48,4.96,C=C1CCN([C@H](C)[C@](O)(Cn2cncn2)c2ccc(F)cc2F)CC1
2198,C[C@H](c1c(ccc(c1Cl)F)Cl)Oc2cc(cnc2N)c3cnn(c3)C4CCNCC4,Crizotinib,-4.26,-4.29,0.43,23,190,450.34,0.37,1.66,2.73,3.11,3.11,5.04,6.12,C[C@@H](Oc1cc(-c2cnn(C3CCNCC3)c2)cnc1N)c1c(Cl)ccc(F)c1Cl
2199,C[C@H]1C(=O)N[C@H]2CSSC[C@@H](C(=O)N[C@H](C(=O)N[C@H](C(=O)N[C@@H](CSSC[C@H](NC(=O)CNC(=O)[C@@H](NC2=O)[C@@H](C)O)C(=O)N[C@@H](CC(C)C)C(=O)O)C(=O)N[C@H](C(=O)N[C@H](C(=O)N[C@H](C(=O)N1)C(C)C)CC(=O)N)C(C)C)CC(C)C)CCC(=O)O)NC(=O)[C@H](CCC(=O)O)NC(=O)[C@H](CC(=O)O)NC(=O)[C@H](CC(=O)N)N,Plecanatide,-5.21,-4.85,0.62,23,125,1681.89,7.55,12.89,18.08,8.47,12.12,-8.15,43.01,CC(C)C[C@H](NC(=O)[C@@H]1CSSC[C@@H]2NC(=O)[C@H](CC(C)C)NC(=O)[C@H](CCC(=O)O)NC(=O)[C@@H](NC(=O)[C@H](CCC(=O)O)NC(=O)[C@H](CC(=O)O)NC(=O)[C@@H](N)CC(N)=O)CSSC[C@H](NC(=O)[C@H](C)NC(=O)[C@H](C(C)C)NC(=O)[C@H](CC(N)=O)NC(=O)[C@H](C(C)C)NC2=O)C(=O)N[C@@H]([C@@H](C)O)C(=O)NCC(=O)N1)C(=O)O
2200,C[C@H]1C(=O)N[C@H]2CSSC[C@H]3C(=O)N[C@H](C(=O)N[C@H](C(=O)N[C@@H](CSSC[C@H](NC(=O)CNC(=O)[C@@H](NC2=O)[C@@H](C)O)C(=O)N[C@@H](Cc4ccc(cc4)O)C(=O)O)C(=O)N[C@@H](CSSC[C@@H](C(=O)N3)N)C(=O)N[C@H](C(=O)N5CCC[C@H]5C(=O)N1)CC(=O)N)Cc6ccc(cc6)O)CCC(=O)O,Linaclotide,-3.74,-3.72,0.32,23,169,1526.74,6.15,11.34,16.4,9.8,10.53,-5.94,32.05,C[C@@H]1NC(=O)[C@@H]2CCCN2C(=O)[C@H](CC(N)=O)NC(=O)[C@@H]2CSSC[C@H](N)C(=O)N[C@H]3CSSC[C@H](NC1=O)C(=O)N[C@@H]([C@@H](C)O)C(=O)NCC(=O)N[C@H](C(=O)N[C@@H](Cc1ccc(O)cc1)C(=O)O)CSSC[C@H](NC(=O)[C@H](Cc1ccc(O)cc1)NC(=O)[C@H](CCC(=O)O)NC3=O)C(=O)N2
2201,C[C@H]1CC[C@@H](CC1)C(=O)N,trans-4-Methylcyclohexanecarboxamide,-2.13,-2.17,0.17,18,113,141.21,0.49,0.62,1.17,0.64,1.24,1.3,2.3,C[C@H]1CC[C@H](C(N)=O)CC1
2202,C[C@H]1CC[C@H](N1C(=O)[C@H](C(C)C)NC(=O)OC)c2[nH]c3c(n2)ccc4c3cc5c(c4)-c6ccc(cc6CO5)c7c[nH]c(n7)[C@@H]8C[C@@H](CN8C(=O)[C@@H](c9ccccc9)NC(=O)OC)COC,Velpatasvir<inEPCLUSA>,-6.35,-6.35,0.87,25,167,883,1.12,4.18,6.91,6.37,6.53,7.73,11.94,COC[C@H]1C[C@@H](c2nc(-c3ccc4c(c3)COc3cc5c(ccc6nc([C@@H]7CC[C@H](C)N7C(=O)[C@@H](NC(=O)OC)C(C)C)[nH]c65)cc3-4)c[nH]2)N(C(=O)[C@H](NC(=O)OC)c2ccccc2)C1
2203,C[C@H]1CC[C@H]2[C@@]([C@]3([C@H](C[C@]4([C@@H]5CC[C@H]6[C@]7([C@]5(C[C@]4([C@@H]3CN2C1)O)O[C@@]6([C@H](CC7)OC(=O)C8=CC(=C(C=C8)OC)OC)O)C)O)O)O)(C)O,Veratridine,-3.23,-3.23,0.05,25,170,673.79,1.49,3.81,3.62,3.65,4.89,1.36,6.94,COc1ccc(C(=O)O[C@H]2CC[C@@]3(C)[C@@H]4CC[C@H]5[C@]6(O)C[C@H](O)[C@@]7(O)[C@@H](CN8C[C@@H](C)CC[C@H]8[C@@]7(C)O)[C@]6(O)C[C@@]53O[C@]24O)cc1OC
2204,C[C@H]1CC[C@]2(C[C@@H]3C[C@H](O2)C/C=C(/C[C@H](/C=C/C=C/4\CO[C@H]5[C@@]4([C@@H](C=C([C@H]5O)C)C(=O)O3)O)C)\C)O[C@@H]1C,MilbemycinA3<MilbemectinA3>,-5.79,-5.78,0.74,20,214,528.69,0.5,2.25,2.01,2.26,4.13,4.53,7.79,CC1=C[C@H]2C(=O)O[C@H]3C[C@@H](C/C=C(\C)C[C@@H](C)/C=C/C=C4\CO[C@H]([C@@H]1O)[C@@]42O)O[C@@]1(CC[C@H](C)[C@@H](C)O1)C3
2205,C[C@H]1CN(CCN1C2=NC(=O)N(C3=NC(=C(C=C32)F)C4=C(C=CC=C4F)O)C5=C(C=CN=C5C(C)C)C)C(=O)C=C,Sotorasib<AMG-510><LUMAKRAS>,-4.48,-4.38,0.88,37,189,560.59,0.69,2.89,3.72,3.77,4.04,4.48,7.29,C=CC(=O)N1CCN(c2nc(=O)n(-c3c(C)ccnc3C(C)C)c3nc(-c4c(O)cccc4F)c(F)cc23)[C@@H](C)C1
2206,C[C@H]1CN(CC[C@@]1(C)c2cccc(c2)O)C[C@H](Cc3ccccc3)C(=O)NCC(=O)O,Alvimopan,-3.62,-3.63,0.29,23,166,424.53,1.33,1.96,2.84,2.22,3.4,3.05,7.33,C[C@H]1CN(C[C@H](Cc2ccccc2)C(=O)NCC(=O)O)CC[C@@]1(C)c1cccc(O)c1
2207,C[C@H]1COc2c3n1cc(c(=O)c3cc(c2N4CCN(CC4)C)F)C(=O)O,Ofloxacin<Levofloxacin>,-1.39,-1.39,0.14,25,254,361.37,0.57,2.05,2.58,2.26,2.5,1.54,3.87,C[C@H]1COc2c(N3CCN(C)CC3)c(F)cc3c(=O)c(C(=O)O)cn1c23
2208,C[C@H]1C[C@H](C2=C(N1C(=O)C)C=CC(=C2)C3=CC=C(C=C3)C(=O)O)NC4=CC=C(C=C4)Cl,I-BET726<GSK1324726A>,-6.97,-6.97,0.97,25,191,434.92,0.76,1.55,3.14,3.1,3.22,6,5.7,CC(=O)N1c2ccc(-c3ccc(C(=O)O)cc3)cc2[C@H](Nc2ccc(Cl)cc2)C[C@@H]1C
2209,C[C@H]1C[C@H]2[C@@H]3CCC4=CC(=O)C=C[C@@]4([C@]3([C@H](C[C@@]2([C@]1(C(=O)CO)O)C)O)F)C,Betamethasone,-3.77,-3.77,0.08,25,233,392.47,0.8,1.97,2.95,2.07,2.91,1.9,4.15,C[C@H]1C[C@H]2[C@@H]3CCC4=CC(=O)C=C[C@]4(C)[C@@]3(F)[C@@H](O)C[C@]2(C)[C@@]1(O)C(=O)CO
2210,C[C@H]1C[C@H]2[C@@H]3CCC4=CC(=O)C=C[C@@]4([C@]3([C@H](C[C@@]2([C@]1(C(=O)COC(=O)C)O)C)O)F)C,Betamethasone-21-Acetate,-4.16,-4.16,0.41,25,204,434.5,0.56,2.03,3.19,1.97,3.21,2.47,4.91,CC(=O)OCC(=O)[C@@]1(O)[C@@H](C)C[C@H]2[C@@H]3CCC4=CC(=O)C=C[C@]4(C)[C@@]3(F)[C@@H](O)C[C@@]21C
2211,C[C@H]1C[C@H]2[C@@H]3C[C@@H](C4=CC(=O)C=C[C@@]4([C@]3([C@H](C[C@@]2([C@]1(C(=O)COC(=O)C)OC(=O)C)C)O)F)C)F,DiflorasoneDiacetate,-4.88,-4.88,0.16,25,223,494.53,0.38,2.08,3.52,1.82,3.53,2.99,5.9,CC(=O)OCC(=O)[C@@]1(OC(C)=O)[C@@H](C)C[C@H]2[C@@H]3C[C@H](F)C4=CC(=O)C=C[C@]4(C)[C@@]3(F)[C@@H](O)C[C@@]21C
2212,C[C@H]1C[C@](CC)(O[C@@H]1[C@@H](CC)C(=O)[C@@H](C)[C@@H](O)[C@H](C)CCc2ccc(C)c(O)c2C(=O)O)[C@H]3CC[C@](O)(CC)[C@H](C)O3,Lasalocid,-8.11,-8.14,0.19,23,195,590.79,1.24,2.09,2.29,2.12,4.83,5.84,11.29,CC[C@@H](C(=O)[C@@H](C)[C@@H](O)[C@H](C)CCc1ccc(C)c(O)c1C(=O)O)[C@H]1O[C@](CC)([C@H]2CC[C@](O)(CC)[C@H](C)O2)C[C@@H]1C
2213,C[C@H]1[C@@H](C(=O)N1S(=O)(=O)[O-])NC(=O)/C(=N\OC(C)(C)C(=O)O)/c2csc(n2)[NH3+],Aztreonam,-1.6,-1.64,0.04,23,227,435.44,0.84,2.66,3.62,2.46,2.76,-2.22,5.75,C[C@H]1[C@H](NC(=O)/C(=N\OC(C)(C)C(=O)O)c2csc([NH3+])n2)C(=O)N1S(=O)(=O)[O-]
2214,C[C@H]1[C@H]([C@@](C[C@@H](O1)O[C@@H]2[C@H]([C@@H]([C@H](O[C@H]2Oc3c4cc5cc3Oc6ccc(cc6Cl)[C@H]([C@H](C(=O)N[C@H](C(=O)N[C@H]5C(=O)N[C@@H]7c8ccc(c(c8)-c9c(cc(cc9O)O)[C@H](NC(=O)[C@H]([C@@H](c1ccc(c(c1)Cl)O4)O)NC7=O)C(=O)O)O)CC(=O)N)NC(=O)[C@@H](CC(C)C)NC)O)CO)O)O)(C)N)O,Vancomycin,-3.01,-3.21,0.14,37,175,1449.25,5.81,10.56,12.32,9.73,9.88,0.11,22.25,CN[C@H](CC(C)C)C(=O)N[C@H]1C(=O)N[C@@H](CC(N)=O)C(=O)N[C@H]2C(=O)N[C@H]3C(=O)N[C@H](C(=O)N[C@H](C(=O)O)c4cc(O)cc(O)c4-c4cc3ccc4O)[C@H](O)c3ccc(c(Cl)c3)Oc3cc2cc(c3O[C@@H]2O[C@H](CO)[C@@H](O)[C@H](O)[C@H]2O[C@H]2C[C@](C)(N)[C@H](O)[C@H](C)O2)Oc2ccc(cc2Cl)[C@H]1O
2215,C[C@H]1[C@H]([C@H](C[C@@H](O1)O[C@H]2C[C@@](Cc3c2c(c4c(c3O)C(=O)c5cccc(c5C4=O)OC)O)(C(=O)C)O)N)O,Daunorubicin<Daunomycin>,-4.11,-4.13,0.39,23,209,527.52,0.93,3.06,3.53,3.59,3.67,1.03,6.32,COc1cccc2c1C(=O)c1c(O)c3c(c(O)c1C2=O)C[C@@](O)(C(C)=O)C[C@@H]3O[C@H]1C[C@H](N)[C@H](O)[C@H](C)O1
2216,C[C@H]1[C@H]([C@H](C[C@@H](O1)O[C@H]2C[C@@](Cc3c2c(c4c(c3O)C(=O)c5ccccc5C4=O)O)(C(=O)C)O)N)O,Idarubicin,-6.58,-6.44,0.9,37,210,497.49,0.93,2.85,3.43,3.52,3.47,1.02,5.77,CC(=O)[C@]1(O)Cc2c(O)c3c(c(O)c2[C@@H](O[C@H]2C[C@H](N)[C@H](O)[C@H](C)O2)C1)C(=O)c1ccccc1C3=O
2217,C[C@H]1[C@H]2Cc3ccc(cc3[C@@]1(CCN2CC=C(C)C)C)O,Pentazocine,-3.94,-3.96,0.24,23,146,285.42,0.5,1.04,1.13,1.54,2.45,3.88,3.61,CC(C)=CCN1CC[C@@]2(C)c3cc(O)ccc3C[C@@H]1[C@@H]2C
2218,C[C@](c1ccc(cc1)F)(c2cnc(nc2)N3CCN(CC3)c4c5cc(cn5ncn4)c6cnn(c6)C)N,Avapritinib<AYVAKIT>,-5.87,-5.9,0.48,23,193,498.56,0.21,2.74,2.96,4.06,3.62,2.61,5.56,Cn1cc(-c2cc3c(N4CCN(c5ncc([C@@](C)(N)c6ccc(F)cc6)cn5)CC4)ncnn3c2)cn1
2219,C[C@]1(CC[C@@H](C1(C)C)C(=O)O)C(=O)O,(+)-D-CamphoricAcid,-1.45,-1.45,0.17,25,186,200.24,1.14,0.78,1.03,0.52,1.56,1.6,2.34,CC1(C)[C@@H](C(=O)O)CC[C@@]1(C)C(=O)O
2220,C[C@]1(c2cccc(c2C(=O)C3=C([C@]4([C@@H]([C@H]([C@@H]31)O)[C@@H](C(=C(C4=O)C(=O)N)O)N(C)C)O)O)O)O,Oxytetracycline<Terramycin>,-3.28,-3.28,0.08,25,204,460.44,2.04,3.57,3.85,3.57,3.16,-1.24,4.77,CN(C)[C@@H]1C(O)=C(C(N)=O)C(=O)[C@@]2(O)C(O)=C3C(=O)c4c(O)cccc4[C@@](C)(O)[C@H]3[C@H](O)[C@@H]12
2221,C[C@]12CCC(=O)C=C1C=C[C@@H]3[C@@H]2CC[C@]4([C@H]3CC[C@@]45CCC(=O)O5)C,Canrenone,-6.1,-6.1,0.04,25,150,340.46,0,1.23,3.27,1.83,2.67,4.37,3.08,C[C@]12CCC(=O)C=C1C=C[C@@H]1[C@@H]2CC[C@@]2(C)[C@H]1CC[C@@]21CCC(=O)O1
2222,C[C@]12CCC(=O)C=C1CC[C@@H]3[C@@H]2C(=O)C[C@]4([C@H]3CCC4=O)C,Adrenosterone,-3.47,-3.48,0.04,24,220,300.39,0,1.31,2.99,1.77,2.36,3.27,2.86,C[C@]12CCC(=O)C=C1CC[C@@H]1[C@@H]2C(=O)C[C@]2(C)C(=O)CC[C@@H]12
2223,C[C@]12CCC(=O)C=C1CC[C@@H]3[C@@H]2CC[C@]4([C@H]3CC[C@@]4(C(=O)CO)O)C,11-Deoxy-17-hydroxycorticosterone<Cortexolone>,-3.98,-3.9,0.37,37,208,346.46,0.41,1.6,2.66,1.82,2.74,2.81,3.83,C[C@]12CCC(=O)C=C1CC[C@@H]1[C@@H]2CC[C@@]2(C)[C@H]1CC[C@]2(O)C(=O)CO
2224,C[C@]12CCC(=O)C=C1CC[C@@H]3[C@@H]2CC[C@]4([C@H]3CC[C@]4(C#C)O)C,Ethisterone<Pregnin>,-5.89,-5.89,0.11,25,269,312.45,0.4,1.08,2.4,1.78,2.58,3.88,3.18,C#C[C@]1(O)CC[C@H]2[C@@H]3CCC4=CC(=O)CC[C@]4(C)[C@H]3CC[C@@]21C
2225,C[C@]12CCC(=O)C=C1CC[C@@H]3[C@@H]2[C@H](C[C@]4([C@H]3CC[C@@]4(C(=O)CO)O)C)O,Hydrocortisone<Cortisol>,-3.07,-3.09,0.08,23,219,362.47,0.73,1.9,2.92,2.04,2.8,1.78,4.04,C[C@]12CCC(=O)C=C1CC[C@@H]1[C@@H]2[C@@H](O)C[C@@]2(C)[C@H]1CC[C@]2(O)C(=O)CO
2226,C[C@]12CCC(=O)C=C1CC[C@@H]3[C@@H]2[C@H](C[C@]4([C@H]3CC[C@@]4(C(=O)COC(=O)CCC(=O)O)O)C)O,Hydrocortisone-21-Succinate,-2.65,-2.47,0.17,37,157,462.54,1.06,2.3,3.61,2.1,3.45,2.2,6.06,C[C@]12CCC(=O)C=C1CC[C@@H]1[C@@H]2[C@@H](O)C[C@@]2(C)[C@H]1CC[C@]2(O)C(=O)COC(=O)CCC(=O)O
2227,C[C@]12CCC(=O)C=C1CC[C@@H]3[C@@H]2[C@H](C[C@]4([C@H]3CC[C@@]4(C(=O)COP(=O)(O)O)O)C)O,Hydrocortisone-21-phosphate,-6.32,-6.16,0.84,37,161,442.45,1.11,2.94,3.5,2.46,3.18,1.9,5.25,C[C@]12CCC(=O)C=C1CC[C@@H]1[C@@H]2[C@@H](O)C[C@@]2(C)[C@H]1CC[C@]2(O)C(=O)COP(=O)(O)O
2228,C[C@]12CCC(=O)C=C1C[C@H]([C@@H]3[C@]24[C@H](O4)C[C@]5([C@H]3CC[C@@]56CCC(=O)O6)C)C(=O)OC,Eplerenone,-3.16,-3.16,0.09,25,219,414.49,0,1.75,3.73,1.98,3.02,3.12,3.53,COC(=O)[C@@H]1CC2=CC(=O)CC[C@]2(C)[C@@]23O[C@@H]2C[C@@]2(C)[C@@H](CC[C@@]24CCC(=O)O4)[C@H]13
2229,C[C@]12CCC(=O)C=C1[C@H](C[C@@H]3[C@@H]2[C@H](C[C@]4([C@H]3C[C@@H]5[C@]4(OC(O5)(C)C)C(=O)CO)C)O)F,Fludroxycortide<Flurandrenolone>,-3.17,-3.17,0.2,25,251,436.51,0.49,2.09,3.06,2.06,3.19,2.5,4.52,CC1(C)O[C@@H]2C[C@H]3[C@@H]4C[C@H](F)C5=CC(=O)CC[C@]5(C)[C@H]4[C@@H](O)C[C@]3(C)[C@]2(C(=O)CO)O1
2230,C[C@]12CCC3=C([C@@H]1CCC2=O)C=CC4=C3C=CC(=C4)O,Equilenin,-5.24,-5.24,0.02,25,259,266.34,0.5,0.97,2.78,2.35,2.07,3.94,2.3,C[C@]12CCc3c(ccc4cc(O)ccc34)[C@@H]1CCC2=O
2231,C[C@]12CCC3=C([C@@H]1CC[C@H]2O)C=CC4=C3C=CC(=C4)O,17?-Dihydroequilenin,-4.64,-4.64,0.28,25,175,268.36,0.5,1,2.59,1.98,2.11,3.74,2.43,C[C@]12CCc3c(ccc4cc(O)ccc34)[C@@H]1CC[C@H]2O
2232,C[C@]12CCC3=C4CCC(=O)C=C4CC[C@H]3[C@@H]1CC[C@]2(CC#N)O,Dienogest,-3.31,-3.31,0.23,25,212,311.42,0.38,1.22,2.84,1.83,2.49,3.84,3.33,C[C@]12CCC3=C4CCC(=O)C=C4CC[C@H]3[C@@H]1CC[C@@]2(O)CC#N
2233,C[C@]12CCC3[C@@]4(CCC[C@@]([C@H]4CC[C@@]3(C1)CC2=O)(C)C(=O)O)C,Isosteviol,-8.1,-8.1,0.47,25,231,318.45,0.57,0.82,1.23,1.16,2.58,4.44,3,C[C@@]12CCC3[C@@](CC[C@@H]4[C@](C)(C(=O)O)CCC[C@@]34C)(CC1=O)C2
2234,C[C@]12CC[C@@H](C([C@@H]1CC[C@@]3([C@@H]2CC=C4[C@]3(CC[C@@]5([C@H]4CC(CC5)(C)C)C(=O)O)C)C)(C)C)O,OleanolicAcid,-9.52,-9.56,0.16,23,300,456.7,0.88,1,1.02,1.46,3.88,7.23,4.99,CC1(C)CC[C@]2(C(=O)O)CC[C@]3(C)C(=CC[C@@H]4[C@@]5(C)CC[C@H](O)C(C)(C)[C@@H]5CC[C@]43C)[C@@H]2C1
2235,C[C@]12CC[C@@H](CC1=CC[C@@H]3[C@@H]2CC[C@]4([C@H]3CC=C4c5cccnc5)C)O,Abiraterone,-5.04,-5.06,0.58,23,225,349.51,0.31,1.16,2.41,2.09,2.89,5.4,3.73,C[C@]12CC[C@H](O)CC1=CC[C@@H]1[C@@H]2CC[C@]2(C)C(c3cccnc3)=CC[C@@H]12
2236,C[C@]12CC[C@@H](C[C@@H]1CC[C@@H]3[C@@H]2CC[C@]4([C@H]3CCC4=O)C)O,Epiandrosterone<Isoandrosterone>,-4.15,-4.16,0.26,24,175,290.45,0.31,0.96,2.21,1.43,2.43,3.96,3.1,C[C@]12CC[C@H](O)C[C@@H]1CC[C@@H]1[C@@H]2CC[C@]2(C)C(=O)CC[C@@H]12
2237,C[C@]12CC[C@@H]3c4ccc(cc4CC[C@H]3[C@@H]1CC[C@@H]2O)O,?-Estradiol,-4.74,-4.74,0.17,25,176,272.39,0.81,0.95,2.3,1.85,2.2,3.61,2.69,C[C@]12CC[C@@H]3c4ccc(O)cc4CC[C@H]3[C@@H]1CC[C@@H]2O
2238,C[C@]12CC[C@@H]3c4ccc(cc4CC[C@H]3[C@@H]1CC[C@@H]2O)OC(=O)c5ccccc5,17?-Estradiol3-Benzoate,-5.97,-5.97,0.77,25,189,376.49,0.31,1.1,2.89,2.28,2.96,5.12,4.31,C[C@]12CC[C@@H]3c4ccc(OC(=O)c5ccccc5)cc4CC[C@H]3[C@@H]1CC[C@@H]2O
2239,C[C@]12CC[C@@H]3c4ccc(cc4CC[C@H]3[C@@H]1CC[C@H]2O)O,Epiestradiol<17?-Estradiol>,-4.85,-4.85,0.18,25,215,272.39,0.81,0.95,2.3,1.85,2.2,3.61,2.69,C[C@]12CC[C@@H]3c4ccc(O)cc4CC[C@H]3[C@@H]1CC[C@H]2O
2240,C[C@]12CC[C@@H]3c4ccc(cc4CC[C@H]3[C@@H]1CC[C@]2(C#C)O)O,17?-Ethinylestradiol,-4.04,-4.04,0.3,25,144,296.4,0.9,1.02,2.43,2.07,2.39,3.61,2.91,C#C[C@]1(O)CC[C@H]2[C@@H]3CCc4cc(O)ccc4[C@H]3CC[C@@]21C
2241,C[C@]12CC[C@H](C1(C)C)C[C@H]2O,[(1s)-endo]-(-)-Borneol,-2.52,-2.52,0.14,25,207,154.249,0.31,0.41,0.49,0.6,1.36,2.19,1.26,CC1(C)[C@H]2CC[C@]1(C)[C@H](O)C2
2242,C[C@]12CC[C@H](C[C@@H]1CC[C@@H]3[C@@H]2CC[C@]4([C@H]3CCC4=O)C)O,Androsterone,-4.39,-4.4,0.09,24,181,290.44,0.31,0.96,2.21,1.43,2.43,3.96,3.1,C[C@]12CC[C@@H](O)C[C@@H]1CC[C@@H]1[C@@H]2CC[C@]2(C)C(=O)CC[C@@H]12
2243,C[C@]12CC[C@H](C[C@H]1CC[C@@H]3[C@@H]2C(=O)C[C@]4([C@H]3CCC4=O)C)O,11-Ketoetiocholanolone,-3.11,-3.13,0.29,24,144,304.42,0.31,1.26,2.7,1.64,2.44,3.14,3.15,C[C@]12CC[C@@H](O)C[C@H]1CC[C@@H]1[C@@H]2C(=O)C[C@]2(C)C(=O)CC[C@@H]12
2244,C[C@]12CC[C@H](C[C@H]1CC[C@@H]3[C@@H]2CC[C@]4([C@H]3CCC4=O)C)O,Etiocholanolone,-3.99,-4,0.01,24,135,290.44,0.31,0.96,2.21,1.43,2.43,3.96,3.1,C[C@]12CC[C@@H](O)C[C@H]1CC[C@@H]1[C@@H]2CC[C@]2(C)C(=O)CC[C@@H]12
2245,C[C@]12CC[C@H](C[C@H]1CC[C@@H]3[C@@H]2[C@H](C[C@]4([C@H]3CCC4=O)C)O)O,11-Hydroxyisoandrosterone,-3.58,-3.59,0.06,24,160,306.44,0.63,1.26,2.47,1.64,2.48,2.93,3.3,C[C@]12CC[C@@H](O)C[C@H]1CC[C@@H]1[C@@H]2[C@@H](O)C[C@]2(C)C(=O)CC[C@@H]12
2246,C[C@]12CC[C@H]3C(=CCC4=C3C=CC(=C4)O)[C@@H]1CCC2=O,Equilin,-4.97,-4.99,0.28,23,175,268.36,0.5,1,2.59,1.98,2.11,3.74,2.42,C[C@]12CC[C@H]3C(=CCc4cc(O)ccc43)[C@@H]1CCC2=O
2247,C[C@]12CC[C@H]3C(=CCC4=C3C=CC(=C4)O)[C@@H]1CC[C@H]2O,17?-Dihydroequilin,-4.4,-4.4,0.28,25,174,270.37,0.81,1,2.35,1.98,2.16,3.53,2.56,C[C@]12CC[C@H]3C(=CCc4cc(O)ccc43)[C@@H]1CC[C@H]2O
2248,C[C@]12CC[C@H]3[C@H]([C@@H]1CCC2=O)CC=C4[C@@]3(CC[C@@H](C4)O)C,Prasterone,-4.11,-4.12,0.13,24,141,288.42,0.31,1.01,2.27,1.55,2.38,3.88,2.96,C[C@]12CC[C@H](O)CC1=CC[C@@H]1[C@@H]2CC[C@]2(C)C(=O)CC[C@@H]12
2249,C[C@]12CC[C@H]3[C@H]([C@@H]1CC[C@@H]2C(=O)NC(C)(C)C)CC=C4[C@@]3(CCC(=C4)C(=O)O)C,Epristeride(SKF-105657),-8.71,-8.76,0.5,23,254,399.58,0.83,1.44,2.81,1.73,3.3,5.1,4.79,CC(C)(C)NC(=O)[C@H]1CC[C@H]2[C@@H]3CC=C4C=C(C(=O)O)CC[C@]4(C)[C@H]3CC[C@]12C
2250,C[C@]12CC[C@H]3[C@H]([C@@H]1CC[C@@H]2C(=O)NC(C)(C)C)CC[C@@H]4[C@@]3(C=CC(=O)N4)C,Finasteride,-3.92,-3.94,0.36,23,254,372.54,0.51,1.6,3.23,1.77,3.1,3.81,4.29,CC(C)(C)NC(=O)[C@H]1CC[C@H]2[C@@H]3CC[C@H]4NC(=O)C=C[C@]4(C)[C@H]3CC[C@]12C
2251,C[C@]12CC[C@H]3[C@H]([C@@H]1CC[C@@H]2C(=O)NC4=C(C=CC(=C4)C(F)(F)F)C(F)(F)F)CC[C@@H]5[C@@]3(C=CC(=O)N5)C,Dutasteride<Avodart>,-7.34,-7.35,0.05,23,250,528.53,0.73,1.4,3.2,1.69,3.53,6.58,5.99,C[C@]12C=CC(=O)N[C@@H]1CC[C@@H]1[C@@H]2CC[C@]2(C)[C@@H](C(=O)Nc3cc(C(F)(F)F)ccc3C(F)(F)F)CC[C@@H]12
2252,C[C@]12CC[C@H]3[C@H]([C@@H]1CC[C@@H]2OC(=O)CC4=CC=CC=C4)CCC5=CC(=O)CC[C@]35C,TestosteronePhenylacetate,-4.65,-4.66,0.5,23,137,406.56,0,1.15,2.86,1.99,3.29,5.67,4.91,C[C@]12CC[C@H]3[C@@H](CCC4=CC(=O)CC[C@@]43C)[C@@H]1CC[C@@H]2OC(=O)Cc1ccccc1
2253,C[C@]12CC[C@H]3[C@H]([C@@H]1CC[C@]2(C#C)O)CCC4=CC(=O)CC[C@H]34,Norethindrone<19-Norethisterone>,-4.67,-4.67,0.1,25,204,298.43,0.4,1.07,2.44,1.81,2.44,3.49,3.11,C#C[C@]1(O)CC[C@H]2[C@@H]3CCC4=CC(=O)CC[C@@H]4[C@H]3CC[C@@]21C
2254,C[C@]12CC[C@H]3[C@H]([C@@H]1[C@H]([C@H]([C@@H]2O)O)O)CCC4=C3C=CC(=C4)O,Estetrol<inKORSUVA>,-3.18,-3.02,0.01,37,235,304.38,1.31,1.56,2.8,2.27,2.32,1.55,3.1,C[C@]12CC[C@@H]3c4ccc(O)cc4CC[C@H]3[C@@H]1[C@@H](O)[C@@H](O)[C@@H]2O
2255,C[C@]12C[C@@H]([C@H]3[C@H]([C@@H]1CC[C@@]2(C(=O)COC(=O)CCC(=O)O)O)CCC4=CC(=O)C=C[C@]34C)O,Prednisolone-21-Succinate,-2.52,-2.34,0.17,37,158,460.52,1.06,2.36,3.71,2.25,3.41,1.97,5.9,C[C@]12C=CC(=O)C=C1CC[C@@H]1[C@@H]2[C@@H](O)C[C@@]2(C)[C@H]1CC[C@]2(O)C(=O)COC(=O)CCC(=O)O
2256,C[C@]12C[C@@H]([C@H]3[C@H]([C@@H]1CC[C@@]2(C(=O)COP(=O)(O)O)O)CCC4=CC(=O)C=C[C@]34C)O,Prednisolone-21-Phosphate,-6.33,-6.16,0.84,37,163,440.42,1.11,3,3.59,2.62,3.14,1.67,5.09,C[C@]12C=CC(=O)C=C1CC[C@@H]1[C@@H]2[C@@H](O)C[C@@]2(C)[C@H]1CC[C@]2(O)C(=O)COP(=O)(O)O
2257,C[C@]12O[C@H]4O[C@H](OC)[C@H](C)[C@@H]3CC[C@@H](C)[C@H](CC1)[C@@]34OO2,Artemether,-2.82,-2.81,0.11,23,88,298.37,0,1.27,1.13,1.05,2.22,2.84,3.19,CO[C@H]1O[C@@H]2O[C@@]3(C)CC[C@H]4[C@H](C)CC[C@@H]([C@H]1C)[C@@]24OO3
2258,C[C@]12[C@H]3C[C@H](C3(C)C)C[C@H]1O2,(-)-?-PineneOxide<Epoxyorthodene>,-2.59,-2.59,0.33,25,42,152.233,0,0.35,0.44,0.66,1.25,2.21,0.82,CC1(C)[C@@H]2C[C@H]3O[C@@]3(C)[C@H]1C2
2259,C[C@]14C(=CC(C1=O)=O)[C@H]3[C@@H]([C@]2(CCCCC2CC3)C)CC4,Androstenedione,-3.7,-3.7,0.31,25,158,286.41,0,1.01,2.5,1.56,2.34,4.09,2.81,C[C@]12CC[C@H]3[C@@H](CCC4CCCC[C@@]43C)C1=CC(=O)C2=O
2260,C[N+]1([C@@H]2C[C@H](C[C@H]1[C@H]3[C@@H]2O3)OC(=O)C(c4cccs4)(c5cccs5)O)C,Tiotropium(+).Br·H2O,-1.29,-1.29,0.17,23,230,392.51,0.17,0.78,1.53,1.74,2.97,2.35,3.65,C[N+]1(C)[C@@H]2C[C@@H](OC(=O)C(O)(c3cccs3)c3cccs3)C[C@H]1[C@@H]1O[C@@H]12
2261,C[N]1C(=NC2=C1C(N(C(N2C)=O)C)=O)C,"1,3,7,8-Tetramethyl-3,7-dihydro-1H-purine-2,6-dione",-1.45,-1.45,0.17,25,193,208.22,0,1.27,1.85,1.5,1.5,-0.72,1.82,Cc1nc2c(c(=O)n(C)c(=O)n2C)n1C
2262,C[N]1C(=NN=N1)SSC2=NN=N[N]2C,"5,5'-Disulfanediylbis(1-methyl-1H-tetrazole)",-1.76,-1.76,0.17,25,152,230.28,0,1.56,2.36,2.32,1.41,-0.47,2.63,Cn1nnnc1SSc1nnnn1C
2263,C[N]1C=NC2=C1N=CNC2=O,9-Methylhypoxanthine,-1.73,-1.8,0.17,20,214,150.14,0.26,1.16,1.73,1.39,1.02,-0.34,1.06,Cn1cnc2c(=O)[nH]cnc21
2264,C[N]2C1=CC=CC=C1C(=C2C(=O)N)C(=O)N,"1-Methyl-1H-Indole-2,3-dicarboxamide",-1.78,-1.82,0.17,23,213,217.23,0.97,1.4,2.73,2.11,1.6,0.38,2.15,Cn1c(C(N)=O)c(C(N)=O)c2ccccc21
2265,C[S](=O)(=O)C(C)(C)[S](=O)(=O)C,"2,2-Bis(methylsulfonyl)propane",-1.45,-1.45,0.17,23,66,200.28,0,1.15,1.94,0.19,1.37,-0.19,2.43,CC(C)(S(C)(=O)=O)S(C)(=O)=O
2266,C[S](=O)(=O)C(C)[S](=O)(=O)C,"1,1-Bis(methylsulfonyl)ethane",-1.41,-1.42,0.17,23,68,186.25,0,1.14,1.99,0.21,1.23,-0.58,2.48,CC(S(C)(=O)=O)S(C)(=O)=O
2267,C[Si](Cn1cncn1)(c2ccc(cc2)F)c3ccc(cc3)F,Flusilazole,-3.73,-3.77,0.32,20,54,315.4,0,0.69,1.83,1.55,2.27,1.99,3.85,C[Si](Cn1cncn1)(c1ccc(F)cc1)c1ccc(F)cc1
2268,C\C(C(=O)O)=C\C(=O)O,MesaconicAcid,-0.6,-0.7,0.17,18,94,130.1,1.14,0.77,1.11,0.47,0.92,0.1,2.44,C/C(=C/C(=O)O)C(=O)O
2269,Cc1[nH]c-2c(n1)CCN(c3c2cccc3)C(=O)c4ccc(cc4)NC(=O)c5ccccc5c6ccccc6,Conivaptan,-7.38,-7.43,1.06,23,217,498.59,0.75,2.01,4.35,4.38,3.79,6.51,6.05,Cc1nc2c([nH]1)-c1ccccc1N(C(=O)c1ccc(NC(=O)c3ccccc3-c3ccccc3)cc1)CC2
2270,Cc1c(C(NC)=O)c2c(o1)cc(cc2)Oc1c2ccc(cc2ncc1)OCCN1CCOCC1,PF-00337210,-5.26,-5.49,0.35,5,192,461.52,0.26,2.32,3.2,3.29,3.39,4.15,6.33,CNC(=O)c1c(C)oc2cc(Oc3ccnc4cc(OCCN5CCOCC5)ccc34)ccc12
2271,Cc1c(C)cc(C)c(C)c1,"Durene<1,2,4,5-Tetramethylbenzene>",-4.59,-4.59,0.49,25,79,134.22,0,0.12,0.46,0.65,1.28,2.92,1.8,Cc1cc(C)c(C)cc1C
2272,Cc1c(Oc2ncc([Br])cn2)ccc(c1)NC(=O)NC(=O)c1c(N(C)C)cccc1,NSC-639829,-7.24,-7.24,0.23,25,196,470.33,0.6,2.03,3.25,3,3.12,4.37,6.63,Cc1cc(NC(=O)NC(=O)c2ccccc2N(C)C)ccc1Oc1ncc(Br)cn1
2273,Cc1c(c(=O)ccn1C)O,Deferiprone,-0.97,-0.97,0.06,25,124,139.15,0.31,1.25,1.31,1.06,1.07,0.4,1.49,Cc1c(O)c(=O)ccn1C
2274,Cc1c(c(=O)n(n1C)c2ccccc2)C(C)C,Propylphenazone,0.51,0.51,0.03,25,103,230.31,0,1.33,1.69,1.4,1.91,2.61,2.92,Cc1c(C(C)C)c(=O)n(-c2ccccc2)n1C
2275,Cc1c(c(=O)n(n1C)c2ccccc2)N,4-Aminoantipyrine,0.31,0.32,0.07,25,109,203.24,0.21,1.72,1.91,1.65,1.58,1.07,2.11,Cc1c(N)c(=O)n(-c2ccccc2)n1C
2276,Cc1c(c(=O)n2c(n1)C(CCC2)O)CCN3CCC(CC3)c4c5ccc(cc5on4)F,Paliperidone,-4.31,-4.31,0.26,25,159,426.48,0.31,2.01,2.48,2.8,3.1,3.08,5.35,Cc1nc2n(c(=O)c1CCN1CCC(c3noc4cc(F)ccc34)CC1)CCCC2O
2277,Cc1c(c(=O)n2c(n1)CCCC2)CCN3CCC(CC3)c4c5ccc(cc5on4)F,Risperidone,-4.2,-4.2,0.12,25,170,410.48,0,1.7,2.23,2.59,3.04,3.59,5.15,Cc1nc2n(c(=O)c1CCN1CCC(c3noc4cc(F)ccc34)CC1)CCCC2
2278,Cc1c(c(c(c(c1[N+](=O)[O-])C(C)(C)C)[N+](=O)[O-])C)C(=O)C,MuskKetone,-2.4,-2.4,0.14,25,136,294.3,0,0.66,2.04,1.38,2.21,3.62,4.17,CC(=O)c1c(C)c([N+](=O)[O-])c(C(C)(C)C)c([N+](=O)[O-])c1C
2279,Cc1c(c(no1)c2ccc(cc2)F)COc3ccc(cn3)C(=O)N4CCS(=O)(=O)CC4,Basmisanil,-6.07,-5.94,0.44,37,173,445.46,0,2.11,3.68,2.64,2.93,2.63,5.73,Cc1onc(-c2ccc(F)cc2)c1COc1ccc(C(=O)N2CCS(=O)(=O)CC2)cn1
2280,Cc1c(c(no1)c2ccccc2)c3ccc(cc3)S(=O)(=O)N,Valdecoxib,-4.46,-4.27,0.04,37,172,314.36,0.44,1.24,2.5,2.81,2.23,2.96,3.56,Cc1onc(-c2ccccc2)c1-c1ccc(S(N)(=O)=O)cc1
2281,Cc1c(c2c(c(c1O)C)CCC(O2)(C)COc3ccc(cc3)CC4C(=O)NC(=O)S4)C,Troglitazone,-6.24,-6.28,0.83,23,185,441.54,0.65,1.85,2.49,2.83,3.27,4.37,5.64,Cc1c(C)c2c(c(C)c1O)CCC(C)(COc1ccc(CC3SC(=O)NC3=O)cc1)O2
2282,Cc1c(c2cc(ccc2n1C(=O)C=Cc3ccccc3)OC)CC(=O)O,Cinmetacin,-5.5,-5.54,0.68,23,170,349.39,0.57,1.31,2.51,2.45,2.65,3.94,4.89,COc1ccc2c(c1)c(CC(=O)O)c(C)n2C(=O)C=Cc1ccccc1
2283,Cc1c(c2cc(ccc2nc1c3ccc(cc3)c4ccccc4F)F)C(=O)O,Brequinar,-6.33,-6.38,0.22,23,194,375.37,0.57,0.99,2.35,3.03,2.65,5.85,4.35,Cc1c(-c2ccc(-c3ccccc3F)cc2)nc2ccc(F)cc2c1C(=O)O
2284,Cc1c(c2ccc([Cl])cc2)n(c2c([Cl])cc([Cl])cc2)nc1C(=O)NN1CCCCC1,Rimonabant,-6.36,-6.39,0.42,23,155,463.79,0.26,1.55,3.13,3.38,3.21,5.94,6.34,Cc1c(C(=O)NN2CCCCC2)nn(-c2ccc(Cl)cc2Cl)c1-c1ccc(Cl)cc1
2285,Cc1c(c2ccccc2[nH]1)CCNCc3ccc(cc3)/C=C/C(=O)NO,Panobinostat,-4.82,-4.84,0.07,23,115,349.43,1.01,1.77,2.82,2.68,2.77,3.33,5.84,Cc1[nH]c2ccccc2c1CCNCc1ccc(/C=C/C(=O)NO)cc1
2286,Cc1c(cc(c(c1[N+](=O)[O-])OC(=O)C)C(C)(C)C)[N+](=O)[O-],MedinoterbAcetate,-4.46,-4.47,0.47,23,87,296.28,0,0.69,2.01,1.21,2.13,3.03,4.31,CC(=O)Oc1c(C(C)(C)C)cc([N+](=O)[O-])c(C)c1[N+](=O)[O-]
2287,Cc1c(cccc1C(=O)Nc2ccc(nc2)N3C[C@H](O[C@H](C3)C)C)c4ccc(cc4)OC(F)(F)F,Sonidegib,-6.94,-6.95,0.97,23,156,485.5,0.41,1.73,2.76,2.59,3.44,5.82,6.97,Cc1c(C(=O)Nc2ccc(N3C[C@@H](C)O[C@@H](C)C3)nc2)cccc1-c1ccc(OC(F)(F)F)cc1
2288,Cc1c(cccc1O)C(=O)N[C@H]([C@@H](CN1[C@@H](C[C@]2([C@@](C1)(CCCC2)([H]))([H]))(C(=O)NC(C)(C)C))(O))(CSc1ccccc1),Nelfinavir<AG1343>,-5.81,-5.82,0.15,23,350,567.78,1.27,2.81,3.62,3.2,4.54,4.75,10.19,Cc1c(O)cccc1C(=O)N[C@@H](CSc1ccccc1)[C@H](O)CN1C[C@H]2CCCC[C@H]2C[C@H]1C(=O)NC(C)(C)C
2289,Cc1c(cccn1)c2c(nccn2)OC3CN(C3)c4ccc5ccccc5n4,R047cmpd37,-3.58,-3.61,0.29,23,189,369.42,0,1.77,2.67,3.38,2.75,3.66,4.08,Cc1ncccc1-c1nccnc1OC1CN(c2ccc3ccccc3n2)C1
2290,Cc1c(noc1N(C(=O)C)S(=O)(=O)c2ccc(cc2)N)C,Acetylsulfisoxazole<Acetylsulfafurazole>,-4.07,-3.92,0.39,37,194,309.35,0.23,1.62,2.98,2.13,2.16,1.62,3.73,CC(=O)N(c1onc(C)c1C)S(=O)(=O)c1ccc(N)cc1
2291,Cc1c(noc1NS(=O)(=O)c2ccc(cc2)NC(=O)C)C,N(4)-Acetylsulfisoxazole,-1.82,-1.61,0.17,37,194,309.35,0.77,1.54,2.79,2.03,2.16,2.05,3.99,CC(=O)Nc1ccc(S(=O)(=O)Nc2onc(C)c2C)cc1
2292,Cc1c(sc(n1)NC(=O)N2CCC[C@H]2C(=O)N)c3ccnc(c3)C(C)(C)C(F)(F)F,Alpelisib<PIQRAY>,-4.47,-4.37,0.14,37,208,441.47,0.8,1.8,2.86,2.27,2.99,3.84,5.77,Cc1nc(NC(=O)N2CCC[C@H]2C(N)=O)sc1-c1ccnc(C(C)(C)C(F)(F)F)c1
2293,Cc1c2c(c(n(c1=O)C)Nc3ccc(cc3F)I)c(=O)n(c(=O)n2c4cccc(c4)NC(=O)C)C5CC5,Trametinib<Mekinist>,-6.53,-6.32,0.08,37,300,615.4,0.6,2.63,4.47,3.93,3.72,3.94,6.26,CC(=O)Nc1cccc(-n2c(=O)n(C3CC3)c(=O)c3c(Nc4ccc(I)cc4F)n(C)c(=O)c(C)c32)c1
2294,Cc1c2c(ccc1)c3c(C2)cccc3,1-Methyl-9H-fluorene,-5.22,-5.22,0.62,25,85,180.25,0,0.19,1.07,1.67,1.5,3.57,1.51,Cc1cccc2c1Cc1ccccc1-2
2295,Cc1c2c(ccn1)c3ccc(cc3[nH]2)OC,Harmine,-5.17,-5.27,1.32,20,264,212.25,0.31,0.88,1.6,2.07,1.61,3.03,1.86,COc1ccc2c(c1)[nH]c1c(C)nccc12
2296,Cc1c2c(ccn1)c3ccccc3[nH]2,Harmane,-3.98,-4.08,0.11,20,237,182.22,0.31,0.67,1.5,2.01,1.42,3.02,1.39,Cc1nccc2c1[nH]c1ccccc12
2297,Cc1c2c(nc(C)c1)N(C3CC3)c3ncccc3C(=O)N2,2-Methylnevirapine,-4.27,-4.27,0.43,25,203,280.33,0.42,1.37,2.24,2.38,2.09,2.96,2.51,Cc1cc(C)c2c(n1)N(C1CC1)c1ncccc1C(=O)N2
2298,Cc1c2cc(ccc2n(c1c3ccc(cc3)O)Cc4ccc(cc4)OCCN5CCCCCC5)O,Bazedoxifene,-5.45,-5.48,0.67,23,184,470.6,1,1.74,2.71,3.55,3.74,6.33,6.96,Cc1c(-c2ccc(O)cc2)n(Cc2ccc(OCCN3CCCCCC3)cc2)c2ccc(O)cc12
2299,Cc1c2cc(ccc2sc1CC(=O)O)Cl,Tianafac,-4.55,-4.55,0.06,25,175,240.71,0.57,0.44,1.35,1.58,1.63,3.49,2.67,Cc1c(CC(=O)O)sc2ccc(Cl)cc12
2300,Cc1c2ccccc2c(c3c1ccc4c3cccc4)C,"7,12-Dimethylbenz[a]anthracene",-6.99,-7.02,0.98,23,123,256.35,0,0.29,1.55,2.76,2.11,5.76,2.34,Cc1c2ccccc2c(C)c2c1ccc1ccccc12
2301,Cc1c2cnc(nc2n(c(=O)c1C(=O)C)C3CCCC3)Nc4ccc(cn4)N5CCNCC5,Palbociclib,-5.14,-5.17,0.63,23,246,447.53,0.29,2.55,3.42,3.22,3.38,2.97,5.8,CC(=O)c1c(C)c2cnc(Nc3ccc(N4CCNCC4)cn3)nc2n(C2CCCC2)c1=O
2302,Cc1cc(=O)n(n1C)c2ccccc2,Antipyrine,0.43,0.43,0.07,25,114,188.23,0,1.28,1.75,1.42,1.48,1.48,2,Cc1cc(=O)n(-c2ccccc2)n1C
2303,Cc1cc(=O)oc2c1cc3cc(oc3c2C)C,Trioxsalen,-5.5,-5.5,0.68,25,235,228.24,0,0.6,1.2,1.56,1.67,3.46,1.93,Cc1cc2cc3c(C)cc(=O)oc3c(C)c2o1
2304,Cc1cc(c(nc1)c2cc(ncc2Cl)N3CCc4c(cnc(n4)N5CCC(CC5)O)C3)C,Vismodegibanalog24,-3.88,-3.74,0.35,37,187,450.96,0.31,1.99,2.74,3.5,3.34,3.73,5.7,Cc1cnc(-c2cc(N3CCc4nc(N5CCC(O)CC5)ncc4C3)ncc2Cl)c(C)c1
2305,Cc1cc(cc(c1C[C@@H](C(=O)N(Cc2ccc(c(c2)C(=O)O)OC)[C@@H](C)c3[nH]cc(n3)c4ccccc4)N)C)C(=O)N,Eluxadoline,-2.4,-2.42,0.39,23,189,569.65,1.61,3.09,4.79,3.9,4.37,4.16,9.07,COc1ccc(CN(C(=O)[C@@H](N)Cc2c(C)cc(C(N)=O)cc2C)[C@@H](C)c2nc(-c3ccccc3)c[nH]2)cc1C(=O)O
2306,Cc1cc(cc(c1Nc2ccnc(n2)Nc3ccc(cc3)C#N)C)/C=C/C#N,Rilpivirine<Edurant>,-7.47,-7.51,0.38,23,248,366.42,0.16,1.26,3.13,2.87,2.88,4.99,5.64,Cc1cc(/C=C/C#N)cc(C)c1Nc1ccnc(Nc2ccc(C#N)cc2)n1
2307,Cc1cc(cc(c1Oc2c(c(nc(n2)Nc3ccc(cc3)C#N)N)Br)C)C#N,Etravirine,-4.64,-4.64,0.42,25,265,435.28,0.47,1.42,3.44,3.1,2.87,4.72,5.44,Cc1cc(C#N)cc(C)c1Oc1nc(Nc2ccc(C#N)cc2)nc(N)c1Br
2308,Cc1cc(ccc1N)c2ccc(N)c(C)c2,Bianisidine,-2.21,-2.21,0.17,25,132,212.29,0.45,0.84,1.83,2.04,1.81,3.13,2.56,Cc1cc(-c2ccc(N)c(C)c2)ccc1N
2309,Cc1cc(ccc1Oc2ccn3c(c2)ncn3)Nc4c5cc(ccc5ncn4)NC6=NC(CO6)(C)C,Tucatinib<Irinitinib><TUKYSA>,-4.81,-4.85,0.54,23,230,480.52,0.26,2.24,3.25,4.2,3.48,5.09,5.14,Cc1cc(Nc2ncnc3ccc(NC4=NC(C)(C)CO4)cc23)ccc1Oc1ccn2ncnc2c1
2310,Cc1cc(ccn1)c2c(nccn2)OC3CN(C3)c4ccc5ccccc5n4,R047cmpd39,-4.12,-4.15,0.4,23,186,369.42,0,1.77,2.67,3.38,2.75,3.66,4.08,Cc1cc(-c2nccnc2OC2CN(c3ccc4ccccc4n3)C2)ccn1
2311,Cc1cc(nc(n1)C)NS(=O)(=O)c2ccc(cc2)N,Sulfisomidine<Sulfasodimine>,-2,-2,0.28,25,243,278.34,0.59,1.44,2.49,2.12,2,1.48,3.39,Cc1cc(NS(=O)(=O)c2ccc(N)cc2)nc(C)n1
2312,Cc1cc(nc(n1)NS(=O)(=O)c2ccc(cc2)N)C,Sulfamethazine<Sulfamezathine><Sulfadimidine>,-2.87,-2.64,0.26,38,195,278.33,0.59,1.41,2.46,2.13,2,1.48,3.39,Cc1cc(C)nc(NS(=O)(=O)c2ccc(N)cc2)n1
2313,Cc1cc(no1)NC(=O)C2=C(c3ccccc3S(=O)(=O)N2C)O,Isoxicam,-5.61,-5.61,0.61,25,206,335.34,0.72,2.01,3.01,2.52,2.21,1.48,3.37,Cc1cc(NC(=O)C2=C(O)c3ccccc3S(=O)(=O)N2C)no1
2314,Cc1cc2c([nH]1)ccc(c2F)Oc3c4cc(c(cc4ncn3)OCCCN5CCCC5)OC,Cediranib,-7.54,-7.54,0.49,25,137,450.51,0.31,2.03,2.98,3.08,3.29,5.22,6,COc1cc2c(Oc3ccc4[nH]c(C)cc4c3F)ncnc2cc1OCCCN1CCCC1
2315,Cc1cc2c(c(c1)O)C(=O)c3c(cc(cc3O)O)C2=O,Emodin,-3.93,-3.95,0.36,24,257,270.24,1.18,1.04,2.32,2.42,1.85,1.89,2.35,Cc1cc(O)c2c(c1)C(=O)c1cc(O)cc(O)c1C2=O
2316,Cc1cc2c(cc1)cc(C)cc2,"2,6-Dimethylnaphthalene",-4.89,-4.89,0.55,25,112,156.23,0,0.17,0.9,1.32,1.37,3.46,1.61,Cc1ccc2cc(C)ccc2c1
2317,Cc1cc2c(cc1C)n(c-3nc(=O)[nH]c(=O)c3n2)C[C@@H]([C@@H]([C@@H](CO)O)O)O,Riboflavin<VitaminB2>,-3.65,-3.65,0.09,25,280,376.37,1.33,2.69,2.71,2.89,2.63,-1.72,5.07,Cc1cc2nc3c(=O)[nH]c(=O)nc-3n(C[C@H](O)[C@H](O)[C@H](O)CO)c2cc1C
2318,Cc1cc2ccccc2[nH]1,2-Methylindole,-1.42,-1.42,0.36,25,61,131.17,0.31,0.33,1.05,1.25,1.09,2.48,1.04,Cc1cc2ccccc2[nH]1
2319,Cc1cc2ccccc2cc1C,"2,3-Dimethylnaphthalene<Guajen>",-4.72,-4.72,0.52,25,105,156.23,0,0.17,0.9,1.32,1.37,3.46,1.61,Cc1cc2ccccc2cc1C
2320,Cc1ccc(=O)n(c1)c2ccccc2,Pirfenidone,-3.99,-4.01,0.37,23,109,185.22,0,0.85,1.67,1.4,1.48,2.15,2.19,Cc1ccc(=O)n(-c2ccccc2)c1
2321,Cc1ccc(c(c1)C(=O)N2CCN(CC[C@H]2C)c3nc4cc(ccc4o3)Cl)n5nccn5,Suvorexant(II),-5.67,-5.48,0.42,37,136,450.92,0,1.85,3.55,3.66,3.21,4.11,5.3,Cc1ccc(-n2nccn2)c(C(=O)N2CCN(c3nc4cc(Cl)ccc4o3)CC[C@H]2C)c1
2322,Cc1ccc(c(c1)C)N=CN(C)C=Nc2ccc(cc2C)C,Amitraz,-5.47,-5.47,0.67,23,86,293.41,0,0.98,0.92,1.8,2.52,4.87,5.1,Cc1ccc(N=CN(C)C=Nc2ccc(C)cc2C)c(C)c1
2323,Cc1ccc(c(c1)C)Sc2ccccc2N3CCNCC3,Vortioxetine,-5.35,-5.38,0.29,22,139,298.45,0.16,1.08,1.64,2.09,2.42,3.86,4.51,Cc1ccc(Sc2ccccc2N2CCNCC2)c(C)c1
2324,Cc1ccc(c(c1)NC(=O)Nc2ccc(cc2)c3cccc4c3c(n[nH]4)N)F,Linifanib<ABT-869>,-5.76,-5.8,0.73,23,180,375.4,1.34,1.46,3.26,3.53,2.74,4.9,4.4,Cc1ccc(F)c(NC(=O)Nc2ccc(-c3cccc4[nH]nc(N)c34)cc2)c1
2325,Cc1ccc(c(c1)O)C(C)C,Thymol,-2.21,-2.21,0.03,25,50,150.22,0.5,0.42,0.78,0.84,1.34,2.82,2.18,Cc1ccc(C(C)C)c(O)c1
2326,Cc1ccc(cc1)C(=O)O,4-ToluicAcid,-1.76,-1.76,0.51,25,180,136.15,0.57,0.44,1.02,0.77,1.07,1.69,1.72,Cc1ccc(C(=O)O)cc1
2327,Cc1ccc(cc1)C(=O)c2cc(c(c(c2)O)O)[N+](=O)[O-],Tolcapone,-4.19,-4.24,0.29,23,139,273.24,0.8,0.89,2.25,1.93,1.91,2.55,3.39,Cc1ccc(C(=O)c2cc(O)c(O)c([N+](=O)[O-])c2)cc1
2328,Cc1ccc(cc1)S(=O)(=O)N(C)C(=O)c2ccccc2,N-Methyl-N-[(4-methylphenyl)sulfonyl]benzamide,-4.13,-4.16,0.4,22,60,289.35,0,1.15,2.62,1.82,2.14,2.46,3.9,Cc1ccc(S(=O)(=O)N(C)C(=O)c2ccccc2)cc1
2329,Cc1ccc(cc1)S(=O)(=O)N(C)C(C)=O,N-methyl-N-[(4-methylphenyl)sulfonyl]acetamide,-2.34,-2.36,0.17,22,58,227.28,0,1.07,2.16,1.25,1.68,1.16,3.14,CC(=O)N(C)S(=O)(=O)c1ccc(C)cc1
2330,Cc1ccc(cc1)S(=O)(=O)NC,"N,4-Dimethylbenzenesulfonamide",-1.91,-1.93,0.17,22,79,185.24,0.37,0.89,1.45,1.07,1.38,0.9,2.5,CNS(=O)(=O)c1ccc(C)cc1
2331,Cc1ccc(cc1)S(=O)(=O)O,4-ToluenesulfonicAcid·H2O,0.41,0.34,0.16,20,125,172.2,0.31,0.88,1.72,0.89,1.2,1.24,1.98,Cc1ccc(S(=O)(=O)O)cc1
2332,Cc1ccc(cc1C#Cc2cnc3n2nccc3)C(=O)Nc4ccc(c(c4)C(F)(F)F)CN5CCN(CC5)C,Ponatinib,-7.2,-7.21,0.17,23,160,532.56,0.48,2.33,2.88,3.12,3.8,4.46,7.37,Cc1ccc(C(=O)Nc2ccc(CN3CCN(C)CC3)c(C(F)(F)F)c2)cc1C#Cc1cnc2cccnn12
2333,Cc1ccc(cc1C)N2C(=O)/C(=N/Nc3cccc(c3O)c4cccc(c4)C(=O)O)/C(=N2)C,Eltrombopag,-5.21,-5.21,0.62,25,213,442.47,0.99,1.93,2.87,3.5,3.27,4.56,5.66,CC1=NN(c2ccc(C)c(C)c2)C(=O)/C1=N/Nc1cccc(-c2cccc(C(=O)O)c2)c1O
2334,Cc1ccc(cc1Nc2nccc(n2)c3cccnc3)C(=O)Nc4cc(cc(c4)n5cc(nc5)C)C(F)(F)F,Nilotinib,-7.36,-7.36,0.11,25,235,529.52,0.61,2.06,3.72,3.74,3.68,6.36,6.8,Cc1cn(-c2cc(NC(=O)c3ccc(C)c(Nc4nccc(-c5cccnc5)n4)c3)cc(C(F)(F)F)c2)cn1
2335,Cc1ccc(cc1S(=O)(=O)N)Nc2nccc(n2)N(C)c3ccc4c(n(nc4c3)C)C,Pazopanib,-7.29,-7.29,0.29,25,287,437.52,0.57,1.97,3.43,3.81,3.1,3.14,5.12,Cc1ccc(Nc2nccc(N(C)c3ccc4c(C)n(C)nc4c3)n2)cc1S(N)(=O)=O
2336,Cc1ccc(cn1)Oc2ccc(cc2C)Nc3c4cc(ccc4ncn3)/C=C/CNC(=O)COC,CP-724714,-6.78,-6.64,0.94,37,173,469.54,0.38,2.2,3.54,3.45,3.59,4.95,7.64,COCC(=O)NC/C=C/c1ccc2ncnc(Nc3ccc(Oc4ccc(C)nc4)c(C)c3)c2c1
2337,Cc1ccc(cn1)c2c(nccn2)OC3CN(C3)c4ccc5ccccc5n4,R047cmpd38,-4.66,-4.69,0.51,23,183,369.42,0,1.77,2.67,3.38,2.75,3.66,4.08,Cc1ccc(-c2nccnc2OC2CN(c3ccc4ccccc4n3)C2)cn1
2338,Cc1ccc(nc1c2cccc(c2)C(=O)O)NC(=O)C3(CC3)c4ccc5c(c4)OC(O5)(F)F,Lumacaftor<VX809>,-4.83,-4.87,0.46,23,197,452.41,0.98,1.7,2.91,2.84,3,4.75,4.59,Cc1ccc(NC(=O)C2(c3ccc4c(c3)OC(F)(F)O4)CC2)nc1-c1cccc(C(=O)O)c1
2339,Cc1ccc2c(c1)ccc(n2)C,"2,6-Dimethylquinoline",-2.32,-2.32,0.4,25,60,157.21,0,0.46,1.03,1.37,1.33,2.85,1.57,Cc1ccc2nc(C)ccc2c1
2340,Cc1ccc2c(c1C)[nH]c(=O)c3c2oc(cc3=O)C(=O)OCCC(C)C,Repirinast,-5.46,-5.47,0.67,23,167,355.38,0.41,1.7,2.52,1.94,2.65,3.45,4.67,Cc1ccc2c([nH]c(=O)c3c(=O)cc(C(=O)OCCC(C)C)oc32)c1C
2341,Cc1ccc2c3c1c(=O)oc4c3c(c(c5c4c(ccc5)O[C@H]6[C@@H]([C@H]([C@H]([C@H](O6)C)O)O)O[C@@H]7[C@@H]([C@H]([C@H]([C@H](O7)C)O)OC)O)O)c(=O)o2,Chartreusin<Lambdamycin>,-4.63,-4.63,0.5,25,248,640.59,1.02,3.5,3.87,4.57,4.25,1.37,7.45,CO[C@H]1[C@@H](O)[C@@H](C)O[C@H](O[C@H]2[C@H](Oc3cccc4c(O)c5c(=O)oc6ccc(C)c7c(=O)oc(c34)c5c67)O[C@H](C)[C@H](O)[C@@H]2O)[C@@H]1O
2342,Cc1ccc2cc(ccc2n1)OC,6-Methoxy-2-methylquinoline,-2.75,-2.75,0.27,25,64,173.21,0,0.67,1.19,1.41,1.38,2.55,1.89,COc1ccc2nc(C)ccc2c1
2343,Cc1ccc2cc3c4ccccc4ccc3c5c2c1CC5,3-Methylcholanthrene,-7.87,-7.92,1.16,23,180,268.36,0,0.45,2.64,3.17,2.14,5.55,2.08,Cc1ccc2cc3c(ccc4ccccc43)c3c2c1CC3
2344,Cc1cccc(c1)C(=O)O,3-ToluicAcid,-1.74,-1.74,0.39,25,109,136.15,0.57,0.44,1.02,0.77,1.07,1.69,1.72,Cc1cccc(C(=O)O)c1
2345,Cc1cccc(c1)N(C)C(=S)Oc2ccc3ccccc3c2,Tolnaftate(2%DMSO),-5.93,-5.96,0.76,23,111,307.41,0,0.75,2.17,2.7,2.39,4.95,4.07,Cc1cccc(N(C)C(=S)Oc2ccc3ccccc3c2)c1
2346,Cc1cccc(c1NC(=O)C2CCCCN2C)C,DL-Mepivacaine,-1.99,-1.99,0.12,25,150,246.35,0.26,1.18,1.58,1.32,2.09,2.73,4.02,Cc1cccc(C)c1NC(=O)C1CCCCN1C
2347,Cc1cccc(c1NC(=O)CN2CCN(CC2)CC(COc3ccccc3OC)O)C,Ranolazine,-3.42,-3.42,0.03,23,120,427.54,0.4,2.69,3.04,2.45,3.4,2.31,8.28,COc1ccccc1OCC(O)CN1CCN(CC(=O)Nc2c(C)cccc2C)CC1
2348,Cc1cccc(c1NC(=O)c2cnc(s2)Nc3cc(nc(n3)C)N4CCN(CC4)CCO)Cl,Dasatinib·H2O,-5.89,-5.9,0.16,24,285,488.01,0.76,2.5,3.47,3.48,3.49,3.31,7.39,Cc1nc(Nc2ncc(C(=O)Nc3c(C)cccc3Cl)s2)cc(N2CCN(CCO)CC2)n1
2349,Cc1cccc(c1OP(=O)(Oc2ccc(cc2C)O)Oc3cc(ccc3C)O)O,TritolylPhosphate,-6.69,-6.7,0.92,23,78,416.37,1.27,2.1,2.51,2.65,2.97,5.37,5.61,Cc1cc(O)ccc1OP(=O)(Oc1cc(O)ccc1C)Oc1c(C)cccc1O
2350,Cc1cccc2c(Nc3c(OC)cc(cc3)NS(=O)(C)=O)c3c(nc12)c(C(NC)=O)ccc3,Asulacrine,-4.76,-4.76,1.15,25,194,464.54,0.76,2.11,3.92,3.82,3.38,4.18,5.82,CNC(=O)c1cccc2c(Nc3ccc(NS(C)(=O)=O)cc3OC)c3cccc(C)c3nc12
2351,Cc1cccc2c1[nH]cc2,7-Methylindole,-2.5,-2.5,0.1,25,85,131.17,0.31,0.33,1.05,1.25,1.09,2.48,1.04,Cc1cccc2cc[nH]c12
2352,Cc1ccccc1C(O)=O,2-ToluicAcid,-2.06,-2.06,0.03,25,105,136.15,0.57,0.44,1.02,0.77,1.07,1.69,1.72,Cc1ccccc1C(=O)O
2353,Cc1ccccc1S(=O)(=O)O,2-ToluenesulfonicAcid·2H2O,0.19,0.29,0.21,31,199,172.2,0.31,0.88,1.72,0.89,1.2,1.24,1.98,Cc1ccccc1S(=O)(=O)O
2354,Cc1ccccc1c2cc(ncc2N(C)C(=O)C(C)(C)c3cc(cc(c3)C(F)(F)F)C(F)(F)F)N4CC[N+](CC4)(C)COP(=O)(O)[O-],Fosnetupitant<inAKYNZEO>,-5.71,-5.73,0.72,37,177,688.6,0.31,2.28,2.64,2.43,4.62,5.74,9.94,Cc1ccccc1-c1cc(N2CC[N+](C)(COP(=O)([O-])O)CC2)ncc1N(C)C(=O)C(C)(C)c1cc(C(F)(F)F)cc(C(F)(F)F)c1
2355,Cc1ccnc2c1c(c(cc2NC(C)CCCN)OC)Oc3ccc(c(c3)Cl)Cl,NPC-1161C,-8.13,-8.13,0.7,25,158,434.36,0.34,1.69,2.47,2.69,3.2,6.19,7.07,COc1cc(NC(C)CCCN)c2nccc(C)c2c1Oc1ccc(Cl)c(Cl)c1
2356,Cc1ccnc2c1ccc3c2nccc3C,"4,7-Dimethyl-1,10-Phenanthroline",-3.97,-3.97,0.37,25,194,208.258,0,0.68,1.4,2.12,1.65,3.4,1.9,Cc1ccnc2c1ccc1c(C)ccnc12
2357,Cc1cnc(c(c1OC)C)CS(=O)c2[nH]c3ccc(cc3n2)OC,Omeprazole,-3.39,-3.42,0.5,23,156,345.42,0.35,2.05,3.18,2.67,2.52,2.9,4.52,COc1ccc2[nH]c([S+]([O-])Cc3ncc(C)c(OC)c3C)nc2c1
2358,Cc1cnc(c(c1OC)C)C[S@](=O)c2[nH]c3ccc(cc3n2)OC,Esomeprazole,-4.61,-4.63,0.5,23,155,345.42,0.35,2.05,3.18,2.67,2.52,2.9,4.52,COc1ccc2[nH]c([S@@+]([O-])Cc3ncc(C)c(OC)c3C)nc2c1
2359,Cc1cnc(nc1)NS(=O)(=O)c2ccc(cc2)N,Sulfaperine,-2.8,-2.84,0.17,23,263,264.31,0.59,1.41,2.52,2.1,1.86,1.17,3.15,Cc1cnc(NS(=O)(=O)c2ccc(N)cc2)nc1
2360,Cc1cnc(nc1Nc2cccc(c2)S(=O)(=O)NC(C)(C)C)Nc3ccc(cc3)OCCN4CCCC4,Fedratinib<INREBIC>,-7.83,-7.72,0.23,37,181,524.68,0.62,2.33,3.27,3.21,4.03,4.82,8.31,Cc1cnc(Nc2ccc(OCCN3CCCC3)cc2)nc1Nc1cccc(S(=O)(=O)NC(C)(C)C)c1
2361,Cc1nc(cc(n1)OC)NS(=O)(=O)c2ccc(cc2)N,Sulfamethomidine<Sulfametomidine>,-2.5,-2.54,0.33,23,146,294.33,0.59,1.6,2.63,2.14,2.06,1.18,3.75,COc1cc(NS(=O)(=O)c2ccc(N)cc2)nc(C)n1
2362,Cc1nc(cs1)/C=C(\C)/[C@@H]2C[C@H]3[C@](O3)(CCC[C@@H]([C@@H]([C@H](C(=O)C([C@H](CC(=O)N2)O)(C)C)C)O)C)C,Ixabepilone,-3.71,-3.71,0.31,23,185,506.7,0.88,2.25,2.91,2.18,4.03,4.05,8.62,C/C(=C\c1csc(C)n1)[C@@H]1C[C@@H]2O[C@]2(C)CCC[C@H](C)[C@H](O)[C@@H](C)C(=O)C(C)(C)[C@@H](O)CC(=O)N1
2363,Cc1nc2ncncc2nc1,7-Methylpteridine,-0.8,-0.85,0.17,20,143,146.15,0,0.76,1.16,1.43,1.06,0.73,1.25,Cc1cnc2cncnc2n1
2364,Cc1ncc(n1CC(CCl)O)[N+](=O)[O-],Ornidazole,-1.09,-1.103,0.17,23,78,219.63,0.38,0.89,1.88,1.25,1.46,0.7,3.43,Cc1ncc([N+](=O)[O-])n1CC(O)CCl
2365,Cc1nccn1CC2CCc3c(c4ccccc4n3C)C2=O,Ondansetron,-3.12,-3.15,0.19,23,232,293.36,0,1.08,2.22,2.36,2.27,3.13,2.92,Cc1nccn1CC1CCc2c(c3ccccc3n2C)C1=O
2366,Cc1ncn(n1)c2c3c(c(c[nH]3)C(=O)C(=O)N4CCN(CC4)C(=O)c5ccccc5)c(cn2)OC,Temsavir<BMS-626529>,-4.3,-4.34,0.43,23,191,473.48,0.31,2.85,4.97,3.99,3.36,1.63,5.73,COc1cnc(-n2cnc(C)n2)c2[nH]cc(C(=O)C(=O)N3CCN(C(=O)c4ccccc4)CC3)c12
2367,Cc1ncsc1c2ccc(cc2)CNC(=O)[C@@H]6C[C@H](O)CN6C(=O)[C@@H](NC(=O)COCCOCCOCCOCCOCCOCC(=O)N[C@H](C(=O)N3C[C@@H](O)C[C@H]3C(=O)NCc4ccc(cc4)c5scnc5C)C(C)(C)C)C(C)(C)C,CMP98,-3.48,-3.48,0.05,25,179,1179.45,1.48,6.52,8.99,5.98,8.89,3.57,25.3,Cc1ncsc1-c1ccc(CNC(=O)[C@@H]2C[C@H](O)CN2C(=O)[C@@H](NC(=O)COCCOCCOCCOCCOCCOCC(=O)N[C@H](C(=O)N2C[C@@H](O)C[C@H]2C(=O)NCc2ccc(-c3scnc3C)cc2)C(C)(C)C)C(C)(C)C)cc1
2368,Cc1nnc(n1[C@@H]2C[C@H]3CC[C@@H](C2)N3CC[C@@H](c4ccccc4)NC(=O)C5CCC(CC5)(F)F)C(C)C,Maraviroc,-2.71,-2.71,0.17,25,198,513.67,0.26,1.75,2.62,2.23,3.99,5.95,7.66,Cc1nnc(C(C)C)n1[C@@H]1C[C@H]2CC[C@@H](C1)N2CC[C@H](NC(=O)C1CCC(F)(F)CC1)c1ccccc1
2369,Cc1nnc(o1)C(=O)NC(C)(C)c2nc(c(c(=O)n2C)O)C(=O)NCc3ccc(cc3)F,Raltegravir,-4.42,-4.43,0.16,23,122,444.42,0.82,2.81,4.13,2.7,3.08,0.91,6.05,Cc1nnc(C(=O)NC(C)(C)c2nc(C(=O)NCc3ccc(F)cc3)c(O)c(=O)n2C)o1
2370,Cc1nnc(s1)SCC2=C(N3[C@@H]([C@@H](C3=O)NC(=O)Cn4cnnn4)SC2)C(=O)O,Cefazolin,-3.84,-3.84,0.31,25,245,454.51,0.84,2.96,4.41,3.63,2.83,-0.64,5.51,Cc1nnc(SCC2=C(C(=O)O)N3C(=O)[C@@H](NC(=O)Cn4cnnn4)[C@H]3SC2)s1
2371,Cc2nc(N)c(C[n+]1csc(CCO)c1C)cn2,Thiamine(+).NO3<VitaminB1>,-1.08,-1.08,0.04,25,194,265.35,0.54,1.04,1.58,1.58,1.99,0.61,3.88,Cc1ncc(C[n+]2csc(CCO)c2C)c(N)n1
2372,Cc3ccc(cc3Nc1nc(ccn1)c2cccnc2)NC(=O)c4ccc(cc4)CN5CCN(C)CC5,Imatinib,-5.18,-5.21,0.05,23,225,493.6,0.54,2.63,3.64,3.83,3.85,4.59,7.48,Cc1ccc(NC(=O)c2ccc(CN3CCN(C)CC3)cc2)cc1Nc1nccc(-c2cccnc2)n1
2373,Cc3ccccc3C=1C(=O)c2cc(Cl)c(cc2NC=1C)OC,ELQ-300analog3,-5.12,-5.16,0.6,21,158,313.78,0.14,0.97,1.81,2.14,2.31,4.47,3.67,COc1cc2[nH]c(C)c(-c3ccccc3C)c(=O)c2cc1Cl
2374,Cc3ccccc3c1c(O)c2cc(Cl)c(cc2nc1C)OC,ELQ-300analog7,-5.11,-5.17,0.6,21,154,313.78,0.5,1.03,1.89,2.62,2.31,4.89,3.67,COc1cc2nc(C)c(-c3ccccc3C)c(O)c2cc1Cl
2375,Cc3csc(NC(=O)C2=C(O)c1ccccc1S(=O)(=O)N2C)n3,Meloxicam,-5.81,-5.85,0.24,23,254,351.4,0.72,2.02,3.12,2.6,2.32,1.95,3.61,Cc1csc(NC(=O)C2=C(O)c3ccccc3S(=O)(=O)N2C)n1
2376,Cc3ncsc3c2ccc(CNC(=O)[C@@H]1C[C@@H](O)CN1C(=O)[C@@H](N)C(C)(C)C)cc2,"(S,R,S)-AHPC",-3.46,-3.46,0.26,25,179,430.56,0.69,2.6,3.53,2.78,3.32,2.07,6.59,Cc1ncsc1-c1ccc(CNC(=O)[C@@H]2C[C@@H](O)CN2C(=O)[C@@H](N)C(C)(C)C)cc1
2377,Cc3ncsc3c2ccc(CNC(=O)[C@@H]1C[C@H](O)CN1C(=O)[C@@H](N)C(C)(C)C)cc2,"(S,S,S)-AHPC",-3.38,-3.38,0.25,25,179,430.56,0.69,2.6,3.53,2.78,3.32,2.07,6.59,Cc1ncsc1-c1ccc(CNC(=O)[C@@H]2C[C@H](O)CN2C(=O)[C@@H](N)C(C)(C)C)cc1
2378,Cc4ccccc4c2c(OC(=O)N1CCCC1)c3cc(Cl)c(OC)cc3nc2C,ELQ-300analog9,-5.5,-5.55,0.68,21,161,410.89,0,1.32,2.43,2.89,3.03,5.78,5.32,COc1cc2nc(C)c(-c3ccccc3C)c(OC(=O)N3CCCC3)c2cc1Cl
2379,ClC(C(=O)N)(CC)CC,2-Chloro-2-ethylbutanamide,-1.02,-1.03,0.17,23,87,149.62,0.49,0.62,1.18,0.52,1.19,1.27,2.98,CCC(Cl)(CC)C(N)=O
2380,ClC(C(=O)N)(Cl)Cl,Trichloroacetamide,-1.04,-1.1,0.17,20,142,162.4,0.49,0.56,1.35,0.72,0.87,0.84,2.17,NC(=O)C(Cl)(Cl)Cl
2381,ClC(C(=O)N)=C,2-Chloroacrylamide,-0.17,-0.21,0.17,20,98,105.52,0.49,0.64,1.23,0.64,0.73,0.22,1.67,C=C(Cl)C(N)=O
2382,ClC(C(=O)N)CCl,"2,3-Dichloropropanamide",-0.47,-0.51,0.17,20,96,141.99,0.49,0.68,1.38,0.8,0.89,0.32,3.12,NC(=O)C(Cl)CCl
2383,ClC(C(=O)N)Cl,"2,2-Dichloroacetamide",-0.21,-0.26,0.17,20,99,127.96,0.57,0.57,1.28,0.64,0.75,0.28,2.28,NC(=O)C(Cl)Cl
2384,ClC(C(=O)NC1=CC=CC=C1)Cl,"2,2-Dichloro-N-phenylacetamide",-3.3,-3.36,0.23,20,124,204.06,0.5,0.66,1.62,1.11,1.36,2.43,3.38,O=C(Nc1ccccc1)C(Cl)Cl
2385,ClC(C(C1=C(C=CC=C1)CC)C2=C(C=CC=C2)CC)Cl,"1,1-Dichloro-2,2-bis(ethylphenyl)ethane",-6.48,-6.49,0.88,24,56,307.26,0.09,0.23,1.18,1.42,2.41,5.75,5.51,CCc1ccccc1C(c1ccccc1CC)C(Cl)Cl
2386,ClC(C(O)NC(=O)N)(Cl)Cl,"1-(2,2,2-Trichloro-1-hydroxyethyl)urea",-0.62,-0.71,0.17,15,120,207.44,1.01,0.99,1.66,1.04,1.17,0.34,3.51,NC(=O)NC(O)C(Cl)(Cl)Cl
2387,ClC(C(O)O)(C(C)Cl)Cl,"2,2,3-Trichloro-1,1-butanediol",-0.84,-0.87,0.17,20,75,193.46,0.73,0.73,1.01,0.9,1.16,1.1,3.55,CC(Cl)C(Cl)(Cl)C(O)O
2388,ClC(OC(N(Cl)Cl)=O)C,Trichlorourethan,-1.27,-1.28,0.17,23,64,192.43,0,0.64,1.29,0.65,1.07,2.32,4.1,CC(Cl)OC(=O)N(Cl)Cl
2389,ClC12C3C(C(C(=C1Cl)Cl)(Cl)C2(Cl)Cl)C4C5C(C3C4)O5,Endrin,-6.29,-6.29,0.84,25,216,380.91,0,0.61,1.31,2.12,2.01,4.48,2.18,ClC1=C(Cl)C2(Cl)C3C4CC(C5OC45)C3C1(Cl)C2(Cl)Cl
2390,ClC1=C(C#N)C(=CC=C1)Cl,Dichlobenil,-3.91,-3.91,0.35,25,145,172.01,0,0.2,1.32,1,1.12,2.87,2.16,N#Cc1c(Cl)cccc1Cl
2391,ClC1=C(C(=C(C=C1C)O)CC2=CC=CC=C2)C,"4-Chloro-3,5-dimethyl-2-benzylphenol",-4.3,-4.3,0.43,25,109,246.74,0.67,0.47,1.31,1.58,1.93,4.25,3.39,Cc1cc(O)c(Cc2ccccc2)c(C)c1Cl
2392,ClC1=C(C(=CC(=C1)Cl)Cl)OC,"2,4,6-Trichloroanisole",-4.28,-4.33,0.43,20,62,211.47,0,0.21,1.04,1,1.28,3.66,2.88,COc1c(Cl)cc(Cl)cc1Cl
2393,ClC1=C(C(=CC(=C1Cl)Cl)OC)OC,"3,4,5-Trichloroveratrole",-4.37,-4.37,0.45,25,66,241.5,0,0.33,1.56,1.02,1.48,3.66,3.54,COc1cc(Cl)c(Cl)c(Cl)c1OC
2394,ClC1=C(C(=CC=C1)Cl)CO,"2,6-Dichlorobenzenemethanol",-2.1,-2.1,0.17,25,98,177.03,0.31,0.47,0.98,1.08,1.16,2.49,2.55,OCc1c(Cl)cccc1Cl
2395,ClC1=C(C(=O)N)C(=CC=C1)Cl,"2,6-Dichlorobenzamide",-1.82,-1.84,0.17,23,198,190.03,0.49,0.6,1.69,1.27,1.22,2.09,2.37,NC(=O)c1c(Cl)cccc1Cl
2396,ClC1=C(C)C=CC(=C1O)C(C)C,Chlorothymol,-2.27,-2.27,0.17,25,63,184.67,0.33,0.33,0.71,0.9,1.46,3.48,2.63,Cc1ccc(C(C)C)c(O)c1Cl
2397,ClC1=C(C=C(C(=C1)OC)OC)Cl,"4,5-Dichloroveratrol",-3.46,-3.46,0.26,25,83,207.06,0,0.43,1.49,0.94,1.36,3.01,3.06,COc1cc(Cl)c(Cl)cc1OC
2398,ClC1=C(C=C(C=C1)Cl)[N+](=O)[O-],"2,5-Dichloronitrobenzene",-4.14,-4.14,0.4,25,56,192,0,0.2,1.45,1.12,1.14,2.9,2.32,O=[N+]([O-])c1cc(Cl)ccc1Cl
2399,ClC1=C(C=C(C=C1C)O)C,Chloroxylenol,-2.7,-2.75,0.07,20,115,156.61,0.67,0.38,0.9,0.98,1.18,2.66,1.86,Cc1cc(O)cc(C)c1Cl
2400,ClC1=C(C=CC(=C1)Cl)CO,"2,4-Dichlorobenzenemethanol",-2.21,-2.25,0.17,20,60,177.03,0.31,0.47,0.98,1.08,1.16,2.49,2.55,OCc1ccc(Cl)cc1Cl
2401,ClC1=C(C=CC(=C1)Cl)O,"2,4-Dichlorophenol",-1.44,-1.49,0.03,20,45,163,0.5,0.23,0.93,0.98,1.02,2.7,1.84,Oc1ccc(Cl)cc1Cl
2402,ClC1=C(C=CC(=C1)N)Cl,"3,4-Dichloroaniline",-3.19,-3.25,0.21,20,72,162.02,0.35,0.35,1.26,1.12,1.06,2.58,1.84,Nc1ccc(Cl)c(Cl)c1
2403,ClC1=C(C=CC(=C1)O)Cl,"3,4-Dichlorophenol",-1.25,-1.25,0.17,25,68,163,0.86,0.31,1.08,1.04,1.02,2.7,1.84,Oc1ccc(Cl)c(Cl)c1
2404,ClC1=C(C=CC(=C1)[N+](=O)[O-])Cl,"3,4-Dichloronitrobenzene",-3.15,-3.2,0.2,20,43,192,0,0.2,1.42,1.1,1.14,2.9,2.32,O=[N+]([O-])c1ccc(Cl)c(Cl)c1
2405,ClC1=C(N)C(=CC(=C1)Cl)Cl,"2,4,6-trichloroaniline",-3.69,-3.69,0.31,25,79,196.46,0.28,0.31,1.34,1.24,1.18,3.23,2.29,Nc1c(Cl)cc(Cl)cc1Cl
2406,ClC1=C(N)C(=CC(=C1)[N+](=O)[O-])Cl,"Dicloran<2,6-Dichloro-4-nitroaniline>",-4.39,-4.47,0.45,20,191,207.02,0.28,0.45,1.8,1.37,1.24,2.48,2.39,Nc1c(Cl)cc([N+](=O)[O-])cc1Cl
2407,ClC1=C(OCCCC(=O)O)C=CC(=C1)Cl,"2,4-DB<4-(2,4-Dichlorophenoxy)butyricAcid>",-3.73,-3.73,0.32,25,116,249.09,0.57,0.58,1.42,1.04,1.66,3.24,4.72,O=C(O)CCCOc1ccc(Cl)cc1Cl
2408,ClC1=C2C(=NC=N1)N=C[NH]2,6-Chloropurine,-1.42,-1.49,0.17,20,179,154.56,0.35,0.87,1.54,1.53,0.95,1.01,1.07,Clc1ncnc2nc[nH]c12
2409,ClC1=CC(=C(C(=C1)C)O)C,"4-Chloro-2,6-dimethylphenol",-1.68,-1.68,0.17,25,78,156.61,0.48,0.38,0.9,0.98,1.18,2.66,1.86,Cc1cc(Cl)cc(C)c1O
2410,ClC1=CC(=C(C=C1)NC(C)=O)C,N-(4-chloro-2-methyl-phenyl)acetamide,-2.26,-2.31,0.17,20,145,183.64,0.47,0.65,1.48,1.07,1.38,2.61,2.71,CC(=O)Nc1ccc(Cl)cc1C
2411,ClC1=CC(=C(C=C1)O)[N+](=O)[O-],4-Chloro-2-nitrophenol,-3.01,-3.09,0.17,20,89,173.55,0.28,0.34,1.35,1.11,1.07,1.95,1.95,O=[N+]([O-])c1cc(Cl)ccc1O
2412,ClC1=CC(=C(C=C1)OC2=C(C=C(C=C2)Cl)Cl)O,Triclosan,-3.75,-3.77,0.46,23,56,289.55,0.47,0.41,1.7,1.73,1.81,5.14,3.67,Oc1cc(Cl)ccc1Oc1ccc(Cl)cc1Cl
2413,ClC1=CC(=C(C=C1)[N+](=O)[O-])C(F)(F)F,4-Chloro-1-nitro-2-(trifluoromethyl)benzene,-3.35,-3.35,0.24,25,45,225.55,0,0.09,1.11,0.64,1.21,3.27,2.66,O=[N+]([O-])c1ccc(Cl)cc1C(F)(F)F
2414,ClC1=CC(=C(N)C=C1)[N+](=O)[O-],4-Chloro-2-nitroaniline,-2.47,-2.54,0.17,20,118,172.57,0.23,0.47,1.55,1.31,1.11,1.83,1.95,Nc1ccc(Cl)cc1[N+](=O)[O-]
2415,ClC1=CC(=CC(=C1)N)Cl,"3,5-Dichloroaniline",-2.32,-2.32,0.17,25,52,162.02,0.33,0.28,1.21,1.1,1.06,2.58,1.84,Nc1cc(Cl)cc(Cl)c1
2416,ClC1=CC(=CC(=C1)O)Cl,"3,5-Dichlorophenol",-1.48,-1.48,0.1,25,68,163,0.79,0.24,1.03,1.03,1.02,2.7,1.84,Oc1cc(Cl)cc(Cl)c1
2417,ClC1=CC(=CC=C1)N=C=S,1-Chloro-3-Isothiocyanatobenzene,-3.95,-3.95,0.36,25,56,169.64,0,0.08,1.03,1.39,1.16,3.07,2.57,S=C=Nc1cccc(Cl)c1
2418,ClC1=CC=C(C=C1)C(O)C2=CC=CC=C2,4-Chlorobenzhydrol,-3.49,-3.49,0.27,25,61,218.68,0.31,0.69,1.34,1.54,1.65,3.42,3.05,OC(c1ccccc1)c1ccc(Cl)cc1
2419,ClC1=CC=C(C=C1)Cl,"1,4-Dichlorobenzene",-3.29,-3.29,0.05,25,53,147,0,0.1,0.88,0.86,0.96,2.99,1.76,Clc1ccc(Cl)cc1
2420,ClC1=CC=C(C=C1)O,4-Chlorophenol,-0.73,-0.73,0.17,25,43,128.56,0.67,0.38,1.01,0.94,0.9,2.05,1.4,Oc1ccc(Cl)cc1
2421,ClC1=CC=C(C=C1)[S](=O)(=O)C2=CC=C(C=C2)N,4-[(4-Chloro-phenyl)sulfonyl]aniline,-4.13,-4.13,0.4,25,189,267.74,0.23,1.03,2.54,1.71,1.83,2.76,3.09,Nc1ccc(S(=O)(=O)c2ccc(Cl)cc2)cc1
2422,ClC1=CC=C(N)C=C1,4-Chloroaniline,-1.66,-1.66,0.1,25,72,127.57,0.28,0.42,1.19,1.01,0.94,1.92,1.4,Nc1ccc(Cl)cc1
2423,ClC1=CC=C(NC(C)=O)C=C1,4-Chloroacetanilide,-2.84,-2.84,0.17,25,153,169.61,0.47,0.65,1.53,1.04,1.24,2.3,2.49,CC(=O)Nc1ccc(Cl)cc1
2424,ClC1=CC=C(OCC(=O)OCC)C=C1,Ethyl4-Chloro-Phenoxyacetate,-2.42,-2.42,0.17,25,72,214.65,0,0.65,1.31,0.83,1.54,2.28,4.27,CCOC(=O)COc1ccc(Cl)cc1
2425,ClC1=CC=C2C(=C1)C(OC2)=O,6-Chloro-1(3H)-isobenzofuranone,-2.48,-2.48,0.17,25,112,168.58,0,0.42,1.14,1.03,1.09,2.01,1.36,O=C1OCc2ccc(Cl)cc21
2426,ClC1=CC=CC(=C1)C2=CC=C(C=C2)Cl,"3,4'-PCB",-6.4,-6.4,0.86,25,93,223.1,0,0.21,1.32,1.68,1.57,4.66,2.76,Clc1ccc(-c2cccc(Cl)c2)cc1
2427,ClC1=CC=CC(=C1)[N+](=O)[O-],3-Chloronitrobenzene,-2.71,-2.76,0.17,20,44,157.56,0,0.21,1.34,0.97,1.01,2.25,1.87,O=[N+]([O-])c1cccc(Cl)c1
2428,ClC1=NC(=C2C(=N1)N=C[N]2C)Cl,"2,6-Dichloro-7-methylpurine",-1.13,-1.15,0.17,23,159,203.03,0,0.79,1.53,1.67,1.21,1.67,1.66,Cn1cnc2nc(Cl)nc(Cl)c21
2429,ClC1=NC(=CC(=N1)C)N(C)C,Crimidine,-1.23,-1.26,0.17,20,87,171.63,0,0.71,1.04,1.04,1.28,1.5,2.29,Cc1cc(N(C)C)nc(Cl)n1
2430,ClC1=NC(=NC(=N1)N)N,"2-Chloro-4,6-diaminosulfidetriazine",-2.31,-2.38,0.17,20,225,145.55,0.56,0.9,1.6,1.42,0.92,-0.31,1.35,Nc1nc(N)nc(Cl)n1
2431,ClC2=NC1=C(C(N(C(N1CCl)=O)CCl)=O)[N]2CCl,"8-Chloro-1,3,7-tris(chloromethyl)-xanthine",-1.49,-1.52,0.17,23,168,331.97,0,1.21,2.4,1.97,1.85,1.6,3.91,O=c1c2c(nc(Cl)n2CCl)n(CCl)c(=O)n1CCl
2432,ClC2=NC1=NC(=NC1=C([NH]2)N)Cl,"2,8-Dichloro-1H-adenine",-2.59,-2.61,0.17,23,230,204.02,0.34,1.41,0.64,1.7,1.17,1.19,1.55,Nc1[nH]c(Cl)nc2nc(Cl)nc1-2
2433,ClC3=CC1=C(OC2=C1C=C(C=C2)Cl)C=C3,"2,8-Dichlorodibenzofuran",-7.21,-7.21,1.02,25,137,237.09,0,0.26,1.38,2.07,1.52,4.89,1.91,Clc1ccc2oc3ccc(Cl)cc3c2c1
2434,ClC3=CC2=C(SC1=CC(=CC=C1N2)OC)C=C3,2-Chloro-7-methoxy-10H-phenothiazine,-4.9,-4.98,0.55,20,157,263.75,0.2,0.58,1.74,2.13,1.8,4.56,2.65,COc1ccc2c(c1)Sc1ccc(Cl)cc1N2
2435,ClCC(=O)N,Chloroacetamide,-0.01,-0.02,0.17,24,121,93.51,0.49,0.57,1.23,0.54,0.63,-0.29,1.93,NC(=O)CCl
2436,ClCC(=O)NC(CC)=O,N-(Chloroacetyl)propanamide,-2.05,-2.1,0.17,17,77,149.58,0.34,0.72,1.38,0.55,1.07,0.28,4.05,CCC(=O)NC(=O)CCl
2437,ClCC(=O)NC1=CC=CC=C1,2-Chloroacetanilide,-1.4,-1.4,0.17,25,89,169.61,0.41,0.67,1.56,1.01,1.24,1.86,2.92,O=C(CCl)Nc1ccccc1
2438,ClCC[S](=O)(=O)CC[S](=O)(=O)CCCl,"1,2-Bis(2-chloro-ethylsulfonyl)ethane",-1.46,-1.45,0.17,30,66,283.2,0,1.11,2.3,0.44,1.76,0.29,6.36,O=S(=O)(CCCl)CCS(=O)(=O)CCCl
2439,ClCCc1c(ncs1)C,Chlormethiazole<Clomethiazole>,-1.2,-1.21,0.17,23,55,161.65,0,0.3,0.91,0.79,1.15,2.23,2.48,Cc1ncsc1CCCl
2440,ClN([S](=O)(=O)C1=CC=C(C=C1)C)Cl,Peraktivin,-3.47,-3.47,0.26,25,83,240.11,0,0.94,1.73,1.33,1.48,2.29,3.19,Cc1ccc(S(=O)(=O)N(Cl)Cl)cc1
2441,ClN1C(C(N(C1=O)Cl)=O)(C)C,"1,3-Dichloro-5,5-dimethylhydantoin",-2.56,-2.6,0.17,20,132,197.02,0,1.07,1.42,1.07,1.18,1.34,1.76,CC1(C)C(=O)N(Cl)C(=O)N1Cl
2442,ClN1C(CCC1=O)=O,N-Chlorosuccinimide,-0.97,-0.97,0.17,25,150,133.53,0,0.94,1.14,0.9,0.82,0.29,1.21,O=C1CCC(=O)N1Cl
2443,Clc1c(Cl)cccc1-c2c(nc(nn2)N)N,Lamotrigine,-3.14,-3.18,0.25,23,217,256.1,0.45,0.93,2.13,2.4,1.65,2.01,2.8,Nc1nnc(-c2cccc(Cl)c2Cl)c(N)n1
2444,Clc1cc(Cl)c(Cl)c(Cl)c1,"1,2,3,5-Tetrachlorobenzene",-4.63,-4.63,0.11,25,53,215.89,0,0,1.03,1.09,1.21,4.3,2.71,Clc1cc(Cl)c(Cl)c(Cl)c1
2445,Clc1cc2C(c3ccccc3)=NCc4nncn4-c2cc1,Estazolam,-5.26,-5.29,0.63,23,229,294.75,0,0.84,2.01,2.57,2.06,3.27,2.82,Clc1ccc2c(c1)C(c1ccccc1)=NCc1nncn1-2
2446,Clc1ccc(-c2cnc(Nc3ccc4[nH]ncc4c3)o2)cc1,Indazoleprodrug4d<SCHEMBL5343891>,-6.66,-6.7,0.91,23,196,310.74,0.65,1.04,2.65,3.13,2.12,4.61,3.05,Clc1ccc(-c2cnc(Nc3ccc4[nH]ncc4c3)o2)cc1
2447,Clc1ccc(cc1)C(=O)n3c2ccc(cc2c(CC(=O)OC)c3C)OC,MethylIndomethacin,-6.05,-5.95,0.21,37,89,371.81,0,1.24,2.44,2.34,2.67,4.02,5,COC(=O)Cc1c(C)n(C(=O)c2ccc(Cl)cc2)c2ccc(OC)cc12
2448,Clc1ccc(cc1)OCCCCCC\N=C(\NC#N)Nc2ccncc2,CHS-828,-5.88,-5.89,0.75,23,148,371.86,0.39,1.76,2.39,2.08,2.86,4.21,8.81,N#CN/C(=N/CCCCCCOc1ccc(Cl)cc1)Nc1ccncc1
2449,Clc1ccc(cc1)Sc2cc(Cl)cn3c(c(nc23)CS(=O)(=O)C4CC4)[N+]([O-])=O,"3-Nitroimidazole[1,2,a]pyridineanalog3h",-5.49,-5.52,0.23,23,196,458.34,0,1.48,3.46,2.93,2.83,4.78,5.03,O=[N+]([O-])c1c(CS(=O)(=O)C2CC2)nc2c(Sc3ccc(Cl)cc3)cc(Cl)cn12
2450,Clc1ccc(cc1)Sc2cc(Cl)cn3c(c(nc23)CS(=O)(=O)c4ccccc4)[N+]([O-])=O,"3-Nitroimidazole[1,2,a]pyridineanalogB<CHEMBL4534157>",-5.82,-5.85,0.62,23,212,494.37,0,1.55,3.84,3.29,3.13,5.67,5.94,O=[N+]([O-])c1c(CS(=O)(=O)c2ccccc2)nc2c(Sc3ccc(Cl)cc3)cc(Cl)cn12
2451,Clc1ccc(cn1)c2ccc(cc2)C=5CC(c3cc4ccc(OCC)cc4nc3Cl)N(N=5)C(=O)CCCC(=O)NCCCN6CCOCC6,TDRL-551analog45,-5.01,-5.04,0.58,23,174,703.66,0.26,3.18,4.59,4.57,5.15,6.69,11.73,CCOc1ccc2cc(C3CC(c4ccc(-c5ccc(Cl)nc5)cc4)=NN3C(=O)CCCC(=O)NCCCN3CCOCC3)c(Cl)nc2c1
2452,Clc1ccc2cc(ccc2c1)C(=O)C4CCCN(CCCC(=O)c3ccc(F)cc3)C4,MDL-17214,-6.47,-6.47,0.3,25,150,437.93,0,1.4,2.74,2.73,3.26,6.19,6.78,O=C(CCCN1CCCC(C(=O)c2ccc3cc(Cl)ccc3c2)C1)c1ccc(F)cc1
2453,Clc2c(NS(=O)(=O)c1ccc(N)cc1)cccc2Cl,"4-Amino-N-(2,3-dichlorophenyl)benzenesulfonamide",-4.75,-4.75,0.06,25,194,317.19,0.66,1.05,2.63,2.21,2.05,3.38,3.89,Nc1ccc(S(=O)(=O)Nc2cccc(Cl)c2Cl)cc1
2454,Clc2cc(N/N=C/c1ccccn1)ncn2,HydrazoneanalogpH22-26,-4.44,-4.44,0.16,25,252,233.66,0.2,1.16,1.61,1.81,1.62,1.97,3.4,Clc1cc(N/N=C/c2ccccn2)ncn1
2455,Clc2cc(N\N=C(/CC)c1ccccn1)ncn2,HydrazoneanalogPH22-53,-3.76,-3.76,0.16,25,122,261.71,0.2,1.18,1.56,1.79,1.9,2.75,4.2,CC/C(=N\Nc1cc(Cl)ncn1)c1ccccn1
2456,Clc2cc(N\N=C(/CCC)c1ccccn1)ncn2,HydrazoneanalogpH22-54,-4.28,-4.28,0.16,25,111,275.74,0.2,1.19,1.57,1.78,2.04,3.14,4.8,CCC/C(=N\Nc1cc(Cl)ncn1)c1ccccn1
2457,Clc2cc(O\N=C(/C)c1ccccn1)ncn2,N-(6-chloropyrimidin-4-yl)oxy-1-(2-pyridyl)ethanimine,-3.2,-3.2,0.16,25,97,248.67,0,1.2,1.52,1.61,1.72,2.33,3.62,C/C(=N\Oc1cc(Cl)ncn1)c1ccccn1
2458,Clc2cc(Oc1ccccc1)ccc2,3-Chlorodiphenylether,-4.21,-4.21,0.42,25,67,204.65,0,0.36,1.32,1.32,1.51,4.13,2.7,Clc1cccc(Oc2ccccc2)c1
2459,Clc2ccc(Cl)cc2NS(=O)(=O)c1ccc(N)cc1,"4-Amino-N-(2,5-dichlorophenyl)benzenesulfonamide",-4.41,-4.41,0.03,25,192,317.19,0.66,1.05,2.66,2.23,2.05,3.38,3.89,Nc1ccc(S(=O)(=O)Nc2cc(Cl)ccc2Cl)cc1
2460,Clc2ccc(NS(=O)(=O)c1ccc(N)cc1)cc2,4-Amino-N-(4-chlorophenyl)benzenesulfonamide,-4.18,-4.18,0.04,25,185,282.75,0.64,1.12,2.59,2.12,1.93,2.72,3.45,Nc1ccc(S(=O)(=O)Nc2ccc(Cl)cc2)cc1
2461,Clc2ccc(NS(=O)(=O)c1ccc(N)cc1)cc2Cl,"4-Amino-N-(3,4-dichlorophenyl)benzenesulfonamide",-4.95,-4.95,0.01,25,193,317.19,0.71,1.05,2.66,2.23,2.05,3.38,3.89,Nc1ccc(S(=O)(=O)Nc2ccc(Cl)c(Cl)c2)cc1
2462,Clc2ccc(NS(=O)(=O)c1ccccc1)cc2,N-(4-Chlorophenyl)benzenesulfonamide,-4.04,-4.04,0.07,25,122,267.73,0.42,0.81,2.17,1.82,1.83,3.14,3.35,O=S(=O)(Nc1ccc(Cl)cc1)c1ccccc1
2463,Clc2cccc(Cl)c2Nc1ccccc1CC(=O)OC,MethylDiclofenac,-5.7,-5.72,0.72,23,123,310.18,0.13,0.67,1.91,1.7,2.17,4.45,4.88,COC(=O)Cc1ccccc1Nc1c(Cl)cccc1Cl
2464,Clc2cccc(Cl)c2Nc1ccccc1CC(=O)OCC(O)CO,Diclofenacglycerolester,-3.24,-3.26,0.22,23,159,370.23,0.63,1.31,2.41,2.13,2.57,3.18,6.87,O=C(Cc1ccccc1Nc1c(Cl)cccc1Cl)OCC(O)CO
2465,Clc2cccc(Cl)c2Nc1ccccc1CC(=O)OCCCO,"Diclofenac1,3-propyleneglycolester",-5.46,-5.48,0.67,23,141,354.23,0.44,0.96,2.19,1.9,2.51,4.21,6.71,O=C(Cc1ccccc1Nc1c(Cl)cccc1Cl)OCCCO
2466,Clc2cccc(Cl)c2Nc1ccccc1CC(=O)OCCO,Diclofenacethyleneglycolester,-4.11,-4.13,0.39,23,141,340.2,0.36,1.05,2.12,1.94,2.37,3.82,6.07,O=C(Cc1ccccc1Nc1c(Cl)cccc1Cl)OCCO
2467,Clc2cccc(Cl)c2\N=C1/NCCN1,Clonidine,-4.61,-4.63,0.23,23,130,230.09,0.42,1.05,1.11,1.48,1.53,2.17,2.8,Clc1cccc(Cl)c1N=C1NCCN1
2468,Clc3cc(N/N=C/c2ccc(OCc1ccccc1)cn2)ncn3,HydrazoneanalogpH22-50,-5.47,-5.47,0.16,25,199,339.78,0.2,1.46,2.17,2.45,2.43,3.55,5.32,Clc1cc(N/N=C/c2ccc(OCc3ccccc3)cn2)ncn1
2469,Clc3cc(N\N=C(/c1ccccc1)c2ccccn2)ncn3,HydrazoneanalogpH22-46,-4.58,-4.58,0.16,25,183,309.75,0.2,1.27,2.02,2.36,2.23,3.39,4.36,Clc1cc(N/N=C(\c2ccccc2)c2ccccn2)ncn1
2470,Clc3ccc(N\N=C(/c1ccccc1)c2ccccn2)nn3,HydrazoneanalogpH22-45,-4.9,-4.9,0.16,25,167,309.75,0.19,1.27,2.08,2.4,2.23,3.39,4.36,Clc1ccc(N/N=C(\c2ccccc2)c2ccccn2)nn1
2471,Clc3cccc(Cl)c3Nc2ccccc2CC(=O)OCCCn1ccnc1,Diclofenacprodrug18,-4.88,-4.75,0.55,37,152,404.29,0.13,1.14,2.71,2.32,2.88,5.11,6.74,O=C(Cc1ccccc1Nc1c(Cl)cccc1Cl)OCCCn1ccnc1
2472,Clc3cccc(Cl)c3Nc2ccccc2CC(=O)OCCCn1cnc(C)c1C,Diclofenacprodrug24,-5.39,-5.28,0.65,37,154,432.34,0.13,1.14,2.59,2.37,3.16,5.73,7.17,Cc1ncn(CCCOC(=O)Cc2ccccc2Nc2c(Cl)cccc2Cl)c1C
2473,Clc3cccc(Cl)c3Nc2ccccc2CC(=O)OCCn1ccnc1CCC,Diclofenacprodrug08,-5.13,-4.99,0.6,37,149,432.34,0.13,1.14,2.66,2.34,3.16,5.67,7.56,CCCc1nccn1CCOC(=O)Cc1ccccc1Nc1c(Cl)cccc1Cl
2474,Clc3cccc(Cl)c3Nc2ccccc2CC(=O)OCCn1cnc(C)c1C,Diclofenacprodrug23,-5.84,-5.72,0.75,37,160,418.32,0.13,1.14,2.59,2.37,3.02,5.34,6.6,Cc1ncn(CCOC(=O)Cc2ccccc2Nc2c(Cl)cccc2Cl)c1C
2475,Clc4cccc(Cl)c4NC(=O)CN3CC(C(N)=O)N(CCCC(c1ccc(F)cc1)c2cccnc2)CC3,Soluflazine,-3.46,-3.46,0.02,25,183,558.48,0.9,2.64,3.96,3.21,4.03,4.55,9.68,NC(=O)C1CN(CC(=O)Nc2c(Cl)cccc2Cl)CCN1CCCC(c1ccc(F)cc1)c1cccnc1
2476,Cn1c(=O)c2c([nH]c(=O)[nH]2)[nH]c1=O,1-MethyluricAcid,-1.52,-1.56,0.17,23,325,182.14,0.52,1.63,2.37,1.5,1.14,-1.76,1.3,Cn1c(=O)[nH]c2[nH]c(=O)[nH]c2c1=O
2477,Cn1c(=O)cc(n(c1=O)Cc2ccccc2C#N)N3CCC[C@H](C3)N,Alogliptin,-4.1,-4.12,0.46,23,128,339.39,0.23,2.29,2.99,2.21,2.59,0.39,4.72,Cn1c(=O)cc(N2CCC[C@@H](N)C2)n(Cc2ccccc2C#N)c1=O
2478,Cn1c(cnc1N2CCN(C2=O)S(=O)(=O)C)[N+](=O)[O-],Satranidazole,-3.75,-3.75,0.01,25,187,289.27,0,1.58,3.05,1.92,1.8,-0.47,2.93,Cn1c([N+](=O)[O-])cnc1N1CCN(S(C)(=O)=O)C1=O
2479,Cn1c(nnn1)SCC2=C(N3[C@@H]([C@@H](C3=O)NC(=O)/C(=N\OC)/c4csc(n4)N)SC2)C(=O)O,Cefmenoxime,-3.27,-3.27,0.14,25,187,511.56,1.07,3.5,4.61,4.07,3.22,-0.87,6.52,CO/N=C(\C(=O)N[C@@H]1C(=O)N2C(C(=O)O)=C(CSc3nnnn3C)CS[C@H]12)c1csc(N)n1
2480,Cn1c2ccc(cc2nc1CCCC(=O)O)N(CCCl)CCCl,Bendamustine,-3.79,-3.79,0.09,25,169,358.26,0.57,1.23,2.2,2.01,2.59,3.26,6.54,Cn1c(CCCC(=O)O)nc2cc(N(CCCl)CCCl)ccc21
2481,Cn1cc(-c2cc(NS(C)(=O)=O)ccc2Oc2ccccc2)c2cc[nH]c2c1=O,Mivebresibanalog2<BDBM220415><BET2>,-5.99,-5.99,0.78,25,194,409.46,0.67,1.94,3.64,2.97,2.9,3.7,4.64,Cn1cc(-c2cc(NS(C)(=O)=O)ccc2Oc2ccccc2)c2cc[nH]c2c1=O
2482,Cn1cc(-c2cc(NS(C)(=O)=O)cnc2Oc2ccccc2)c2cc[nH]c2c1=O,Mivebresibanalog6<BDBM220434><BET6>,-4.79,-4.79,0.53,25,207,410.45,0.67,2.23,3.77,3.02,2.86,3.09,4.59,Cn1cc(-c2cc(NS(C)(=O)=O)cnc2Oc2ccccc2)c2cc[nH]c2c1=O
2483,Cn1cc(c2c1cccc2)c3ccnc(n3)Nc4cc(c(cc4OC)N(C)CCN(C)C)NC(=O)C=C,Osimertinib,-5.96,-5.77,0.27,37,248,499.61,0.56,2.43,3.55,3.93,3.92,4.51,7.73,C=CC(=O)Nc1cc(Nc2nccc(-c3cn(C)c4ccccc34)n2)c(OC)cc1N(C)CCN(C)C
2484,Cn1cnc(n1)NC(=O)c1ncnc(c1)N(Cc1ccc(cc1)C(F)(F)F)C,W024cmpd48(2%DMSO),-4.25,-4.25,0.42,25,178,391.35,0.41,1.61,2.72,2.3,2.6,2.51,5.24,CN(Cc1ccc(C(F)(F)F)cc1)c1cc(C(=O)Nc2ncn(C)n2)ncn1
2485,Cn1cnc2c1c(=O)n(c(=O)n2C)C,Caffeine,-0.95,-0.95,0.07,25,238,194.19,0,1.27,1.9,1.48,1.36,-1.03,1.6,Cn1c(=O)c2c(ncn2C)n(C)c1=O
2486,Cn1cnc2c1cc(c(c2F)Nc3ccc(cc3Cl)Br)C(=O)NOCCO,Selumetinib<KOSELUGO>,-5.1,-5.13,0.6,23,219,457.68,0.62,1.86,3.22,3.15,2.72,3.53,5.95,Cn1cnc2c(F)c(Nc3ccc(Br)cc3Cl)c(C(=O)NOCCO)cc21
2487,Cn1nc(nn1)c2ccc(cn2)c3ccc(cc3F)N4C[C@@H](OC4=O)COP(=O)(O)O,TedizolidPhosphate,-5.8,-5.8,0.04,25,257,450.32,0.63,2.75,3.33,3.48,2.86,1.51,5.5,Cn1nnc(-c2ccc(-c3ccc(N4C[C@H](COP(=O)(O)O)OC4=O)cc3F)cn2)n1
2488,Cn2c(cnc2COc1ccc(SC)cc1)[N+]([O-])=O,Fexinidazole,-4.65,-4.68,0.5,23,123,279.31,0,1,2.22,1.91,1.96,2.63,4.06,CSc1ccc(OCc2ncc([N+](=O)[O-])n2C)cc1
2489,Cn2cncc2C[C@@H](COC(=O)CCC)[C@H](CC)C(=O)OCc1ccccc1,Pilocarpinediester3,-3.14,-3.14,0.14,23,98,386.48,0,1.32,2.18,1.36,3.12,3.69,8.72,CCCC(=O)OC[C@H](Cc1cncn1C)[C@H](CC)C(=O)OCc1ccccc1
2490,Cn3cc(CCOC(=O)Cc2ccccc2Nc1c(Cl)cccc1Cl)nc3,Diclofenacprodrug16,-5.1,-4.98,0.6,37,156,404.29,0.13,1.14,2.65,2.35,2.88,4.8,6.37,Cn1cnc(CCOC(=O)Cc2ccccc2Nc2c(Cl)cccc2Cl)c1
2491,Cn3cncc3CC(COC(=O)c1ccccc1)C(CC)C(=O)OCc2ccccc2,Pilocarpinediester1,-4.73,-4.74,0.3,22,122,420.5,0,1.4,2.63,1.93,3.31,4.21,7.98,CCC(C(=O)OCc1ccccc1)C(COC(=O)c1ccccc1)Cc1cncn1C
2492,Cn3cncc3[C@H](COC(=O)C(C)(C)C)[C@@H](CC)C(=O)OCc2ccc(COC(=O)[C@@H](CC)[C@@H](Cc1cncn1C)COC(=O)C(C)(C)C)cc2,PilocarpineprodrugIII,-5.73,-5.73,0.06,25,135,708.88,0,2.59,3.54,2.12,5.67,6.11,14.57,CC[C@H](C(=O)OCc1ccc(COC(=O)[C@H](CC)[C@@H](COC(=O)C(C)(C)C)c2cncn2C)cc1)[C@H](COC(=O)C(C)(C)C)Cc1cncn1C
2493,Cn3cncc3[C@H](COC(=O)CCC)[C@@H](CC)C(=O)OCc2ccc(COC(=O)[C@@H](CC)[C@@H](Cc1cncn1C)COC(=O)CCC)cc2,PilocarpineprodrugI,-5.69,-5.69,0.37,25,135,680.83,0,2.52,3.66,2.16,5.39,5.62,16.01,CCCC(=O)OC[C@H](Cc1cncn1C)[C@H](CC)C(=O)OCc1ccc(COC(=O)[C@H](CC)[C@@H](COC(=O)CCC)c2cncn2C)cc1
2494,Cn3nnnc3C(/C=C/[C@@H](O)C[C@@H](O)CC(=O)O)=C(/c1ccc(F)cc1)c2ccc(F)cc2,BMS-180431,-2.82,-2.85,0.17,23,180,456.44,1.2,1.97,3.06,2.64,3.22,2.59,7.75,Cn1nnnc1C(/C=C/[C@@H](O)C[C@@H](O)CC(=O)O)=C(c1ccc(F)cc1)c1ccc(F)cc1
2495,Cn5cncc5[C@H](COC(=O)C1CC1)[C@@H](CC)C(=O)OCc4ccc(COC(=O)[C@@H](CC)[C@@H](Cc2cncn2C)COC(=O)C3CC3)cc4,PilocarpineprodrugII,-5.29,-5.29,0.59,25,149,676.8,0,2.53,3.8,2.6,5.17,4.84,12.25,CC[C@H](C(=O)OCc1ccc(COC(=O)[C@H](CC)[C@@H](COC(=O)C2CC2)c2cncn2C)cc1)[C@H](COC(=O)C1CC1)Cc1cncn1C
2496,FC(C2=C1C(=NC=N1)N=C([NH]2)N)(F)F,6-(Trifluoromethyl)-7H-purin-2-amine,-3.11,-3.13,0.19,20,214,203.13,0.48,1.29,0.24,1.11,1.12,0.91,1.6,Nc1nc2ncnc-2c(C(F)(F)F)[nH]1
2497,FC(F)(F)CCS(=O)(=O)Cc1nc2c(cc(Cl)cn2c1[N+]([O-])=O)Sc3ccc(Cl)cc3,"3-Nitroimidazole[1,2,a]pyridineanalog3i",-4.88,-4.91,0.42,23,183,514.33,0,1.36,3.22,2.35,2.99,5.57,6.75,O=[N+]([O-])c1c(CS(=O)(=O)CCC(F)(F)F)nc2c(Sc3ccc(Cl)cc3)cc(Cl)cn12
2498,FC(F)(F)CCS(=O)(=O)Cc1nc2c(cc(Cl)cn2c1[N+]([O-])=O)c3ccncc3,"3-Nitroimidazole[1,2,a]pyridineanalog7",-4.49,-4.51,0.21,23,184,448.8,0,1.53,3.09,1.9,2.67,4.31,6.24,O=[N+]([O-])c1c(CS(=O)(=O)CCC(F)(F)F)nc2c(-c3ccncc3)cc(Cl)cn12
2499,FC(F)(F)COc1c(C)c(ncc1)CS(=O)c1[nH]c2ccccc2n1,Lansoprazole,-4.15,-4.18,0.12,23,178,369.4,0.35,1.73,2.97,2.22,2.37,3.52,4.75,Cc1c(OCC(F)(F)F)ccnc1C[S+]([O-])c1nc2ccccc2[nH]1
2500,FC(F)(F)Oc1ccc(cc1)C(=O)N2CCC(CC2)c4ncnc3cc(cnc34)OCC(=O)NCCOCCOCC(=O)N[C@@H](C(=O)N5C[C@H](O)C[C@H]5C(=O)NCc6ccc(cc6)c7scnc7C)C(C)(C)C,A082PROTAC1,-5.17,-5.17,0.61,25,165,1034.11,1.01,5.29,7.74,5.52,7.34,4.71,17.94,Cc1ncsc1-c1ccc(CNC(=O)[C@@H]2C[C@@H](O)CN2C(=O)[C@H](NC(=O)COCCOCCNC(=O)COc2cnc3c(C4CCN(C(=O)c5ccc(OC(F)(F)F)cc5)CC4)ncnc3c2)C(C)(C)C)cc1
2501,FC(F)(F)Oc1ccc(cc1)OC[C@@]2(C)Cn3cc(nc3O2)[N+]([O-])=O,T012cmpd4<DNDI-VL-2098>,-5.55,-5.55,0.69,25,126,359.2574,0,1.2,2.24,1.47,2.14,2.92,3.93,C[C@]1(COc2ccc(OC(F)(F)F)cc2)Cn2cc([N+](=O)[O-])nc2O1
2502,FC(F)(F)Oc1ccc(cc1)O[C@@H]2Cn3cc(nc3OC2)[N+]([O-])=O,T012cmpdR-6,-4.64,-4.64,0.5,25,137,345.2308,0,1.19,2.28,1.5,2,2.53,3.92,O=[N+]([O-])c1cn2c(n1)OC[C@H](Oc1ccc(OC(F)(F)F)cc1)C2
2503,FC(F)(F)Oc1ccc(cc1)S(=O)(=O)Cc2nc3c(Br)cc(Cl)cn3c2[N+]([O-])=O,"3-Nitroimidazole[1,2,a]pyridineanalog2f",-5.04,-5.07,0.47,23,178,514.66,0,1.44,3.3,2.23,2.66,4.53,5.49,O=[N+]([O-])c1c(CS(=O)(=O)c2ccc(OC(F)(F)F)cc2)nc2c(Br)cc(Cl)cn12
2504,FC(F)(F)Oc1ccc(cc1)S(=O)(=O)Cc2nc3c(cc(Cl)cn3c2[N+]([O-])=O)Sc4ccc(Cl)cc4,"3-Nitroimidazole[1,2,a]pyridineanalog3e",-4.16,-4.19,0.2,23,173,578.37,0,1.64,3.8,2.99,3.38,6.57,7.1,O=[N+]([O-])c1c(CS(=O)(=O)c2ccc(OC(F)(F)F)cc2)nc2c(Sc3ccc(Cl)cc3)cc(Cl)cn12
2505,FC(F)(F)c1c2nc(C(F)(F)F)cc(c2ccc1)[C@@H]([C@@H]1(NCCCC1))(O),Mefloquine,-4.64,-4.6,0.69,37,163,378.32,0.38,1.22,1.04,1.28,2.33,4.45,4.87,O[C@@H](c1cc(C(F)(F)F)nc2c(C(F)(F)F)cccc12)[C@H]1CCCCN1
2506,FC(F)(F)c1cc(ccc1)N4CCN(CCN2c3ccccc3NC2=O)CC4,Flibanserin<BIMT-17BS>,-5.33,-5.35,0.39,23,157,390.4,0.33,1.5,2.26,2.12,2.7,3.17,4.89,O=c1[nH]c2ccccc2n1CCN1CCN(c2cccc(C(F)(F)F)c2)CC1
2507,FC(F)(F)c1cc2N(CCCN(C)C)c3c(cccc3)Sc2cc1,Triflupromazine<Fluopromazine>,-5.54,-5.54,0.15,25,25,352.43,0,0.94,1.51,1.79,2.48,5.26,4.79,CN(C)CCCN1c2ccccc2Sc2ccc(C(F)(F)F)cc21
2508,FC(F)(F)c1cc2N(CCCN3CCN(CCO)CC3)c3c(cccc3)Sc2cc1,Fluphenazine,-4.34,-4.34,0.04,25,142,437.53,0.23,1.8,2,2.4,3.09,4.31,6.58,OCCN1CCN(CCCN2c3ccccc3Sc3ccc(C(F)(F)F)cc32)CC1
2509,FC(F)(F)c1ccc(cc1)S(=O)(=O)Cc2nc3c(cc(Cl)cn3c2[N+]([O-])=O)Sc4ccc(Cl)cc4,"3-Nitroimidazole[1,2,a]pyridineanalog3d",-5.57,-5.6,0.49,23,222,562.37,0,1.44,3.62,2.95,3.32,6.69,6.75,O=[N+]([O-])c1c(CS(=O)(=O)c2ccc(C(F)(F)F)cc2)nc2c(Sc3ccc(Cl)cc3)cc(Cl)cn12
2510,FC(F)(F)c1ccc(cn1)c2ccc(cc2)C=5CC(c3cc4ccc(OCC)cc4nc3Cl)N(N=5)C(=O)CCCC(=O)NCCCN6CCOCC6,TDRL-551analog47,-4.48,-4.5,0.47,23,169,737.21,0.26,3.07,4.28,4.09,5.22,7.05,12.03,CCOc1ccc2cc(C3CC(c4ccc(-c5ccc(C(F)(F)F)nc5)cc4)=NN3C(=O)CCCC(=O)NCCCN3CCOCC3)c(Cl)nc2c1
2511,FC1=C(C=CC(=C1)C)NC(C)=O,N-(2-fluoro-4-methyl-phenyl)acetamide,-1.7,-1.74,0.17,20,139,167.18,0.41,0.66,1.34,0.81,1.27,2.09,2.42,CC(=O)Nc1ccc(C)cc1F
2512,FC1=CC(=C(C=C1)NC(C)=O)C,N-(4-fluoro-2-methyl-phenyl)acetamide,-1.32,-1.36,0.17,20,144,167.18,0.47,0.66,1.37,0.84,1.27,2.09,2.42,CC(=O)Nc1ccc(F)cc1C
2513,FC1=CC=C(CN(C)C2=NC=NC(C(NC3=CC=C(N4CCN(C)CC4)N=C3)=O)=C2)C=C1,W024cmpd43(2%DMSO),-4.69,-4.69,0.51,25,190,435.5,0.41,2.5,3.25,2.97,3.26,2.65,6.55,CN1CCN(c2ccc(NC(=O)c3cc(N(C)Cc4ccc(F)cc4)ncn3)cn2)CC1
2514,FC1=CC=C(CN(C)C2=NC=NC(C(NC3=CC=CC(N4CCN(C)CC4)=C3)=O)=C2)C=C1,W024cmpd42(2%DMSO),-4.78,-4.78,0.53,25,182,434.51,0.41,2.26,3.14,2.88,3.3,3.26,6.6,CN1CCN(c2cccc(NC(=O)c3cc(N(C)Cc4ccc(F)cc4)ncn3)c2)CC1
2515,FC1=CC=C(CN(C)C2=NC=NC(C(NC3=NN(C)C=C3)=O)=C2)C=C1,W024cmpd47(2%DMSO),-4.54,-4.54,0.48,25,187,340.35,0.41,1.67,2.8,2.46,2.47,2.24,4.69,CN(Cc1ccc(F)cc1)c1cc(C(=O)Nc2ccn(C)n2)ncn1
2516,FC1=CC=C(CN(C)C2=NC=NC(C(NC3=NN=CS3)=O)=C2)C=C1,W024cmpd51(2%DMSO),-4.39,-4.39,0.45,25,177,344.37,0.41,1.62,2.94,2.47,2.35,2.36,4.71,CN(Cc1ccc(F)cc1)c1cc(C(=O)Nc2nncs2)ncn1
2517,FC1=CC=C(NC(C)=O)C=C1,4-Fluoroacetanilide,-1.78,-1.78,0.17,25,149,153.16,0.47,0.66,1.42,0.81,1.13,1.78,2.2,CC(=O)Nc1ccc(F)cc1
2518,FC1=CNC(NC1=O)=O,5-Fluorouracil,-1.03,-1.07,0.04,22,282,130.08,0.44,0.86,1.41,0.78,0.77,-0.8,1.18,O=c1[nH]cc(F)c(=O)[nH]1
2519,FC1C(n2c3c(c(nc(Cl)n3)N)nc2)OC(C1O)CO,Clofarabine,-2.45,-2.48,0.17,23,231,303.68,0.87,1.88,2.42,2.52,1.83,-0.35,3.2,Nc1nc(Cl)nc2c1ncn2C1OC(CO)C(O)C1F
2520,FC2=C1C=CC=CC1=C4C(=C2)C(=C3C=CC=CC3=C4)C,5-Fluoro-7-methylbenz[a]anthracene,-7.31,-7.31,1.04,25,156,260.31,0,0.29,1.57,2.65,1.98,5.59,2.31,Cc1c2ccccc2cc2c1cc(F)c1ccccc12
2521,FC4=CC3=C(C2=CC=C1C=CC=CC1=C2C=C3C=C4)C,9-Fluoro-7-methylbenz[a]anthracene,-7.44,-7.44,1.07,25,158,260.31,0,0.29,1.57,2.65,1.98,5.59,2.31,Cc1c2cc(F)ccc2cc2c1ccc1ccccc12
2522,FN1C(C=CNC1=O)=O,5-Fluorouracil,-1.03,-1.03,0.04,25,282,130.08,0.16,0.9,1.47,0.82,0.77,-0.73,1.18,O=c1cc[nH]c(=O)n1F
2523,F[C@]12([C@H](C[C@@]3([C@]([C@@H](C)(C[C@]3([C@@]1(CCC=3[C@@]2(C=CC(=O)C=3)(C))([H]))([H])))(C(CO)=O)(OC(=O)CCCC))(C))(O)),Betamethasone-17-Valerate,-4.71,-4.71,0.16,25,184,476.59,0.56,2.04,3.2,1.97,3.63,3.64,6.21,CCCCC(=O)O[C@]1(C(=O)CO)[C@@H](C)C[C@H]2[C@@H]3CCC4=CC(=O)C=C[C@]4(C)[C@@]3(F)[C@@H](O)C[C@@]21C
2524,F[C@]12([C@H](C[C@@]3([C@]4([C@H](OC(C)(C)O4)(C[C@]3([C@@]1(CCC=3[C@@]2(C=CC(=O)C=3)(C))([H]))([H])))(C(CO)=O))(C))(O)),TriamcinoloneAcetonide,-4.31,-4.31,0.06,25,293,434.5,0.56,2.14,3.13,2.18,3.15,2.42,4.24,CC1(C)O[C@@H]2C[C@H]3[C@@H]4CCC5=CC(=O)C=C[C@]5(C)[C@@]4(F)[C@@H](O)C[C@]3(C)[C@]2(C(=O)CO)O1
2525,F[C@]12([C@H](C[C@]3([C@]([C@@]1(CCC=4[C@@]2(C=CC(=O)C=4)(C))([H]))(C[C@H]([C@@]3(C(=O)COC(C)=O)(O))(C))([H]))(C))(O)),Dexamethasone-17-Acetate,-4.9,-4.9,0.27,25,263,434.5,0.56,2.03,3.19,1.97,3.21,2.47,4.91,CC(=O)OCC(=O)[C@@]1(O)[C@H](C)C[C@H]2[C@@H]3CCC4=CC(=O)C=C[C@]4(C)[C@@]3(F)[C@@H](O)C[C@@]21C
2526,Fc1cc2c(cc1)NC(=O)O[C@@]2(C(F)(F)F)(C#CC1CC1),EfavirenzanalogI,-4.97,-4.99,0.19,22,157,299.22,0.42,0.62,1.27,0.98,1.79,3.56,2.87,O=C1Nc2ccc(F)cc2[C@@](C#CC2CC2)(C(F)(F)F)O1
2527,Fc1ccc(C(c2ccc(F)cc2)N3CCN(CC=Cc4ccccc4)CC3)cc1,Flunarizine,-4.37,-4.39,0.45,23,189,404.51,0,1.37,2.06,2.26,3.14,5.39,6.67,Fc1ccc(C(c2ccc(F)cc2)N2CCN(CC=Cc3ccccc3)CC2)cc1
2528,Fc1ccc(cc1)OCCN1CCN(CC1)CCCC(C#N)(C(C)C)c1ccccc1,E2050,-4.74,-4.74,0.12,25,104,423.58,0,1.65,2.22,1.82,3.48,4.72,8.45,CC(C)C(C#N)(CCCN1CCN(CCOc2ccc(F)cc2)CC1)c1ccccc1
2529,Fc1ccc(cc1)S(=O)(=O)NC4C2CC3CC4CC(C2)C3,4-Fluoro-N-(adamant-2-yl)benzenesulfonamide,-3.23,-3.25,0.07,23,151,309.4,0.37,0.98,1.73,1.63,2.2,2.93,3.12,O=S(=O)(NC1C2CC3CC(C2)CC1C3)c1ccc(F)cc1
2530,Fc1ccc(cc1)c2ccc3nnc(Sc4ccc5nc(NC(=O)OCCN6CCOCC6)sc5c4)n3n2,SAR125844analog11<CHEMBL4537419>,-5.08,-5.12,0.59,23,181,551.62,0.37,2.39,3.57,4.21,3.68,4.57,7.13,O=C(Nc1nc2ccc(Sc3nnc4ccc(-c5ccc(F)cc5)nn34)cc2s1)OCCN1CCOCC1
2531,Fc1ccc(cn1)c2ccc(cc2)C=5CC(c3cc4ccc(OCC)cc4nc3Cl)N(N=5)C(=O)CCCC(=O)NCCCN6CCOCC6,TDRL-551analog46,-4.81,-4.84,0.54,23,173,687.2,0.26,3.19,4.47,4.34,5.04,6.17,11.45,CCOc1ccc2cc(C3CC(c4ccc(-c5ccc(F)nc5)cc4)=NN3C(=O)CCCC(=O)NCCCN3CCOCC3)c(Cl)nc2c1
2532,Fc1cccc(c1)c2ccc3nnc(Sc4ccc5nc(NC(=O)NCCN6CCOCC6)sc5c4)n3n2,SAR125844analog17<SAR-125844>,-4.48,-4.52,0.47,23,189,550.63,0.53,2.54,3.8,4.35,3.72,4.15,7.13,O=C(NCCN1CCOCC1)Nc1nc2ccc(Sc3nnc4ccc(-c5cccc(F)c5)nn34)cc2s1
2533,Fc4ccc(CNC(=O)C2=CN1C[C@H]3OC[C@H](C)N3C(=O)C1=C(O)C2=O)c(F)c4,Cabotegravir<GSK-1265744><CABENUVAKIT>,-5.05,-5.05,0.08,25,197,405.35,0.57,2.71,3.71,2.54,2.64,0.96,4.57,C[C@H]1CO[C@@H]2Cn3cc(C(=O)NCc4ccc(F)cc4F)c(=O)c(O)c3C(=O)N12
2534,IC1=C(C=C(C=C1)[N+](=O)[O-])N,2-Iodo-5-nitroaniline,-4.42,-4.42,0.46,25,135,264.02,0.3,0.54,1.88,1.74,1.25,1.78,2.28,Nc1cc([N+](=O)[O-])ccc1I
2535,IC1=CC(=CC=C1)I,"1,3-Diiodobenzene",-4.57,-4.57,0.49,25,40,329.91,0,0.1,1.13,1.81,1.23,2.9,2.55,Ic1cccc(I)c1
2536,IC1=CC=C(C=C1)CO,4-Iodobenzenemethanol,-2.69,-2.75,0.17,20,76,234.04,0.31,0.55,1.06,1.44,1.17,1.78,2.47,OCc1ccc(I)cc1
2537,IC1=CC=C(C=C1)I,"1,4-Diiodobenzene",-5.37,-5.37,0.09,25,132,329.91,0,0.14,1.17,1.83,1.23,2.9,2.55,Ic1ccc(I)cc1
2538,IC1=CC=C2C(=C1)C(OC2)=O,6-Iodo-1(3H)-isobenzofuranone,-3.21,-3.21,0.21,25,118,260.03,0,0.44,1.29,1.52,1.22,1.96,1.6,O=C1OCc2ccc(I)cc21
2539,IC1=CN(C(C=C1)=O)C,2(1H)-5-Iodo-1-methylpyridinone,0.01,-0.01,0.17,23,75,235.02,0,0.79,1.58,1.44,1.13,0.99,1.9,Cn1cc(I)ccc1=O
2540,IC1=CNC(C=C1)=O,2(1H)-5-Iodopyridinone,-1.68,-1.74,0.17,20,115,221,0.26,0.74,1.57,1.42,0.99,0.98,1.67,O=c1ccc(I)c[nH]1
2541,IC[S](=O)(=O)CC,[(Iodomethyl)sulfonyl]ethane,-0.96,-0.97,0.17,23,51,234.06,0,0.59,1.38,0.71,1.07,0.81,3.14,CCS(=O)(=O)CI
2542,Ic1ccc(I)cc1,"1,4-Diiodobenzene",-5.25,-5.25,0.09,25,132,329.91,0,0.14,1.17,1.83,1.23,2.9,2.55,Ic1ccc(I)cc1
2543,N#CN=C(NC)NCCSCc1nc[nH]c1C,Cimetidine,-1.06,-1.07,0.22,23,142,252.34,0.74,1.86,1.87,1.66,1.96,0.6,5.96,CNC(=NC#N)NCCSCc1nc[nH]c1C
2544,N#C[C@@H](OC(=O)[C@H](c1ccc([Cl])cc1)(C(C)C))(c1cc(ccc1)Oc1ccccc1),Fenvalerate<Esfenvalerate>,-8.32,-8.32,1.25,25,53,419.91,0,1.1,2.66,2.2,3.19,6.68,7.11,CC(C)[C@H](C(=O)O[C@H](C#N)c1cccc(Oc2ccccc2)c1)c1ccc(Cl)cc1
2545,N#Cc1cc(c2cc(F)ccc2)c2c(c1)cc(o2)[C@@](c1ccc(C#N)cc1)(N)(c1n(C)cnc1),FTI-2600,-5.08,-5.08,0.59,25,199,447.47,0.21,1.72,3.69,3.58,3.26,4.97,4.97,Cn1cncc1[C@@](N)(c1ccc(C#N)cc1)c1cc2cc(C#N)cc(-c3cccc(F)c3)c2o1
2546,N#Cc1ccc([Br])cc1,4-Bromobenzonitrile,-3.04,-3.08,0.18,22,85,182.02,0,0.26,1.34,1.06,1.05,2.32,1.86,N#Cc1ccc(Br)cc1
2547,N#Cc1ccc(c(OC)c1)[C@H]2c3c(ncc(C)c3NC(C)=C2C(N)=O)OCC,Finerenone<BAY94-8862><KERENDIA>,-4.11,-4,0.46,37,181,378.42,0.47,1.95,3.03,2.47,2.89,2.99,5.23,CCOc1ncc(C)c2c1[C@H](c1ccc(C#N)cc1OC)C(C(N)=O)=C(C)N2
2548,N(=C=S)C1=CC=CC2=CC=CC=C12,1-Isothiocyanonaphthalene,-4.6,-4.6,0.49,25,58,185.25,0,0.2,1.29,1.98,1.4,3.57,2.17,S=C=Nc1cccc2ccccc12
2549,N(=NC(C#N)(C)C)C(C#N)(C)C,"2,2'-Azobis(2-methyl-propionitrile)",-2.67,-2.67,0.17,25,102,164.21,0,0.67,0.93,0.56,1.42,2.04,2.93,CC(C)(C#N)N=NC(C)(C)C#N
2550,N(=O)C1=C(C=CC2=CC=CC=C12)O,1-Nitroso-2-naphthol,-2.24,-2.24,0.17,25,110,173.17,0.5,0.43,1.83,1.67,1.26,2.94,1.7,O=Nc1c(O)ccc2ccccc12
2551,N(=O)N(C(=O)N)C,1-Methyl-1-nitrosourea,-0.83,-0.85,0.17,23,124,103.08,0.39,0.75,1.8,0.7,0.72,-0.32,1.78,CN(N=O)C(N)=O
2552,N(=O)N1CCCCC1,N-Nitrosopiperidine,-0.17,-0.17,0.17,24,42,114.15,0,0.51,1.11,0.54,0.92,1.15,1.83,O=NN1CCCCC1
2553,N(C(=O)C)C1=CC=C(O)C=C1,Acetaminophen<Paracetamol>,-0.96,-0.96,0.12,25,170,151.16,0.91,0.93,1.66,1.12,1.17,1.35,2.11,CC(=O)Nc1ccc(O)cc1
2554,N(C1=NC=CC(=O)N1)(C2CCN(c3nc4c(n3Cc5ccc(F)cc5)cccc4)CC2)C,Mizolastine,-4.49,-4.52,0.47,23,224,432.5,0.39,2.15,3.09,3.32,3.19,3.41,5.34,CN(c1nccc(=O)[nH]1)C1CCN(c2nc3ccccc3n2Cc2ccc(F)cc2)CC1
2555,N(C1=Nc2c(N3C(=O)C(C(=O)N13)CCC)cc(cc2)C)(C)C,Azapropazone<Apazone>,-3.65,-3.69,0.02,23,188,300.36,0,2.16,2.1,2.15,2.3,2.06,3.39,CCCC1C(=O)N2C(N(C)C)=Nc3ccc(C)cc3N2C1=O
2556,N(C1C(O)C(OC2C(OC)(CC(C(=O)C(C3C(OC(=O)N3CCCCn4cc(-c5cnccc5)nc4)(C(OC(=O)C(C(=O)C2C)C)CC)C)C)C)C)OC(C1)C)(C)C,Telithromycin,-3.02,-3.01,0.65,23,188,812.03,0.12,4.4,4.53,3.49,6.32,4.93,14.58,CCC1OC(=O)C(C)C(=O)C(C)C(OC2OC(C)CC(N(C)C)C2O)C(C)(OC)CC(C)C(=O)C(C)C2N(CCCCn3cnc(-c4cccnc4)c3)C(=O)OC12C
2557,N(N1C(=O)NC(=O)C1)=Cc2oc(-c3ccc([N+](=O)[O-])cc3)cc2,Dantrolene,-5.53,-5.57,0.68,23,280,314.26,0.24,1.44,2.5,2.48,2.06,1.74,3.59,O=C1CN(N=Cc2ccc(-c3ccc([N+](=O)[O-])cc3)o2)C(=O)N1
2558,N(N1C(=O)NC(=O)C1)=Cc2oc([N+](=O)[O-])cc2,Nitrofurantoin,-3.06,-3.1,0.11,23,264,238.16,0.24,1.34,2.03,1.65,1.45,0.07,2.57,O=C1CN(N=Cc2ccc([N+](=O)[O-])o2)C(=O)N1
2559,N(NC(=O)N)C(=O)N,"1,2-Hydrazinedicarboxamide",-2.59,-2.7,0.17,16,169,118.1,1.19,1.37,2.1,1.05,0.82,-1.76,2.18,NC(=O)NNC(N)=O
2560,N(OCOCCOC)=C1C(C(C(O)(C(OC(=O)C(C(OC2OC(C(C(OC)(C2)C)O)C)C(C(OC3OC(CC(N(C)C)C3O)C)C(O)(CC1C)C)C)C)CC)C)O)C,Roxithromycin,-3.98,-3.92,0.37,23,120,837.07,1.05,5.12,2.9,2.58,6.55,2.21,18.8,CCC1OC(=O)C(C)C(OC2CC(C)(OC)C(O)C(C)O2)C(C)C(OC2OC(C)CC(N(C)C)C2O)C(C)(O)CC(C)C(=NOCOCCOC)C(C)C(O)C1(C)O
2561,N(P1(=O)OCCCN1)(CCCl)CCCl,Cyclophosphamide,-0.81,-0.81,0.17,23,43,261.09,0.14,1.18,2.2,0.5,1.75,1.88,5.75,O=P1(N(CCCl)CCCl)NCCCO1
2562,N(\N=C(/c1ccccc1)c2ccccn2)c3ccc4ccccc4n3,?-(2-Pyridyl)benzaldehyde2-quinolylhydrazone,-4.24,-4.24,0.16,25,144,324.38,0.13,1.26,2.22,2.92,2.52,4.49,4.16,c1ccc(/C(=N\Nc2ccc3ccccc3n2)c2ccccn2)cc1
2563,N(\N=C\c1ccccn1)c2ccc3ccccc3n2,Pyridine-2-carbaldehyde2-quinolylhydrazone,-4.94,-4.94,0.16,25,202,248.28,0.13,1.16,1.81,2.37,1.91,3.08,3.15,C(=N/Nc1ccc2ccccc2n1)\c1ccccn1
2564,N(\N=C\c1ccccn1)c2ccccc2,2-[(E)-(Phenylhydrazono)methyl]pyridine,-4.09,-4.09,0.16,25,175,197.24,0.13,0.92,1.43,1.59,1.58,2.53,3.08,C(=N/Nc1ccccc1)\c1ccccn1
2565,N(c1nc2c(c(n1)N3CCCCC3)nc(N(CCO)CCO)nc2N4CCCCC4)(CCO)CCO,Dipyridamole,-5.41,-5.42,0.13,23,163,504.64,0.95,3.03,2.9,3.74,3.87,-0.02,9.67,OCCN(CCO)c1nc(N2CCCCC2)c2nc(N(CCO)CCO)nc(N3CCCCC3)c2n1
2566,N1(C(C2=C(N(C1=O)C)N=C[NH]2)=O)C,Theophylline,-1.38,-1.38,0.05,25,273,180.17,0.35,1.29,1.99,1.46,1.22,-1.04,1.39,Cn1c(=O)c2[nH]cnc2n(C)c1=O
2567,N1(C(C2=C(N(C1=O)C)N=C[N]2C)=O)C,Caffeine,-1.05,-1.05,0.08,25,238,194.19,0,1.27,1.9,1.48,1.36,-1.03,1.6,Cn1c(=O)c2c(ncn2C)n(C)c1=O
2568,N1(CCN(CC1)C(=O)OCC)C(=O)OCC,"1,4-Piperazinedicarboxylicacid,diethylester",-0.73,-0.73,0.17,25,47,230.26,0,1.19,1.7,0.76,1.76,0.92,4.88,CCOC(=O)N1CCN(C(=O)OCC)CC1
2569,N1=C(C=CC=C1)NC(=O)C2=CC=CN=C2,N-(2-Pyridinyl)nicotinamide,-2.98,-2.98,0.17,25,155,199.21,0.41,1.22,2.08,1.57,1.5,1.73,2.69,O=C(Nc1ccccn1)c1cccnc1
2570,N1=C(C=NC=C1)C(=O)N,Pyrazinamide,-0.91,-0.91,0.12,25,190,123.11,0.49,1.04,1.68,1.07,0.89,-0.42,1.39,NC(=O)c1cnccn1
2571,N1=C(N=CC=C1)NC(=O)C2=NC=CN=C2,N-2-Pyrimidinylpyrazinamide,-0.27,-0.3,0.17,22,177,201.19,0.41,1.41,2.11,1.64,1.42,0.52,2.59,O=C(Nc1ncccn1)c1cnccn1
2572,N1=CC(=CC2=CC=CC=C12)O,3-Quinolinol,-2.33,-2.39,0.17,20,100,145.16,0.5,0.73,1.36,1.55,1.1,1.94,1.25,Oc1cnc2ccccc2c1
2573,N1=CC(=CC=C1)C(=O)NC(=O)NC2=CC=CC=C2,N-[(Phenylamino)carbonyl]-3-pyridinecarboxamide,-3.38,-3.38,0.25,25,182,241.25,0.6,1.29,2.25,1.73,1.8,2.04,3.65,O=C(NC(=O)c1cccnc1)Nc1ccccc1
2574,N1=CC=C(C=C1)[S](=O)(=O)C2=CC=C(C=C2)N,4-Sulfanilpyridine,-4.04,-3.89,0.38,37,196,234.28,0.23,1.33,2.56,1.61,1.66,1.5,2.62,Nc1ccc(S(=O)(=O)c2ccncc2)cc1
2575,N1=CC=CC2=C1C(C=CC2=NO)=NO,"(5E,8E)-5,8-quinolinedioneDioxime",-3.8,-3.8,0.33,25,167,189.17,0.63,1.3,1.19,1.76,1.32,1.01,1.98,ON=C1C=CC(=NO)c2ncccc21
2576,N1=CC=CC2=C1C(NC=C2)=O,"1,7-Naphthyridin-8(7H)-one",-1.08,-1.14,0.17,20,156,146.15,0.26,1,1.77,1.32,1.06,0.92,1.22,O=c1[nH]ccc2cccnc12
2577,N1=CC=CC2=C1C=CC=C2O,5-Quinolinol,-2.46,-2.54,0.17,20,226,145.16,0.5,0.73,1.36,1.55,1.1,1.94,1.25,Oc1cccc2ncccc12
2578,N1=CC=CC2=CC=C(C=C12)O,7-Quinolinol,-2.42,-2.5,0.17,20,239,145.16,0.5,0.73,1.36,1.55,1.1,1.94,1.25,Oc1ccc2cccnc2c1
2579,N1=CC=CC2=CC=C3C(=C12)C=CC=N3,"1,7-Phenanthroline",-2.64,-2.68,0.17,22,78,180.21,0,0.8,1.6,2.08,1.37,2.78,1.47,c1cnc2c(c1)ccc1ncccc12
2580,N1=CC=CC2=CC=CC(=C12)O,8-Quinolinol<Oxine><8-Hydroxyquinoline>,-2.42,-2.42,0.12,25,76,145.16,0.07,0.73,1.36,1.55,1.1,1.94,1.25,Oc1cccc2cccnc12
2581,N1=CC=CC2=CN=CC(=C12)O,"1,6-Naphthyridin-8-ol",-1.59,-1.66,0.17,20,142,146.15,0.07,1.01,1.49,1.59,1.06,1.34,1.22,Oc1cncc2cccnc12
2582,N1=CC=NC2=C1C=CC=C2O,5-Quinoxalinol,-1.28,-1.35,0.17,20,139,146.15,0.07,0.83,1.36,1.57,1.06,1.34,1.22,Oc1cccc2nccnc12
2583,N1=CN=C2C(=C1C(=N)NN)[NH]C=N2,1H-Purine-6-carboximidohydrazide,-2.69,-2.75,0.17,20,208,177.17,0.69,1.89,1.71,2.09,1.22,-0.86,1.64,N=C(NN)c1ncnc2nc[nH]c12
2584,N1=CN=C2C(=C1N)[NH]C=N2,Adenine,-2.12,-2.12,0.09,25,360,135.13,0.57,1.09,1.78,1.71,0.92,-0.06,0.86,Nc1ncnc2nc[nH]c12
2585,N1=CN=CC2=CC=CC(=C12)O,8-Quinazolinol,-1.97,-2.04,0.17,20,147,146.15,0.07,0.85,1.41,1.58,1.06,1.34,1.22,Oc1cccc2cncnc12
2586,N1=CN=CC2=NC=C(N=C12)S,Pteridine-7-thiol,-2.62,-2.71,0.17,20,143,164.19,0,0.87,1.35,1.88,1.08,0.71,1.43,Sc1cnc2cncnc2n1
2587,N1=CN=CC2=NC=CN=C12,Pteridine,0.36,0.36,0.2,25,140,132.13,0,0.76,1.22,1.4,0.92,0.42,1.03,c1cnc2ncncc2n1
2588,N1=NC=CC2=CC=CC(=C12)O,8-Cinnolinol,-2.34,-2.41,0.17,20,149,146.15,0.07,0.81,1.43,1.59,1.06,1.34,1.22,Oc1cccc2ccnnc12
2589,N1C(C2=C(N(C1=O)C)N=C[N]2C)=O,Theobromine,-2.58,-2.58,0.08,25,357,180.17,0.24,1.22,1.89,1.46,1.22,-1.04,1.39,Cn1cnc2c1c(=O)[nH]c(=O)n2C
2590,N1C(C2=C(N=C1)N=C[NH]2)=NO,6-Hydroxyaminopurine,-2.34,-2.4,0.17,20,196,151.13,0.79,1.49,1.26,1.6,0.98,-0.42,1.12,ON=c1[nH]cnc2nc[nH]c12
2591,N1C(C2=C(N=C1N)N=C[NH]2)=O,Guanine,-4.43,-4.43,0.43,25,360,151.13,0.94,1.62,1.97,1.62,0.98,-0.77,0.98,Nc1nc2nc[nH]c2c(=O)[nH]1
2592,N1C(C2=C(NC1=O)N=C[NH]2)=O,Xanthine,-3.84,-3.87,0.21,23,300,152.11,0.89,1.14,1.75,1.47,0.94,-1.06,0.98,O=c1[nH]c(=O)c2[nH]cnc2[nH]1
2593,N1C(C2=C(NC1=O)NC(=O)N2)=O,UricAcid,-3.93,-3.93,0.18,25,300,168.11,0.8,1.58,2.36,1.48,1,-1.77,1.09,O=c1[nH]c(=O)c2[nH]c(=O)[nH]c2[nH]1
2594,N1C2=C(C(N=C1)=O)N=CC=C2,"Pyrido[3,2-d]pyrimidin-4(1H)-one",-2.01,-2.07,0.17,20,171,147.14,0.08,1.06,1.27,1.5,1.02,0.32,1.18,O=c1nc[nH]c2cccnc12
2595,N1C=C(C(NC1=O)=O)C,Thymine<5-Methyluracil>,-1.5,-1.5,0.02,25,316,126.11,0.44,0.9,1.41,0.88,0.89,-0.63,1.22,Cc1c[nH]c(=O)[nH]c1=O
2596,N1C=CC(=NC1=O)N,Cytosine,-1.17,-1.17,0.02,25,323,111.1,0.47,1.21,1.33,1.11,0.79,-0.65,1,Nc1cc[nH]c(=O)n1
2597,N1C=CC(NC1=O)=O,Uracil,-1.49,-1.49,0.09,25,338,112.09,0.44,0.88,1.47,0.9,0.75,-0.94,1,O=c1cc[nH]c(=O)[nH]1
2598,N1C=CC=C2N=C(N=C12)c3cccs3,PG-300995,-3.59,-3.59,0.12,25,273,201.25,0.37,0.73,1.9,2.19,1.4,2.64,1.61,c1c[nH]c2nc(-c3cccs3)nc-2c1
2599,N1CC(NCC1=O)=O,"2,5-Piperazinedione",-0.83,-0.83,0.02,25,312,114.1,0.51,1.35,1.63,0.97,0.79,-1.77,1.15,O=C1CNC(=O)CN1
2600,N1CCCCCC(NCCCCCC(NCCCCCC1=O)=O)=O,"1,8,15-Triazacycloheneicosane-2,9,16-trione",-1.55,-1.56,0.17,17,146,339.48,0.77,1.73,2.94,1.12,2.88,2.03,11.77,O=C1CCCCCNC(=O)CCCCCNC(=O)CCCCCN1
2601,N1CCC[C@H]1C(=O)O,L-Proline,1.15,1.15,0.06,25,221,115.13,0.71,0.81,0.87,0.54,0.88,-0.18,1.48,O=C(O)[C@@H]1CCCN1
2602,N1CCNCC1,Piperazine,1.07,1.07,0.41,25,106,86.14,0.29,0.89,0.63,0.48,0.76,-0.82,1.47,C1CNCCN1
2603,N2C(=C1NC=NC1=NC2=O)N,Isoguanine,-3.4,-3.4,0.06,25,360,151.13,0.6,1.8,1.4,1.62,0.98,-0.77,0.98,Nc1[nH]c(=O)nc2nc[nH]c12
2604,N2C1=CC=CC=C1C(C=C2)=O,4-Quinolone,-1.3,-1.37,0.02,20,144,145.16,0.08,0.71,1.32,1.41,1.1,1.53,1.25,O=c1cc[nH]c2ccccc12
2605,N2C1=CC=CC=C1C=CC2=O,Quinolone<2-Hydroxyquinoline>,-2.07,-2.14,0.13,20,200,145.16,0.41,0.71,1.55,1.28,1.1,1.53,1.25,O=c1ccc2ccccc2[nH]1
2606,N2C1=CC=CN=C1C(C=C2)=O,"1,5-Naphthyridin-4(1H)-one",-2.18,-2.24,0.17,20,149,146.15,0.08,0.99,1.45,1.46,1.06,0.92,1.22,O=c1cc[nH]c2cccnc12
2607,N2C=C1N=CN=C1NC2=O,Purinol,-1.65,-1.71,0.17,20,211,136.11,0.36,1.04,1.12,1.34,0.88,-0.4,0.86,O=c1[nH]cc2ncnc-2[nH]1
2608,N2C=C1NC(N=C1N=C2)=O,"1,7-Dihydro-8H-purin-8-one",-1.46,-1.51,0.17,20,211,136.11,0.39,1.36,1.25,1.38,0.88,-0.4,0.86,O=c1nc2nc[nH]cc-2[nH]1
2609,N=C(C)N4CCC(Oc1ccc(cc1)N(Cc2cc3cc(ccc3cc2)C(=N)N)S(=O)(=O)CC(=O)O)CC4,FX-93<YM-60828>,-3.95,-3.95,0.08,25,180,537.63,0.78,2.7,3.24,3.85,3.96,3.39,7.87,CC(=N)N1CCC(Oc2ccc(N(Cc3ccc4ccc(C(=N)N)cc4c3)S(=O)(=O)CC(=O)O)cc2)CC1
2610,N=S1(=O)CCC(NC(=O)c2n[nH]cc2NC(=O)c2c(Cl)cccc2Cl)CC1,AT-7519analog15,-3.9,-3.93,0.35,23,204,430.31,1.14,1.89,3.35,2.62,2.82,2.91,5.73,N=S1(=O)CCC(NC(=O)c2n[nH]cc2NC(=O)c2c(Cl)cccc2Cl)CC1
2611,N=S1(=O)CCN(CC1)S(=O)(=O)c4cc(C3=Nn2c(CCC)nc(C)c2C(=O)N3)c(OCC)cc4,Vardenafilanalog29,-3.98,-3.99,0.37,23,195,508.61,0.26,2.66,3.48,2.91,3.55,1.8,6.53,CCCc1nc(C)c2c(=O)[nH]c(-c3cc(S(=O)(=O)N4CCS(=N)(=O)CC4)ccc3OCC)nn12
2612,N=S1(=O)CCN(CC1)c5ccc(Nc3nc4N(C2CCCC2)C(=O)C(C(C)=O)=C(C)c4cn3)nc5,Palbociclibanalog23,-4.2,-4.22,0.41,23,136,495.6,0.13,2.49,3.57,3.27,3.6,3.42,6.04,CC(=O)c1c(C)c2cnc(Nc3ccc(N4CCS(=N)(=O)CC4)cn3)nc2n(C2CCCC2)c1=O
2613,N=S1(=O)CCN(CC1)c5ccc(Nc3nc4n(C2CCCC2)c(cc4cn3)C(=O)N(C)C)nc5,Ribociclibanalog26,-4.37,-4.4,0.45,23,240,482.6,0.13,2.39,3.61,3.44,3.54,3.25,5.88,CN(C)C(=O)c1cc2cnc(Nc3ccc(N4CCS(=N)(=O)CC4)cn3)nc2n1C1CCCC1
2614,NC(=O)CN(C)C(=O)COC(=O)C(C)c1ccc2cc(ccc2c1)OC,NaproxenesterVd,-3.74,-3.78,0.32,21,180,358.39,0.49,1.92,3.25,2.17,2.72,1.44,6.16,COc1ccc2cc(C(C)C(=O)OCC(=O)N(C)CC(N)=O)ccc2c1
2615,NC(=O)COC(=O)C(C)c1ccc2cc(ccc2c1)OC,NaproxenesterVa,-3.89,-3.93,0.35,21,140,287.31,0.49,1.3,2.36,1.85,2.18,1.98,4.42,COc1ccc2cc(C(C)C(=O)OCC(N)=O)ccc2c1
2616,NC(=O)COC(=O)Cc1ccc2cc(ccc2c1)OC,Glycolamideanalog19,-4.24,-4.24,0.42,25,143,273.28,0.49,1.27,2.38,1.84,2.04,1.42,4.2,COc1ccc2cc(CC(=O)OCC(N)=O)ccc2c1
2617,NC(=O)N,Urea,0.96,0.96,0.17,25,134,60.06,0.72,0.69,1.17,0.63,0.46,-0.98,0.58,NC(N)=O
2618,NC(=O)NC(C(CC=C)C(C)C)=O,Apronalide,-2.74,-2.75,0.17,23,194,184.24,0.67,0.95,1.37,0.77,1.56,1.03,4.81,C=CCC(C(=O)NC(N)=O)C(C)C
2619,NC(=O)NC(C(CCC)Br)=O,N-(Aminocarbonyl)-2-bromopentanamide,-1.41,-1.43,0.17,23,118,223.07,0.67,0.86,1.54,0.95,1.36,0.74,4.85,CCCC(Br)C(=O)NC(N)=O
2620,NC(=O)NC(C(CCCC)CC)=O,N-(Aminocarbonyl)-2-ethyl-hexanamide,-2.63,-2.67,0.17,15,115,186.25,0.67,0.87,1.33,0.64,1.61,1.4,5.93,CCCCC(CC)C(=O)NC(N)=O
2621,NC(=O)NC(C)=O,N-Carbamoylacetamide,-0.79,-0.9,0.17,15,218,102.09,0.67,0.83,1.32,0.64,0.76,-0.8,1.84,CC(=O)NC(N)=O
2622,NC(=S)N,Thiourea,0.32,0.32,0.17,25,178,76.12,0.42,0.82,0.97,1.07,0.57,-0.81,0.98,NC(N)=S
2623,NC(C(=O)O)CC1=CC=CS1,3-(2-Thienyl)-DL-alanine,-0.84,-0.84,0.17,25,135,171.22,0.78,0.96,1.31,0.9,1.24,0.7,2.62,NC(Cc1cccs1)C(=O)O
2624,NC(C(C)(C)NC(C1=CC=CC=C1)=O)=O,"N-(2-amino-1,1-dimethyl-2-oxoethyl)benzamide",-1.6,-1.62,0.17,23,144,206.25,0.74,1.26,2.37,1.28,1.65,0.68,3.09,CC(C)(NC(=O)c1ccccc1)C(N)=O
2625,NC(C(C)C)C(=O)O,DL-Valine,-0.2,-0.2,0.01,25,298,117.15,0.78,0.97,0.92,0.39,0.99,0.05,2.48,CC(C)C(N)C(=O)O
2626,NC(C(C)CC)C(=O)O,DL-Isoleucine,-0.77,-0.77,0.11,25,101,131.18,0.78,0.97,0.92,0.39,1.13,0.44,3.23,CCC(C)C(N)C(=O)O
2627,NC(C(O)=O)CSCC(N)C(O)=O,DL-Lanthionine,-2.98,-2.98,0.55,25,294,208.24,1.56,1.97,1.83,1.1,1.47,-1.46,5.44,NC(CSCC(N)C(=O)O)C(=O)O
2628,NC(C(O)=O)c1ccc(O)cc1,4-Hydroxyphenylglycine,-0.95,-0.95,0.12,25,170,167.16,1.28,1.29,1.59,1.18,1.23,0.48,2.3,NC(C(=O)O)c1ccc(O)cc1
2629,NC(C(O)=O)c1ccccc1,DL-Phenylglycine,-1.89,-1.95,0.17,20,290,151.16,0.78,1.02,1.38,0.96,1.17,0.77,2.23,NC(C(=O)O)c1ccccc1
2630,NC(C(OC)=O)c1ccc(O)cc1,MethylD-(-)-4-Hydroxyphenylglycinate,-2.11,-2.11,0.06,25,198,181.19,0.71,1.29,1.55,1.08,1.37,0.56,2.87,COC(=O)C(N)c1ccc(O)cc1
2631,NC(CCC)C(=O)O,DL-Norvaline,-0.14,-0.14,0.04,25,303,117.15,0.78,0.94,0.93,0.38,0.99,0.2,3.19,CCCC(N)C(=O)O
2632,NC(CCCC)C(=O)O,DL-Norleucine,-1.06,-1.06,0.06,25,299,131.18,0.78,0.94,0.94,0.38,1.13,0.59,4.05,CCCCC(N)C(=O)O
2633,NC(CCSC)C(=O)O,DL-Methionine,-0.66,-0.66,0.12,25,281,149.22,0.78,1.06,1.08,0.72,1.15,0.15,4.53,CSCCC(N)C(=O)O
2634,NC(c1ccc(O)cc1)C(=O)OC,MethylD-(-)-4-Hydroxyphenylglycinate,-2.28,-2.28,0.08,25,198,181.19,0.71,1.29,1.55,1.08,1.37,0.56,2.87,COC(=O)C(N)c1ccc(O)cc1
2635,NC1=C(C(=O)N)C=C(C=C1Cl)Cl,"2-Amino-3,5-dichlorobenzamide",-2.05,-2.08,0.17,23,163,205.04,0.72,0.85,1.91,1.59,1.32,1.67,2.45,NC(=O)c1cc(Cl)cc(Cl)c1N
2636,NC1=C(C=CC(=C1)N)N=NC2=CC=C(C(=O)OCC)C=C2,"Ethyl4-(2,4-Diaminophenylazo)benzoicAcid",-3.37,-3.37,0.25,25,158,284.32,0.45,1.3,2,2.04,2.18,3.44,4.5,CCOC(=O)c1ccc(N=Nc2ccc(N)cc2N)cc1
2637,NC1=C(C=CC(=C1)[S](=O)(=O)N)C,3-Amino-4-methylbenzenesulfonamide,-1.91,-1.92,0.17,24,185,186.24,0.67,1.14,1.86,1.46,1.34,0.22,2.07,Cc1ccc(S(N)(=O)=O)cc1N
2638,NC1=C(C=CC3=C1C(C2=CC=CC=C2C3=O)=O)C,"1-Amino-2-methyl-9,10-anthracenedione",-5.85,-5.85,0.75,25,206,237.26,0.18,1.06,2.17,2.2,1.77,2.35,2.1,Cc1ccc2c(c1N)C(=O)c1ccccc1C2=O
2639,NC1=C(C=O)C=CC(=C1OC)O,2-Amino-4-hydroxy-3-methoxybenzaldehyde,-0.2,-0.22,0.17,23,151,167.16,0.63,0.94,1.57,1.38,1.23,0.8,2.19,COc1c(O)ccc(C=O)c1N
2640,NC1=CC(=C(C=C1)C)C,"3,4-Xylidine",-1.48,-1.5,0.17,22,51,121.18,0.23,0.43,0.97,0.91,1.1,1.89,1.43,Cc1ccc(N)cc1C
2641,NC1=CC2=C(C=C1)OC(C=C2)=O,6-Aminocoumarin,-1.98,-1.84,0.17,37,167,161.16,0.23,0.79,1.58,1.34,1.16,1.38,1.36,Nc1ccc2oc(=O)ccc2c1
2642,NC1=CC=C(C(=O)OC(C)C)C=C1,Isopropyl4-aminobenzoate,-2.6,-2.61,0.17,23,113,179.22,0.23,0.8,1.42,0.95,1.45,1.83,2.9,CC(C)OC(=O)c1ccc(N)cc1
2643,NC1=CC=C(C(=O)OCC(C)C)C=C1,Isobutamben,-2.92,-2.94,0.17,20,65,193.25,0.23,0.8,1.42,0.95,1.6,2.08,3.51,CC(C)COC(=O)c1ccc(N)cc1
2644,NC1=CC=C(C3=C1C(C2=CC=CC=C2C3=O)=O)O,1-Amino-4-hydroxyanthraquinone,-5.92,-5.92,0.76,25,216,239.23,0.37,1,2.29,2.34,1.69,1.75,2.01,Nc1ccc(O)c2c1C(=O)c1ccccc1C2=O
2645,NC1=CC=C(C=C1)C(CC)=O,4-Aminopropiophenone,-2.74,-2.63,0.17,37,140,149.19,0.23,0.74,1.52,1.09,1.25,1.86,2.26,CCC(=O)c1ccc(N)cc1
2646,NC1=CC=C(C=C1)CC(=O)C2=CC=CC=C2,2-(4-Aminophenyl)-1-phenylethanone,-1.78,-1.81,0.17,23,134,211.26,0.23,0.83,1.98,1.67,1.72,2.69,3.01,Nc1ccc(CC(=O)c2ccccc2)cc1
2647,NC1=CC=C(C=C1)SC#N,4-AminophenylThiocyanate,-2.6,-2.6,0.17,25,78,150.21,0.23,0.72,1.75,1.41,1.13,1.84,2.19,N#CSc1ccc(N)cc1
2648,NC1=CC=C(C=C1)[S](=O)(=O)C2=C(C=CC=C2)N,2-[(4-amino-phenyl)sulfonyl]aniline,-3.27,-3.1,0.22,37,199,248.31,0.45,1.35,2.82,1.84,1.8,1.68,2.77,Nc1ccc(S(=O)(=O)c2ccccc2N)cc1
2649,NC1=CC=C(C=C1)[S](=O)(=O)C2=CC=C(C=C2)[S](=O)(=O)N,4-[(4-amino-phenyl)sulfonyl]benzenesulfonamide,-4.23,-4.06,0.42,37,212,312.37,0.67,1.8,3.3,2.16,2.09,0.75,3.55,Nc1ccc(S(=O)(=O)c2ccc(S(N)(=O)=O)cc2)cc1
2650,NC1=CC=C(C=C1)[S](=O)(=O)C2=CC=C(C=N2)N,5-Amino-2-sulfanilylpyridine,-2.47,-2.31,0.17,37,208,249.29,0.45,1.63,2.97,1.91,1.76,1.08,2.72,Nc1ccc(S(=O)(=O)c2ccc(N)cn2)cc1
2651,NC1=CC=C(C=C1)[S](=O)(=O)NC#N,4-Amino-N-cyanobenzenesulfonamide,-1.91,-1.71,0.17,37,171,197.22,0.59,1.37,2.47,1.54,1.35,0.03,2.4,N#CNS(=O)(=O)c1ccc(N)cc1
2652,NC1=CC=C(C=C1)[S](=O)(=O)NC2=CN=CN=C2,4-Amino-N-5-pyrimidinylbenzenesulfonamide,-3.62,-3.41,0.3,37,219,250.28,0.59,1.54,2.67,2.05,1.72,0.86,2.92,Nc1ccc(S(=O)(=O)Nc2cncnc2)cc1
2653,NC1=CC=C2C(=C1)C(OC2)=O,6-Amino-1(3H)-isobenzofuranone,-2.04,-2.04,0.17,25,162,149.15,0.23,0.74,1.45,1.18,1.06,0.94,1.13,Nc1ccc2c(c1)C(=O)OC2
2654,NC1=CC=C2C(=C1)C(OC2C)=O,6-Amino-3-methyl-1(3H)-isobenzofuranone,-1.79,-1.79,0.17,25,152,163.18,0.23,0.77,1.44,1.19,1.2,1.5,1.34,CC1OC(=O)c2cc(N)ccc21
2655,NC1=CC=CC(=C1)C#N,N-Aminobenzonitrile,-1.12,-1.17,0.17,20,54,118.14,0.3,0.58,1.56,1.03,0.97,1.14,1.37,N#Cc1cccc(N)c1
2656,NC1=CC=CC2=C(C=CC=C12)N,"1,5-Diaminonaphthalene",-2.62,-2.62,0.17,25,190,158.2,0.45,0.8,1.79,1.88,1.29,2,1.4,Nc1cccc2c(N)cccc12
2657,NC1=NC(=CC(=N1)C)C,"2-Amino-4,6-dimethylpyrimidine",-0.49,-0.49,0.17,25,152,123.16,0.23,0.71,1.06,1.01,1.02,0.68,1.34,Cc1cc(C)nc(N)n1
2658,NC1=NC(=NC(=N1)N)CCC,"2,4-Diamino-6-propylsulfidetriazine",-0.8,-0.92,0.17,15,190,153.19,0.45,0.99,1.49,1.32,1.22,-0.01,2.2,CCCc1nc(N)nc(N)n1
2659,NC1=NC(=NC=C1)N[S](=O)(C2=CC=C(C=C2)N)=O,N1-(4-amino-2-pyrimidinyl)sulfanilamide,-2.35,-2.15,0.17,37,219,265.3,0.81,1.6,2.91,2.37,1.82,0.44,3.02,Nc1ccc(S(=O)(=O)Nc2nccc(N)n2)cc1
2660,NC1=NC(=NC=C1CNC(=O)N)C,[(4-Amino-2-methyl-5-pyrimidinyl)methyl]urea,-2.26,-2.26,0.17,25,186,181.2,0.82,1.41,2.05,1.52,1.37,-0.46,2.63,Cc1ncc(CNC(N)=O)c(N)n1
2661,NC1=NC(=NS1)OCC,"3-Ethoxy-1,2,4-thiadiazol-5-amine",-0.59,-0.65,0.17,20,153,145.19,0.23,0.66,1.37,1.14,1,0.52,1.84,CCOc1nsc(N)n1
2662,NC1=NC(=O)NC=C1C,5-Methylcytosine,-0.56,-0.56,0.63,25,270,125.13,0.47,1.23,1.27,1.08,0.93,-0.34,1.22,Cc1c[nH]c(=O)nc1N
2663,NC1=NC(C(=CN1)C)=O,2-Amino-5-methyl-4(1H)-pyrimidinone,-1.5,-1.5,0.17,25,215,125.13,0.48,1.42,1.07,1.14,0.93,-0.34,1.22,Cc1c[nH]c(N)nc1=O
2664,NC1=NC(NC(=C1)C)=O,4-Amino-6-methyl-2(1H)-pyrimidinone,-1.49,-1.5,0.17,24,214,125.13,0.47,1.23,1.27,1.08,0.93,-0.34,1.22,Cc1cc(N)nc(=O)[nH]1
2665,NC1=NC(NC(=N1)N)=O,Cyanurodiamide,-3.21,-3.23,0.21,23,227,127.11,0.81,1.73,1.31,1.38,0.85,-1.67,1.06,Nc1nc(N)[nH]c(=O)n1
2666,NC1=NC(NC(C1(CC)CC)=O)=O,"6-Amino-5,5-diethyl-2,4(3H;5H)-pyrimidinedione",-1.37,-1.4,0.17,20,181,183.21,0.55,1.43,1.17,1.11,1.42,0.4,2.36,CCC1(CC)C(=O)NC(=O)N=C1N
2667,NC1=NC(NC2=NC=CN=C12)=O,"Pteridinone,4-Amino-,2(1H)-",-3.29,-3.36,0.23,20,255,163.14,0.62,1.5,1.6,1.65,1.08,-0.7,1.26,Nc1nc(=O)[nH]c2nccnc12
2668,NC1=NC(NC=C1CC)=O,4-Amino-5-ethyl-2(1H)pyrimidinone,-1.02,-1.02,0.17,25,183,139.16,0.47,1.24,1.28,1.08,1.07,-0.09,1.71,CCc1c[nH]c(=O)nc1N
2669,NC1=NC(NC=C1I)=O,5-Iodocytosine,-2.4,-2.4,0.17,25,213,237,0.47,1.25,1.56,1.7,1.05,-0.04,1.7,Nc1nc(=O)[nH]cc1I
2670,NC1=NC=C2C(=N1)[N](C=N2)COCCO,Deoxyacyclovir<Desciclovir>,-1.08,-1.08,0.03,25,189,209.21,0.45,1.52,2.06,2.04,1.46,-0.63,2.75,Nc1ncc2ncn(COCCO)c2n1
2671,NC1CCCN(C1)c5nc4c(C(=O)N(Cc3nc2ccccc2c(C)n3)C(=O)N4C)n5CC#CC,Linagliptin,-2.71,-2.74,0.24,23,193,472.54,0.23,2.68,3.55,3.63,3.53,1.15,5.86,CC#CCn1c(N2CCCC(N)C2)nc2c1c(=O)n(Cc1nc(C)c3ccccc3n1)c(=O)n2C
2672,NC2=NC(C1=NC=CN=C1N2)=O,"Pteridinone,2-Amino-4(1H)-<Pterin>",-2.9,-2.97,0.17,20,258,163.14,0.42,1.51,1.36,1.78,1.08,-0.7,1.26,Nc1nc(=O)c2nccnc2[nH]1
2673,NC2=NC1=C(C=CC=C1S2)O,2-Amino-4-hydroxybenzothiazole,-1.83,-1.92,0.17,20,188,166.2,0.3,0.84,1.74,1.89,1.13,1.58,1.23,Nc1nc2c(O)cccc2s1
2674,NC2C1=CC(C=CC=C1C3=C(CC2)C=CC=C3)=O,"7-Amino-6,7-dihydrobenzo[a]heptalen-9(5H)-one·3H2O",-1.34,-1.39,0.17,20,165,237.3,0.21,1.19,1.76,1.86,1.89,2.66,2.73,NC1CCc2ccccc2-c2cccc(=O)cc21
2675,NCC(=O)O,Glycine,0.4,0.4,0.04,25,262,75.07,0.78,0.9,0.93,0.37,0.56,-0.97,1.52,NCC(=O)O
2676,NCC(C(=O)O)(C)O,3-Amino-2-hydroxy-2-methylpropanoicAcid,-1.3,-1.34,0.17,15,134,119.12,0.89,1.31,0.88,0.5,0.91,-1.22,1.95,CC(O)(CN)C(=O)O
2677,NCC(C(=O)O)O,Isoserine,-0.79,-0.82,0.01,20,235,105.09,0.89,1.3,0.93,0.52,0.76,-1.61,2.32,NCC(O)C(=O)O
2678,NCC(O)C(=O)O,DL-Isoserine,-0.8,-0.84,0.01,20,235,105.09,0.89,1.3,0.93,0.52,0.76,-1.61,2.32,NCC(O)C(=O)O
2679,NN=CNC(C(=O)O)CC,2-[(Aminoiminomethyl)amino]butanoicAcid,-0.85,-0.86,0.17,23,134,145.16,0.92,1.4,0.93,0.78,1.14,-0.66,4.02,CCC(NC=NN)C(=O)O
2680,NN=CN[C@@H](C)C(=O)O,N-(Aminoiminomethyl)-L-Alanine,-0.15,-0.2,0.17,15,137,131.13,0.92,1.4,0.92,0.78,1,-1.05,3.19,C[C@H](NC=NN)C(=O)O
2681,NNC(=S)N,Thiosemicarbazide,-0.91,-0.96,0.17,20,183,91.14,0.56,1.26,1.14,1.22,0.67,-1.31,1.79,NNC(N)=S
2682,NS(=O)(=O)C1=NN2C(=CC(=O)N=C2S1)OC,Sulfonamideanalog5,-2.27,-2.3,0.17,23,193,262.27,0.44,2.28,2.04,2.23,1.53,-1.19,2.4,COc1cc(=O)nc2sc(S(N)(=O)=O)nn12
2683,NS(=O)(=O)C1=NN2C(O)=CC(=O)N=C2S1,Sulfonamideanalog4,-1.74,-1.77,0.17,23,215,248.24,0.75,2.34,2.16,2.4,1.38,-1.5,1.99,NS(=O)(=O)c1nn2c(O)cc(=O)nc2s1
2684,NS(=O)(=O)C1=NN2CCS(=O)(=O)N=C2S1,Sulfonamideanalog1,-2.67,-2.7,0.17,23,265,270.31,0.44,2.21,2.26,1.95,1.49,-1.71,2.29,NS(=O)(=O)C1=NN2CCS(=O)(=O)N=C2S1
2685,NS(=O)(=O)C2=NN1C(=NC(=O)N(C)C1=O)S2,Sulfonamideanalog8,-2.22,-2.25,0.17,23,318,263.25,0.44,2.1,2.29,2.25,1.48,-2.5,2.18,Cn1c(=O)nc2sc(S(N)(=O)=O)nn2c1=O
2686,NS(=O)(=O)C2=NN1C(=NC(=O)N(CC)C1=O)S2,Sulfonamideanalog7,-2.29,-2.32,0.17,23,221,277.28,0.44,2.1,2.29,2.25,1.63,-2.02,2.6,CCn1c(=O)nc2sc(S(N)(=O)=O)nn2c1=O
2687,NS(=O)(=O)C2=NN1C(=NC(=O)N(CCCl)C1=O)S2,Sulfonamideanalog6,-2.42,-2.46,0.17,23,258,311.73,0.44,2.1,2.43,2.37,1.75,-1.8,3.23,NS(=O)(=O)c1nn2c(=O)n(CCCl)c(=O)nc2s1
2688,NS(=O)(=O)C2=NN1C(=NC(=O)NC1=O)S2,Sulfonamideanalog3,-2.36,-2.4,0.17,23,238,249.23,0.68,2.04,2.27,2.23,1.34,-2.51,1.96,NS(=O)(=O)c1nn2c(=O)[nH]c(=O)nc2s1
2689,NS(=O)(=O)C2=NN1C(=NC(=O)NS1(=O)=O)S2,Sulfonamideanalog2,-1.2,-1.24,0.17,23,252,285.28,0.93,2.51,2.86,2.53,1.47,-2.08,2.23,NS(=O)(=O)C1=NN2C(=NC(=O)NS2(=O)=O)S1
2690,NS(=O)(=O)c1ccc(cc1)n4nc(cc4c2cc3ccccc3cc2)C(F)(F)F,PC407,-5.38,-5.42,0.65,23,188,417.4,0.44,1.28,2.81,3.2,2.7,4.36,4.43,NS(=O)(=O)c1ccc(-n2nc(C(F)(F)F)cc2-c2ccc3ccccc3c2)cc1
2691,N[C@@H](C)C(=O)O,L-Alanine,0.24,0.24,0.04,25,307,89.09,0.78,0.93,0.92,0.38,0.71,-0.58,1.6,C[C@H](N)C(=O)O
2692,N[C@@H](CC(=O)O)C(=O)O,L-AsparticAcid,-1.53,-1.53,0.04,25,230,133.1,1.18,1.26,1.37,0.55,0.92,-1.13,2.66,N[C@@H](CC(=O)O)C(=O)O
2693,N[C@@H](CC(C)C)C(=O)N[C@H](CCC(N)=O)C(=O)O,N2-L-leucyl-D-glutamine,-1.57,-1.57,0.17,25,129,259.31,1.52,2.11,2.71,1.11,2.06,-0.81,6.96,CC(C)C[C@H](N)C(=O)N[C@H](CCC(N)=O)C(=O)O
2694,N[C@@H](CC(C)C)C(=O)O,L-Leucine,-0.77,-0.77,0.03,25,293,131.18,0.78,0.97,0.92,0.39,1.13,0.44,3.23,CC(C)C[C@H](N)C(=O)O
2695,N[C@@H](CC(N)=O)C(=O)O,L-Asparagine,-0.65,-0.65,0.09,25,235,132.12,1.27,1.48,1.84,0.8,0.96,-1.73,2.66,NC(=O)C[C@H](N)C(=O)O
2696,N[C@@H](CC1=CC=CC=C1)C(=O)O,L-Phenylalanine,-0.79,-0.79,0.04,25,283,165.19,0.78,1.02,1.39,0.95,1.31,0.64,2.83,N[C@@H](Cc1ccccc1)C(=O)O
2697,N[C@@H](CCC(=O)O)C(=O)O,L-GlutamicAcid,-1.28,-1.28,0.04,25,224,147.13,1.35,1.26,1.37,0.55,1.06,-0.74,3.42,N[C@@H](CCC(=O)O)C(=O)O
2698,N[C@@H](CCC(N)=O)C(=O)O,L-Glutamine,-0.54,-0.54,0.04,25,185,146.15,1.27,1.48,1.84,0.79,1.1,-1.34,3.42,NC(=O)CC[C@H](N)C(=O)O
2699,N[C@@H](CCSC)C(=O)O,L-Methionine,-0.43,-0.43,0.01,25,283,149.22,0.78,1.06,1.08,0.72,1.15,0.15,4.53,CSCC[C@H](N)C(=O)O
2700,N[C@@H](Cc1ccccc1)C(=O)OCCOC(=O)[C@]56CC[C@]4(C)C(=CC[C@H]3[C@@]4(C)CCC2[C@]3(C)CC[C@H](O)C2(C)C)[C@@H]6CC(C)(C)CC5,OleanolicD-Phe(EGlinker)-5d,-8.4,-8.5,1.26,37,185,647.93,0.52,2,2.16,2.2,5.37,7.81,8.85,CC1(C)CC[C@]2(C(=O)OCCOC(=O)[C@@H](N)Cc3ccccc3)CC[C@]3(C)C(=CC[C@@H]4[C@@]5(C)CC[C@H](O)C(C)(C)C5CC[C@]43C)[C@@H]2C1
2701,N[C@@]1(C(=O)N2[C@@]1(SC(C)(C)C2C(O)=O)([H]))([H]),6-(+)-AminopenicillanicAcid,-2.13,-2.17,0.08,20,202,216.26,0.8,1.94,1.69,1.59,1.47,-0.54,1.85,CC1(C)S[C@@H]2[C@H](N)C(=O)N2C1C(=O)O
2702,N[C@@]1(C(=O)N2[C@@]1(SCC(=C2C(O)=O)CSc1n[nH]nc1)([H]))([H]),"7-TACA<7-Amino-3-(1,2,3-triazol-5-yl)thiomethylcephalosporanicAcid>",-2.67,-2.67,0.08,25,211,313.36,1.43,2.46,2.92,2.8,1.98,-0.52,3.44,N[C@@H]1C(=O)N2C(C(=O)O)=C(CSc3cn[nH]n3)CS[C@H]12
2703,N[C@@]1(C(=O)N2[C@@]1(SCC(C)=C2C(O)=O)([H]))([H]),7-ADCA<7-AminodesacetoxycephalosporanicAcid>,-3.03,-3.08,0.01,20,209,214.24,0.8,1.86,1.94,1.64,1.43,-0.41,2.04,CC1=C(C(=O)O)N2C(=O)[C@@H](N)[C@H]2SC1
2704,N[C@@]1(C(=O)N2[C@@]1(SCC(COC(C)=O)=C2C(O)=O)([H]))([H]),7-AminocephalosporanicAcid<7-ACA>,-2.77,-2.91,0.14,12,300,272.28,0.8,2.2,2.35,1.7,1.79,-0.87,3.31,CC(=O)OCC1=C(C(=O)O)N2C(=O)[C@@H](N)[C@H]2SC1
2705,N[C@@]1(C(=O)N2[C@@]1(SCC([Cl])=C2C(O)=O)([H]))([H]),7-ACCA<7-Amino-3-chlorcephalosporanicAcid>,-2.98,-3.04,0.1,20,214,234.66,0.8,1.86,2.08,1.76,1.41,-0.24,2.21,N[C@@H]1C(=O)N2C(C(=O)O)=C(Cl)CS[C@H]12
2706,N[C@H](CC1=CC=CC=C1)C(=O)O,D-Phenylalanine,-0.7,-0.77,0.17,16,123,165.19,0.78,1.02,1.39,0.95,1.31,0.64,2.83,N[C@H](Cc1ccccc1)C(=O)O
2707,N[C@H](Cc1ccccc1)C(=O)OC(C)COC(=O)[C@]56CC[C@]4(C)C(=CC[C@H]3[C@@]4(C)CCC2[C@]3(C)CC[C@H](O)C2(C)C)[C@@H]6CC(C)(C)CC5,OleanolicL-Phe(PGlinker)-7b,-6.79,-6.91,0.94,37,134,661.95,0.52,2.03,2.15,2.2,5.51,8.19,9.1,CC(COC(=O)[C@]12CCC(C)(C)C[C@H]1C1=CC[C@@H]3[C@@]4(C)CC[C@H](O)C(C)(C)C4CC[C@@]3(C)[C@]1(C)CC2)OC(=O)[C@H](N)Cc1ccccc1
2708,N[C@H](Cc1ccccc1)C(=O)OCCOC(=O)[C@]56CC[C@]4(C)C(=CC[C@H]3[C@@]4(C)CCC2[C@]3(C)CC[C@H](O)C2(C)C)[C@@H]6CC(C)(C)CC5,OleanolicL-Phe(EGlinker)-5c,-8.43,-8.55,1.27,37,103,647.93,0.52,2,2.16,2.2,5.37,7.81,8.85,CC1(C)CC[C@]2(C(=O)OCCOC(=O)[C@H](N)Cc3ccccc3)CC[C@]3(C)C(=CC[C@@H]4[C@@]5(C)CC[C@H](O)C(C)(C)C5CC[C@]43C)[C@@H]2C1
2709,N[S](=O)(=O)C1=CC=C(C(=O)N)C=C1,4-(Aminosulfonyl)benzamide,-2.3,-2.3,0.17,25,207,200.22,0.93,1.42,2.4,1.59,1.35,-0.57,2.35,NC(=O)c1ccc(S(N)(=O)=O)cc1
2710,N[S](=O)(=O)C1=CC=CC(=C1)C(=O)N,3-(Aminosulfonyl)benzamide,-2.16,-2.16,0.17,25,203,200.22,0.93,1.42,2.4,1.59,1.35,-0.57,2.35,NC(=O)c1cccc(S(N)(=O)=O)c1
2711,Nc1c2c(ncn1)[n@@](cn2)([C@@H]1(O[C@H](CO)(CC1))),"DDA<2',3'-Dideoxyadenosine>",-0.76,-0.76,0.07,25,185,235.24,0.45,1.59,2.15,2.26,1.64,0.08,2.42,Nc1ncnc2c1ncn2[C@H]1CC[C@@H](CO)O1
2712,Nc1c2cc3CN4C(=O)C=5COC(=O)[C@](C=5C=C4c3nc2ccc1)(O)(CC),9-Aminocamptothecin,-5.19,-5.19,0.08,25,212,363.37,0.4,2.27,3.74,3.12,2.53,1.66,3.07,CC[C@@]1(O)C(=O)OCc2c1cc1n(c2=O)Cc2cc3c(N)cccc3nc2-1
2713,Nc1ccc(cc1)S(=O)(N)=O,Sulfanilamide,-1.36,-1.35,0.07,26,165,172.21,0.67,1.18,1.96,1.46,1.2,-0.08,1.84,Nc1ccc(S(N)(=O)=O)cc1
2714,Nc1nc2c(cn1)nccn2,"Pteridine,2-Amino-",-2.22,-2.3,0.17,20,184,147.14,0.23,0.94,1.52,1.74,1.02,0,1.15,Nc1ncc2nccnc2n1
2715,Nc1nc2cncnc2nc1,"Pteridine,6-Amino-",-2.27,-2.34,0.17,20,180,147.14,0.23,0.97,1.54,1.73,1.02,0,1.15,Nc1cnc2ncncc2n1
2716,Nc1nc2ncncc2nc1,"Pteridine,7-Amino-",-2.24,-2.31,0.17,20,187,147.14,0.23,0.97,1.54,1.73,1.02,0,1.15,Nc1cnc2cncnc2n1
2717,Nc1ncnc2c1nccn2,"Pteridine,4-Amino-",-2.24,-2.31,0.17,20,185,147.14,0.23,0.97,1.54,1.73,1.02,0,1.15,Nc1ncnc2nccnc12
2718,O(C(C(=O)N)C)C(C(=O)N)C,"2,2'-Oxybispropanamide",-0.05,-0.11,0.17,17,112,160.17,0.97,1.4,2.14,0.89,1.24,-1.25,3.53,CC(OC(C)C(N)=O)C(N)=O
2719,O(C1=CC=CC=C1)C2=C(C=CC=C2)O,2-Phenoxyphenol,-3.21,-3.23,0.21,23,64,186.21,0.27,0.56,1.43,1.34,1.44,3.18,2.36,Oc1ccccc1Oc1ccccc1
2720,O(C1CCCC(O1)C)C2CCCC(O2)C,"2,2'-Oxybis(6-methyltetrahydro-2H-pyran)",-1.11,-1.11,0.17,23,73,214.3,0,0.76,0.79,0.57,1.76,2.83,4,CC1CCCC(OC2CCCC(C)O2)O1
2721,O(c1c(Cl)c(Cl)ccc1)c2c(Cl)cc3c(nc(SC)[nH]3)c2,Triclabendazole,-6.04,-6.04,0.19,25,176,359.66,0.35,0.9,2.25,2.71,2.24,6.04,4.22,CSc1nc2cc(Oc3cccc(Cl)c3Cl)c(Cl)cc2[nH]1
2722,O(c1c(OC)cc2c3c1Oc4ccc(cc4)CC5c6c(cc(OC)c(Oc7c(OC)ccc(c7)CC3[N+](CC2)(C)C)c6)CC[N+]5(C)C)C,"Metocurine(+,+).I",-2.33,-2.34,0.17,23,174,652.84,0,1.67,2.86,2.94,5.06,7.45,8.2,COc1ccc2cc1Oc1cc3c(cc1OC)CC[N+](C)(C)C3Cc1ccc(cc1)Oc1c(OC)c(OC)cc3c1C(C2)[N+](C)(C)CC3
2723,O(c1c(c2c3c(c1)CC[N+](C3Cc4cc(c(O)cc4)Oc5c(OC)cc6c(c5)C(N(CC6)C)Cc7ccc(O2)cc7)(C)C)O)C,Tubocurarine(+).Cl,-1.07,-1.09,0.17,23,199,609.73,0.44,1.91,2.85,3.47,4.62,6.7,7.29,COc1cc2c3cc1Oc1cc(ccc1O)CC1c4c(cc(OC)c(O)c4Oc4ccc(cc4)CC3N(C)CC2)CC[N+]1(C)C
2724,O(c1c2c(nc(n1)N)n(cn2)C3OC(C(O)C3O)CO)C,Nelarabine,-2.45,-2.47,0.17,23,214,297.27,0.97,2.35,2.7,2.74,1.95,-1.97,3.37,COc1nc(N)nc2c1ncn2C1OC(CO)C(O)C1O
2725,O(c1cc(ccc1)C)CC(O)CNCCc2cc(OC)c(OC)cc2,Bevantolol,-3.26,-3.27,0.22,23,138,345.44,0.29,1.82,2.14,1.76,2.79,2.58,7.57,COc1ccc(CCNCC(O)COc2cccc(C)c2)cc1OC
2726,O1C2(CCC1)CCCO2,"1,6-Dioxaspiro[4,4]nonane",-0.1,-0.11,0.17,23,61,128.17,0,0.46,0.61,0.48,1,1.3,1.24,C1COC2(C1)CCCO2
2727,O1C2=C(N=C1N=C(N)N)C=CC=C2,2-Benzoxazolylguanidine,-2.65,-2.76,0.17,15,207,176.18,0.55,1.46,1.4,1.88,1.26,0.73,1.63,NC(N)=Nc1nc2ccccc2o1
2728,O1C2=C(NC(C1)=O)C=CC=C2,"2H-1,4-Benzoxazin-3(4H)-one",-2.52,-2.57,0.17,20,123,149.15,0.42,0.93,1.36,1.26,1.06,1.02,1.28,O=C1COc2ccccc2N1
2729,O1C2=C(OC1)C=C(C=C2)CC=O,"1,3-Benzodioxole-5-acetaldehyde",-1.96,-1.96,0.17,25,66,164.16,0,0.8,1.47,1.13,1.16,1.16,1.7,O=CCc1ccc2c(c1)OCO2
2730,O1C=CC=C1C(=O)C2=NO[N+](=C2C(=O)C3=CC=CO3)[O-],"(2-Oxido-1,2,5-oxadiazole-3,4-diyl)bis(furan-2-ylmethanone)",-3.78,-3.85,0.33,20,182,274.19,0,1.13,2.25,1.66,1.68,0.96,2.68,O=C(c1ccco1)c1no[n+]([O-])c1C(=O)c1ccco1
2731,O1C=CC=C1C(=O)ONC(=O)C2=CC=CO2,N-[(2-Furanylcarbonyl)oxy]-2-furancarboxamide,-1.91,-1.97,0.17,18,168,221.17,0.26,1.16,2.12,1.09,1.44,1.37,2.73,O=C(NOC(=O)c1ccco1)c1ccco1
2732,O1CC(NC(C1)=O)=O,"3,5-Morpholinedione",-0.74,-0.82,0.17,14,121,115.09,0.34,1.1,1.14,0.8,0.75,-1.34,1.26,O=C1COCC(=O)N1
2733,O1CCCCC1C(=O)N,Oxanamide,-1.21,-1.17,0.17,30,90,129.16,0.49,0.8,1.33,0.68,1.02,0.04,2.05,NC(=O)C1CCCCO1
2734,O=C(/C=C(O)/C=C/c1c[nH]c2ccccc12)/C=C/c1c[nH]c2ccccc12,Curcuminanalog3,-5.18,-4.96,0.61,37,223,354.4,0.93,1.43,2.95,3.33,2.72,5.39,4.46,O=C(/C=C(O)/C=C/c1c[nH]c2ccccc12)/C=C/c1c[nH]c2ccccc12
2735,O=C(/C=C(O)/C=C/c1ccc[nH]1)/C=C/c1ccc[nH]1,Curcuminanalog4,-4.28,-4.14,0.43,37,200,254.28,0.93,1.32,2.3,1.9,1.98,3.08,4.18,O=C(/C=C(O)/C=C/c1ccc[nH]1)/C=C/c1ccc[nH]1
2736,O=C(/C=C(O)/C=C/c1cccnc1)/C=C/c1cccnc1,Curcuminanalog2,-5.19,-5.08,0.61,37,171,278.31,0.31,1.58,2.39,2.09,2.17,3.21,5.18,O=C(/C=C(O)/C=C/c1cccnc1)/C=C/c1cccnc1
2737,O=C(/C=C/c1ccccc1)N[C@@H](CC1CCCCC1)C(=O)N[C@@H](C[C@@H]1CCNC1=O)C(=O)C(=O)NCc1ccccc1,Z034cmpd11r,-4.37,-4.39,0.45,23,187,572.69,1.02,3.04,5.18,3.26,4.5,3.05,11.43,O=C(/C=C/c1ccccc1)N[C@@H](CC1CCCCC1)C(=O)N[C@@H](C[C@@H]1CCNC1=O)C(=O)C(=O)NCc1ccccc1
2738,O=C(/C=C/c1cccnc1)\C=C(\C=C\c2cccnc2)NC3CCCCC3,Curcuminanalog5b,-5.03,-4.93,0.58,37,174,359.46,0.13,1.76,2.39,2.25,2.95,4.58,7.1,O=C(/C=C(/C=C/c1cccnc1)NC1CCCCC1)/C=C/c1cccnc1
2739,O=C(C(=O)N1CCN(C(=O)c2ccccc2)CC1)c1c[nH]c2c(-n3ccnn3)ncc(F)c12,Temsaviranalog28,-4.79,-4.82,0.53,23,189,447.42,0.31,2.68,4.84,3.73,3.04,1.45,5.13,O=C(C(=O)N1CCN(C(=O)c2ccccc2)CC1)c1c[nH]c2c(-n3ccnn3)ncc(F)c12
2740,O=C(C(=O)N1CCN(C(=O)c2ccccc2)CC1)c1c[nH]c2cccc(F)c12,Temsaviranalog7,-4.7,-4.73,0.51,23,236,379.38,0.31,1.94,3.84,2.81,2.7,2.47,4.64,O=C(C(=O)N1CCN(C(=O)c2ccccc2)CC1)c1c[nH]c2cccc(F)c12
2741,O=C(C(=O)NC1=CC=CC=C1)C,2-Oxo-N-phenylpropanamide,-1.35,-1.37,0.17,23,126,163.18,0.41,0.97,1.92,1.1,1.27,1.21,2.59,CC(=O)C(=O)Nc1ccccc1
2742,O=C(C(C(C(=O)O)O)O)O,DL-TartaricAcid,0.18,0.18,0.22,25,206,150.09,1.23,1.3,1.13,0.61,0.94,-2.12,2.78,O=C(O)C(O)C(O)C(=O)O
2743,O=C(C(Cl)(Cl)Cl)O,TrichloroaceticAcid,0.13,0.13,0.17,25,58,163.39,0.88,0.34,0.88,0.48,0.83,1.44,2.17,O=C(O)C(Cl)(Cl)Cl
2744,O=C(C(O)=O)O,OxalicAcid,0.32,0.32,0.15,25,190,90.04,1.14,0.68,1.06,0.34,0.54,-0.84,1.15,O=C(O)C(=O)O
2745,O=C(C)NC3CN(c2ccc(C1=CCC(=O)CC1)c(F)c2)C(=O)O3,Z009cmpd1,-2.82,-2.84,0.17,23,179,332.326,0.27,1.58,2.77,1.83,2.33,2.38,4.33,CC(=O)NC1CN(c2ccc(C3=CCC(=O)CC3)c(F)c2)C(=O)O1
2746,O=C(C)NC4CN(c3ccc(N1CCN(CC1)C(=O)/C=C/C(=O)c2ccccc2)c(F)c3)C(=O)O4,Z009cmpd3,-5.67,-5.69,0.71,23,176,480.488,0.27,2.59,4.48,2.95,3.43,2.33,7.09,CC(=O)NC1CN(c2ccc(N3CCN(C(=O)/C=C/C(=O)c4ccccc4)CC3)c(F)c2)C(=O)O1
2747,O=C(C)NC4CN(c3ccc(N1CCN(CC1)C(=S)NC(=O)c2ccccc2)c(F)c3)C(=O)O4,Z009cmpd4,-3.48,-3.52,0.27,23,181,485.531,0.53,2.58,4.43,3.28,3.4,2.08,6.92,CC(=O)NC1CN(c2ccc(N3CCN(C(=S)NC(=O)c4ccccc4)CC3)c(F)c2)C(=O)O1
2748,O=C(C)OCC(=O)[C@@H]1([C@@]2([C@]([C@]3([C@@]([C@@]4(C(CC3)=CC(=O)CC4)(C))(CC2)([H]))([H]))(CC1)([H]))(C)),DeoxycorticosteroneAcetate,-4.63,-4.63,0.24,25,157,372.51,0,1.38,2.9,1.62,2.98,4.27,4.59,CC(=O)OCC(=O)[C@H]1CC[C@H]2[C@@H]3CCC4=CC(=O)CC[C@]4(C)[C@H]3CC[C@]12C
2749,O=C(C)Oc1ccc(cc1C(=O)O)c2ccc(F)cc2F,Acetyldiflunisal,-4.52,-4.52,0.48,25,175,292.23,0.57,0.82,1.81,1.48,1.93,3.26,3.97,CC(=O)Oc1ccc(-c2ccc(F)cc2F)cc1C(=O)O
2750,O=C(C)Oc1ccccc1C(=O)OC,Aspirinanalog17,-1.83,-1.84,0.17,21,48,194.18,0,0.78,1.38,0.73,1.43,1.4,3.23,COC(=O)c1ccccc1OC(C)=O
2751,O=C(C)Oc1ccccc1C(=O)OC(C)C(=O)N(CC)CC,Aspirinanalog4,-1.6,-1.6,0.17,21,41,307.34,0,1.43,2.26,1.06,2.39,2.03,6.57,CCN(CC)C(=O)C(C)OC(=O)c1ccccc1OC(C)=O
2752,O=C(C)Oc1ccccc1C(=O)OCC(=O)N(C(C)C)C(C)C,Aspirinanalog13,-3.25,-3.25,0.22,21,109,321.37,0,1.46,2.25,1.07,2.53,2.41,6.75,CC(=O)Oc1ccccc1C(=O)OCC(=O)N(C(C)C)C(C)C
2753,O=C(C)Oc1ccccc1C(=O)OCC(=O)N(C)C,Aspirinanalog6,-1.53,-1.55,0.17,21,76,265.26,0,1.4,2.27,1.05,1.97,0.86,5.05,CC(=O)Oc1ccccc1C(=O)OCC(=O)N(C)C
2754,O=C(C)Oc1ccccc1C(=O)OCC(=O)N(C)CC(=O)OCC,Aspirinanalog11,-2.54,-2.55,0.17,21,48,337.33,0,1.73,2.67,1.11,2.46,0.79,7.41,CCOC(=O)CN(C)C(=O)COC(=O)c1ccccc1OC(C)=O
2755,O=C(C)Oc1ccccc1C(=O)OCC(=O)N(CC)CC,Aspirinanalog5,-2.1,-2.11,0.17,21,77,293.32,0,1.4,2.27,1.05,2.25,1.64,6.39,CCN(CC)C(=O)COC(=O)c1ccccc1OC(C)=O
2756,O=C(C)Oc1ccccc1C(=O)OCC(=O)N(CCC)CCC,Aspirinanalog7,-2.65,-2.65,0.17,21,51,321.37,0,1.41,2.28,1.05,2.53,2.42,7.8,CCCN(CCC)C(=O)COC(=O)c1ccccc1OC(C)=O
2757,O=C(C)Oc1ccccc1C(=O)OCC(=O)NCC,Aspirinanalog8,-1.67,-1.68,0.17,21,81,265.26,0.26,1.34,2.26,1.03,1.97,0.9,5.53,CCNC(=O)COC(=O)c1ccccc1OC(C)=O
2758,O=C(C)Oc1ccccc1C(=O)OCC(=O)NCC(=O)OCC,Aspirinanalog12,-1.87,-1.87,0.17,21,69,323.3,0.26,1.68,2.66,1.1,2.32,0.45,7.25,CCOC(=O)CNC(=O)COC(=O)c1ccccc1OC(C)=O
2759,O=C(C)Oc1ccccc1C(=O)OCC(=O)NCC(N)=O,Aspirinanalog10,-2.49,-2.52,0.17,21,186,294.26,0.74,1.89,3.17,1.45,2.08,-0.63,5.87,CC(=O)Oc1ccccc1C(=O)OCC(=O)NCC(N)=O
2760,O=C(C)Oc1ccccc1C(=O)OCC(=O)OCC,Aspirinanalog15,-2.58,-2.58,0.17,21,52,266.25,0,1.11,1.79,0.79,1.93,1.33,5.53,CCOC(=O)COC(=O)c1ccccc1OC(C)=O
2761,O=C(C)Oc1ccccc1C(=O)OCC(N)=O,Aspirinanalog14,-1.76,-1.79,0.17,21,129,237.21,0.49,1.33,2.29,1.14,1.69,0.25,4.21,CC(=O)Oc1ccccc1C(=O)OCC(N)=O
2762,O=C(C)Oc1ccccc1C(=O)OCS(C)(=O)=O,Aspirinanalog3,-3.37,-3.39,0.25,21,150,272.27,0,1.32,2.29,0.83,1.85,0.77,4.43,CC(=O)Oc1ccccc1C(=O)OCS(C)(=O)=O
2763,O=C(C)Oc1ccccc1C(=O)OCS(C)=O,Aspirinanalog2,-1.76,-1.78,0.17,21,81,256.28,0,1.46,2.58,1.25,1.79,1.1,4.84,CC(=O)Oc1ccccc1C(=O)OC[S+](C)[O-]
2764,O=C(C)Oc2ccccc2C(=O)Oc1ccc(NC(C)=O)cc1,Aspirinanalog16,-4.16,-4.19,0.4,21,175,313.31,0.41,1.41,2.6,1.64,2.29,2.79,5.09,CC(=O)Nc1ccc(OC(=O)c2ccccc2OC(C)=O)cc1
2765,O=C(C)Oc2ccccc2C(=O)Oc1ccccc1,Aspirinanalog18,-4.08,-4.11,0.39,21,98,256.25,0,0.86,1.84,1.3,1.9,2.83,3.93,CC(=O)Oc1ccccc1C(=O)Oc1ccccc1
2766,O=C(C)c1cc(ccc1O)/C=C/C(=O)/C=C/c2ccc(O)c(c2)C(C)=O,Gamavuton-O,-3.2,-3.18,0.02,27,94,350.36,0.27,1.17,2.7,2.6,2.67,3.8,5.85,CC(=O)c1cc(/C=C/C(=O)/C=C/c2ccc(O)c(C(C)=O)c2)ccc1O
2767,O=C(C)c1cc2N(CCCN(C)C)c3c(cccc3)Sc2cc1,Acetylpromazine,-4.62,-4.62,0.15,25,124,326.47,0,1.37,2.17,2.36,2.58,4.44,4.74,CC(=O)c1ccc2c(c1)N(CCCN(C)C)c1ccccc1S2
2768,O=C(C1(CCCC1)N)O,Cycloleucine,-0.41,-0.41,0.17,25,330,129.16,0.78,0.92,0.97,0.56,1.02,0.34,1.45,NC1(C(=O)O)CCCC1
2769,O=C(C1=CC(C(C(C1)O)O)O)O,ShikimicAcid,-0.01,-0.07,0.17,21,186,174.16,1.38,1.34,1.53,1.14,1.19,-1.52,2.46,O=C(O)C1=CC(O)C(O)C(O)C1
2770,O=C(C1C2(Cl)C(Cl)(Cl)C(C1C(O)=O)(C(=C2Cl)Cl)Cl)O,ChlorendicAcid,-2.27,-2.27,0.17,25,209,388.85,0.97,1,1.83,1.75,2,3.23,3.5,O=C(O)C1C(C(=O)O)C2(Cl)C(Cl)=C(Cl)C1(Cl)C2(Cl)Cl
2771,O=C(C=O)CC1=CC=CC=C1,?-Oxobenzenepropanal<Phenylmethyldiketone>,-2.13,-2.17,0.17,20,40,148.16,0,0.71,1.68,1.02,1.17,1,2.55,O=CC(=O)Cc1ccccc1
2772,O=C(CC)N(c1ccccc1)C1(COC)CCN(CC1)CCc1sccc1,Sufentanil,-5.51,-5.47,0.46,35,97,386.56,0,1.5,2.22,1.81,3.11,4.21,7.05,CCC(=O)N(c1ccccc1)C1(COC)CCN(CCc2cccs2)CC1
2773,O=C(CC)NC(CC)=O,N-Propionylpropanamide,-1.68,-1.71,0.17,17,70,129.16,0.34,0.72,1.24,0.42,1.09,0.45,3.67,CCC(=O)NC(=O)CC
2774,O=C(CCC)c1cc2N(CCCN3CCN(C)CC3)c3c(cccc3)Sc2cc1,Butaperazine,-4.31,-4.31,0.04,25,129,409.6,0,1.85,2.46,2.73,3.28,4.91,6.58,CCCC(=O)c1ccc2c(c1)N(CCCN1CCN(C)CC1)c1ccccc1S2
2775,O=C(CCCC(=O)O)N3N=C(CC3c1cc2ccc(OCC)cc2nc1Cl)c4ccc(Br)cc4,TDRL-551analog16,-7.49,-7.53,1.08,23,166,544.82,0.57,1.87,3.19,3.33,3.56,5.98,7.48,CCOc1ccc2cc(C3CC(c4ccc(Br)cc4)=NN3C(=O)CCCC(=O)O)c(Cl)nc2c1
2776,O=C(CCCC(=O)O)N3N=C(CC3c1cc2ccc(OCC)cc2nc1Cl)c4ccc(I)cc4,TDRL-551(analog4),-6.12,-6.16,0.04,23,168,591.83,0.57,1.89,3.25,3.64,3.64,5.82,7.67,CCOc1ccc2cc(C3CC(c4ccc(I)cc4)=NN3C(=O)CCCC(=O)O)c(Cl)nc2c1
2777,O=C(CCCC(=O)O)N3N=C(CC3c1cc2ccc(OCC)cc2nc1Cl)c4ccc(cc4)c5ccc(Cl)nc5,TDRL-551analog26,-6.21,-6.25,0.82,23,168,577.46,0.57,2.25,3.71,4.02,4.07,6.93,8.28,CCOc1ccc2cc(C3CC(c4ccc(-c5ccc(Cl)nc5)cc4)=NN3C(=O)CCCC(=O)O)c(Cl)nc2c1
2778,O=C(CCCC(=O)O)N3N=C(CC3c1cc2ccc(OCC)cc2nc1Cl)c4ccc(cc4)c5ccc(F)nc5,TDRL-551analog28,-5.39,-5.43,0.65,23,168,561,0.57,2.26,3.6,3.79,3.96,6.42,8.02,CCOc1ccc2cc(C3CC(c4ccc(-c5ccc(F)nc5)cc4)=NN3C(=O)CCCC(=O)O)c(Cl)nc2c1
2779,O=C(CCCC(=O)O)N3N=C(CC3c1cc2ccc(OCC)cc2nc1Cl)c4ccc(cc4)c5ccc(nc5)C(F)(F)F,TDRL-551analog29,-7.18,-7.22,1.02,23,168,611.01,0.57,2.14,3.4,3.54,4.14,7.3,8.63,CCOc1ccc2cc(C3CC(c4ccc(-c5ccc(C(F)(F)F)nc5)cc4)=NN3C(=O)CCCC(=O)O)c(Cl)nc2c1
2780,O=C(CCCCCCC(=O)NOC(=O)OCCN(C)C(=O)OCc2ccc(OC1OC(C(O)C(O)C1O)C(=O)O)c(N)c2)Nc3ccccc3,VorinostatanalogT2,-1.21,-1.22,0.11,23,220,706.69,2.2,4.49,5.79,3.56,5.04,1.27,15.5,CN(CCOC(=O)ONC(=O)CCCCCCC(=O)Nc1ccccc1)C(=O)OCc1ccc(OC2OC(C(=O)O)C(O)C(O)C2O)c(N)c1
2781,O=C(CCCCCCC(=O)NOC(=O)OCCN(C)C(=O)OCc2ccc(OC1OC(C(O)C(O)C1O)C(=O)O)c(c2)[N+]([O-])=O)Nc3ccccc3,VorinostatanalogT1,-1.32,-1.34,0.14,23,220,736.68,1.96,4.31,6.02,3.5,5.11,1.6,15.97,CN(CCOC(=O)ONC(=O)CCCCCCC(=O)Nc1ccccc1)C(=O)OCc1ccc(OC2OC(C(=O)O)C(O)C(O)C2O)c([N+](=O)[O-])c1
2782,O=C(CN)NC(=O)N1c2c(cccc2)C=Cc2c1cccc2,N-Glycylcarbamazepine,-2.84,-2.84,0.19,25,174,293.33,0.45,1.61,2.52,2.33,2.21,2.5,3.72,NCC(=O)NC(=O)N1c2ccccc2C=Cc2ccccc21
2783,O=C(CN1CCCCC1CN(CC)CC)N4c2ccccc2C(=O)Nc3cccnc34,Otenzepad,-4.68,-4.7,0.04,23,176,421.54,0.42,2.46,3.13,2.7,3.33,3.51,6.63,CCN(CC)CC1CCCCN1CC(=O)N1c2ccccc2C(=O)Nc2cccnc21
2784,O=C(CN1CCN(C)CC1)N(C)c5ccc(N/C(c2ccccc2)=C3/c4ccc(cc4NC3=O)C(=O)OC)cc5,Nintedanib,-5.85,-5.85,0.23,25,185,539.63,0.54,3.11,4.21,3.56,4.11,3.62,7.95,COC(=O)c1ccc2c(c1)NC(=O)/C2=C(\Nc1ccc(N(C)C(=O)CN2CCN(C)CC2)cc1)c1ccccc1
2785,O=C(COC(=O)Cc1cc2ccc(OC)cc2cc1)N3CCCC3,Glycolamideanalog13,-3.84,-3.84,0.34,25,120,327.37,0,1.32,2.44,1.95,2.49,2.56,4.99,COc1ccc2cc(CC(=O)OCC(=O)N3CCCC3)ccc2c1
2786,O=C(COC(=O)Cc1cc2ccc(OC)cc2cc1)N3CCOCC3,Glycolamideanalog10,-4.22,-4.22,0.42,25,118,343.37,0,1.53,2.6,1.99,2.55,1.79,5.5,COc1ccc2cc(CC(=O)OCC(=O)N3CCOCC3)ccc2c1
2787,O=C(COC(=O)c1ccccc1OC(C)=O)N2CCOCC2,Aspirinanalog9,-1.79,-1.8,0.17,21,98,307.3,0,1.59,2.52,1.3,2.2,0.63,5.49,CC(=O)Oc1ccccc1C(=O)OCC(=O)N1CCOCC1
2788,O=C(CSC#N)c1ccccc1,PhenyacylThiocyanate,-2.67,-2.71,0.17,22,70,177.22,0,0.72,1.83,1.32,1.33,2.08,3.37,N#CSCC(=O)c1ccccc1
2789,O=C(Cc1ccccc1)NCCCCCN(O)C(=O)CCC(=O)NCCCCCN(O)C(=O)CCC(=O)NCCCCCN(O)C(C)=O,DeferoxaminePhenylacetamide,-4.88,-4.88,0.2,25,175,678.8167,1.7,4.52,6.8,3.06,5.39,2.32,22.67,CC(=O)N(O)CCCCCNC(=O)CCC(=O)N(O)CCCCCNC(=O)CCC(=O)N(O)CCCCCNC(=O)Cc1ccccc1
2790,O=C(N(C)C)C(c1ccccc1)(c1ccccc1)CCN1CCC(CC1)(O)c1ccc([Cl])cc1,Loperamide,-7.15,-7.15,0.28,25,130,477.04,0.31,1.88,2.9,2.76,3.77,5.09,7.42,CN(C)C(=O)C(CCN1CCC(O)(c2ccc(Cl)cc2)CC1)(c1ccccc1)c1ccccc1
2791,O=C(N(c1ccccc1)CCCC)N,1-Butyl-1-phenylurea,-1.3,-1.3,0.17,25,102,192.26,0.39,0.84,1.54,1.11,1.64,2.37,3.98,CCCCN(C(N)=O)c1ccccc1
2792,O=C(N)C3CN(c1cc(F)c(cc1)N2C=CC(=O)CC2)C(=O)O3,Z009cmpd6,-3.02,-3.05,0.17,23,186,319.29,0.49,1.87,3.15,2.18,2.15,0.93,3.73,NC(=O)C1CN(c2ccc(N3C=CC(=O)CC3)c(F)c2)C(=O)O1
2793,O=C(N)CCCN=C(c1ccc([Cl])cc1)c1c(O)ccc(F)c1,Progabide,-4.26,-4.26,0.43,25,158,334.77,1.16,1.18,2.19,2.03,2.4,3.29,5.71,NC(=O)CCCN=C(c1ccc(Cl)cc1)c1cc(F)ccc1O
2794,O=C(N/N=C/c1cccc(OC)c1O)c2ccncc2,3-Methoxysalinazid<NSC-337627>,-3.84,-3.84,0.02,25,237,271.27,0.53,1.54,2.31,1.91,2,1.56,4.29,COc1cccc(/C=N/NC(=O)c2ccncc2)c1O
2795,O=C(N/N=C/c1ccccc1O)c2ccncc2,Salinazid,-3.71,-3.71,0.31,25,248,241.25,0.75,1.46,2.24,1.93,1.8,1.55,3.65,O=C(N/N=C/c1ccccc1O)c1ccncc1
2796,O=C(N1CCN(CC1)c1cc2c(cc1)non2)[C@]1(CN(C)[C@]2([C@](C1)(c3cccc4c3c(C2)c([Br])[nH]4)([H]))([H]))([H]),SRA701,-7.16,-6.94,0.5,37,202,535.44,0.31,2.22,3.68,4.33,3.52,3.78,4.92,CN1C[C@H](C(=O)N2CCN(c3ccc4nonc4c3)CC2)C[C@@H]2c3cccc4[nH]c(Br)c(c34)C[C@H]21
2797,O=C(NC(C(=O)OCC)C)c1occc1,EthylN-2-furoylalaninate,-1.06,-1.1,0.17,17,128,211.22,0.26,1.08,1.78,0.74,1.57,0.96,3.91,CCOC(=O)C(C)NC(=O)c1ccco1
2798,O=C(NC(C)(C)C)[C@@H]4CSCN4C(=O)C(O)C(Cc1ccccc1)NC(=O)[C@H](CSC)NC(=O)COc3cccc2cnccc23,Kynostatin<KNI-272><NSC-651714>,-5.18,-5.18,0.12,25,178,667.84,0.87,3.83,5.53,4.25,4.99,2.37,12.31,CSC[C@H](NC(=O)COc1cccc2cnccc12)C(=O)NC(Cc1ccccc1)C(O)C(=O)N1CSC[C@H]1C(=O)NC(C)(C)C
2799,O=C(NC(C)(C)C)[C@H]1N(CSC1(C)C)C(=O)[C@@H](O)[C@H](Cc2ccccc2)NC(=O)COc3c(C)cccc3C,KNI-727,-5,-5,0.1,25,167,555.73,0.62,2.81,3.88,2.86,4.38,3.37,9.72,Cc1cccc(C)c1OCC(=O)N[C@@H](Cc1ccccc1)[C@H](O)C(=O)N1CSC(C)(C)[C@H]1C(=O)NC(C)(C)C
2800,O=C(NC(C)(C)C)[C@H]1N(CSC1(C)C)C(=O)[C@@H](OC(=O)CCC(=O)NCCC)[C@H](Cc2ccccc2)NC(=O)COc3c(C)cccc3C,KNI-727prodrug5,-4.14,-4.14,0.1,25,79,696.9,0.78,3.34,5.19,3.06,5.5,4.22,14.1,CCCNC(=O)CCC(=O)O[C@H](C(=O)N1CSC(C)(C)[C@H]1C(=O)NC(C)(C)C)[C@H](Cc1ccccc1)NC(=O)COc1c(C)cccc1C
2801,O=C(NC(C)(C)C)[C@H]1N(CSC1(C)C)C(=O)[C@@H](OC(=O)CCC(=O)NCCCN2CCOCC2)[C@H](Cc3ccccc3)NC(=O)COc4c(C)cccc4C,KNI-727prodrug9,-4.39,-4.39,0.22,25,113,782,0.78,4.04,5.62,3.47,6.11,3.54,15.97,Cc1cccc(C)c1OCC(=O)N[C@@H](Cc1ccccc1)[C@H](OC(=O)CCC(=O)NCCCN1CCOCC1)C(=O)N1CSC(C)(C)[C@H]1C(=O)NC(C)(C)C
2802,O=C(NC(C)(C)C)[C@H]1N(CSC1(C)C)C(=O)[C@@H](OC(=O)CCC(=O)NCCN)[C@H](Cc2ccccc2)NC(=O)COc3c(C)cccc3C,KNI-727prodrug3,-5.15,-5.15,0.1,25,168,697.88,1.01,3.88,5.51,3.24,5.46,2.77,14.07,Cc1cccc(C)c1OCC(=O)N[C@@H](Cc1ccccc1)[C@H](OC(=O)CCC(=O)NCCN)C(=O)N1CSC(C)(C)[C@H]1C(=O)NC(C)(C)C
2803,O=C(NC(C)(C)C)[C@H]1N(CSC1(C)C)C(=O)[C@@H](OC(=O)CCC(=O)NCCN2CCCC2)[C@H](Cc3ccccc3)NC(=O)COc4c(C)cccc4C,KNI-727prodrug6,-4.82,-4.82,0.13,25,116,751.97,0.8,3.81,5.48,3.41,5.91,3.91,14.76,Cc1cccc(C)c1OCC(=O)N[C@@H](Cc1ccccc1)[C@H](OC(=O)CCC(=O)NCCN1CCCC1)C(=O)N1CSC(C)(C)[C@H]1C(=O)NC(C)(C)C
2804,O=C(NC(C)(C)C)[C@H]1N(CSC1(C)C)C(=O)[C@@H](OC(=O)CCC(=O)NCCN2CCCCC2)[C@H](Cc3ccccc3)NC(=O)COc4c(C)cccc4C,KNI-727prodrug7,-4.88,-4.88,0.22,25,106,766,0.8,3.82,5.48,3.41,6.05,4.3,15.38,Cc1cccc(C)c1OCC(=O)N[C@@H](Cc1ccccc1)[C@H](OC(=O)CCC(=O)NCCN1CCCCC1)C(=O)N1CSC(C)(C)[C@H]1C(=O)NC(C)(C)C
2805,O=C(NC(C)(C)C)[C@H]1N(CSC1(C)C)C(=O)[C@@H](OC(=O)CCC(=O)NCCN2CCOCC2)[C@H](Cc3ccccc3)NC(=O)COc4c(C)cccc4C,KNI-727prodrug8,-4.88,-4.88,0.06,25,127,767.97,0.8,4.03,5.63,3.45,5.97,3.14,15.34,Cc1cccc(C)c1OCC(=O)N[C@@H](Cc1ccccc1)[C@H](OC(=O)CCC(=O)NCCN1CCOCC1)C(=O)N1CSC(C)(C)[C@H]1C(=O)NC(C)(C)C
2806,O=C(NC(C)(C)C)[C@H]1N(CSC1(C)C)C(=O)[C@@H](OC(=O)CCC(=O)NCc2ccccn2)[C@H](Cc3ccccc3)NC(=O)COc4c(C)cccc4C,KNI-727prodrug11,-4.91,-4.91,0.52,25,125,745.93,0.78,3.71,5.77,3.68,5.78,4.41,14.04,Cc1cccc(C)c1OCC(=O)N[C@@H](Cc1ccccc1)[C@H](OC(=O)CCC(=O)NCc1ccccn1)C(=O)N1CSC(C)(C)[C@H]1C(=O)NC(C)(C)C
2807,O=C(NC(C)(C)C)[C@H]1N(CSC1(C)C)C(=O)[C@@H](OC(=O)CCC(=O)NCc2cccnc2)[C@H](Cc3ccccc3)NC(=O)COc4c(C)cccc4C,KNI-727prodrug12,-5,-5,0.33,25,120,745.93,0.78,3.71,5.77,3.68,5.78,4.41,14.04,Cc1cccc(C)c1OCC(=O)N[C@@H](Cc1ccccc1)[C@H](OC(=O)CCC(=O)NCc1cccnc1)C(=O)N1CSC(C)(C)[C@H]1C(=O)NC(C)(C)C
2808,O=C(NC(C)(C)C)[C@H]1N(CSC1(C)C)C(=O)[C@@H](OC(=O)CCC(=O)NCc2ccncc2)[C@H](Cc3ccccc3)NC(=O)COc4c(C)cccc4C,KNI-727prodrug13,-4.19,-4.19,0.05,25,116,745.93,0.78,3.71,5.77,3.68,5.78,4.41,14.04,Cc1cccc(C)c1OCC(=O)N[C@@H](Cc1ccccc1)[C@H](OC(=O)CCC(=O)NCc1ccncc1)C(=O)N1CSC(C)(C)[C@H]1C(=O)NC(C)(C)C
2809,O=C(NC(C)(C)C)[C@H]1N(CSC1(C)C)C(=O)[C@@H](OC(=O)CCCC(=O)NCCCN2CCOCC2)[C@H](Cc3ccccc3)NC(=O)COc4c(C)cccc4C,KNI-727prodrug10,-4.97,-4.97,0.18,25,109,796.03,0.78,4.04,5.63,3.47,6.25,3.93,16.6,Cc1cccc(C)c1OCC(=O)N[C@@H](Cc1ccccc1)[C@H](OC(=O)CCCC(=O)NCCCN1CCOCC1)C(=O)N1CSC(C)(C)[C@H]1C(=O)NC(C)(C)C
2810,O=C(NC(C)(C)C)[C@H]1N(CSC1(C)C)C(=O)[C@@H](OC(=O)CCCC(=O)NCCN)[C@H](Cc2ccccc2)NC(=O)COc3c(C)cccc3C,KNI-727prodrug4,-5.39,-5.39,0.1,25,116,711.91,1.01,3.88,5.52,3.24,5.6,3.16,14.7,Cc1cccc(C)c1OCC(=O)N[C@@H](Cc1ccccc1)[C@H](OC(=O)CCCC(=O)NCCN)C(=O)N1CSC(C)(C)[C@H]1C(=O)NC(C)(C)C
2811,O=C(NC(CC(C)C)C1(CCC1)c2ccc(Cl)cc2)C(N)C(C)CC,"JFD<N-isoleucyl-4-methyl-1,1-cyclopropyl-1-(4-chloro)phenyl-2-Pentylamine>",-5.39,-5.36,0.65,37,106,364.95,0.47,1.38,1.92,1.45,3.06,4.67,6.93,CCC(C)C(N)C(=O)NC(CC(C)C)C1(c2ccc(Cl)cc2)CCC1
2812,O=C(NC)COC(=O)Cc1ccc2c(c1)ccc(OC)c2,Glycolamideanalog9,-3.79,-3.79,0.33,25,135,287.31,0.26,1.28,2.34,1.73,2.18,1.68,4.76,CNC(=O)COC(=O)Cc1ccc2cc(OC)ccc2c1
2813,O=C(NC1=CC=CC=C1)C2=CN(C(C=C2)=O)CC3=CC=C(F)C=C3,W024cmpd25(2%DMSO),-4.24,-4.24,0.42,25,171,322.33,0.41,1.5,2.98,2.2,2.36,3.29,4.51,O=C(Nc1ccccc1)c1ccc(=O)n(Cc2ccc(F)cc2)c1
2814,O=C(NC1CCCCC1)COC(=O)Cc2cc3ccc(OC)cc3cc2,Glycolamideanalog3,-5.36,-5.36,0.65,25,141,355.43,0.26,1.3,2.43,1.94,2.78,3.38,6.1,COc1ccc2cc(CC(=O)OCC(=O)NC3CCCCC3)ccc2c1
2815,O=C(NC1CCCCC1)NS(=O)(=O)N2CCC3(CC2)OCCO3,"N-(Cyclohexylcarbamoyl)-1,4-dioxa-8-azaspiro[4.5]decane-8-sulfonamide",-3.57,-3.57,0.29,25,168,347.43,0.59,1.94,2.46,1.64,2.4688,0.7,5.1,O=C(NC1CCCCC1)NS(=O)(=O)N1CCC2(CC1)OCCO2
2816,O=C(NC1CCCCCC1)NS(=O)(=O)N2CCC3(CC2)CCCO3,1-Cycloheptyl-3-(1-oxa-8-azaspiro[4.5]decane-8-sulfonyl)urea,-3.89,-3.89,0.35,25,168,359.48,0.59,1.74,2.31,1.6,2.6919,1.9,5.67,O=C(NC1CCCCCC1)NS(=O)(=O)N1CCC2(CCCO2)CC1
2817,O=C(NCC(F)(F)F)C1(c2ccccc2c2c1cccc2)CCCCn1c2ccc(C)c(c2nc1C)NC(=O)c1c(cccc1)c1ccc(C(F)(F)F)cc1,BMS-212122,-7.55,-7.55,0.08,25,188,754.78,0.66,1.82,4.23,4.36,5.26,10.41,9.79,Cc1ccc2c(nc(C)n2CCCCC2(C(=O)NCC(F)(F)F)c3ccccc3-c3ccccc32)c1NC(=O)c1ccccc1-c1ccc(C(F)(F)F)cc1
2818,O=C(NCC(O)=O)CCC(C)[C@@H]1([C@@]2([C@]([C@]3([C@](C[C@@H]2(O))([C@@]2([C@@](C[C@@H](CC2)(O))(C[C@H]3(O))([H]))(C))([H]))([H]))(CC1)([H]))(C)),GlycocholicAcid,-6.4,-6.48,0.86,20,167,465.64,1.76,2.22,3.54,2.13,3.7,2.56,6.89,CC(CCC(=O)NCC(=O)O)[C@H]1CC[C@H]2[C@@H]3[C@H](O)C[C@@H]4C[C@H](O)CC[C@]4(C)[C@H]3C[C@H](O)[C@]12C
2819,O=C(NCC1CN(C(=O)O1)c3ccc(N2C=CC(=O)CC2)c(F)c3)CC,Z009cmpd5,-2.12,-2.14,0.17,23,162,361.367,0.27,1.89,3.13,2.05,2.57,1.97,5.2,CCC(=O)NCC1CN(c2ccc(N3C=CC(=O)CC3)c(F)c2)C(=O)O1
2820,O=C(NCCCCCN(O)C(=O)CCC(=O)NCCCCCN(O)C(=O)CCC(=O)NCCCCCN(O)C(C)=O)c1ccccc1,DeferoxamineBenzoylamide,-4.92,-4.92,0.43,25,181,664.7901,1.7,4.52,6.8,3.06,5.25,2.39,21.83,CC(=O)N(O)CCCCCNC(=O)CCC(=O)N(O)CCCCCNC(=O)CCC(=O)N(O)CCCCCNC(=O)c1ccccc1
2821,O=C(NCCN1CCOCC1)Nc2nc3ccc(Sc4nnc5ccc(NC6CCOCC6)nn45)cc3s2,SAR125844analog20<CHEMBL4593634>,-4.05,-4.07,0.38,23,188,555.68,0.67,3.12,3.79,4.26,3.85,2.93,7.83,O=C(NCCN1CCOCC1)Nc1nc2ccc(Sc3nnc4ccc(NC5CCOCC5)nn34)cc2s1
2822,O=C(NCCN1CCOCC1)Nc2nc3ccc(Sc4nnc5cccnn45)cc3s2,SAR125844analog15<CHEMBL4436706>,-4.14,-4.18,0.4,23,184,456.54,0.53,2.43,3.43,3.88,3.1,2.34,5.93,O=C(NCCN1CCOCC1)Nc1nc2ccc(Sc3nnc4cccnn34)cc2s1
2823,O=C(Nc1c(C)cccc1C)CN(CC)CC,Lidocaine,-1.79,-1.79,0.08,25,68,234.34,0.26,1.17,1.5,1.1,2.06,2.58,5.16,CCN(CC)CC(=O)Nc1c(C)cccc1C
2824,O=C(Nc1c(I)c(c(I)cc1I)C(=O)O)CCOCCOCCOCCOCCC(=O)Nc2c(I)c(C(=O)O)c(I)cc2I,IodoxamicAcid,-5.5,-5.6,0.39,20,224,1287.9,2.25,2.73,5.48,6.01,5.46,6.13,19.89,O=C(CCOCCOCCOCCOCCC(=O)Nc1c(I)cc(I)c(C(=O)O)c1I)Nc1c(I)cc(I)c(C(=O)O)c1I
2825,O=C(Nc1ccc(cc1)C(=O)NCCN(CC)CC)/C=C/C(=O)O,Maleylprocainamide·H2O,-1.77,-1.82,0.17,15,158,333.38,1.25,2.13,3,1.68,2.63,1.34,8.21,CCN(CC)CCNC(=O)c1ccc(NC(=O)/C=C/C(=O)O)cc1
2826,O=C(Nc1ccc(cc1)C(=O)NCCN(CC)CC)CCC(=O)O,"Procainamide,Succinyl-",-0.04,-0.09,0.17,15,193,335.4,1.25,2.06,2.9,1.53,2.67,1.56,8.49,CCN(CC)CCNC(=O)c1ccc(NC(=O)CCC(=O)O)cc1
2827,O=C(Nc1ccc(cc1)C(=O)OCCN(CC)CC)/C=C/C(=O)O,Maleylprocaine·H2O,-1.64,-1.68,0.17,15,152,334.37,0.98,1.9,2.51,1.46,2.59,1.76,8.21,CCN(CC)CCOC(=O)c1ccc(NC(=O)/C=C/C(=O)O)cc1
2828,O=C(Nc1ccc(cc1)C(=O)OCCN(CC)CC)CCC(=O)O,Succinylprocaine,-2.47,-2.5,0.17,15,154,336.38,0.98,1.84,2.41,1.3,2.63,1.99,8.49,CCN(CC)CCOC(=O)c1ccc(NC(=O)CCC(=O)O)cc1
2829,O=C(Nc1ccccc1)c4cc(CN2CCCC2)c(O)c(CN3CCCC3)c4,DuP-923,-2.73,-2.75,0.54,22,174,379.5,0.88,1.99,2.54,2.49,3.03,3.84,5.93,O=C(Nc1ccccc1)c1cc(CN2CCCC2)c(O)c(CN2CCCC2)c1
2830,O=C(Nc1ccccc1N)c2ccc(NC(C)=O)cc2,Tacedinaline<CI-994>,-3.5,-3.53,0.27,23,177,269.3,1.06,1.58,2.95,2.13,2.08,2.48,4,CC(=O)Nc1ccc(C(=O)Nc2ccccc2N)cc1
2831,O=C(Nc2cc(c1ccccn1)c(Cl)cc2)c3ccc(nc3C)C(F)(F)F,Vismodegibanalog15,-5.32,-5.34,0.64,23,182,391.77,0.47,1.29,2.44,2.22,2.56,5.38,5.14,Cc1nc(C(F)(F)F)ccc1C(=O)Nc1ccc(Cl)c(-c2ccccn2)c1
2832,O=C(Nc3cc(c1cnc2ccccc2n1)c(Cl)cc3)c4ccc(nc4C)C(F)(F)F,Vismodegibanalog20,-6.62,-6.65,0.9,23,182,442.82,0.47,1.45,2.76,2.96,2.89,5.92,5.33,Cc1nc(C(F)(F)F)ccc1C(=O)Nc1ccc(Cl)c(-c2cnc3ccccc3n2)c1
2833,O=C(O)C(C)c1cc(F)c(cc1)c1ccccc1,Flurbiprofen,-4.56,-4.56,0.19,25,111,244.27,0.57,0.58,1.51,1.5,1.84,3.68,3.42,CC(C(=O)O)c1ccc(-c2ccccc2)c(F)c1
2834,O=C(O)C(O)CCc1ccccc1,(S)-2-Hydroxy-4-phenylbutyricAcid,-1.15,-1.15,0.08,25,117,180.2,0.74,0.76,1.13,0.88,1.41,1.06,3.46,O=C(O)C(O)CCc1ccccc1
2835,O=C(O)C1CCCN1,DL-Proline,1.06,1.06,0.05,25,208,115.13,0.71,0.81,0.87,0.54,0.88,-0.18,1.48,O=C(O)C1CCCN1
2836,O=C(O)C2=CN(c1c(OC)c(c(F)cc1C2=O)N3C[C@@H]4CCCN[C@@H]4C3)C5CC5,Moxifloxacin,-3.72,-3.74,0.09,23,240,401.43,0.72,2.04,2.65,2.45,2.82,2.37,4.27,COc1c(N2C[C@@H]3CCCN[C@@H]3C2)c(F)cc2c(=O)c(C(=O)O)cn(C3CC3)c12
2837,O=C(O)C3=CN(CC)c2cc(N1CCN(CC1)C(=O)OC(C)OC(C)=O)c(F)cc2C3=O,Norfloxacinanalog3b,-4.96,-4.96,0.2,25,216,449.44,0.57,2.36,3.34,2.21,3.13,2.03,6.66,CCn1cc(C(=O)O)c(=O)c2cc(F)c(N3CCN(C(=O)OC(C)OC(C)=O)CC3)cc21
2838,O=C(O)C3=CN(CC)c2cc(N1CCN(CC1)C(=O)OCOC(C)=O)c(F)cc2C3=O,Norfloxacinanalog3a,-4.17,-4.17,0.2,25,164,435.4,0.57,2.33,3.35,2.2,2.98,1.64,6.42,CCn1cc(C(=O)O)c(=O)c2cc(F)c(N3CCN(C(=O)OCOC(C)=O)CC3)cc21
2839,O=C(O)C3C(O)C[C@@]2(O)CC(O)C(O)CCC(O)CC(O)CC(O)CC(=O)O[C@@H](C)[C@H](C)[C@H](O)[C@@H](C)C=CC=CCCC=CC=CC=CC=CC(O[C@H]1O[C@H](C)[C@@H](O)[C@H](N)[C@@H]1O)CC3O2,Nystatin,-4.1,-4.06,0.39,23,170,926.09,3.55,5.93,5.02,4.32,7.16,0.94,23.83,C[C@@H]1[C@H](O)[C@@H](C)C=CC=CCCC=CC=CC=CC=CC(O[C@H]2O[C@H](C)[C@@H](O)[C@H](N)[C@@H]2O)CC2O[C@](O)(CC(O)C(O)CCC(O)CC(O)CC(O)CC(=O)O[C@H]1C)CC(O)C2C(=O)O
2840,O=C(O)C6O[C@@H](Oc1ccc2nc4c(cc2c1)CN3C(=O)C=5COC(=O)[C@](O)(CC)C=5C=C34)C(O)C(O)[C@@H]6O,10-Hydroxycamptothecin(S)-Glucuronide,-4.26,-4.26,0.43,25,197,540.48,1.47,3.76,4.82,3.97,3.54,-0.65,5.75,CC[C@@]1(O)C(=O)OCc2c1cc1n(c2=O)Cc2cc3cc(O[C@@H]4OC(C(=O)O)[C@@H](O)C(O)C4O)ccc3nc2-1
2841,O=C(O)CC(=O)O,MalonicAcid,0.77,0.77,0.24,25,135,104.06,1.14,0.69,1.06,0.34,0.68,-0.45,1.84,O=C(O)CC(=O)O
2842,O=C(O)CCC(=O)OCn1ncc2cc(Nc3ncc(-c4ccc(Cl)cc4)o3)ccc21,Indazoleprodrug11b,-7.74,-7.78,1.13,23,175,440.84,0.7,1.68,3.42,3.37,2.98,4.45,5.85,O=C(O)CCC(=O)OCn1ncc2cc(Nc3ncc(-c4ccc(Cl)cc4)o3)ccc21
2843,O=C(O)CCC(=O)c1ccc(cc1)c1ccccc1,Fenbufen,-5.68,-5.68,0.23,25,186,254.29,0.57,0.85,2.05,1.79,1.98,3.4,4.08,O=C(O)CCC(=O)c1ccc(-c2ccccc2)cc1
2844,O=C(O)CCCC=CC[C@@H]1([C@@H](C=C[C@@H](O)(CCCCC))([C@@H](C[C@@H]1(O))(O))),ProstaglandinF2a,-2.39,-2.39,0.08,25,30,354.49,1.51,1.48,1.72,1.32,2.98,3.04,10.7,CCCCC[C@H](O)C=C[C@@H]1[C@@H](CC=CCCCC(=O)O)[C@@H](O)C[C@H]1O
2845,O=C(O)CCN(c1ccccn1)C(=O)c3cc4nc(CNc2ccc(cc2)C(=N)N)n(C)c4cc3,Dabigatran,-4.42,-4.45,0.04,23,270,471.51,0.91,2.7,3.75,3.86,3.51,2.99,6.72,Cn1c(CNc2ccc(C(=N)N)cc2)nc2cc(C(=O)N(CCC(=O)O)c3ccccn3)ccc21
2846,O=C(O)CC[C@@H](C)[C@H]2CC[C@H]1[C@@H]3CC[C@@H]4C[C@H](O)CC[C@]4(C)[C@H]3C[C@H](O)[C@@]12C,DeoxycholicAcid,-4.8,-4.8,0.15,25,176,392.572,1.2,1.35,2.4,1.61,3.25,4.48,5.36,C[C@H](CCC(=O)O)[C@H]1CC[C@H]2[C@@H]3CC[C@@H]4C[C@H](O)CC[C@]4(C)[C@H]3C[C@H](O)[C@]12C
2847,O=C(O)CC[C@@H](C)[C@H]2CC[C@H]1[C@@H]3[C@H](O)C[C@@H]4C[C@H](O)CC[C@]4(C)[C@H]3C[C@H](O)[C@@]12C,CholicAcid,-3.8,-3.8,0.09,25,199,408.5714,1.51,1.66,2.66,1.82,3.31,3.45,5.57,C[C@H](CCC(=O)O)[C@H]1CC[C@H]2[C@@H]3[C@H](O)C[C@@H]4C[C@H](O)CC[C@]4(C)[C@H]3C[C@H](O)[C@]12C
2848,O=C(O)CC[C@@H](C)[C@H]4CC[C@@H]1[C@]4(C)CC[C@@H]2[C@@]3(C)CC[C@@H](O)C[C@H]3C[C@@H](O)[C@@H]12,ChenodeoxycholicAcid,-4.62,-4.62,0.1,25,120,392.572,1.2,1.35,2.4,1.61,3.25,4.48,5.36,C[C@H](CCC(=O)O)[C@H]1CC[C@H]2[C@@H]3[C@H](O)C[C@@H]4C[C@H](O)CC[C@]4(C)[C@H]3CC[C@]12C
2849,O=C(O)CC[C@@H](C)[C@H]4CC[C@@H]3[C@]4(C)CC[C@H]1[C@H]3CC[C@@H]2C[C@H](O)CC[C@]12C,LithocholicAcid,-7.3,-7.3,0.03,25,185,376.5726,0.88,1.05,2.15,1.4,3.19,5.51,5.14,C[C@H](CCC(=O)O)[C@H]1CC[C@H]2[C@@H]3CC[C@@H]4C[C@H](O)CC[C@]4(C)[C@H]3CC[C@]12C
2850,O=C(O)CN(C)C(N)=N,Creatine,-0.93,-0.99,0.01,18,303,131.14,0.91,1.43,0.93,0.87,1,-1.1,2.5,CN(CC(=O)O)C(=N)N
2851,O=C(O)CN(CCN(CC(O)=O)CC(O)=O)CCN(CC(O)=O)CC(O)=O,DTPA<DiethylenetriaminePentaaceticAcid>,-1.78,-1.76,0.25,21,138,393.35,2.86,3.18,2.96,1.33,2.75,-2.68,11.27,O=C(O)CN(CCN(CC(=O)O)CC(=O)O)CCN(CC(=O)O)CC(=O)O
2852,O=C(O)CNC(N)=N,Glycocyamine,-1.42,-1.51,0.17,15,300,117.11,1.05,1.37,0.92,0.86,0.86,-1.45,2.39,N=C(N)NCC(=O)O
2853,O=C(O)Cc1ccc2OCc3ccccc3C(=C\CCN(C)C)\c2c1,Olopatadine,-4.79,-4.81,0.53,23,248,337.41,0.57,1.31,1.85,1.94,2.67,3.59,5.19,CN(C)CC/C=C1/c2ccccc2COc2ccc(CC(=O)O)cc21
2854,O=C(O)Cc1ccc2cc(ccc2c1)OC,Glycolamideanalog20,-4.03,-4.03,0.38,25,171,216.23,0.57,0.72,1.5,1.53,1.64,2.48,2.77,COc1ccc2cc(CC(=O)O)ccc2c1
2855,O=C(O)[C@@H](N)(C(C)C),L-Valine,-0.27,-0.27,0.04,25,311,117.15,0.78,0.97,0.92,0.39,0.99,0.05,2.48,CC(C)[C@H](N)C(=O)O
2856,O=C(O)[C@@H](N)(CO),L-Serine,0.6,0.6,0.04,25,246,105.09,1.03,1.3,1.15,0.6,0.76,-1.61,2.32,N[C@@H](CO)C(=O)O
2857,O=C(O)[C@@H](N)([C@@H](CC)(C)),L-Isoleucine,-0.5,-0.5,0.08,25,286,131.18,0.78,0.97,0.92,0.39,1.13,0.44,3.23,CC[C@@H](C)[C@H](N)C(=O)O
2858,O=C(O)[C@@H](N)C(C)O,L-Threonine,-0.1,-0.1,0.02,25,256,119.12,1.03,1.33,1.14,0.61,0.91,-1.22,2.44,CC(O)[C@H](N)C(=O)O
2859,O=C(O)[C@@H]1CCCN1,L-Proline,0.73,0.73,0.17,25,228,115.13,0.71,0.81,0.87,0.54,0.88,-0.18,1.48,O=C(O)[C@@H]1CCCN1
2860,O=C(O)[C@H](CC(C)C)(N),L-Leucine,-0.8,-0.8,0.11,25,293,131.17,0.78,0.97,0.92,0.39,1.13,0.44,3.23,CC(C)C[C@H](N)C(=O)O
2861,O=C(O)[C@H](Cc1cc(I)c(c(I)c1)Oc1cc(I)c(O)c(I)c1)(N),L-Thyroxine,-6.69,-6.42,0.05,37,236,776.87,1.03,1.31,2.83,4.14,3.07,4.56,7.63,N[C@@H](Cc1cc(I)c(Oc2cc(I)c(O)c(I)c2)c(I)c1)C(=O)O
2862,O=C(O)[C@H](Cc1cc(O)c(O)cc1)(N),L-DOPA<Levodopa><3-Hydroxytyrosine>,-1.82,-1.82,0.17,25,270,197.19,1.56,1.44,1.77,1.33,1.43,0.05,2.93,N[C@@H](Cc1ccc(O)c(O)c1)C(=O)O
2863,O=C(O)[C@H](OC(=O)CC)c1ccccc1,Propionyl-r-mandelicAcid,-1.65,-1.65,0.03,25,126,208.21,0.57,0.81,1.47,0.82,1.57,1.77,3.85,CCC(=O)O[C@@H](C(=O)O)c1ccccc1
2864,O=C(O)\C=C/C(=O)O,MaleicAcid,0.51,0.51,0.15,25,134,116.07,1.14,0.75,1.16,0.5,0.78,-0.29,2.33,O=C(O)/C=C\C(=O)O
2865,O=C(O)\C=C\C(=O)O,FumaricAcid,-1.29,-1.29,0.04,25,287,116.07,1.14,0.75,1.16,0.5,0.78,-0.29,2.33,O=C(O)/C=C/C(=O)O
2866,O=C(O)c1c(cccc1)Nc1c(C)c(C)ccc1,MefenamicAcid,-6.28,-6.28,0.27,25,231,241.29,0.65,0.7,1.47,1.65,1.92,3.75,3.33,Cc1cccc(Nc2ccccc2C(=O)O)c1C
2867,O=C(O)c1c(cccc1)Nc1c(C)c([Cl])ccc1,TolfenamicAcid,-6.42,-6.42,0.19,25,212,261.7,0.72,0.64,1.59,1.75,1.9,4.09,3.53,Cc1c(Cl)cccc1Nc1ccccc1C(=O)O
2868,O=C(O)c1c(cccc1)Nc1cc(C(C)=O)ccc1,3'-AcetylfenamicAcid,-4.86,-4.86,0.55,25,182,255.27,0.65,1.01,2.02,1.84,1.94,3.33,3.61,CC(=O)c1cccc(Nc2ccccc2C(=O)O)c1
2869,O=C(O)c1c(cccc1)Nc1cc(C(F)(F)F)ccc1,FlufenamicAcid,-5,-5,0.27,25,134,281.24,0.72,0.59,1.36,1.26,1.83,4.15,3.65,O=C(O)c1ccccc1Nc1cccc(C(F)(F)F)c1
2870,O=C(O)c1c(cccc1)Nc1cc(C)ccc1,3'-MethylfenamicAcid,-5.06,-5.06,0.59,25,158,227.26,0.65,0.7,1.53,1.63,1.78,3.44,3.1,Cc1cccc(Nc2ccccc2C(=O)O)c1
2871,O=C(O)c1c(cccc1)Nc1cc(N)ccc1,3'-AminofenamicAcid,-4.09,-4.09,0.39,25,180,228.25,0.88,0.96,1.96,1.88,1.74,2.71,2.96,Nc1cccc(Nc2ccccc2C(=O)O)c1
2872,O=C(O)c1c(cccc1)Nc1cc(O)ccc1,3'-HydroxyfenamicAcid,-3.54,-3.54,0.28,25,175,229.23,1.15,0.92,1.78,1.81,1.7,2.83,2.96,O=C(O)c1ccccc1Nc1cccc(O)c1
2873,O=C(O)c1c(cccc1)Nc1cc(OC)ccc1,3'-MethoxyfenamicAcid,-4.8,-4.8,0.54,25,158,243.26,0.65,0.86,1.67,1.65,1.84,3.14,3.48,COc1cccc(Nc2ccccc2C(=O)O)c1
2874,O=C(O)c1c(cccc1)Nc1cc([Cl])ccc1,ClofenamicAcid,-5.3,-5.3,0.64,25,165,247.68,0.72,0.64,1.65,1.73,1.76,3.78,3.3,O=C(O)c1ccccc1Nc1cccc(Cl)c1
2875,O=C(O)c1c(cccc1)Nc1cc([N+](=O)[O-])ccc1,3'-NitrofenamicAcid,-6.43,-6.43,0.87,25,180,258.23,0.72,0.8,2.15,1.87,1.81,3.04,3.42,O=C(O)c1ccccc1Nc1cccc([N+](=O)[O-])c1
2876,O=C(O)c1c(cccc1)Nc1ccccc1,FenamicAcid,-4.96,-4.96,0.22,25,185,213.24,0.65,0.7,1.58,1.6,1.64,3.13,2.87,O=C(O)c1ccccc1Nc1ccccc1
2877,O=C(O)c1c(cccc1)c1c(C(O)=O)cccc1,DiphenicAcid,-2.81,-2.81,0.04,25,229,242.23,1.14,0.87,1.93,1.77,1.75,2.75,3.1,O=C(O)c1ccccc1-c1ccccc1C(=O)O
2878,O=C(O)c1c2ccccc2ccc1,1-NaphthoicAcid,-3.5,-3.5,0.03,25,161,172.18,0.57,0.5,1.4,1.47,1.3,2.54,1.74,O=C(O)c1cccc2ccccc12
2879,O=C(O)c1cc2c(cc1)cccc2,2-NaphthoicAcid,-3.38,-3.38,0.25,25,185,172.18,0.57,0.5,1.4,1.47,1.3,2.54,1.74,O=C(O)c1ccc2ccccc2c1
2880,O=C(O)c1ccc(C(O)=O)cc1,TerephthalicAcid,-4.71,-4.71,0.39,25,300,166.14,1.14,0.77,1.46,0.94,1.15,1.08,2.09,O=C(O)c1ccc(C(=O)O)cc1
2881,O=C(O)c1ccc(CCCCCCCC)cc1,4-n-OctylbenzoicAcid,-4.35,-4.2,0.44,35,98,234.33,0.57,0.47,1.05,0.76,2.06,4.29,6.37,CCCCCCCCc1ccc(C(=O)O)cc1
2882,O=C(O)c1ccc(cc1OCC)CC(=O)N[C@@H](CC(C)C)c2ccccc2N3CCCCC3,Repaglinide,-4.65,-4.65,0.32,25,131,452.59,0.83,1.71,2.77,2.17,3.68,5.22,8.75,CCOc1cc(CC(=O)N[C@@H](CC(C)C)c2ccccc2N2CCCCC2)ccc1C(=O)O
2883,O=C(O)c1ccccc1C(=O)OCn1ncc2cc(Nc3ncc(-c4ccc(Cl)cc4)o3)ccc21,Indazoleprodrug11c,-8.5,-8.55,1.29,23,204,488.88,0.7,1.76,3.81,3.97,3.3,5.6,5.91,O=C(O)c1ccccc1C(=O)OCn1ncc2cc(Nc3ncc(-c4ccc(Cl)cc4)o3)ccc21
2884,O=C(O)c1ccccc1c2ccc(cc2)Cn3c4cc(cc(C)c4nc3CCC)c6nc5ccccc5n6C,Telmisartan,-5.83,-5.88,0.31,23,272,514.62,0.57,1.59,3.56,4.61,3.98,7.26,6.23,CCCc1nc2c(C)cc(-c3nc4ccccc4n3C)cc2n1Cc1ccc(-c2ccccc2C(=O)O)cc1
2885,O=C(O)c1cccnc1,Niacin<NicotinicAcid>,-0.79,-0.88,0.04,20,237,123.11,0.57,0.73,1.21,0.79,0.89,0.78,1.44,O=C(O)c1cccnc1
2886,O=C(O)c4cc1ccccc1c(Cc2c3ccccc3cc(C(=O)O)c2O)c4O,PamoicAcid,-0.54,-0.59,0.17,23,315,388.37,1.41,0.88,2.57,3.3,2.75,4.39,4.31,O=C(O)c1cc2ccccc2c(Cc2c(O)c(C(=O)O)cc3ccccc23)c1O
2887,O=C(OC)CC[C@@H]3N=C(c1cc(Br)ccc1n2c(C)cnc23)c4ccccn4,Remimazolam<BYFAVO>,-4.76,-4.78,0.53,23,170,439.31,0,1.44,2.4,2.79,2.89,4.18,5.08,COC(=O)CC[C@@H]1N=C(c2ccccn2)c2cc(Br)ccc2-n2c(C)cnc21
2888,O=C(OC)[C@H](c1ccccc1)[C@H]2CCCCN2,Dexmethylphenidate<KP415><inAZSTARYS>,-3.67,-3.67,0.01,25,203,233.3,0.13,0.94,1.29,1.01,1.91,2.09,4.15,COC(=O)[C@H](c1ccccc1)[C@H]1CCCCN1
2889,O=C(OC)[C@]3(C)C[C@H]4C5C(=O)C=C1[C@@](C)(CC[C@H]2C(C)(C)C(=O)C(=C[C@]12C)C#N)[C@]5(C)CC[C@@]4(C)CC3,Methylsoloxolon,-6.23,-6.23,0.82,23,144,505.69,0,1.56,2.3,1.89,4.11,6.38,5.47,COC(=O)[C@@]1(C)CC[C@]2(C)CC[C@]3(C)C(C(=O)C=C4[C@@]5(C)C=C(C#N)C(=O)C(C)(C)[C@@H]5CC[C@]43C)[C@@H]2C1
2890,O=C(OC)c1ccc(O)cc1,Methylparaben,-1.84,-1.84,0.11,25,131,152.15,0.66,0.72,1.24,0.87,1.13,1.18,2.11,COC(=O)c1ccc(O)cc1
2891,O=C(OCC)CN(CC(=O)OCC)CCN(CC(=O)OCC)CCN(CC(=O)OCC)CC(=O)OCC,DTPApentaethylester,-2.34,-2.31,0.08,23,54,533.61,0,3.21,2.78,0.79,4.16,-0.29,19.73,CCOC(=O)CN(CCN(CC(=O)OCC)CC(=O)OCC)CCN(CC(=O)OCC)CC(=O)OCC
2892,O=C(OCC)N1C=C(F)C(=O)NC1=O,1-(Ethoxycarbonyl)-5-fluorouracil,-1.42,-1.47,0.17,22,127,202.14,0.24,1.04,1.62,0.88,1.27,-0.32,2.8,CCOC(=O)n1cc(F)c(=O)[nH]c1=O
2893,O=C(OCC)[C@H](Cc1ccc(F)cc1)NC(=O)[C@@H](N)Cc2ccc(cc2)N(CCCl)CCCl,MelphalanFlufenamide<Melflufen><PEPAXTO>,-5.07,-5.11,0.59,19,210,498.42,0.47,2.06,3.17,2.13,3.67,3.27,11.44,CCOC(=O)[C@H](Cc1ccc(F)cc1)NC(=O)[C@@H](N)Cc1ccc(N(CCCl)CCCl)cc1
2894,O=C(OCC)c1ccc(N)cc1,Benzocaine,-2.2,-2.17,0.11,30,90,165.19,0.23,0.76,1.43,0.94,1.31,1.45,2.69,CCOC(=O)c1ccc(N)cc1
2895,O=C(OCC)c1ccc(O)cc1,Ethylparaben,-2.26,-2.26,0.07,25,116,166.18,0.66,0.72,1.25,0.87,1.27,1.57,2.69,CCOC(=O)c1ccc(O)cc1
2896,O=C(OCCC)c1ccc(O)cc1,Propylparaben,-2.74,-2.74,0.04,25,97,180.2,0.66,0.73,1.25,0.87,1.41,1.96,3.32,CCCOC(=O)c1ccc(O)cc1
2897,O=C(OCCCC)N1C=C(F)C(=O)NC1=O,1-(Butoxycarbonyl)-5-fluorouracil,-1.55,-1.59,0.17,22,103,230.19,0.24,1.05,1.62,0.87,1.55,0.46,3.98,CCCCOC(=O)n1cc(F)c(=O)[nH]c1=O
2898,O=C(OCCCC)c1ccc(N)cc1,Butamben<4-Aminobutylbenzoate>,-2.86,-2.84,0.17,30,56,193.25,0.23,0.77,1.44,0.94,1.6,2.23,3.98,CCCCOC(=O)c1ccc(N)cc1
2899,O=C(OCCCC)c1ccc(O)cc1,Butylparaben,-2.95,-2.95,0.15,25,69,194.23,0.66,0.73,1.26,0.87,1.55,2.35,3.98,CCCCOC(=O)c1ccc(O)cc1
2900,O=C(OCCCCCC)c1ccc(N)cc1,4-Aminohexylbenzoate,-4.01,-3.97,0.37,37,61,221.3,0.23,0.78,1.45,0.94,1.88,3.01,5.4,CCCCCCOC(=O)c1ccc(N)cc1
2901,O=C(OCCCCCCC)c1ccc(N)cc1,4-Aminoheptylbenzoate,-4.63,-4.6,0.5,37,76,235.33,0.23,0.78,1.45,0.94,2.02,3.4,6.15,CCCCCCCOC(=O)c1ccc(N)cc1
2902,O=C(OCCCCCCCCCCCC)c1ccc(N)cc1,4-Aminododecylbenzoate,-7.79,-7.8,1.14,37,82,305.46,0.23,0.8,1.47,0.93,2.72,5.35,10.18,CCCCCCCCCCCCOC(=O)c1ccc(N)cc1
2903,O=C(OCCCl)N1C=C(F)C(=O)NC1=O,1-(2-Chloroethoxycarbonyl)-5-fluorouracil,-1.86,-1.91,0.17,22,157,236.59,0.24,1.04,1.76,1,1.39,-0.1,3.62,O=C(OCCCl)n1cc(F)c(=O)[nH]c1=O
2904,O=C(OCN1C(=O)CCC1=O)c2ccccc2OC(C)=O,Aspirinanalog1,-2.75,-2.77,0.17,21,118,291.26,0,1.69,2.21,1.5,2.02,0.88,4.32,CC(=O)Oc1ccccc1C(=O)OCN1C(=O)CCC1=O
2905,O=C(OC[C@H](Cc1cncn1C)[C@@H](C(=O)OCc2ccc(cc2)COC(=O)[C@H]([C@H](COC(=O)CC)Cc3cncn3C)CC)CC)CC,"O,O'-Dipropionyl(1,Cxylylene)bispilocarpateFumarate",-4.91,-4.89,0.3,22,134,666.8,0,2.52,3.66,2.16,5.25,4.92,15.32,CCC(=O)OC[C@H](Cc1cncn1C)[C@H](CC)C(=O)OCc1ccc(COC(=O)[C@@H](CC)[C@H](COC(=O)CC)Cc2cncn2C)cc1
2906,O=C(O[C@H]1(CCOC1))N[C@H]([C@H](O)(CN(CC(C)C)S(=O)(=O)c1ccc(N)cc1))(Cc1ccccc1),Amprenavir,-3.79,-3.79,0.47,23,131,505.6,0.64,2.61,3.52,2.71,3.82,2.4,9.51,CC(C)CN(C[C@@H](O)[C@H](Cc1ccccc1)NC(=O)O[C@H]1CCOC1)S(=O)(=O)c1ccc(N)cc1
2907,O=C(Oc1ccc(cc1C(=O)O)c2ccc(F)cc2F)CC,n-Propionyldiflunisal,-5,-5,0.58,25,141,306.26,0.57,0.82,1.82,1.48,2.07,3.65,4.5,CCC(=O)Oc1ccc(-c2ccc(F)cc2F)cc1C(=O)O
2908,O=C(Oc1ccccc1C(=O)O)C(CC)CC,DiethylacetylsalicylicAcid,-2.55,-2.54,0.25,26,139,236.26,0.57,0.81,1.42,0.84,1.85,2.73,4.69,CCC(CC)C(=O)Oc1ccccc1C(=O)O
2909,O=C(Oc1ccccc1C(=O)O)CC,n-PropionylsalicylicAcid,-2.2,-2.2,0.17,25,91,194.18,0.57,0.78,1.42,0.83,1.43,1.7,3.23,CCC(=O)Oc1ccccc1C(=O)O
2910,O=C(Oc1ccccc1C(=O)O)CCC,n-ButanoylsalicylicAcid,-2.57,-2.57,0.17,25,80,208.21,0.57,0.78,1.43,0.83,1.57,2.09,3.85,CCCC(=O)Oc1ccccc1C(=O)O
2911,O=C(Oc1ccccc1C(=O)O)CCCC,n-PentanoylsalicylicAcid,-3.48,-3.48,0.27,25,81,222.24,0.57,0.78,1.43,0.83,1.71,2.48,4.51,CCCCC(=O)Oc1ccccc1C(=O)O
2912,O=C(Oc1ccccc1C(=O)O)CCCCC,n-HexanoylsalicylicAcid,-4.1,-4.1,0.39,25,74,236.26,0.57,0.79,1.43,0.83,1.85,2.87,5.2,CCCCCC(=O)Oc1ccccc1C(=O)O
2913,O=C(Oc1ccccc1C(=O)O)CCCCCCC,n-OctanoylsalicylicAcid,-5.1,-5.1,0.59,25,77,264.32,0.57,0.79,1.44,0.83,2.13,3.65,6.64,CCCCCCCC(=O)Oc1ccccc1C(=O)O
2914,O=C(Oc2cc(ccc2OC(=O)c1ccc(C)cc1)C(O)CNC(C)(C)C)c3ccc(C)cc3,Bitolterol,-6.24,-6.24,0.83,25,165,461.56,0.38,1.96,2.4,2.31,3.65,5.16,7.86,Cc1ccc(C(=O)Oc2ccc(C(O)CNC(C)(C)C)cc2OC(=O)c2ccc(C)cc2)cc1
2915,O=C([C@@H](c1ccccc1)(CO))OC1CC2N(C)C(C1)CC2,Atropine<Hyoscyamine>,-1.74,-1.75,0.25,23,109,289.37,0.31,1.31,1.63,1.46,2.28,1.93,4.27,CN1C2CCC1CC(OC(=O)[C@H](CO)c1ccccc1)C2
2916,O=C(c1c(C)cccc1F)N5CCC[C@H](C(=O)Nc2cc(c(C)cc2)C(F)(F)F)[C@@H]5c4ccc(NC3CCCC3)cc4,Avacopan<CCX-168><TAVNEOS>,-8.53,-8.55,0.28,23,187,581.64,0.61,1.7,3.23,2.65,4.23,8.05,8.57,Cc1ccc(NC(=O)[C@H]2CCCN(C(=O)c3c(C)cccc3F)[C@H]2c2ccc(NC3CCCC3)cc2)cc1C(F)(F)F
2917,O=C(c1c(OC)cc(N)c([Cl])c1)NC1C(OC)CN(CC1)CCCOc1ccc(F)cc1,Cisapride,-6.92,-6.92,0.17,25,110,465.95,0.5,2.17,3.15,2.3,3.4,3.36,8.56,COc1cc(N)c(Cl)cc1C(=O)NC1CCN(CCCOc2ccc(F)cc2)CC1OC
2918,O=C(c1c2cc(OC)ccc2ncc1)[C@H]3N4CC[C@@H](C3)[C@@H](/C=C)C4,Quininone,-5.14,-5.2,0.6,20,212,322.41,0,1.58,2.08,2.35,2.51,3.32,3.85,C=C[C@H]1CN2CC[C@H]1C[C@H]2C(=O)c1ccnc2ccc(OC)cc12
2919,O=C(c1ccc(F)cc1)CCCN1CCC(CC1)(O)c1ccc([Cl])cc1,Haloperidol,-5.94,-5.96,0.18,22,151,375.87,0.31,1.45,2.08,2,2.8,4.43,6.07,O=C(CCCN1CCC(O)(c2ccc(Cl)cc2)CC1)c1ccc(F)cc1
2920,O=C(c1ccc(O)cc1O)c2ccccc2,"2,4-Dihydroxybenzophenone",-1.37,-1.37,0.03,25,145,214.22,0.8,0.68,1.81,1.73,1.6,2.33,2.6,O=C(c1ccccc1)c1ccc(O)cc1O
2921,O=C(c1cnccc1)OCC(F)(F)C(F)(F)C(F)(F)F,"2,2,3,3,4,4,4-Heptafluorobutylnicotinate",-3.36,-3.36,0.04,25,43,305.15,0,0.71,0.71,0.24,1.58,3.07,4.25,O=C(OCC(F)(F)C(F)(F)C(F)(F)F)c1cccnc1
2922,O=C(c1cnccc1)OCCC(F)(F)C(F)(F)C(F)(F)C(F)(F)F,"3,3,4,4,5,5,6,6,6-nonafluorohexylnicotinate",-4.55,-4.55,0.04,25,43,369.18,0,0.7,0.59,0.08,1.89,4.1,5.41,O=C(OCCC(F)(F)C(F)(F)C(F)(F)C(F)(F)F)c1cccnc1
2923,O=C(c1occc1)N1CCN(CC1)c1nc(N)c2c(n1)cc(OC)c(OC)c2,Prazosin,-5.05,-5.09,0.62,23,282,383.41,0.23,2.17,3.59,2.94,2.74,1.78,4.64,COc1cc2nc(N3CCN(C(=O)c4ccco4)CC3)nc(N)c2cc1OC
2924,O=C(c2cn(CCOC)c1c2c(OC(F)(F)F)ccc1F)N3CCC(CC3)c4cc(CN)ccc4F,SCHEMBL2043935,-4.24,-4.26,0.05,22,161,511.48,0.21,1.88,2.72,2.17,3.42,4.94,7.5,COCCn1cc(C(=O)N2CCC(c3cc(CN)ccc3F)CC2)c2c(OC(F)(F)F)ccc(F)c21
2925,O=C1C(=C(Cl)C(=O)C(=C1Cl)Cl)Cl,Chloranil,-2.99,-2.99,0.17,25,290,245.88,0,0.82,0.77,1.3,1.28,2.52,2.83,O=C1C(Cl)=C(Cl)C(=O)C(Cl)=C1Cl
2926,O=C1C(=C(N=C2N1CCCC2O)C)CCN3CCC(c4c5c(on4)cc(F)cc5)CC3,Paliperidone,-4.56,-4.58,0.18,23,159,426.48,0.31,2.01,2.48,2.8,3.1,3.08,5.35,Cc1nc2n(c(=O)c1CCN1CCC(c3noc4cc(F)ccc34)CC1)CCCC2O
2927,O=C1C(=C(O)c2ccccc2O1)C1c2c(cccc2)CC(C1)c1ccc(cc1)c1ccc([Br])cc1,Brodifacoum,-8.81,-8.93,1.35,20,230,523.43,0.31,1.11,2.89,3.75,3.57,7.79,5.54,O=c1oc2ccccc2c(O)c1C1CC(c2ccc(-c3ccc(Br)cc3)cc2)Cc2ccccc21
2928,O=C1C(=CC=CC=C1)O,Tropolone,-0.48,-0.48,0.17,25,51,122.13,0.31,0.81,1.29,1.07,0.93,0.75,1.49,O=c1cccccc1O
2929,O=C1C(=CN(C(=O)N1)C2OC(C=C2)CO)C,Stavudine<4dT>,-0.42,-0.43,0.07,23,160,224.21,0.47,1.65,1.96,1.55,1.56,-0.71,2.76,Cc1cn(C2C=CC(CO)O2)c(=O)[nH]c1=O
2930,O=C1C(=CNC(N1)=O)N,5-Aminouracil,-2.33,-2.33,0.01,25,240,127.1,0.65,1.33,1.62,1.13,0.85,-1.35,1.1,Nc1c[nH]c(=O)[nH]c1=O
2931,O=C1C(=O)N2C(C(=O)OC(C(CC3CC(OC)C(OCCO)CC3)C)CC(=O)C(C=C(C(O)C(OC)C(=O)C(CC(C=CC=CC=C(C(OC)CC4OC1(O)C(CC4)C)C)C)C)C)C)CCCC2,Everolimus,-5.02,-4.98,0.13,23,138,958.25,0.63,4.73,4.73,3.29,7.68,6.2,22.92,COC1CC2CCC(C)C(O)(O2)C(=O)C(=O)N2CCCCC2C(=O)OC(C(C)CC2CCC(OCCO)C(OC)C2)CC(=O)C(C)C=C(C)C(O)C(OC)C(=O)C(C)CC(C)C=CC=CC=C1C
2932,O=C1C(C(=O)NCN1)(c2ccccc2)CC,Primidone,-2.54,-2.56,0.14,23,282,218.26,0.51,1.45,2.08,1.51,1.68,0.54,2.64,CCC1(c2ccccc2)C(=O)NCNC1=O
2933,O=C1C(C(CC(C)=O)c2ccccc2)=C(O)c2ccccc2O1,Warfarin,-4.35,-4.44,0.2,20,161,308.34,0.31,1.23,2.28,1.98,2.31,3.61,3.97,CC(=O)CC(c1ccccc1)c1c(O)c2ccccc2oc1=O
2934,O=C1C(C(O)=O)=CN(CC)c2c1cc3c(c2)OCO3,OxolinicAcid,-4.96,-4.96,0.39,25,319,261.24,0.57,1.48,2.23,1.84,1.75,1.45,2.44,CCn1cc(C(=O)O)c(=O)c2cc3c(cc21)OCO3
2935,O=C1C(C(O)=O)=CN2C(C)CCc3c2c1cc(F)c3,Flumequine,-3.73,-3.73,0.13,25,253,261.25,0.57,1.16,1.95,1.7,1.79,2.35,2.45,CC1CCc2cc(F)cc3c(=O)c(C(=O)O)cn1c23
2936,O=C1C(CC)(CC(=O)N1)C,Ethosuximide,-0.55,-0.56,0.17,23,65,141.17,0.34,0.93,0.94,0.74,1.12,0.45,1.51,CCC1(C)CC(=O)NC1=O
2937,O=C1C(CON1)N,Cycloserine,-0.01,-0.01,0.17,25,156,102.09,0.48,1.46,1.42,0.82,0.7,-1.62,0.96,NC1CONC1=O
2938,O=C1C(N=C(c2c(Cl)cccc2)c3c(ccc(Cl)c3)N1)O,Lorazepam,-3.58,-3.6,0.08,23,167,321.16,0.64,1.29,1.83,2.37,2.11,3.1,3.67,O=C1Nc2ccc(Cl)cc2C(c2ccccc2Cl)=NC1O
2939,O=C1C(NC(=O)N1)NC(N)=O,Allantoin,-1.42,-1.48,0.17,20,238,158.12,1.03,1.63,2.13,1.34,1.01,-2.18,1.63,NC(=O)NC1NC(=O)NC1=O
2940,O=C1C(O)=CC(c2c1cccc2)=Nc1noc(C)c1,"4-[(5-methyl-1,2-oxazol-3-yl)amino]naphthalene-1,2-dione",-6.18,-6.18,0.35,25,207,254.25,0.31,1.17,1.84,2.1,1.79,2.74,2.52,Cc1cc(N=C2C=C(O)C(=O)c3ccccc32)no1
2941,O=C1C(c2c(Cl)cccc2)(NC)CCCC1,Ketamine,-4.21,-4.22,0.41,23,93,237.73,0.13,0.89,1.42,1.28,1.83,2.9,3.31,CNC1(c2ccccc2Cl)CCCCC1=O
2942,O=C1C2(C)C(C)(C)C(C1)CC2,DL-Camphor,-2.09,-2.09,0.08,25,176,152.24,0,0.41,0.73,0.61,1.32,2.4,1.13,CC12CCC(CC1=O)C2(C)C
2943,O=C1C2(N(CN1)c3ccccc3)CCN(CC2)CCCC(=O)c1ccc(F)cc1,Spiperone,-5.95,-5.98,0.77,22,191,395.47,0.26,2.03,2.84,2.43,3.01,3.22,5.62,O=C(CCCN1CCC2(CC1)C(=O)NCN2c1ccccc1)c1ccc(F)cc1
2944,O=C1C2(N=C(N1Cc3ccc(-c4c(-c5nn[nH]n5)cccc4)cc3)CCCC)CCCC2,Irbesartan<Avapro>,-4.92,-4.92,0.09,25,180,428.54,0.63,1.69,2.71,3.41,3.32,4.78,5.55,CCCCC1=NC2(CCCC2)C(=O)N1Cc1ccc(-c2ccccc2-c2nn[nH]n2)cc1
2945,O=C1C2C34c5c(c(O)ccc5CC(C3(O)CC1)N(CC6CC6)CC4)O2,Naltrexone,-2.83,-2.83,0.17,25,169,341.41,0.5,1.71,2.03,2.47,2.44,1.53,2.55,O=C1CCC2(O)C3Cc4ccc(O)c5c4C2(CCN3CC2CC2)C1O5
2946,O=C1C2CC(C1)CC2,Norcamphor,-1.72,-1.76,0.17,20,95,110.16,0,0.36,0.83,0.65,0.89,1.38,0.76,O=C1CC2CCC1C2
2947,O=C1C=2N3[C@]([C@H]4(N[C@H]4(C3)))([C@@H](C=2C(=O)C(N)=C1C)(COC(N)=O))(OC),MitomycinC,-2.56,-2.56,0.17,25,360,334.33,0.83,2.97,1.88,2.37,2.27,-1.65,2.89,CO[C@@]12[C@H](COC(N)=O)C3=C(C(=O)C(C)=C(N)C3=O)N1C[C@@H]1N[C@@H]12
2948,O=C1C=C(CO1)[C@@H]1([C@]2(C[C@H]([C@@]3([C@@]4([C@@](C[C@@H](O[C@H]5([C@@H]([C@H](O)([C@H]([C@@H](O5)(C))(O)))(O)))(C[C@H]4(O)))(CC[C@]3([C@]2(CC1)(O))([H]))(O))(CO))([H]))(O))(C)),Ouabain,-1.64,-1.64,0.17,23,130,584.66,2.29,3.73,4.29,3.37,4.16,-1.51,7.22,C[C@@H]1O[C@@H](O[C@H]2C[C@@H](O)[C@]3(CO)[C@H]4[C@H](O)C[C@]5(C)[C@@H](C6=CC(=O)OC6)CC[C@]5(O)[C@@H]4CC[C@]3(O)C2)[C@H](O)[C@H](O)[C@H]1O
2949,O=C1C=C(N=C2C=CC(=CN12)N4CC3(CC3)NCC4)c5cc(C)c6nc(C)cn6n5,Risdiplam<EVRYSDI>,-7.14,-7.19,1.01,20,209,401.46,0.16,2.59,2.5,3.21,2.93,1.96,3.59,Cc1cn2nc(-c3cc(=O)n4cc(N5CCNC6(CC6)C5)ccc4n3)cc(C)c2n1
2950,O=C1C=C2C(C=C1)(C3C(C4C(OC(=O)CC4)(CC3)C)CC2)C,Testolactone,-4.03,-4.05,0.38,23,219,300.4,0,1.03,2.17,1.47,2.36,3.59,2.95,CC12CCC3C(CCC4=CC(=O)C=CC43C)C1CCC(=O)O2
2951,O=C1C=C2[C@@]([C@@]3([C@]([C@]4([C@](CC3)([C@@H](OC(C)=O)(CC4))(C))([H]))(CC2)([H]))([H]))(CC1)(C),TestosteroneAcetate,-5.18,-5.18,0.61,25,154,330.47,0,1.07,2.4,1.41,2.68,4.45,3.71,CC(=O)O[C@H]1CC[C@H]2[C@@H]3CCC4=CC(=O)CC[C@]4(C)[C@H]3CC[C@]12C
2952,O=C1C=C2[C@@]([C@@]3([C@]([C@]4([C@](CC3)([C@@H](OC(CC)=O)(CC4))(C))([H]))(CC2)([H]))([H]))(CC1)(C),TestosteronePropionate,-5.32,-5.27,0.06,37,120,344.5,0,1.07,2.4,1.41,2.82,4.84,4.12,CCC(=O)O[C@H]1CC[C@H]2[C@@H]3CCC4=CC(=O)CC[C@]4(C)[C@H]3CC[C@]12C
2953,O=C1C=C2[C@@]([C@@]3([C@]([C@]4([C@](CC3)([C@](O)(C)(CC4))(C))([H]))(CC2)([H]))([H]))(CC1)(C),17?-Methyltestosterone,-3.95,-3.95,0.04,25,164,302.46,0.31,1.02,2.22,1.53,2.52,4.27,3.03,C[C@]12CCC(=O)C=C1CC[C@@H]1[C@@H]2CC[C@@]2(C)[C@H]1CC[C@]2(C)O
2954,O=C1C=C2[C@@]([C@@]3([C@]([C@]4([C@](CC3)([C@](OC(C)=O)(C)(CC4))(C))([H]))(CC2)([H]))([H]))(CC1)(C),MethylTestosteroneAcetate,-6.09,-6.09,0.8,25,126,344.5,0,1.08,2.35,1.39,2.82,4.84,3.76,CC(=O)O[C@@]1(C)CC[C@H]2[C@@H]3CCC4=CC(=O)CC[C@]4(C)[C@H]3CC[C@@]21C
2955,O=C1C=Cc2c(O1)c(c(O)cc2)CN(CC(O)=O)CC(O)=O,Umbelliferone-8-methyleneiminodiaceticAcid,-3.56,-3.57,0.04,23,180,307.26,1.64,1.86,2.38,1.76,2.07,0.47,4.42,O=C(O)CN(CC(=O)O)Cc1c(O)ccc2ccc(=O)oc12
2956,O=C1CC(C2=CN=CC=C2)N(CCCO)C(/C=C/C3=CC=CN=C3)=C1,Curcuminanalog6f,-2.42,-2.31,0.17,37,170,335.4,0.31,2.02,2.55,2.32,2.63,2.77,5.69,O=C1C=C(/C=C/c2cccnc2)N(CCCO)C(c2cccnc2)C1
2957,O=C1CC(C2=CN=CC=C2)N(CCCOC)C(/C=C/C3=CC=CN=C3)=C1,Curcuminanalog6d,-2.61,-2.53,0.17,37,126,349.43,0,1.96,2.44,2.15,2.77,3.43,6.28,COCCCN1C(/C=C/c2cccnc2)=CC(=O)CC1c1cccnc1
2958,O=C1CCCC1C#N,"Cyclopentanecarbonitrile,2-oxo-",-0.34,-0.36,0.17,23,73,109.13,0,0.52,1.3,0.62,0.87,0.88,1.29,N#CC1CCCC1=O
2959,O=C1CCCN1[C@H](C(N)=O)(CC),Levetiracetam,-0.2,-0.21,0.17,23,111,170.21,0.49,1.32,1.87,1.03,1.36,-0.13,2.68,CC[C@@H](C(N)=O)N1CCCC1=O
2960,O=C1CC[C@@]6(O1)[C@@]4(C)CC[C@@H]3[C@@]2(C)CCC(=O)C=C2[C@@H]7C[C@@H]7[C@H]3[C@@H]4[C@@H]5C[C@@H]56,Drospirenone<inKORSUVA>,-4.51,-4.36,0.04,37,198,366.49,0,1.24,3.29,2.13,2.78,4.31,2.56,C[C@]12CCC(=O)C=C1[C@@H]1C[C@@H]1[C@H]1[C@@H]3[C@@H]4C[C@@H]4[C@@]4(CCC(=O)O4)[C@@]3(C)CC[C@@H]12
2961,O=C1C[C@H]([C@@H]([C@H]1(CC=CCCCC(O)=O))(C=C[C@@H](O)(CCCCC)))(O),ProstaglandinE2,-2.54,-2.47,0.09,30,67,352.47,1.2,1.48,1.95,1.32,2.94,3.25,10.34,CCCCC[C@H](O)C=C[C@H]1[C@H](O)CC(=O)[C@@H]1CC=CCCCC(=O)O
2962,O=C1N(C(=O)C=C(N1C)NCCCN2CCN(c3c(OC)cccc3)CC2)C,Urapidil,-1.3,-1.31,0.17,23,156,387.49,0.13,2.57,2.74,2.26,3.02,0.72,6.41,COc1ccccc1N1CCN(CCCNc2cc(=O)n(C)c(=O)n2C)CC1
2963,O=C1N(C(=O)CC2(C1)CCCC2)CCCCN3CCN(c4ncccn4)CC3,Buspirone,-4.24,-4.26,0.42,23,202,385.51,0,2.16,2.18,2.22,3.03,2.09,5.89,O=C1CC2(CCCC2)CC(=O)N1CCCCN1CCN(c2ncccn2)CC1
2964,O=C1N(C(=O)NC2CCCCC2)[C@H]([C@@H](S1)(c1ccc([Cl])cc1))(C),Hexythiazox,-5.81,-5.85,0.74,20,108,352.89,0.16,1.16,2.14,2.05,2.57,4.98,5.17,C[C@H]1[C@H](c2ccc(Cl)cc2)SC(=O)N1C(=O)NC1CCCCC1
2965,O=C1N(C(C(=O)NC(C(=O)N(CC(=O)N(C(C(=O)NC(C(=O)N(C(C(=O)NC(C(=O)NC(C(=O)N(C(C(=O)N(C(C(=O)N(C1C(C)C)C)CC(C)C)C)CC(C)C)C)C)C)CC(C)C)C)C(C)C)CC(C)C)C)C)CC)C(C(CC=CC)C)O)C,CyclosporineA,-5.22,-5.18,0.16,23,151,1202.63,1.25,7.61,10.16,4.23,10.02,3.27,31.54,CC=CCC(C)C(O)C1C(=O)NC(CC)C(=O)N(C)CC(=O)N(C)C(CC(C)C)C(=O)NC(C(C)C)C(=O)N(C)C(CC(C)C)C(=O)NC(C)C(=O)NC(C)C(=O)N(C)C(CC(C)C)C(=O)N(C)C(CC(C)C)C(=O)N(C)C(C(C)C)C(=O)N1C
2966,O=C1N(C)C(=O)CCC1N3C(=O)c2ccccc2C3=O,N-Methylthalidomide,-2.99,-2.99,0.04,25,159,272.26,0,1.77,2.55,2.03,1.89,0.43,2.67,CN1C(=O)CCC(N2C(=O)c3ccccc3C2=O)C1=O
2967,O=C1N(C)c2c(C(=O)N1C)n(CC(C)C)c(C)n2,7-i-Butyl-8-methyltheophylline,-1.6,-1.6,0.17,25,137,250.3,0,1.31,1.84,1.5,1.93,0.4,2.88,Cc1nc2c(c(=O)n(C)c(=O)n2C)n1CC(C)C
2968,O=C1N(C)c2c(C(=O)N1C)n(CC(C)C)cn2,Isbufylline<7-i-Butyltheophylline>,-0.94,-0.94,0.17,25,150,236.27,0,1.31,1.9,1.48,1.79,0.09,2.65,CC(C)Cn1cnc2c1c(=O)n(C)c(=O)n2C
2969,O=C1N(C)c2c(C(=O)N1C)n(CC)cn2,7-Ethyltheophylline,-0.76,-0.76,0.17,25,171,208.22,0,1.27,1.91,1.47,1.5,-0.55,1.99,CCn1cnc2c1c(=O)n(C)c(=O)n2C
2970,O=C1N(C)c2c(C(=O)N1C)n(CCC)cn2,7-Propyltheophylline,0.02,0.02,0.17,25,149,222.25,0,1.28,1.91,1.47,1.65,-0.16,2.41,CCCn1cnc2c1c(=O)n(C)c(=O)n2C
2971,O=C1N(C)c2c(C(=O)N1C)n(CCCC)c(C)n2,7-Butyl-8-methyltheophylline,-1.75,-1.75,0.17,25,135,250.3,0,1.28,1.86,1.5,1.93,0.54,3.11,CCCCn1c(C)nc2c1c(=O)n(C)c(=O)n2C
2972,O=C1N(C)c2c(C(=O)N1CC)n(C)cn2,1-Ethyltheobromine,-0.72,-0.72,0.17,25,173,208.22,0,1.27,1.91,1.47,1.5,-0.55,1.99,CCn1c(=O)c2c(ncn2C)n(C)c1=O
2973,O=C1N(C)c2c(n(C)cn2)C(=O)N1CCC,1-Propyl-theobromine,-1.21,-1.21,0.17,25,146,222.25,0,1.28,1.91,1.47,1.65,-0.16,2.41,CCCn1c(=O)c2c(ncn2C)n(C)c1=O
2974,O=C1N(C)c2c(n(C)cn2)C(=O)N1CCCC,1-Butyltheobromine,-1.63,-1.63,0.02,25,108,236.27,0,1.28,1.92,1.47,1.79,0.23,2.87,CCCCn1c(=O)c2c(ncn2C)n(C)c1=O
2975,O=C1N(CC(=O)N2CCN(CCO)CC2)c2c(S1)ccc([Cl])c2,Tiaramide,-2.28,-2.16,0.23,37,160,355.84,0.23,2.21,3.09,2.54,2.44,0.85,5.01,O=C(Cn1c(=O)sc2ccc(Cl)cc21)N1CCN(CCO)CC1
2976,O=C1N(CCC)C(=O)CCC1N3C(=O)c2ccccc2C3=O,N-Propylthalidomide,-3.72,-3.72,0.04,25,136,300.31,0,1.78,2.55,2.03,2.17,1.21,3.52,CCCN1C(=O)CCC(N2C(=O)c3ccccc3C2=O)C1=O
2977,O=C1N(CCCCC)C(=O)CCC1N3C(=O)c2ccccc2C3=O,N-Pentylthalidomide,-4.7,-4.7,0.14,25,105,328.36,0,1.79,2.56,2.02,2.45,1.99,4.46,CCCCCN1C(=O)CCC(N2C(=O)c3ccccc3C2=O)C1=O
2978,O=C1N(CCCN1)[C@H](C(=O)N[C@H](C[C@@H]([C@H](Cc1ccccc1)(NC(=O)COc1c(C)cccc1C))(O))(Cc1ccccc1))(C(C)C),Lopinavir,-5.68,-5.65,0.31,37,124,628.8,0.92,2.89,4.57,3.32,5.06,4.33,12.6,Cc1cccc(C)c1OCC(=O)N[C@@H](Cc1ccccc1)[C@@H](O)C[C@H](Cc1ccccc1)NC(=O)[C@H](C(C)C)N1CCCNC1=O
2979,O=C1N(CO)C(=O)CCC1(CC)c2ccccc2,N-(Hydroxymethyl)glutethimide,-1.66,-1.66,0.17,25,82,247.29,0.31,1.35,1.68,1.53,1.92,1.43,3.48,CCC1(c2ccccc2)CCC(=O)N(CO)C1=O
2980,O=C1N(SC(Cl)(Cl)Cl)C(=O)C2C1CC=CC2,Captan,-4.77,-4.77,0.7,25,178,300.59,0,1.16,1.59,1.8,1.78,2.91,3.46,O=C1C2CC=CCC2C(=O)N1SC(Cl)(Cl)Cl
2981,O=C1N(c2c(C(c3c(F)cccc3)=NC1)cc([N+](=O)[O-])cc2)C,Flunitrazepam,-4.87,-4.89,0.37,23,167,313.29,0,1.15,2.15,2.14,2.14,2.55,3.61,CN1C(=O)CN=C(c2ccccc2F)c2cc([N+](=O)[O-])ccc21
2982,O=C1N(c2c(C(c3ccccc3)=NC1)cc(Cl)cc2)CC4CC4,Prazepam,-3.73,-3.74,0.23,24,146,324.81,0,1.05,1.81,2.32,2.39,3.93,3.66,O=C1CN=C(c2ccccc2)c2cc(Cl)ccc2N1CC1CC1
2983,O=C1N(c2c(F)c(C(F)(F)F)c(C#N)cc2)C(=S)N(C1(C)C)c1ccc(nc1)CCCC1=NCCO1,GT0918,-7.85,-7.77,0.35,37,173,519.51,0,1.88,2.82,2.72,3.43,4.78,6.7,CC1(C)C(=O)N(c2ccc(C#N)c(C(F)(F)F)c2F)C(=S)N1c1ccc(CCCC2=NCCO2)nc1
2984,O=C1N(c2c(N(C(=O)C1)C)ccc(Cl)c2)c3ccccc3,Clobazam,-3.17,-3.2,0.18,23,184,300.75,0,1.47,2.49,2.29,2.13,3.37,3.39,CN1C(=O)CC(=O)N(c2ccccc2)c2cc(Cl)ccc21
2985,O=C1N(c2c(N1)cc([Cl])cc2)C1CCN(CC1)CCCN1C(=O)Nc2c1cccc2,Domperidone,-5.27,-5.32,0.32,22,221,425.91,0.72,1.83,3.13,3.11,3.06,3.35,5,O=c1[nH]c2ccccc2n1CCCN1CCC(n2c(=O)[nH]c3cc(Cl)ccc32)CC1
2986,O=C1N(c2c(cc(Cl)cc2)N1)C3CCN(CCCN4C(=O)Nc5c4cccc5)CC3,Domperidone,-4.82,-4.85,0.32,23,221,425.91,0.72,1.83,3.13,3.11,3.06,3.35,5,O=c1[nH]c2ccccc2n1CCCN1CCC(n2c(=O)[nH]c3cc(Cl)ccc32)CC1
2987,O=C1N(c2c(cccc2)N1)CCCN3CCN(C(c4ccccc4)c5ccccc5)CC3,Oxatomide,-3.97,-4,0.37,23,154,426.57,0.33,1.89,2.85,2.99,3.4,4.13,6.19,O=c1[nH]c2ccccc2n1CCCN1CCN(C(c2ccccc2)c2ccccc2)CC1
2988,O=C1N(c2ccc(N3CCN(c4ccc(OCC5OC(c6c(Cl)cc(Cl)cc6)(OC5)Cn7ncnc7)cc4)CC3)cc2)C=NN1C(CC)C,Itraconazole,-8.85,-8.85,0.57,25,165,705.65,0,2.95,4.54,4.65,5,5.58,9.63,CCC(C)n1ncn(-c2ccc(N3CCN(c4ccc(OCC5COC(Cn6cncn6)(c6ccc(Cl)cc6Cl)O5)cc4)CC3)cc2)c1=O
2989,O=C1N(c2ccccc2)N(c2ccccc2)C(=O)C1CCS(=O)c1ccccc1,Sulfinpyrazone<Sulfinpyrazole>,-5.87,-5.93,0.75,22,171,404.48,0,2.39,4.1,3.24,2.98,3.8,5.53,O=C1C(CC[S+]([O-])c2ccccc2)C(=O)N(c2ccccc2)N1c1ccccc1
2990,O=C1N2C(=NN1CCCN3CCN(c4cc(Cl)ccc4)CC3)C=CC=C2,Trazodone,-3.25,-3.27,0.2,23,87,371.87,0,1.92,2.47,2.64,2.73,2.36,4.95,O=c1n(CCCN2CCN(c3cccc(Cl)c3)CC2)nc2ccccn12
2991,O=C1N2[C@@]([C@@H]1(NC(=O)[C@@H](C3=CCC=CC3)(N)))(SCC(OC)=C2C(O)=O)([H]),Cefroxanide<Cefroxadine>,-1.89,-1.89,0.17,25,192,365.41,1.06,2.8,3.21,2.49,2.54,-0.07,4.87,COC1=C(C(=O)O)N2C(=O)[C@@H](NC(=O)[C@H](N)C3=CCC=CC3)[C@H]2SC1
2992,O=C1N2[C@@]([C@@H]1(NC(=O)[C@@H](c3ccc(O)cc3)(N)))(SCC(=C2C(O)=O)CSc1n[nH]nc1)([H]),Cefatrizine,-1.46,-1.46,0.08,25,204,462.5,2.19,3.41,4.46,3.92,3.04,0.04,5.89,N[C@@H](C(=O)N[C@@H]1C(=O)N2C(C(=O)O)=C(CSc3cn[nH]n3)CS[C@H]12)c1ccc(O)cc1
2993,O=C1N2[C@@]([C@@H]1(NC(=O)[C@@H](c3ccc(O)cc3)(N)))(SCC(C)=C2C(O)=O)([H]),Cefadroxil,-1.41,-1.41,0.04,25,197,363.4,1.55,2.82,3.48,2.76,2.49,0.15,4.44,CC1=C(C(=O)O)N2C(=O)[C@@H](NC(=O)[C@H](N)c3ccc(O)cc3)[C@H]2SC1
2994,O=C1N2[C@@]([C@@H]1(NC(=O)[C@@H](c3ccccc3)(N)))(SCC(COC(C)=O)=C2C(O)=O)([H]),Cephaloglycin·2H2O,-1.66,-1.47,0.17,37,237,405.43,1.06,2.88,3.67,2.59,2.79,-0.01,5.71,CC(=O)OCC1=C(C(=O)O)N2C(=O)[C@@H](NC(=O)[C@H](N)c3ccccc3)[C@H]2SC1
2995,O=C1N2[C@@]([C@@H]1(NC(=O)[C@@H](c3ccccc3)(N)))(SCC([Cl])=C2C(O)=O)([H]),Cefaclor·H2O,-1.74,-1.78,0.54,23,327,367.81,1.06,2.54,3.41,2.65,2.42,0.62,4.52,N[C@@H](C(=O)N[C@@H]1C(=O)N2C(C(=O)O)=C(Cl)CS[C@H]12)c1ccccc1
2996,O=C1N=C(C(F)=CN1C2OC(SC2)CO)N,Emtricitabine,-0.34,-0.34,0.03,25,138,247.25,0.44,2,1.86,1.85,1.55,-0.46,3.13,Nc1nc(=O)n(C2CSC(CO)O2)cc1F
2997,O=C1N=C(C=CN1C2OC(CO)CC2)N,Zalcitabine,-0.43,-0.44,0.17,23,212,211.22,0.44,1.9,1.78,1.63,1.51,-0.5,2.7,Nc1ccn(C2CCC(CO)O2)c(=O)n1
2998,O=C1N=C(N)Nc2c1nc(cn2)CNc1ccc(cc1)C(=O)N[C@H](C(O)=O)(CCC(O)=O),FolicAcid,-6.1,-6.1,0.03,25,250,441.41,1.95,3.14,3.74,3.24,3.04,-0.04,6.58,Nc1nc(=O)c2nc(CNc3ccc(C(=O)N[C@@H](CCC(=O)O)C(=O)O)cc3)cnc2[nH]1
2999,O=C1N=CN=C2NNC=C12,Allopurinol,-2.38,-2.38,0.22,25,350,136.11,0.27,1.54,1.04,1.43,0.88,-0.4,0.86,O=c1ncnc2[nH][nH]cc1-2
3000,O=C1NC(=C(F)C=N1)N,5-Fluorocytosine<Flucytosine>,-0.93,-0.93,0.11,25,296,129.09,0.47,1.2,1.27,0.99,0.81,-0.51,1.18,Nc1[nH]c(=O)ncc1F
3001,O=C1NC(=O)C(CC)(C(=O)N1CO)c2ccccc2,1-(Hydroxymethyl)-phenobarbital,-1.6,-1.6,0.17,25,99,262.26,0.55,1.62,2.09,1.77,1.9,0.36,3.35,CCC1(c2ccccc2)C(=O)NC(=O)N(CO)C1=O
3002,O=C1NC(=O)C(CC)(C(C)C)C(=O)N1,Probarbital<5-Ethyl-5-i-propylbarbituricAcid>,-2.15,-2.15,0.03,25,204,198.22,0.52,1.24,1.34,0.99,1.51,0.4,2.6,CCC1(C(C)C)C(=O)NC(=O)NC1=O
3003,O=C1NC(=O)C(CC)(CCC)C(=O)N1,5-Ethyl-5-propylbarbituricAcid,-1.49,-1.49,0.81,25,144,198.22,0.52,1.21,1.35,0.98,1.51,0.55,2.88,CCCC1(CC)C(=O)NC(=O)NC1=O
3004,O=C1NC(=O)C(CC)(CCCCC)C(=O)N1,5-Ethyl-5-pentylbarbituricAcid,-2.34,-2.34,0.12,25,135,226.28,0.52,1.22,1.36,0.97,1.8,1.33,4.03,CCCCCC1(CC)C(=O)NC(=O)NC1=O
3005,O=C1NC(=O)C(CC)(CCCCCCC)C(=O)N1,5-ethyl-5-heptylbarbituricAcid,-3.22,-3.22,0.15,25,118,254.33,0.52,1.22,1.37,0.97,2.08,2.11,5.31,CCCCCCCC1(CC)C(=O)NC(=O)NC1=O
3006,O=C1NC(=O)C(CC)(CCCCCCCC)C(=O)N1,5-Ethyl-5-octylbarbituricAcid,-3.94,-3.94,0.36,25,113,268.36,0.52,1.23,1.38,0.97,2.22,2.5,5.99,CCCCCCCCC1(CC)C(=O)NC(=O)NC1=O
3007,O=C1NC(=O)C(CC)(CCCCCCCCC)C(=O)N1,5-Ethyl-5-nonylbarbituricAcid,-4.46,-4.46,0.47,25,113,282.38,0.52,1.23,1.38,0.97,2.36,2.89,6.68,CCCCCCCCCC1(CC)C(=O)NC(=O)NC1=O
3008,O=C1NC(=O)C=C(N1)C(O)=O,OroticAcid,-1.94,-1.94,0.27,25,344,156.1,1.01,1.23,1.86,1.04,0.97,-1.24,1.59,O=C(O)c1cc(=O)[nH]c(=O)[nH]1
3009,O=C1NC(=O)CCC1N7C(=O)c6cccc(OCC(=O)NCCCCNC(=O)COc2ccc(cc2OC)C4=CN(C)C(=O)c3cc(sc34)C(=N)NC5CCS(=O)(=O)CC5)c6C7=O,BRD9Degrader-1,-4.7,-4.7,0.01,25,176,903.98,0.98,5.46,7.85,5.37,6.27,1.64,13.25,COc1cc(-c2cn(C)c(=O)c3cc(C(=N)NC4CCS(=O)(=O)CC4)sc23)ccc1OCC(=O)NCCCCNC(=O)COc1cccc2c1C(=O)N(C1CCC(=O)NC1=O)C2=O
3010,O=C1NC(=O)CN(C(CN2CC(=O)NC(=O)C2)C)C1,Dexrazoxane,-1.38,-1.39,0.17,23,194,268.27,0.67,2.77,2.17,1.85,1.9,-2.71,3.91,CC(CN1CC(=O)NC(=O)C1)N1CC(=O)NC(=O)C1
3011,O=C1NC(=O)NC(=O)C1(C(C)C)C(C)C,"5,5-Di-i-propylbarbituricAcid",-2.77,-2.77,0.17,25,228,212.25,0.52,1.27,1.33,1,1.66,0.65,2.83,CC(C)C1(C(C)C)C(=O)NC(=O)NC1=O
3012,O=C1NC(=O)NC(=O)C1(C)CC,5-Ethyl-5-methylbarbituricAcid,-1.23,-1.23,0.07,25,216,170.17,0.52,1.2,1.35,0.98,1.23,-0.23,1.87,CCC1(C)C(=O)NC(=O)NC1=O
3013,O=C1NC(=O)NC(=O)C1(C)CC=C,5-Methyl-5-allylbarbituricAcid,-1.16,-1.16,0.17,25,167,182.18,0.52,1.26,1.41,1.1,1.33,-0.07,2.19,C=CCC1(C)C(=O)NC(=O)NC1=O
3014,O=C1NC(=O)NC(=O)C1(CC)CC=C,5-Ethyl-5-allylbarbituricAcid,-1.61,-1.61,0.17,25,162,196.21,0.52,1.26,1.41,1.1,1.47,0.32,2.69,C=CCC1(CC)C(=O)NC(=O)NC1=O
3015,O=C1NC(=O)NC(=O)C1(CC)CCCC,Butobarbital<Butethal><5-Ethyl-5-n-butylbarbituricAcid>,-1.69,-1.69,0.05,25,126,212.25,0.52,1.21,1.36,0.98,1.66,0.94,3.44,CCCCC1(CC)C(=O)NC(=O)NC1=O
3016,O=C1NC(=O)NC(=O)C1(CC)CCCCCC,Hexethal<5-ethyl-5-hexylbarbituricAcid>,-3.05,-3.05,0.02,25,125,240.3,0.52,1.22,1.37,0.97,1.94,1.72,4.66,CCCCCCC1(CC)C(=O)NC(=O)NC1=O
3017,O=C1NC(=O)NC(=O)C1(CC)C\C=C(/C)C,5-Ethyl-5-(3-methyl-But-2-enyl)barbituricAcid,-2.25,-2.25,0.17,25,158,224.26,0.52,1.3,1.4,1.11,1.75,1.11,3.47,CCC1(CC=C(C)C)C(=O)NC(=O)NC1=O
3018,O=C1NC(=O)NC(=O)C1(C\C=C(/C)C)C,5-Methyl-5-(3-methylbut-2-enyl)barbituricAcid,-2.6,-2.6,0.17,25,193,210.23,0.52,1.29,1.4,1.11,1.61,0.71,2.92,CC(C)=CCC1(C)C(=O)NC(=O)NC1=O
3019,O=C1NC(=O)NC(=O)C1(C\C=C(/C)C)C(C)(C)C,5-t-Butyl-5-(3-methylbut-2-enyl)barbiturate,-3.55,-3.55,0.28,25,212,252.31,0.52,1.34,1.35,1.09,2.04,1.74,3.64,CC(C)=CCC1(C(C)(C)C)C(=O)NC(=O)NC1=O
3020,O=C1NC(=O)NC(=O)C1(C\C=C(/C)C)C\C=C,5-Allyl-5-(3-methyl-butyl-2-enyl)barbituricAcid,-3.55,-3.55,0.28,25,147,236.27,0.52,1.35,1.47,1.23,1.85,1.27,3.83,C=CCC1(CC=C(C)C)C(=O)NC(=O)NC1=O
3021,O=C1NC(=O)NC(=O)C11CC1,"Cycloethane-1',5-spirobarbituricAcid",-1.89,-1.89,0.17,25,325,154.12,0.52,1.18,1.43,1.19,0.98,-0.87,0.93,O=C1NC(=O)C2(CC2)C(=O)N1
3022,O=C1NC(=O)NC(=O)C11CCC1,"Cyclopropane-1',5-spirobarbituricAcid",-1.66,-1.66,0.17,25,257,168.15,0.52,1.18,1.43,1.19,1.12,-0.48,1.25,O=C1NC(=O)C2(CCC2)C(=O)N1
3023,O=C1NC(=O)NC(=O)C11CCCC1,"Cyclobutane-1',5-spirobarbituricAcid",-2.35,-2.35,0.17,25,272,182.18,0.52,1.18,1.44,1.19,1.27,-0.09,1.61,O=C1NC(=O)C2(CCCC2)C(=O)N1
3024,O=C1NC(=O)NC(=O)C11CCCCC1,"Cyclopentane-1',5-spirobarbituricAcid",-3.06,-3.06,0.18,25,288,196.21,0.52,1.19,1.44,1.19,1.41,0.3,2.02,O=C1NC(=O)C2(CCCCC2)C(=O)N1
3025,O=C1NC(=O)NC(=O)C11CCCCCC1,"Cyclohexane-1',5-spirobarbituricAcid",-3.17,-3.17,0.2,25,266,210.23,0.52,1.19,1.45,1.19,1.55,0.69,2.46,O=C1NC(=O)C2(CCCCCC2)C(=O)N1
3026,O=C1NC(=O)NC(=O)C11CCCCCCC1,"Cycloheptane-1',5-spirobarbituricAcid",-2.98,-2.98,0.17,25,228,224.26,0.52,1.19,1.45,1.19,1.69,1.08,2.94,O=C1NC(=O)C2(CCCCCCC2)C(=O)N1
3027,O=C1NC(=O)NC(=O)C11CCCCCCCCCC1,"Cyclodecane-1',5-spirobarbituricAcid",-4.59,-4.59,0.49,25,210,266.34,0.52,1.2,1.46,1.18,2.11,2.25,4.56,O=C1NC(=O)C2(CCCCCCCCCC2)C(=O)N1
3028,O=C1NC(=O)NC(=O)C11CCCCCCCCCCC1,"Cycloundecane-1',5-spirobarbituricAcid",-5.8,-5.8,0.74,25,232,280.36,0.52,1.21,1.47,1.18,2.25,2.64,5.15,O=C1NC(=O)C2(CCCCCCCCCCC2)C(=O)N1
3029,O=C1NC(=O)NC(=O)C1C,5-MethylbarbituricAcid,-1.13,-1.13,0.17,25,220,142.11,0.52,1.19,1.39,1.01,0.95,-1.01,1.41,CC1C(=O)NC(=O)NC1=O
3030,O=C1NC(=O)NC(=O)C1C(C)C,5-i-PropylbarbituricAcid,-1.46,-1.46,0.04,25,215,170.17,0.52,1.23,1.38,1.02,1.23,-0.38,2.12,CC(C)C1C(=O)NC(=O)NC1=O
3031,O=C1NC(=O)NC=C1F,5-Fluorouracil,-0.95,-0.98,0.04,23,282,130.08,0.44,0.86,1.41,0.78,0.77,-0.8,1.18,O=c1[nH]cc(F)c(=O)[nH]1
3032,O=C1NC(=S)NC(=O)C1(CCC)CC,5-Ethyl-5-propyl-2-thiobarbituricAcid,-2.8,-2.8,0.17,25,161,214.28,0.51,1.3,2.01,1.48,1.62,0.71,3.21,CCCC1(CC)C(=O)NC(=S)NC1=O
3033,O=C1NC(=S)NC(=O)C11CCCCC1,"Cyclopentane-1',5-spiro-2-ThiobarbituricAcid",-3.46,-3.46,0.26,25,248,212.27,0.51,1.28,2.09,1.69,1.51,0.47,2.26,O=C1NC(=S)NC(=O)C12CCCCC2
3034,O=C1NC(CC1)C(=O)NC(Cc1nc(CCC)[nH]c1)C(=O)N1C(C(N)=O)CCC1,NP-647<5-Oxoprolyl-2-propylhistidylprolinamide>,-2.23,-2.23,0.17,25,184,404.47,1.34,2.97,4.46,2.53,3.04,-0.86,6.5,CCCc1nc(CC(NC(=O)C2CCC(=O)N2)C(=O)N2CCCC2C(N)=O)c[nH]1
3035,O=C1NC(CC1)C(=O)NC2=CC=CC=C2,5-Oxo-N-Phenylprolinamide,-1.27,-1.33,0.17,20,189,204.23,0.66,1.35,2.19,1.49,1.54,0.9,2.67,O=C1CCC(C(=O)Nc2ccccc2)N1
3036,O=C1NC(NC(N1)=O)=O,CyanuricAcid,-1.81,-1.81,0.17,25,360,129.08,0.61,1.01,1.64,0.97,0.77,-2.25,1.06,O=c1[nH]c(=O)[nH]c(=O)[nH]1
3037,O=C1NC2C(N1)NC(N2)=O,Acetyleneurea,-2.14,-2.09,0.17,28,300,142.12,0.75,1.4,2.18,1.24,0.89,-1.74,0.82,O=C1NC2NC(=O)NC2N1
3038,O=C1NCC(SC1)c2ccc(cc2F)N3CC(NC(C)=O)OC3=O,Z009cmpd2,-1.93,-1.95,0.17,23,185,353.369,0.53,2.01,3.04,2.22,2.35,1.15,4.61,CC(=O)NC1CN(c2ccc(C3CNC(=O)CS3)c(F)c2)C(=O)O1
3039,O=C1Nc2c(C(c3ccccc3)=NC1)cc([N+](=O)[O-])cc2,Nitrazepam,-4.01,-4.04,0.15,23,225,281.27,0.47,1.1,2.17,2.21,1.98,2.38,3.19,O=C1CN=C(c2ccccc2)c2cc([N+](=O)[O-])ccc2N1
3040,O=C1Nc2c(C(c3ncccc3)=NC1)cc(Br)cc2,Bromazepam,-3.24,-3.27,0.13,23,193,316.16,0.47,1.27,1.93,2.32,1.94,2.63,3.13,O=C1CN=C(c2ccccn2)c2cc(Br)ccc2N1
3041,O=C1Nc2c(cc(OCCCCc3nnnn3C4CCCCC4)cc2)CC1,Cilostazol,-5.08,-5.09,0.13,23,160,369.47,0.41,1.63,2.44,2.28,2.85,3.46,5.65,O=C1CCc2cc(OCCCCc3nnnn3C3CCCCC3)ccc2N1
3042,O=C1Nc2c(ccc(OCCCCN3CCN(c4c(Cl)c(Cl)ccc4)CC3)c2)CC1,Aripiprazole,-6.63,-6.65,0.21,23,139,448.4,0.41,1.75,2.53,2.63,3.28,4.86,7.03,O=C1CCc2ccc(OCCCCN3CCN(c4cccc(Cl)c4Cl)CC3)cc2N1
3043,O=C1Nc2ccccc2CO1,EfavirenzanalogIV,-4.51,-4.51,0.15,25,130,149.15,0.37,0.61,1.28,1.08,1.06,1.75,1.28,O=C1Nc2ccccc2CO1
3044,O=C1Nc2ccccc2N1CCN1CCN(CC1)c1cccc(c1)C(F)(F)F,Flibanserin<BIMT-17BS>,-5.63,-5.52,0.27,37,158,390.41,0.33,1.5,2.26,2.12,2.7,3.17,4.89,O=c1[nH]c2ccccc2n1CCN1CCN(c2cccc(C(F)(F)F)c2)CC1
3045,O=C1Nc2ccccc2[C@](O1)(C(F)(F)F)(C#CC1CC1),EfavirenzanalogII,-5.17,-5.17,0.19,25,150,281.23,0.37,0.62,1.27,1.06,1.77,3.42,2.68,O=C1Nc2ccccc2[C@@](C#CC2CC2)(C(F)(F)F)O1
3046,O=C1OC(COc2cc(cc(c2)C)C)CN1,Metaxalone,-2.86,-2.87,0.17,23,122,221.26,0.23,0.86,1.47,1.12,1.69,1.79,2.99,Cc1cc(C)cc(OCC2CNC(=O)O2)c1
3047,O=C1OCC2C(OC3OC4C(OC(OC4)C)C(O)C3O)c5c(cc6c(OCO6)c5)C(c7cc(OC)c(c(OC)c7)O)C12,Etoposide,-3.41,-3.43,0.2,23,244,588.56,0.6,3.23,4.11,3.38,3.9,1.34,6.84,COc1cc(C2c3cc4c(cc3C(OC3OC5COC(C)OC5C(O)C3O)C3COC(=O)C23)OCO4)cc(OC)c1O
3048,O=C1OCC2C(OC3OC4C(OC(c5sccc5)OC4)C(O)C3O)c6c(cc7c(OCO7)c6)C(c8cc(OC)c(c(OC)c8)O)C12,Teniposide,-4.4,-4.42,0.45,23,244,656.67,0.6,3.26,4.49,3.9,4.29,2.75,7.48,COc1cc(C2c3cc4c(cc3C(OC3OC5COC(c6cccs6)OC5C(O)C3O)C3COC(=O)C23)OCO4)cc(OC)c1O
3049,O=C1[C@]2(C(O)=C3C(=O)c4c(O)ccc(N(C)C)c4C[C@]3(C[C@]2([C@@H](C(O)=C1C(N)=O)(N(C)C))([H]))([H]))(O),Minocycline,-2.07,-2.07,0.03,25,204,457.48,1.42,3.15,3.7,3.4,3.28,0.19,5.06,CN(C)c1ccc(O)c2c1C[C@H]1C[C@H]3[C@H](N(C)C)C(O)=C(C(N)=O)C(=O)[C@@]3(O)C(O)=C1C2=O
3050,O=C1[C@]2(C(O)=C3C(=O)c4c(c([Cl])ccc4O)[C@](C3C[C@]2([C@@H](C(O)=C1C(N)=O)(N(C)C))([H]))(O)(C))(O),Chlortetracycline,-2.89,-2.89,0.18,25,169,478.89,1.9,3.26,3.7,3.51,3.22,0.44,4.96,CN(C)[C@@H]1C(O)=C(C(N)=O)C(=O)[C@@]2(O)C(O)=C3C(=O)c4c(O)ccc(Cl)c4[C@@](C)(O)C3C[C@@H]12
3051,O=C1[N@]([C@@H]2(O[C@H](CO)(C=C2)))(C=C(C)C(=O)N1),Stavudine<4dT>,-0.53,-0.44,0.1,37,160,224.22,0.47,1.65,1.96,1.55,1.56,-0.71,2.76,Cc1cn([C@H]2C=C[C@@H](CO)O2)c(=O)[nH]c1=O
3052,O=C1c2[nH]c(C3CCCC3)nc2N(CCC)C(=O)N1CCC,"CPX<8-Cyclopentyl-1,3-dipropylxanthine>",-4.77,-4.79,0.08,22,182,304.39,0.35,1.32,2.03,1.7,2.38,2.36,4.18,CCCn1c(=O)c2[nH]c(C3CCCC3)nc2n(CCC)c1=O
3053,O=C1c2c(N=C(N)N1)n(cn2)COCCOC(=O)CC(N)C(O)=O,O-Aspartylacyclovir,-2.05,-2.05,0.08,25,179,340.29,1.38,3.06,3.21,2.1,2.28,-1.98,5.44,Nc1nc2c(ncn2COCCOC(=O)CC(N)C(=O)O)c(=O)[nH]1
3054,O=C1c2c(N=C(N1)N)n(cn2)CCC(CO)CO,Penciclovir,-1.84,-1.87,0.22,23,276,253.26,1.22,2.19,2.44,2.03,1.8,-1.31,3.58,Nc1nc2c(ncn2CCC(CO)CO)c(=O)[nH]1
3055,O=C1c2c(N=CN1)[n@@](cn2)([C@@H]1(O[C@H](CO)(CC1))),"DDI<2',3'-Dideoxyinosine><Didanosine>",-0.94,-0.94,0.01,25,162,236.23,0.48,1.78,2.17,1.9,1.6,-0.21,2.42,O=c1[nH]cnc2c1ncn2[C@H]1CC[C@@H](CO)O1
3056,O=C1c2c(c(ccc2)N)CN1C3C(=O)NC(=O)CC3,Lenalidomide,-5.73,-5.76,0.72,23,271,259.27,0.56,1.91,2.74,2.2,1.83,0.03,2.51,Nc1cccc2c1CN(C1CCC(=O)NC1=O)C2=O
3057,O=C1c2c(cc(OC)c(OC)c2)CC1CC3CCN(Cc4ccccc4)CC3,Donepezil,-5.1,-5.12,0.59,23,207,379.5,0,1.5,2.49,2.12,3.03,4.36,5.68,COc1cc2c(cc1OC)C(=O)C(CC1CCN(Cc3ccccc3)CC1)C2
3058,O=C1c2c(n(cn2)C3C(C(C(O)C3)CO)=C)NC(=N1)N,Entecavir,-2.04,-2.06,0.17,23,250,277.29,1.05,2.29,2.18,2.5,1.93,-0.83,2.84,C=C1C(CO)C(O)CC1n1cnc2c(=O)nc(N)[nH]c21
3059,O=C1c2c(n(cn2)COC(CO)CO)NC(=N1)N,Ganciclovir,-1.65,-1.66,0.13,23,250,255.23,0.92,2.54,2.18,2.26,1.72,-1.97,3.55,Nc1nc(=O)c2ncn(COC(CO)CO)c2[nH]1
3060,O=C1c2c(nccc2)N(c3c(c(ccn3)C)N1)C4CC4,Nevirapine,-3.39,-3.43,0.14,23,248,266.3,0.42,1.37,2.29,2.36,1.94,2.65,2.3,Cc1ccnc2c1NC(=O)c1cccnc1N2C1CC1
3061,O=C1c2c(ncn2C)N(C(=O)N1C)C,Caffeine,-0.93,-0.96,0.07,23,238,194.19,0,1.27,1.9,1.48,1.36,-1.03,1.6,Cn1c(=O)c2c(ncn2C)n(C)c1=O
3062,O=C1c2c3O[C@@]1(OC=C[C@@H]([C@H]([C@H]([C@@H]([C@@H]([C@@H]([C@@H](O)([C@H](C=CC=C(C)C(=O)Nc4c(C=NN5CCN(C)CC5)c(O)c2c(c4O)c(O)c3C)(C)))(C))(O))(C))(OC(C)=O))(C))(OC))(C),Rifampicin<Rifampin>,-2.91,-2.91,0.46,25,183,822.95,2.55,4.66,4.67,4.73,6.21,4.34,13.7,CO[C@H]1C=CO[C@@]2(C)Oc3c(C)c(O)c4c(O)c(c(C=NN5CCN(C)CC5)c(O)c4c3C2=O)NC(=O)C(C)=CC=C[C@H](C)[C@H](O)[C@@H](C)[C@@H](O)[C@@H](C)[C@H](OC(C)=O)[C@@H]1C
3063,O=C1c2c3c(n(c2CCN1Cc4c([nH]cn4)C)C)cccc3,Alosetron,-4.23,-4.26,0.42,23,189,294.36,0.35,1.38,2.64,2.48,2.23,2.41,2.82,Cc1[nH]cnc1CN1CCc2c(c3ccccc3n2C)C1=O
3064,O=C1c2ccccc2C(=O)C(O)=C1C1CCC(CC1)c1ccc([Cl])cc1,Atovaquone,-6.05,-6.09,0.18,23,224,366.84,0.31,1.21,2.54,2.49,2.69,5.51,4.41,O=C1C(O)=C(C2CCC(c3ccc(Cl)cc3)CC2)C(=O)c2ccccc21
3065,O=C1c2ccccc2C(C=C1O)=Nc1c(C)noc1C,5-Methylisoxazolylnaphthoquinone,-4.17,-4.17,0.12,25,203,268.27,0.31,1.17,1.78,2.13,1.93,3.05,2.75,Cc1noc(C)c1N=C1C=C(O)C(=O)c2ccccc21
3066,O=C1c2ccccc2C(C=C1O)=Nc1c(C)noc1CC,5-Ethylisoxazolylnaphthoquinone,-3.83,-3.83,0.12,25,191,282.3,0.31,1.18,1.78,2.13,2.07,3.3,3.17,CCc1onc(C)c1N=C1C=C(O)C(=O)c2ccccc21
3067,O=C1c2ccccc2C(C=C1O)=Nc1c(C)noc1CCC,5-Propylisoxazolylnaphthoquinone,-4.3,-4.3,0.27,25,177,296.33,0.31,1.18,1.79,2.12,2.21,3.69,3.63,CCCc1onc(C)c1N=C1C=C(O)C(=O)c2ccccc21
3068,O=C1c2ccccc2C(C=C1O)=Nc1c(C)noc1CCCCC,5-Pentylisoxazolylnaphthoquinone,-4.3,-4.3,0.31,25,163,324.38,0.31,1.19,1.8,2.12,2.49,4.47,4.6,CCCCCc1onc(C)c1N=C1C=C(O)C(=O)c2ccccc21
3069,O=C2C1=CC(=CC=C1CO2)C#N,"1,3-Dihydro-3-oxo-5-isobenzofurancarbonitrile",-2.7,-2.7,0.17,25,93,159.14,0,0.57,1.54,1.05,1.12,1.23,1.34,N#Cc1ccc2c(c1)C(=O)OC2
3070,O=C2C1=CC=CC=C1C(O2)C(=O)N,"3-Oxo-1,3-dihydroisobenzofuran-1-carboxamide",-2.02,-2.13,0.17,16,185,177.16,0.49,1,1.96,1.3,1.22,0.38,1.55,NC(=O)C1OC(=O)c2ccccc21
3071,O=C2NC(=O)N(S(=O)(=O)c1ccc(Cl)cc1)C2(c3ccccc3)c4ccccc4,"5,5-Diphenyl-1-(4-Chlorobenzene-1-sulfonyl)hydantoin",-6.34,-6.1,0.85,37,212,426.873,0.24,1.6,3.32,3,2.88,3.52,4.64,O=C1NC(=O)C(c2ccccc2)(c2ccccc2)N1S(=O)(=O)c1ccc(Cl)cc1
3072,O=C2NC(=O)N(S(=O)(=O)c1ccc(N)cc1)C2(c3ccccc3)c4ccccc4,"5,5-Diphenyl-1-[(4-Aminophenyl)sulfonyl]hydantoin",-5.71,-5.46,0.72,37,219,407.442,0.47,1.92,3.63,3.16,2.86,2.45,4.35,Nc1ccc(S(=O)(=O)N2C(=O)NC(=O)C2(c2ccccc2)c2ccccc2)cc1
3073,O=C2NC(=O)N(S(=O)(=O)c1ccc(cc1)[N+]([O-])=O)C2(c3ccccc3)c4ccccc4,"5,5-Diphenyl-1-[(4-nitrophenyl)sulfonyl]hydantoin",-6.08,-5.83,0.79,37,204,437.425,0.24,1.71,3.78,3.12,2.93,2.78,4.78,O=C1NC(=O)C(c2ccccc2)(c2ccccc2)N1S(=O)(=O)c1ccc([N+](=O)[O-])cc1
3074,O=C2NC(=O)N(S(=O)(=O)c1ccccc1C)C2(c3ccccc3)c4ccccc4,"5,5-Diphenyl-1-[(2-Methylphenyl)sulfonyl]hydantoin",-5.96,-5.73,0.77,37,207,406.454,0.24,1.62,3.15,2.87,2.9,3.18,4.47,Cc1ccccc1S(=O)(=O)N1C(=O)NC(=O)C1(c1ccccc1)c1ccccc1
3075,O=C2OC(C)c1c(O)c3nc(C)ccc3cc12,"2,3-QuinolinophthalideanalogV",-4.03,-4.03,0.03,25,200,229.23,0.13,1.07,1.65,1.9,1.63,2.48,1.9,Cc1ccc2cc3c(c(O)c2n1)C(C)OC3=O
3076,O=C2OC(C)c1c(O)c3ncc(C)cc3cc12,"2,3-QuinolinophthalideanalogIII",-3.6,-3.6,0.06,25,203,229.23,0.13,1.07,1.65,1.9,1.63,2.48,1.9,Cc1cnc2c(O)c3c(cc2c1)C(=O)OC3C
3077,O=C2OC(C)c1c(O)c3ncccc3cc12,"2,3-QuinolinophthalideanalogIV",-3.49,-3.49,0.05,25,206,215.21,0.13,1.07,1.71,1.88,1.49,2.17,1.69,CC1OC(=O)c2cc3cccnc3c(O)c21
3078,O=C2OC(c1c(O)c3ncc(C)cc3cc12)c4ccccc4,"2,3-QuinolinophthalideanalogI",-4.36,-4.36,0.18,25,208,291.3,0.13,1.15,2.12,2.48,2.1,3.51,2.66,Cc1cnc2c(O)c3c(cc2c1)C(=O)OC3c1ccccc1
3079,O=C2OC(c1c(O)c3ncccc3cc12)c4ccccc4,"2,3-QuinolinophthalideanalogII",-3.93,-3.93,0.12,25,215,277.27,0.13,1.15,2.17,2.45,1.96,3.2,2.44,O=C1OC(c2ccccc2)c2c1cc1cccnc1c2O
3080,O=C3N=C1N2C(=NC(=O)N1)NC(=O)NC2=N3,CyameluricAcid,-1.85,-1.96,0.17,17,259,221.14,0.94,2.47,2.53,2.25,1.24,-2.66,1.4,O=C1Nc2nc(=O)nc3[nH]c(=O)nc(n23)N1
3081,O=C3NC=Nc2c3cnn2COC(=O)c1ccccc1,Allopurinolanalog9<B100-IId>,-4.01,-4.05,0.37,22,218,270.24,0.26,1.48,2.53,2.1,1.85,0.93,3,O=C(OCn1ncc2c(=O)[nH]cnc21)c1ccccc1
3082,O=C3NC=Nc2c3cnn2COC(=O)c1cccnc1,Allopurinolanalog11<B100-IIe>,-3.42,-3.46,0.26,22,243,271.23,0.26,1.76,2.66,2.15,1.8,0.33,2.96,O=C(OCn1ncc2c(=O)[nH]cnc21)c1cccnc1
3083,O=C3Nc1c(C)ccnc1N(C2CC2)c4ncccc34,Nevirapine,-3.47,-3.5,0.04,23,248,266.3,0.42,1.37,2.29,2.36,1.94,2.65,2.3,Cc1ccnc2c1NC(=O)c1cccnc1N2C1CC1
3084,O=C3\C=C/[C@H]4[C@H]2Cc1ccc(OC)c(O)c1[C@@]4(CCN2C)C3,ThebainoneA,-1.89,-1.94,0.17,20,152,299.37,0.27,1.38,1.82,1.97,2.27,2.04,2.89,COc1ccc2c(c1O)[C@]13CCN(C)[C@H](C2)[C@@H]1C=CC(=O)C3
3085,O=C4\C=C2/[C@]([C@H]1[C@@H](O)C[C@@]3([C@@](O)(C(=O)CO)CC[C@H]3[C@@H]1CC2)C)(C)CC4,Hydrocortisone<Cortisol>,-3.05,-3.05,0.08,25,219,362.47,0.73,1.9,2.92,2.04,2.8,1.78,4.04,C[C@]12CCC(=O)C=C1CC[C@@H]1[C@@H]2[C@@H](O)C[C@@]2(C)[C@H]1CC[C@]2(O)C(=O)CO
3086,O=C7CCc6cccc(Oc1nc(ncc1C(F)(F)F)Nc2ccc(cc2OC)C(=O)NCCOCCOCCOCC(=O)N[C@H](C(=O)N3C[C@@H](O)C[C@H]3C(=O)NCc4ccc(cc4)c5scnc5C)C(C)(C)C)c67,BI-4206,-6.24,-6.24,0.06,25,174,1061.132,1.21,5.08,7.58,5.62,7.52,6.19,18.56,COc1cc(C(=O)NCCOCCOCCOCC(=O)N[C@H](C(=O)N2C[C@@H](O)C[C@H]2C(=O)NCc2ccc(-c3scnc3C)cc2)C(C)(C)C)ccc1Nc1ncc(C(F)(F)F)c(Oc2cccc3c2C(=O)CC3)n1
3087,O=C7CCc6cccc(Oc1nc(ncc1C(F)(F)F)Nc2ccc(cc2OC)C(=O)NCCOCCOCCOCCC(=O)N[C@H](C(=O)N3C[C@H](O)C[C@H]3C(=O)NCc4ccc(cc4)c5scnc5C)C(C)(C)C)c67,BI-0319,-5.58,-5.58,0.01,25,174,1075.159,1.21,5.08,7.59,5.62,7.66,6.58,19.13,COc1cc(C(=O)NCCOCCOCCOCCC(=O)N[C@H](C(=O)N2C[C@H](O)C[C@H]2C(=O)NCc2ccc(-c3scnc3C)cc2)C(C)(C)C)ccc1Nc1ncc(C(F)(F)F)c(Oc2cccc3c2C(=O)CC3)n1
3088,O=C7CCc6cccc(Oc1nc(ncc1C(F)(F)F)Nc2ccc(cc2OC)C(=O)NCCOCCOCCOCCC(=O)Nc4cccc3C(=O)N(C(=O)c34)C5CCC(=O)NC5=O)c67,BI-3663,-5.16,-5.16,0.02,25,174,917.839,1.17,4.69,6.55,5.11,6.19,4.38,14.63,COc1cc(C(=O)NCCOCCOCCOCCC(=O)Nc2cccc3c2C(=O)N(C2CCC(=O)NC2=O)C3=O)ccc1Nc1ncc(C(F)(F)F)c(Oc2cccc3c2C(=O)CC3)n1
3089,O=CC([Cl])([Cl])[Cl],Chloral_Hydrate,1.71,1.7,0.08,23,57,147.39,0,0.3,0.99,0.54,0.77,1.56,2.19,O=CC(Cl)(Cl)Cl
3090,O=CN(Cc1c(N)nc(C)nc1)C(C)=C(CCO)SSC(CCO)=C(C)N(C=O)Cc1c(N)nc(C)nc1,ThiamineDisulfide,-0.07,0.02,0.17,37,177,562.72,1.08,3.67,4.74,4,4.2,2.27,12.47,CC(=C(CCO)SSC(CCO)=C(C)N(C=O)Cc1cnc(C)nc1N)N(C=O)Cc1cnc(C)nc1N
3091,O=CNC(N1CCN(C(C(Cl)(Cl)Cl)NC=O)CC1)C(Cl)(Cl)Cl,Triforinet,-4.16,-4.16,0.41,25,155,434.97,0.51,2.12,3,1.83,2.57,1.49,8.09,O=CNC(N1CCN(C(NC=O)C(Cl)(Cl)Cl)CC1)C(Cl)(Cl)Cl
3092,O=C[C@H](O)[C@H](O)[C@@H](O)[C@H](O)[C@H](O)CO,D-Glycero-D-guloheptose,-0.3,-0.32,0.17,20,123,210.18,1.48,2.13,2.06,1.4,1.46,-4.02,5.77,O=C[C@H](O)[C@H](O)[C@@H](O)[C@H](O)[C@H](O)CO
3093,O=Cc1ccc(O)cc1,4-Hydroxybenzaldehyde,-0.96,-0.96,0.17,25,144,122.12,0.66,0.68,1.39,1.04,0.93,1.2,1.49,O=Cc1ccc(O)cc1
3094,O=P(O)(O)C1OC1C,Fosfomycin,-0.42,-0.44,0.17,23,94,138.06,0.63,1.38,0.98,0.82,0.86,-0.09,1.2,CC1OC1P(=O)(O)O
3095,O=P(O)(O)COC(CN1C(=O)N=C(C=C1)N)CO,Cidofovir,-0.19,-0.22,0.17,23,250,279.19,1.06,2.99,2.29,1.96,1.85,-1.66,4.99,Nc1ccn(CC(CO)OCP(=O)(O)O)c(=O)n1
3096,O=P(O)(O)Oc2ccccc2/C=C/c1cnccn1,PyrazinibPhosphate,-4.68,-4.76,0.51,20,164,278.2,0.63,1.96,2.01,1.99,1.92,2.12,4.06,O=P(O)(O)Oc1ccccc1/C=C/c1cnccn1
3097,O=P(OCC1OC(n2c3c(c(nc(F)n3)N)nc2)C(O)C1O)(O)O,Fludarabine5'-Monophosphate,-1.99,-2.01,0.17,23,201,365.22,1.4,3.16,3.1,2.95,2.15,-1.72,4.25,Nc1nc(F)nc2c1ncn2C1OC(COP(=O)(O)O)C(O)C1O
3098,O=P1(N(CCCl)CCCO1)NCCCl,Ifosfamide,-0.41,-0.42,0.17,23,40,261.09,0.14,1.18,2.2,0.5,1.75,1.88,5.75,O=P1(NCCCl)OCCCN1CCCl
3099,O=S(=O)(C)Nc1cc(c([Cl])cc1[Cl])N1C(=O)N(C(F)F)C(C)=N1,Sulfentrazone,-6.64,-6.64,0.91,25,122,387.19,0.51,1.42,2.47,1.94,2.25,2.42,4.69,Cc1nn(-c2cc(NS(C)(=O)=O)c(Cl)cc2Cl)c(=O)n1C(F)F
3100,O=S(=O)(CCNCc1oc(-c2cc3c(ncnc3cc2)Nc4cc(Cl)c(OCc5cc(F)ccc5)cc4)cc1)C,Lapatinib,-8.52,-8.52,0.68,25,161,581.07,0.33,2.13,3.87,3.74,4.03,6.14,8.29,CS(=O)(=O)CCNCc1ccc(-c2ccc3ncnc(Nc4ccc(OCc5cccc(F)c5)c(Cl)c4)c3c2)o1
3101,O=S(=O)(CCn1c(ncc1[N+](=O)[O-])C)CC,Tinidazole,-1.08,-1.09,0.17,23,128,247.27,0,1.13,2.4,1.02,1.7,0.53,3.63,CCS(=O)(=O)CCn1c([N+](=O)[O-])cnc1C
3102,O=S(=O)(Cc1c2c(on1)cccc2)N,Zonisamide,-2.4,-2.42,0.17,23,162,212.23,0.44,1.11,1.95,1.84,1.39,0.62,2.01,NS(=O)(=O)Cc1noc2ccccc12
3103,O=S(=O)(N)c1c(Oc2ccccc2)c(cc(c1)C(O)=O)N1CCCC1,Piretanide,-4.05,-4.09,0.24,23,199,362.4,1.01,1.76,2.79,2.38,2.53,2.42,4.64,NS(=O)(=O)c1cc(C(=O)O)cc(N2CCCC2)c1Oc1ccccc1
3104,O=S(=O)(N)c1cc([N+](=O)[O-])c(N(CCC)CCC)c(c1)[N+](=O)[O-],Oryzalin,-5.14,-5.14,0.6,25,141,346.36,0.44,1.42,2.95,1.93,2.39,1.78,5.99,CCCN(CCC)c1c([N+](=O)[O-])cc(S(N)(=O)=O)cc1[N+](=O)[O-]
3105,O=S(=O)(N)c1sc2c(n1)c([Cl])cc([Cl])c2,"4,6-Dichloro-1,3-benzothiazole-2-sulfonamide",-4,-4,0.37,25,211,283.16,0.44,1.05,2.2,2.21,1.59,2.25,2.64,NS(=O)(=O)c1nc2c(Cl)cc(Cl)cc2s1
3106,O=S(=O)(N)c1sc2c(n1)ccc(OCCO)c2,"6-(2-Hydroxyethoxy)-1,3-Benzothiazole-2-sulfonamide",-3.15,-3.15,0.2,25,194,274.32,0.67,1.7,2.37,2.23,1.75,0.31,3.29,NS(=O)(=O)c1nc2ccc(OCCO)cc2s1
3107,O=S(=O)(N)c1sc2c(n1)ccc(c2)C(NC)=O,"N-methyl-2-sulfamoyl-1,3-benzothiazole-6-carboxamide",-3.8,-3.8,0.33,25,223,271.32,0.7,1.67,2.87,2.27,1.75,0.3,2.86,CNC(=O)c1ccc2nc(S(N)(=O)=O)sc2c1
3108,O=S(=O)(N)c1sc2c(n1)ccc(c2)OCc1ccccc1,6-(Phenylmethoxy)-2-benzothiazolesulfonamide,-5.28,-5.28,0.63,25,181,320.39,0.44,1.41,2.62,2.57,2.16,2.52,3.63,NS(=O)(=O)c1nc2ccc(OCc3ccccc3)cc2s1
3109,O=S(=O)(N)c1sc2c(n1)ccc(c2)[N+](=O)[O-],"6-Nitro-1,3-Benzothiazole-2-sulfonamide",-3.67,-3.67,0.31,25,213,259.27,0.44,1.21,2.63,2.2,1.52,0.85,2.37,NS(=O)(=O)c1nc2ccc([N+](=O)[O-])cc2s1
3110,O=S(=O)(N)c1sc2c(n1)cccc2,"1,3-Benzothiazole-2-sulfonamide",-2.63,-2.63,0.17,25,178,214.27,0.44,1.11,2.06,1.93,1.35,0.94,1.83,NS(=O)(=O)c1nc2ccccc2s1
3111,O=S(=O)(N1CCN(C)CC1)c1cc(c(OCC)cc1)C=1NC(=O)c2c(N=1)c(CCC)nn2C,Sildenafil,-4.83,-4.83,0.16,26,190,474.59,0.26,2.68,3.26,2.99,3.47,1.61,6.55,CCCc1nn(C)c2c(=O)[nH]c(-c3cc(S(=O)(=O)N4CCN(C)CC4)ccc3OCC)nc12
3112,O=S(=O)(NC(=O)NC1CCCCC1)N2CCCCC2,1-Cycloheptyl-3-(piperidine-1-sulfonyl)urea,-3.34,-3.34,0.24,25,162,289.39,0.59,1.5,2.12,1.37,2.1782,1.35,5.04,O=C(NC1CCCCC1)NS(=O)(=O)N1CCCCC1
3113,O=S(=O)(NC(=O)NC1CCCCCC1)N2CCOCC2,N-(Cycloheptylcarbamoyl)morpholine-4-sulfonamide,-2.37,-2.37,0.17,25,146,305.39,0.59,1.71,2.27,1.41,2.2369,0.59,5.62,O=C(NC1CCCCCC1)NS(=O)(=O)N1CCOCC1
3114,O=S(=O)(NC(=O)NC1CCCCCC1)N2CCSCC2,1-Cycloheptyl-3-(thiomorpholine-4-sulfonyl)urea,-3.54,-3.54,0.28,25,152,321.46,0.59,1.63,2.27,1.72,2.3417,1.3,5.97,O=C(NC1CCCCCC1)NS(=O)(=O)N1CCSCC1
3115,O=S(=O)(NC(=O)NCCC)c1ccc(Cl)cc1,Chlorpropamide,-3.25,-3.25,0.04,25,128,276.75,0.59,1.13,2.38,1.46,1.9,1.74,4.77,CCCNC(=O)NS(=O)(=O)c1ccc(Cl)cc1
3116,O=S(=O)(Nc1ccccc1)c2cccc(c2)/C=C/C(=O)NOC(=O)OCCN(C)C(=O)OCc4ccc(OC3OC(C(O)C(O)C3O)C(=O)O)c(N)c4,BelinostatanalogT4,-0.99,-1,0.06,23,220,760.72,2.15,4.7,6.45,4.52,5.17,0.81,13.55,CN(CCOC(=O)ONC(=O)/C=C/c1cccc(S(=O)(=O)Nc2ccccc2)c1)C(=O)OCc1ccc(OC2OC(C(=O)O)C(O)C(O)C2O)c(N)c1
3117,O=S(=O)(Nc1ccccc1)c2cccc(c2)/C=C/C(=O)NOC(=O)OCCN(C)C(=O)OCc4ccc(OC3OC(C(O)C(O)C3O)C(=O)O)c(c4)[N+]([O-])=O,BelinostatanalogT3,-1.03,-1.06,0.07,23,220,790.7,1.91,4.52,6.68,4.46,5.24,1.13,14.03,CN(CCOC(=O)ONC(=O)/C=C/c1cccc(S(=O)(=O)Nc2ccccc2)c1)C(=O)OCc1ccc(OC2OC(C(=O)O)C(O)C(O)C2O)c([N+](=O)[O-])c1
3118,O=S(=O)(Nc1ccccn1)c2ccc(NC(C)=O)cc2,N4-Acetylsulfapyridine,-3.15,-2.97,0.2,38,215,291.33,0.77,1.55,2.89,2.07,2.06,1.84,3.99,CC(=O)Nc1ccc(S(=O)(=O)Nc2ccccn2)cc1
3119,O=S(=O)(Nc1nc(C)cc(C)n1)c2ccc(NC(C)=O)cc2,N(4)-Acetylsulfamethazine,-2.82,-2.58,0.32,38,250,320.37,0.77,1.64,2.81,2.16,2.22,1.85,4.41,CC(=O)Nc1ccc(S(=O)(=O)Nc2nc(C)cc(C)n2)cc1
3120,O=S(=O)(Nc1nccs1)c2ccc(NC(C)=O)cc2,N4-Acetylsulfathiazole,-3.8,-3.62,0.33,38,187,297.35,0.77,1.45,2.95,2.09,1.99,1.9,3.82,CC(=O)Nc1ccc(S(=O)(=O)Nc2nccs2)cc1
3121,O=S(=O)(OCC12OC(OC1C3OC(OC3CO2)(C)C)(C)C)N,Topiramate,-1.54,-1.54,0.17,23,126,339.37,0.44,2.17,2.03,1.39,2.21,-0.4,3.64,CC1(C)OC2COC3(COS(N)(=O)=O)OC(C)(C)OC3C2O1
3122,O=S(=O)(c1c(Cl)cc2c(S(=O)(=O)N=CN2)c1)N,Chlorothiazide,-2.71,-2.75,0.28,23,350,295.73,0.64,1.66,2.74,1.98,1.69,0.13,2.66,NS(=O)(=O)c1cc2c(cc1Cl)NC=NS2(=O)=O
3123,O=S(=O)(c1c(Cl)cc2c(S(=O)(=O)NCN2)c1)N,Hydrochlorothiazide,-2.66,-2.7,0.13,23,274,297.75,1.01,1.76,2.77,2.15,1.73,-0.35,2.83,NS(=O)(=O)c1cc2c(cc1Cl)NCNS2(=O)=O
3124,O=S(=O)(c1c(Cl)ccc(C2(c3c(C(=O)N2)cccc3)O)c1)N,Chlorthalidone,-3.07,-3.1,0.12,23,239,338.77,1.01,1.98,3.05,2.64,2.17,0.92,3.26,NS(=O)(=O)c1cc(C2(O)NC(=O)c3ccccc32)ccc1Cl
3125,O=S(=O)(c1cc(c(OCC)cc1)C2=NC(=O)c3c(nc(n3N2)CCC)C)N4CCN(CC)CC4,Vardenafil,-3.55,-3.56,0.06,23,192,488.61,0.13,2.97,3.13,2.96,3.61,2.07,7.06,CCCc1nc(C)c2c(=O)nc(-c3cc(S(=O)(=O)N4CCN(CC)CC4)ccc3OCC)[nH]n12
3126,O=S(=O)(c1ccc(-c2c(-c3cnc(cc3)C)ncc(Cl)c2)cc1)C,Etoricoxib,-3.38,-3.41,0.21,23,128,358.85,0,1.41,2.77,2.6,2.53,4.18,4.39,Cc1ccc(-c2ncc(Cl)cc2-c2ccc(S(C)(=O)=O)cc2)cn1
3127,O=S(=O)(c1ccc(Cl)cn1)N3CC(O)(CN)C(Oc2ccc(C#N)c(F)c2)C3,GSK-497,-3.4,-3.43,0.04,22,195,426.85,0.33,2.71,3.29,2.61,2.77,0.89,5.56,N#Cc1ccc(OC2CN(S(=O)(=O)c3ccc(Cl)cn3)CC2(O)CN)cc1F
3128,O=S(=O)(c1ccc(OC)cc1)N4C(=O)NC(=O)C4(c2ccccc2)c3ccccc3,"5,5-Diphenyl-1-[(2-Methylphenyl)sulfonyl]hydantoin",-6.15,-5.92,0.81,37,202,422.4537,0.24,1.82,3.34,2.92,2.96,2.88,4.79,COc1ccc(S(=O)(=O)N2C(=O)NC(=O)C2(c2ccccc2)c2ccccc2)cc1
3129,O=S(=O)(c1ccc(cc1)N)Nc2c(c(no2)C)C,Sulfisoxazole<Sulfafurazole>,-3.28,-3.31,0.14,23,191,267.31,0.59,1.31,2.44,2,1.87,1.67,3,Cc1noc(NS(=O)(=O)c2ccc(N)cc2)c1C
3130,O=S(=O)(c1ccc(cc1)N)Nc2ncccn2,Sulfadiazine,-3.25,-3.28,0.11,23,253,250.28,0.59,1.4,2.58,2.08,1.72,0.86,2.92,Nc1ccc(S(=O)(=O)Nc2ncccn2)cc1
3131,O=S(=O)(c1ccc(cc1)N)Nc2noc(c2)C,Sulfamethoxazole,-2.77,-2.81,0.08,23,167,253.28,0.59,1.21,2.43,1.99,1.72,1.37,2.76,Cc1cc(NS(=O)(=O)c2ccc(N)cc2)no1
3132,O=S(=O)(c2cc3CCN(C(=O)c1ccc(N)cc1)c3cc2)N4C[C@@H](NC4=O)c5ccccc5,DW2282,-4.31,-4.31,0.44,25,212,462.52,0.41,2.26,4.47,3.57,3.27,2.93,5.05,Nc1ccc(C(=O)N2CCc3cc(S(=O)(=O)N4C[C@H](c5ccccc5)NC4=O)ccc32)cc1
3133,O=S(Cc1c(C)c(OCCCOC)ccn1)c1nc2ccccc2[nH]1,Rabeprazole<Clofezone>,-3.22,-3.25,0.27,22,100,359.45,0.35,2.06,3.31,2.62,2.66,2.99,5.78,COCCCOc1ccnc(C[S+]([O-])c2nc3ccccc3[nH]2)c1C
3134,O=S(Cc1ccccc1)Cc2ccccc2,DibenzylSulfoxide,-2.98,-2.84,0.17,37,130,230.33,0,0.89,2.3,1.67,1.83,3.14,3.89,[O-][S+](Cc1ccccc1)Cc1ccccc1
3135,O=S(Nc1nc(C)cc(C)n1)(=O)c1ccc(NC(C)=O)cc1,N(4)-Acetylsulfamethazine,-2.36,-2.14,0.32,37,250,320.37,0.77,1.64,2.81,2.16,2.3,1.85,4.41,CC(=O)Nc1ccc(S(=O)(=O)Nc2nc(C)cc(C)n2)cc1
3136,O=S(Nc1nc(C)ccn1)(=O)c1ccc(NC(C)=O)cc1,N(4)-Acetylsulfamerazine,-2.9,-2.68,0.08,37,227,306.34,0.77,1.64,2.86,2.14,2.16,1.54,4.18,CC(=O)Nc1ccc(S(=O)(=O)Nc2nccc(C)n2)cc1
3137,O=S(Nc1nc(C)nc(C)c1)(=O)c1ccc(NC(C)=O)cc1,Acetylsulfisomidine,-3.76,-3.55,0.32,37,195,320.37,0.77,1.68,2.83,2.15,2.3,1.85,4.41,CC(=O)Nc1ccc(S(=O)(=O)Nc2cc(C)nc(C)n2)cc1
3138,O=S(Nc1ncccn1)(=O)c1ccc(NC(C)=O)cc1,N(4)-Acetylsulfadiazine,-3.27,-3.05,0.04,37,261,292.31,0.77,1.64,2.92,2.11,2.02,1.24,3.95,CC(=O)Nc1ccc(S(=O)(=O)Nc2ncccn2)cc1
3139,O=S(c1ccc(N)cc1)(=O)Nc1nc2ccccc2nc1,Sulfaquinoxaline,-5.71,-5.75,0.72,23,248,300.34,0.59,1.47,2.87,2.78,2.09,2.01,3.18,Nc1ccc(S(=O)(=O)Nc2cnc3ccccc3n2)cc1
3140,O=S(c1ccc(N)cc1)(=O)Nc1nnc(OC)cc1,Sulfamethoxypyridazine,-3.59,-3.38,0.29,37,183,280.31,0.59,1.59,2.75,2.15,1.92,0.87,3.52,COc1ccc(NS(=O)(=O)c2ccc(N)cc2)nn1
3141,O=S(c1ccc([Cl])cc1)(=O)c1ccc([Cl])cc1,Bis(4-chlorophenyl)sulfone,-6.72,-6.76,0.92,22,134,287.16,0,0.71,2.22,1.56,1.85,3.83,3.43,O=S(=O)(c1ccc(Cl)cc1)c1ccc(Cl)cc1
3142,O=S1(=O)CCC(CC1)N7CC(Oc3nc2c(nc(nc2n3C)n4c5ccccc5nc4C(C)C)N6CCOCC6)C7,GNE-293,-5.45,-5.48,0.1,23,286,580.7,0,3.01,4.18,4.21,4.15,2.3,6.62,CC(C)c1nc2ccccc2n1-c1nc(N2CCOCC2)c2nc(OC3CN(C4CCS(=O)(=O)CC4)C3)n(C)c2n1
3143,O=S1(=O)CCN(CC1)S(=O)(=O)NC(=O)NC2CCCCCC2,"1-Cycloheptyl-3-(1,1-dioxo-1L6-4-thiomorpholine-4-sulfonyl)urea",-2.69,-2.69,0.17,25,174,353.46,0.59,2.04,3.03,1.47,2.4591,-0.02,5.67,O=C(NC1CCCCCC1)NS(=O)(=O)N1CCS(=O)(=O)CC1
3144,O=S1(=O)NC(=O)c2c1cccc2,Saccharin,-1.73,-1.73,0.17,25,229,183.19,0.49,0.98,2.23,1.44,1.15,0.12,1.26,O=C1NS(=O)(=O)c2ccccc21
3145,O=S1(=O)c2c(ccc(Cl)c2)NC(=N1)C,Diazoxide,-3.67,-3.7,0.22,23,329,230.68,0.19,0.99,1.82,1.39,1.45,1.87,2,CC1=NS(=O)(=O)c2cc(Cl)ccc2N1
3146,O=[N+](OC1C2OCC(O[N+](=O)[O-])C2OC1)[O-],IsosorbideDinitrate,-2.32,-2.34,0.2,23,70,236.14,0,0.79,1.75,0.91,1.32,-1.06,2.75,O=[N+]([O-])OC1COC2C(O[N+](=O)[O-])COC12
3147,O=[N+](OC2C1C(C(O[N+](=O)[O-])CO1)OC2)[O-],IsosorbideDinitrate,-2.63,-2.63,0.2,25,70,236.14,0,0.79,1.75,0.91,1.32,-1.06,2.75,O=[N+]([O-])OC1COC2C(O[N+](=O)[O-])COC12
3148,O=[N+]([O-])c1ccc(C)cc1C(=O)O,3-Methyl-6-nitrobenzoicAcid,-1.66,-1.75,0.14,20,135,181.15,0.57,0.54,1.59,1.04,1.25,1.6,2.27,Cc1ccc([N+](=O)[O-])c(C(=O)O)c1
3149,O=[N+]([O-])c1ccc(O)cc1,4-Nitrophenol,-0.87,-0.85,0.05,27,113,139.11,0.67,0.49,1.47,1.05,0.95,1.3,1.53,O=[N+]([O-])c1ccc(O)cc1
3150,O=[N+]([O-])c1cccc(O)c1,3-Nitrophenol,-0.82,-0.84,0.09,23,97,139.11,0.69,0.49,1.47,1.05,0.95,1.3,1.53,O=[N+]([O-])c1cccc(O)c1
3151,O=[N+]([O-])c2ccc(C=N/N1CC(=O)NC1=O)o2,Nitrofurantoin,-3.32,-2.98,0.11,45,264,238.16,0.24,1.34,2.03,1.65,1.45,0.07,2.57,O=C1CN(N=Cc2ccc([N+](=O)[O-])o2)C(=O)N1
3152,O=[N+](c1n(c(nc1)C)CCO)[O-],Metronidazole,-1.21,-1.23,0.06,23,159,171.16,0.31,0.86,1.75,1.12,1.19,0.09,2.39,Cc1ncc([N+](=O)[O-])n1CCO
3153,O=[S](OCCCCO[S](=O)(C)=O)(C)=O,Busulfan,-2.27,-2.27,0.17,25,116,246.31,0,1.46,2.25,0.24,1.63,-0.28,5.57,CS(=O)(=O)OCCCCOS(C)(=O)=O
3154,O=[S]2OCC1C3(Cl)C(Cl)(Cl)C(Cl)(C1CO2)C(=C3Cl)Cl,Endosulfan,-6.15,-6.15,0.81,25,106,406.93,0,1.43,2.54,2.23,2.08,3.69,3.68,O=S1OCC2C(CO1)C1(Cl)C(Cl)=C(Cl)C2(Cl)C1(Cl)Cl
3155,O=c1c2cn[nH]c2ncn1CO,5-(Hydroxymethyl)allopurinol,-1.72,-1.72,0.17,25,350,166.14,0.84,1.41,2.03,1.68,1.08,-0.93,1.41,O=c1c2cn[nH]c2ncn1CO
3156,OC(=O)C(CC(O)=O)(O)CC(O)=O,CitricAcid,0.92,0.92,0.2,25,153,192.13,1.63,1.33,1.5,0.61,1.24,-1.25,3.37,O=C(O)CC(O)(CC(=O)O)C(=O)O
3157,OC(=O)C1CC(=O)OC1(C)C,TerebicAcid,-1.4,-1.07,0.18,47,176,158.15,0.57,0.86,1.77,0.52,1.14,0.41,1.62,CC1(C)OC(=O)CC1C(=O)O
3158,OC(=O)c1c(N)cccc1,2-AminobenzoicAcid<AnthranilicAcid>,-1.52,-1.52,0.17,25,145,137.14,0.75,0.71,1.26,1.09,1.03,0.97,1.58,Nc1ccccc1C(=O)O
3159,OC(=O)c1c([Br])cccc1,2-BromobenzoicAcid,-2.28,-2.28,0.05,25,149,201.02,0.57,0.44,1.24,1.08,1.11,2.15,2.07,O=C(O)c1ccccc1Br
3160,OC(=O)c1c([Cl])cccc1,2-ChlorobenzoicAcid,-1.89,-1.89,0.17,25,141,156.57,0.57,0.44,1.16,0.9,1.05,2.04,1.92,O=C(O)c1ccccc1Cl
3161,OC(=O)c1cc(O)ccc1,3-HydroxybenzoicAcid,-1.26,-1.26,0.04,25,203,138.12,1.06,0.72,1.29,0.98,0.99,1.09,1.58,O=C(O)c1cccc(O)c1
3162,OC(=O)c1cc([Cl])ccc1,3-ChlorobenzoicAcid,-2.59,-2.59,0.17,25,157,156.57,0.64,0.44,1.16,0.9,1.05,2.04,1.92,O=C(O)c1cccc(Cl)c1
3163,OC(=O)c1cc([N+](=O)[O-])ccc1,3-NitrobenzoicAcid,-1.68,-1.68,0.09,25,142,167.12,0.64,0.54,1.65,1.02,1.11,1.29,2.05,O=C(O)c1cccc([N+](=O)[O-])c1
3164,OC(=O)c1ccc(N)cc1,4-aminobenzoicAcid,-1.37,-1.37,0.23,25,188,137.14,0.8,0.76,1.46,1.05,1.03,0.97,1.58,Nc1ccc(C(=O)O)cc1
3165,OC(=O)c1ccc(O)cc1,4-HydroxybenzoicAcid,-1.41,-1.41,0.1,25,216,138.12,1,0.72,1.29,0.98,0.99,1.09,1.58,O=C(O)c1ccc(O)cc1
3166,OC(=O)c1ccc([Br])cc1,4-BromobenzoicAcid,-3.54,-3.54,0.16,25,254,201.02,0.66,0.44,1.24,1.08,1.11,2.15,2.07,O=C(O)c1ccc(Br)cc1
3167,OC(=O)c1ccc([Cl])cc1,4-ChlorobenzoicAcid,-3.31,-3.31,0.23,25,242,156.57,0.66,0.44,1.16,0.9,1.05,2.04,1.92,O=C(O)c1ccc(Cl)cc1
3168,OC(=O)c1ccc(cc1)[N+](=O)[O-],4-NitrobenzoicAcid,-2.8,-2.8,0.17,25,240,167.12,0.66,0.54,1.65,1.02,1.11,1.29,2.05,O=C(O)c1ccc([N+](=O)[O-])cc1
3169,OC(=O)c1ccc(cc1Cl)[N+]([O-])=O,2-Chloro-4-NitrobenzoicAcid,-1.96,-1.96,0.22,25,204,201.56,0.66,0.54,1.73,1.17,1.23,1.95,2.48,O=C(O)c1ccc([N+](=O)[O-])cc1Cl
3170,OC(C(=O)NC1=CC=CC=C1)(C(=O)NC2=CC=CC=C2)O,"2,2-Dihydroxy-N,N'-diphenylmalonamide",-2.44,-2.46,0.17,23,184,286.29,1.2,1.89,2.77,2.03,2.1,0.94,4.32,O=C(Nc1ccccc1)C(O)(O)C(=O)Nc1ccccc1
3171,OC(C(=O)NCCCCC)C,2-Hydroxy-N-pentylpropanamide,-0.38,-0.38,0.17,25,79,159.23,0.43,0.91,1.11,0.44,1.41,0.67,5.84,CCCCCNC(=O)C(C)O
3172,OC(C(=O)O)c1ccc(cc1)C(=O)c2ccccc2,4-BenzoylmandeicAcid,-1.57,-1.57,0.03,25,177,256.25,0.74,1.28,1.95,1.71,1.9,2.04,3.73,O=C(c1ccccc1)c1ccc(C(O)C(=O)O)cc1
3173,OC(C(=O)OCC#CCN(CC)CC)(c1ccccc1)C2CCCCC2,Oxybutynin,-4.48,-4.49,0.1,37,130,357.49,0.17,1.5,1.39,1.29,3.01,3.34,8.15,CCN(CC)CC#CCOC(=O)C(O)(c1ccccc1)C1CCCCC1
3174,OC(C)(C)[C@@H]1([C@]2([C@H]3([C@]45([C@@]([C@H]([N@@](CC4)(CC4CC4))(Cc4c5c(O3)c(O)cc4))(C1)(CC2))))(OC)),Diprenorphine,-4.6,-4.6,0.31,25,186,425.56,0.59,1.61,1.72,2.44,3.22,3.39,3.47,CO[C@]12CC[C@@]3(C[C@@H]1C(C)(C)O)[C@H]1Cc4ccc(O)c5c4[C@@]3(CCN1CC1CC1)[C@H]2O5
3175,OC(CC(=O)N)(CC(=O)N)C(=O)N,Citramide,-0.78,-0.85,0.17,18,139,189.17,1.63,1.99,2.92,1.36,1.36,-3.05,3.37,NC(=O)CC(O)(CC(N)=O)C(N)=O
3176,OC(CCN(C)C)(c1ccccc1)c1c([Cl])cccc1,Chlophedianol,-2.92,-2.92,0.23,25,120,289.8,0.31,1.2,1.49,1.68,2.31,3.53,4.82,CN(C)CCC(O)(c1ccccc1)c1ccccc1Cl
3177,OC1=C(C(=CC(=C1)C(=O)NC2=CC=CC=C2)O)O,Gallanilide,-1.94,-2.09,0.17,15,191,245.23,1.81,1.32,2.45,2.01,1.76,2.06,3.06,O=C(Nc1ccccc1)c1cc(O)c(O)c(O)c1
3178,OC1=C(C(=CC(=C1)C(=O)OC)O)OC,"Methyl3,5-Dihydroxy-4-methoxybenzoate",-1.56,-1.6,0.17,20,163,198.17,0.74,0.95,1.49,1.02,1.39,0.89,2.81,COC(=O)c1cc(O)c(OC)c(O)c1
3179,OC1=C(C(=O)N)C=C(C=C1)O,"2,5-Dihydroxybenzamide",-1.63,-1.68,0.17,22,175,153.14,1.18,0.88,1.81,1.39,1.09,0.2,1.68,NC(=O)c1cc(O)ccc1O
3180,OC1=C(C(=O)NCCO)C=C(C=C1)O,EthanolamineGentisate,-0.54,-0.54,0.17,25,160,197.19,1.19,1.26,2.01,1.5,1.43,-0.18,3.31,O=C(NCCO)c1cc(O)ccc1O
3181,OC1=C(C(=O)OCC(CO)O)C=CC=C1,"2,3-Dihydroxypropylsalicylate",-1.31,-1.33,0.17,23,154,212.2,0.63,1.03,1.56,1.23,1.53,-0.1,4.08,O=C(OCC(O)CO)c1ccccc1O
3182,OC1=C(C(=O)OCCC(C)C)C=CC=C1,i-Pentylsalicylate,-3.16,-3.16,0.2,25,84,208.26,0.13,0.44,1.06,0.81,1.69,2.6,4.15,CC(C)CCOC(=O)c1ccccc1O
3183,OC1=C(C=C(C=C1)C)CO,Homosaligenine,-0.28,-0.31,0.17,20,93,138.17,0.81,0.8,0.99,1.06,1.12,1.19,1.92,Cc1ccc(O)c(CO)c1
3184,OC1=C(C=C(C=C1)OC2=C(C=C(C[C@H](N)C(=O)O)C=C2I)I)I,Liothyronine,-5.45,-5.22,0.67,37,237,650.98,1.11,1.42,2.7,3.58,2.81,3.95,6.74,N[C@@H](Cc1cc(I)c(Oc2ccc(O)c(I)c2)c(I)c1)C(=O)O
3185,OC1=C(C=CC(=C1)C[C@H](N)C(=O)O)O,L-DOPA<Levodopa><3-Hydroxytyrosine>,-1.53,-1.6,0.17,20,270,197.19,1.56,1.44,1.77,1.33,1.43,0.05,2.93,N[C@@H](Cc1ccc(O)c(O)c1)C(=O)O
3186,OC1=C(C=O)C=C(C=C1)O,"2,5-Dihydroxybenzaldehyde",-1,-1,0.17,25,116,138.12,0.69,0.62,1.45,1.21,0.99,0.91,1.58,O=Cc1cc(O)ccc1O
3187,OC1=C(C[C@H](N)C(=O)O)C=CC=C1,2-Hydroxy-L-Phenylalanine,-1.89,-1.96,0.17,17,163,181.19,1.28,1.29,1.6,1.18,1.37,0.35,2.87,N[C@@H](Cc1ccccc1O)C(=O)O
3188,OC1=C(OC=CC1=O)C,Maltol,-0.97,-1.06,0.17,15,162,126.11,0.31,0.97,1.28,0.93,0.89,0.65,1.26,Cc1occc(=O)c1O
3189,OC1=C2C(=CC=C1)C(C(=CC2=O)C)=O,Plumbagin,-2.68,-2.8,0.17,15,79,188.18,0.19,0.74,1.73,1.53,1.36,1.72,1.74,CC1=CC(=O)c2c(O)cccc2C1=O
3190,OC1=CC(=CC(=C1)O)O,"Phloroglucinol<1,3,5-Trihydroxybenzene>",-1.01,-1.08,0.17,20,219,126.11,1.5,0.85,1.3,1.21,0.89,0.8,1.18,Oc1cc(O)cc(O)c1
3191,OC1=CC(=NC2=CC=CC=C12)C,4-Hydroxy-2-methylquinoline,-1.89,-1.89,1.41,25,234,159.19,0.5,0.73,1.3,1.57,1.24,2.25,1.47,Cc1cc(O)c2ccccc2n1
3192,OC1=CC2=C(C=C1)OC(C=C2C)=O,6-Hydroxy-4-methylcourmarin,-2.48,-2.37,0.17,37,141,176.17,0.5,0.77,1.35,1.24,1.26,1.81,1.58,Cc1cc(=O)oc2ccc(O)cc12
3193,OC1=CC=C(C(=O)OCCCCC)C=C1,Pentyl4-hydroxybenzoate,-3.83,-3.81,0.34,30,77,208.26,0.66,0.73,1.26,0.86,1.69,2.74,4.67,CCCCCOC(=O)c1ccc(O)cc1
3194,OC1=CC=C(C3=C1C(C2=CC=CC=C2C3=O)=O)O,Quinizarin,-6.4,-6.4,0.86,25,200,240.21,0.39,0.68,2.13,2.17,1.65,1.87,2.01,O=C1c2ccccc2C(=O)c2c(O)ccc(O)c21
3195,OC1=CC=C(C=C1)C(CC2=CC=CC=C2)=O,4'-Hydroxy-2-phenylacetophenone,-1.48,-1.5,0.17,23,118,212.25,0.66,0.79,1.81,1.59,1.68,2.82,3.01,O=C(Cc1ccccc1)c1ccc(O)cc1
3196,OC1=CC=C(C=C1)NC(C=CC)=O,N-(4-Hydroxy-phenyl)-2-butenamide,-2.59,-2.65,0.17,20,138,177.2,0.91,1,1.77,1.28,1.41,1.91,3.08,CC=CC(=O)Nc1ccc(O)cc1
3197,OC1=CC=C(C=C1C)N=NC2=CC=C(NC(C)=O)C=C2,"Acetanilide,4'-((6-Hydoxy-3-tolyl)azo)-",-5.36,-5.36,0.65,25,195,269.3,0.91,1.22,1.8,1.98,2.08,4.07,4.1,CC(=O)Nc1ccc(N=Nc2ccc(O)c(C)c2)cc1
3198,OC1=CC=CC(=C1)C=O,3-Hydroxybenzaldehyde,-1.23,-1.23,0.17,25,108,122.12,0.56,0.68,1.39,1.04,0.93,1.2,1.49,O=Cc1cccc(O)c1
3199,OC1=CC=CC(=C1)CO,3-Hydroxybenzylalcohol,-0.23,-0.27,0.17,20,73,124.14,0.81,0.8,1.05,1.03,0.97,0.88,1.7,OCc1cccc(O)c1
3200,OC1=CC=CC2=C(C=CC=C12)O,"1,5-Dihydroxynaphthalene",-2.9,-2.9,0.04,25,262,160.17,1,0.72,1.44,1.73,1.2,2.25,1.4,Oc1cccc2c(O)cccc12
3201,OC1=CC=CC3=C1C(C2=CC=CC=C2C3=O)=O,1-Hydroxyanthraquinone,-4.42,-4.42,0.46,25,194,224.22,0.19,0.74,2.08,2,1.59,2.17,1.89,O=C1c2ccccc2C(=O)c2c(O)cccc21
3202,OC1=CC=CC=C1/C=C/C1=CN=CC=N1,Pyrazinib,-5.83,-5.88,0.74,20,125,198.22,0.5,0.93,1.54,1.6,1.54,2.35,2.74,Oc1ccccc1/C=C/c1cnccn1
3203,OC1=CC=NC2=CC=CC=C12,4-Quinolone,-1.33,-1.48,0.02,15,201,145.16,0.5,0.73,1.36,1.55,1.1,1.94,1.25,Oc1ccnc2ccccc12
3204,OC1=NC(=C2C(=N1)N=C([NH]2)O)N,"2,8-Dihydroxyadenine",-4.89,-4.92,0.21,23,241,167.13,1.57,1.59,2.19,2.14,1.04,-0.65,1.09,Nc1nc(O)nc2nc(O)[nH]c12
3205,OC1C2CCC(C1=O)(C2(C)C)C,3-Hydroxycamphor<Oxaphor>,-0.91,-0.92,0.17,23,206,168.24,0.17,0.71,0.76,0.74,1.37,1.37,1.32,CC12CCC(C(O)C1=O)C2(C)C
3206,OC2(Cc1ccccn1)CCN(CC2)c3ccc(cn3)c4cc(cn5ncc(C#N)c45)OCC(C)(C)O,SelpercatinibanalogIV,-4.86,-4.86,0.55,25,156,498.58,0.54,2.59,3.47,3.52,3.77,3.39,6.54,CC(C)(O)COc1cc(-c2ccc(N3CCC(O)(Cc4ccccn4)CC3)nc2)c2c(C#N)cnn2c1
3207,OC2=C(C(=O)C1=CC=CC=C1)C(=CC(=C2)O)O,"2,4,6-Trihydroxybenzophenone",-1.83,-1.87,0.17,22,172,230.22,1.15,0.8,1.94,1.92,1.66,2.03,2.7,O=C(c1ccccc1)c1c(O)cc(O)cc1O
3208,OC2=C(C(=O)N1CCOCC1)C=CC=C2,4-Salicyloylmorpholine,-1.68,-1.7,0.17,23,175,207.23,0.13,0.88,1.8,1.31,1.55,0.86,2.87,O=C(c1ccccc1O)N1CCOCC1
3209,OC2=C(C(=O)OC1=CC=CC=C1)C=CC=C2,Phenylsalicylate,-4.39,-4.39,0.2,25,131,214.22,0.13,0.48,1.52,1.38,1.6,2.61,2.87,O=C(Oc1ccccc1)c1ccccc1O
3210,OC3=CC2=C(C(C1=CC=CC=C1C2=O)=O)C=C3,2-Hydroxyanthraquinone,-5.31,-5.31,0.64,25,306,224.21,0.72,1.06,2.26,2.07,1.59,2.17,1.89,O=C1c2ccccc2C(=O)c2cc(O)ccc21
3211,OC3=CC=CC2C3C(=O)c1c(cccc1O)C2=O,"1,8-Dihydroxyanthraquinone",-5.16,-5.19,0.61,23,195,242.23,0.51,1.12,2.17,2.11,1.69,2.02,2.14,O=C1c2cccc(O)c2C(=O)C2C(O)=CC=CC12
3212,OC4CC[C@@]3([C@H]2C(C[C@@]1(C(CC[C@H]1[C@@H]2CCC3C4)=O)C)O)C,11-Hydroxyetiocholanolone,-3.84,-3.85,0.03,24,235,306.45,0.63,1.26,2.47,1.64,2.48,2.93,3.3,C[C@]12CCC(O)CC1CC[C@@H]1[C@@H]2C(O)C[C@]2(C)C(=O)CC[C@@H]12
3213,OCC(=O)[C@@]4(O)CC[C@@H]3[C@]4(C)C[C@H](O)[C@H]2[C@H]3C[C@H](C)C1=CC(=O)C=C[C@@]12C,Methylprednisolone,-3.43,-3.37,0.18,32,233,374.47,0.73,2,3,2.2,2.9,1.8,4.13,C[C@H]1C[C@@H]2[C@H]([C@@H](O)C[C@@]3(C)[C@H]2CC[C@]3(O)C(=O)CO)[C@@]2(C)C=CC(=O)C=C12
3214,OCC(=O)[C@@]54OC(C)(C)O[C@@H]5C[C@@H]3[C@]4(C)C[C@H](O)[C@@]2(F)[C@H]3CCC1=CC(=O)C=C[C@@]12C,TriamcinoloneAcetonide,-4.42,-4.4,0.06,28,293,434.5,0.56,2.14,3.13,2.18,3.15,2.42,4.24,CC1(C)O[C@@H]2C[C@H]3[C@@H]4CCC5=CC(=O)C=C[C@]5(C)[C@@]4(F)[C@@H](O)C[C@]3(C)[C@]2(C(=O)CO)O1
3215,OCC(C=O)(C)C,"3-Hydroxy-2,2-dimethylpropanal",-0.32,-0.33,0.17,23,46,102.13,0.31,0.64,0.94,0.42,0.89,0.2,1.96,CC(C)(C=O)CO
3216,OCCC1CCN(CC1)c5nccnc5OC2CN(C2)c3ccc4ccccc4n3,R047cmpd15,-4.07,-4.09,0.39,23,177,405.49,0.31,1.93,2.65,3.13,3.08,2.89,5.36,OCCC1CCN(c2nccnc2OC2CN(c3ccc4ccccc4n3)C2)CC1
3217,OCCCC1=CC=C(C=C1)[S](=O)(=O)N,4-(3-Hydroxypropyl)benzenesulfonamide,-1.03,-1.03,0.17,25,96,215.27,0.75,1.16,1.77,1.38,1.58,0.26,3.62,NS(=O)(=O)c1ccc(CCCO)cc1
3218,OCCCCC1=CC=C(C=C1)[S](=O)(=O)N,4-(4-Hydroxybutyl)benzenesulfonamide,-1.19,-1.19,0.17,25,79,229.3,0.75,1.16,1.77,1.37,1.72,0.65,4.26,NS(=O)(=O)c1ccc(CCCCO)cc1
3219,OCCCCCC1=CC=C(C=C1)[S](=O)(=O)N,4-(5-Hydroxypentyl)benzenesulfonamide,-1.97,-1.97,0.17,25,86,243.33,0.75,1.17,1.78,1.37,1.86,1.04,4.92,NS(=O)(=O)c1ccc(CCCCCO)cc1
3220,OCCCCSC1=CC=C(C=C1)[S](=O)(=O)N,4-[(4-Hydroxybutyl)thio]benzenesulfonamide,-2.51,-2.51,0.17,25,101,261.37,0.75,1.28,1.95,1.72,1.88,1.2,5.27,NS(=O)(=O)c1ccc(SCCCCO)cc1
3221,OCCCNC(/C=C/c1cccnc1)=C\C(=O)/C=C/c2cccnc2,Curcuminanalog5f,-2.48,-2.38,0.17,37,149,335.4,0.45,2.03,2.57,2.23,2.7,2.63,7.81,O=C(/C=C(/C=C/c1cccnc1)NCCCO)/C=C/c1cccnc1
3222,OCCCSC1=C(C=CC=C1)[S](=O)(=O)N,4-[(3-Hydroxypropyl)thio]-3-benzenesulfonamide,-3.47,-3.47,0.26,25,163,247.34,0.75,1.28,1.92,1.7,1.74,0.81,4.59,NS(=O)(=O)c1ccccc1SCCCO
3223,OCCCSC1=CC=C(C=C1)[S](=O)(=O)N,4-[(3-Hydroxypropyl)thio]benzenesulfonamide,-2.25,-2.25,0.17,25,117,247.34,0.75,1.28,1.95,1.72,1.74,0.81,4.59,NS(=O)(=O)c1ccc(SCCCO)cc1
3224,OCCN(C)C(=O)COC(=O)C(C)c1ccc2cc(ccc2c1)OC,NaproxenesterVe,-3.37,-3.39,0.24,21,110,345.39,0.23,1.74,2.55,1.99,2.66,1.95,6.35,COc1ccc2cc(C(C)C(=O)OCC(=O)N(C)CCO)ccc2c1
3225,OCCN(C)C(=O)COC(=O)Cc1ccc2cc(ccc2c1)OC,Glycolamideanalog16,-3.23,-3.23,0.22,25,139,331.36,0.23,1.71,2.56,1.98,2.52,1.38,6.15,COc1ccc2cc(CC(=O)OCC(=O)N(C)CCO)ccc2c1
3226,OCCN(C)C(=O)COC(=O)c1ccccc1O,SalicylicAcidesterId,-1.58,-1.6,0.17,21,93,253.25,0.36,1.39,2.17,1.37,1.87,0,5.13,CN(CCO)C(=O)COC(=O)c1ccccc1O
3227,OCCN(CCO)C(=O)COC(=O)C(C)c1ccc2cc(ccc2c1)OC,NaproxenesterVf,-2.94,-2.96,0.17,21,110,375.42,0.48,2.09,2.78,2.22,2.86,1.31,7.57,COc1ccc2cc(C(C)C(=O)OCC(=O)N(CCO)CCO)ccc2c1
3228,OCCN(CCO)C(=O)COC(=O)Cc1ccc2cc(ccc2c1)OC,Glycolamideanalog17,-2.8,-2.8,0.17,25,155,361.39,0.48,2.06,2.8,2.21,2.72,0.75,7.37,COc1ccc2cc(CC(=O)OCC(=O)N(CCO)CCO)ccc2c1
3229,OCCN(CCO)c2nc1c(nc(nc1c(n2)N3CCCCC3)N(CCO)CCO)N4CCCCC4,Dipyridamole,-5.18,-5.19,0.12,23,163,504.63,0.95,3.03,2.9,3.74,3.87,-0.02,9.67,OCCN(CCO)c1nc(N2CCCCC2)c2nc(N(CCO)CCO)nc(N3CCCCC3)c2n1
3230,OCCNC(/C=C/c1cccnc1)=C\C(=O)/C=C/c2cccnc2,Curcuminanalog5e,-2.41,-2.33,0.17,37,83,321.37,0.38,2.11,2.52,2.25,2.56,2.24,7.11,O=C(/C=C(/C=C/c1cccnc1)NCCO)/C=C/c1cccnc1
3231,OCCNC(=O)N2c3ccccc3C=Cc1ccccc12,N-(2-Hydroxyethyl)carbamazepine,-2.63,-2.56,0.04,32,137,280.32,0.41,1.31,2.25,2.23,2.15,3.01,3.71,O=C(NCCO)N1c2ccccc2C=Cc2ccccc21
3232,OCCNC(C(=O)NCCO)=O,"N,N'-Bis(2-Hydroxyethyl)oxamide",-0.08,-0.11,0.17,20,136,176.17,1,1.89,2.38,1.06,1.3,-2.8,5.94,O=C(NCCO)C(=O)NCCO
3233,OCCSC1=CC=C(C=C1)[S](=O)(=O)N,4-[(2-Hydroxyethyl)thio]-benzenesulfonamide,-1.82,-1.82,0.17,25,112,233.31,0.75,1.27,1.95,1.73,1.6,0.42,3.94,NS(=O)(=O)c1ccc(SCCO)cc1
3234,OCN1CC(N(CC1=O)CO)=O,"1,4-Bis(hydroxymethyl)-2,5-piperazinedione",-0.4,-0.42,0.17,23,165,174.16,0.63,2.01,2.2,1.41,1.19,-2.44,2.62,O=C1CN(CO)C(=O)CN1CO
3235,OCNC(=O)N,1-(Hydroxymethyl)urea,-0.37,-0.35,0.17,28,134,90.08,0.91,0.98,1.41,0.73,0.66,-1.4,2.15,NC(=O)NCO
3236,ON(C(=O)C1=CC=CC2=CC=CC=C12)C3=CC=CC=C3,N-Hydroxy-N-phenylnaphthalene-1-carboxamide,-3.91,-3.94,0.35,23,155,263.3,0.31,1.14,2.49,2.4,2.01,3.88,3.19,O=C(c1cccc2ccccc12)N(O)c1ccccc1
3237,ON(C(=O)C1=CC=CO1)C2=CC=CC=C2,N-Hydroxy-N-phenyl-2-furamide,-3.17,-3.19,0.2,23,122,203.2,0.31,1.12,2.04,1.47,1.46,2.32,2.52,O=C(c1ccco1)N(O)c1ccccc1
3238,ON(N=NC1=CC=CC=C1)C,3-Hydroxy-3-methyl-1-phenyl-1-triazene,-1.58,-1.53,0.17,34,119,151.17,0.31,1.09,0.85,1.18,1.17,2.01,2.57,CN(O)N=Nc1ccccc1
3239,ON=C(C(=O)N)C(=O)N,2-(Hydroxyimino)malonamide,-0.05,-0.04,0.17,26,166,131.09,1.29,1.55,2.15,1.21,0.88,-2.21,2.18,NC(=O)C(=NO)C(N)=O
3240,ON=C(C=NO)C,"(1E,2Z)-N,N'-DiHydroxy-1,2-propanediimine",-0.35,-0.35,0.17,26,157,102.09,0.63,0.87,0.53,0.77,0.76,0.3,2.66,CC(C=NO)=NO
3241,ONC1=CC=C(C=C1)C,N-hydroxy-4-methylaniline,-0.77,-0.79,0.17,23,96,123.15,0.44,0.68,1.11,1,1.02,1.8,1.7,Cc1ccc(NO)cc1
3242,O[C@@H](CC[C@@H]1([C@H](N(C1=O)c1ccc(F)cc1)(c1ccc(O)cc1)))(c1ccc(F)cc1),Ezetimibe,-5.29,-5.29,0.96,25,165,409.43,0.81,1.77,2.61,2.65,2.94,4.89,5.5,O=C1[C@H](CC[C@H](O)c2ccc(F)cc2)[C@@H](c2ccc(O)cc2)N1c1ccc(F)cc1
3243,O[C@@H](CNCCc1ccc(cc1)NS(=O)(=O)c2ccc(cc2)c3ncc(s3)c4ccc(cc4)C(F)(F)F)c5cccnc5,W053cmpdA,-9.92,-9.75,1.46,37,190,624.7,0.74,2.44,3.83,4.08,4.29,6.56,9.21,O=S(=O)(Nc1ccc(CCNC[C@H](O)c2cccnc2)cc1)c1ccc(-c2ncc(-c3ccc(C(F)(F)F)cc3)s2)cc1
3244,O[C@@H]1(Cc2ccccc2[C@@H]1(NC(=O)[C@H](Cc1ccccc1)(C[C@@H](CN1[C@@H](CN(CC1)Cc1cnccc1)(C(=O)NC(C)(C)C))(O)))),Indinavir,-4.54,-4.54,0.11,23,168,613.79,0.98,3.59,4.27,3.63,4.9,2.87,10.65,CC(C)(C)NC(=O)[C@@H]1CN(Cc2cccnc2)CCN1C[C@@H](O)C[C@@H](Cc1ccccc1)C(=O)N[C@H]1c2ccccc2C[C@H]1O
3245,O[C@@H]1CC(=O)[C@H](C/C=CCCCC(=O)O)[C@H]1/C=C/[C@@H](O)CCCCC,ProstaglandinE2,-2.41,-2.41,0.09,25,67,352.47,1.2,1.48,1.95,1.32,2.94,3.25,10.34,CCCCC[C@H](O)/C=C/[C@H]1[C@H](O)CC(=O)[C@@H]1CC=CCCCC(=O)O
3246,O[C@@H]1CC[C@H](C[C@H]1OC)C[C@@H](C)[C@H]2OC(=O)[C@@H]4CCCCN4C(=O)C(=O)[C@]3(O)O[C@H](C[C@H](OC)C(C)=CC=CC=C[C@@H](C)C[C@@H](C)C(=O)[C@H](OC)[C@H](O)C(C)=C[C@@H](C)C(=O)C2)CC[C@H]3C,Rapamycin<Sirolimus>,-5.55,-5.55,0.69,25,184,914.17,0.63,4.51,4.57,3.26,7.34,6.18,20.97,CO[C@H]1C[C@@H]2CC[C@@H](C)[C@@](O)(O2)C(=O)C(=O)N2CCCC[C@H]2C(=O)O[C@H]([C@H](C)C[C@@H]2CC[C@@H](O)[C@H](OC)C2)CC(=O)[C@H](C)C=C(C)[C@@H](O)[C@@H](OC)C(=O)[C@H](C)C[C@H](C)C=CC=CC=C1C
3247,O[C@@H]2CC[C@@H](NCc1cc(Br)cc(Br)c1N)CC2,Ambroxol,-3.93,-3.93,0.15,25,234,378.1,0.73,1.12,1.89,2.08,2.2,3.19,5.06,Nc1c(Br)cc(Br)cc1CN[C@H]1CC[C@H](O)CC1
3248,O[C@@]1(C[C@]2(c3cccc4c3[C@@](CN2CC1)(c5ccccc5CC4)([H]))([H]))(C(C)C),(+)-Dexclamol,-3.84,-3.84,0.08,25,153,347.5,0.31,1.05,1.56,2.23,2.85,4.45,3.78,CC(C)[C@]1(O)CCN2C[C@H]3c4ccccc4CCc4cccc(c43)[C@@H]2C1
3249,O[C@@]2(C)[C@@H](O)C[C@H]1C[C@@H]2C1(C)C,Pinanediol,0.62,0.64,0.19,31,56,170.25,0.54,0.71,0.74,0.81,1.42,1.16,1.46,CC1(C)[C@@H]2C[C@H]1[C@@](C)(O)[C@@H](O)C2
3250,O[C@H](C=O)[C@H](O)[C@H](O)CO,D-Arabinose,0.4,0.39,0.17,23,156,150.13,0.94,1.52,1.55,0.98,1.06,-2.74,4.14,O=C[C@@H](O)[C@H](O)[C@H](O)CO
3251,O[C@H](CO)c4nc(Nc3ncc(Sc1ccccn1)cc3Oc2cccnc2C)sn4,ARRY-403,-4.81,-4.84,0.12,23,188,454.53,0.68,2.4,3.39,3.83,3.12,3.74,6.67,Cc1ncccc1Oc1cc(Sc2ccccn2)cnc1Nc1nc([C@H](O)CO)ns1
3252,O[C@H](c1ccccc1)[C@H]2CC[C@H](N2)Cc3ccc(cc3)NC(=O)[C@@H]5CCC4=NC=CC(=O)N45,Vibegron<MK-4618><GEMTESA>,-3.49,-3.52,0.27,23,198,444.53,0.79,2.6,3.25,3.19,3.37,2.77,6.07,O=C(Nc1ccc(C[C@@H]2CC[C@H]([C@H](O)c3ccccc3)N2)cc1)[C@@H]1CCc2nccc(=O)n21
3253,O[C@H]1([C@@H]([C@@H](NC(=O)[C@@H]2(C[C@@H](CCC)(CN2C)))(C(O)C))(O[C@@H]([C@H](OC(=O)CCCCCCCCCCCCCCC)([C@H]1(O)))(SC))),Lincomycin-2-palmitate,-4.82,-4.81,0.04,24,147,644.96,0.97,3.06,2.81,2.03,5.37,5.18,19.46,CCCCCCCCCCCCCCCC(=O)O[C@@H]1[C@@H](O)[C@@H](O)[C@@H]([C@@H](NC(=O)[C@@H]2C[C@@H](CCC)CN2C)C(C)O)O[C@@H]1SC
3254,O[C@]([C@@H]1([C@]2([C@H]3([C@]45([C@@]([C@H]([N@@](CC4)(CC4CC4))(Cc4c5c(O3)c(O)cc4))(C1)(CC2))))(OC)))(C(C)(C)C)(C),Buprenorphine,-5.93,-5.94,0.83,23,210,467.65,0.59,1.66,1.67,2.42,3.64,4.41,4.08,CO[C@]12CC[C@@]3(C[C@@H]1[C@@](C)(O)C(C)(C)C)[C@H]1Cc4ccc(O)c5c4[C@@]3(CCN1CC1CC1)[C@H]2O5
3255,O\C(=C1\C(=O)CCCC1=O)c2ccc(cc2[N+]([O-])=O)C(F)(F)F,Nitisinone,-5.2,-5.23,0.36,23,130,329.23,0.31,1.07,2.33,1.45,2.01,3.2,4.22,O=C1CCCC(=O)C1=C(O)c1ccc(C(F)(F)F)cc1[N+](=O)[O-]
3256,Oc1c(C(C)(C)C)cc(cc1C(C)(C)C)SC(C)(C)Sc1cc(C(C)(C)C)c(O)c(c1)C(C)(C)C,Probucol,-8.95,-8.94,1.48,23,126,516.9,0.62,1.2,1.38,2.3,4.45,9.91,8.19,CC(C)(Sc1cc(C(C)(C)C)c(O)c(C(C)(C)C)c1)Sc1cc(C(C)(C)C)c(O)c(C(C)(C)C)c1
3257,Oc1c(C)cc(C)cc1C,"2,4,6-Trimethylphenol",-2.05,-2.05,0.17,25,73,136.19,0.31,0.39,0.73,0.86,1.2,2.32,1.66,Cc1cc(C)c(O)c(C)c1
3258,Oc1c(C)cccc1C,"2,6-Dimethylphenol<2,6-Xylenol>",-1.31,-1.31,0.01,25,46,122.17,0.31,0.39,0.79,0.83,1.06,2.01,1.43,Cc1cccc(C)c1O
3259,Oc1c(OC)cccc1,Guaiacol<2-Methoxyphenol>,-1.96,-1.96,0.17,25,30,124.14,0.27,0.47,0.96,0.77,0.97,1.4,1.59,COc1ccccc1O
3260,Oc1c([Cl])c([Cl])c([Cl])cc1,"2,3,4-Trichlorophenol",-2.67,-2.67,0.17,25,84,197.45,0.69,0.15,1,1.07,1.14,3.35,2.29,Oc1ccc(Cl)c(Cl)c1Cl
3261,Oc1c([Cl])c([Cl])cc([Cl])c1,"2,3,5-Trichlorophenol",-2.67,-2.67,0.17,25,62,197.45,0.62,0.13,1,1.07,1.14,3.35,2.29,Oc1cc(Cl)cc(Cl)c1Cl
3262,Oc1c([Cl])c([Cl])ccc1,"2,3-Dichlorophenol",-1.3,-1.3,0.17,25,58,163,0.52,0.23,0.91,0.95,1.02,2.7,1.84,Oc1cccc(Cl)c1Cl
3263,Oc1c([Cl])c([Cl])ccc1[Cl],"2,3,6-Trichlorophenol",-2.64,-2.64,0.17,25,56,197.45,0.44,0.11,0.93,1.04,1.14,3.35,2.29,Oc1c(Cl)ccc(Cl)c1Cl
3264,Oc1c([Cl])cc([Cl])c([Cl])c1,"2,4,5-Trichlorophenol",-2.21,-2.21,0.17,25,68,197.45,0.69,0.15,1.03,1.09,1.14,3.35,2.29,Oc1cc(Cl)c(Cl)cc1Cl
3265,Oc1c([Cl])cccc1[Cl],"2,6-Dichlorophenol",-1.79,-1.79,0.17,25,67,163,0.25,0.19,0.83,0.93,1.02,2.7,1.84,Oc1c(Cl)cccc1Cl
3266,Oc1c([N+](=O)[O-])cccc1,2-Nitrophenol,-1.74,-1.74,0.11,25,45,139.11,0.11,0.35,1.24,0.96,0.95,1.3,1.53,O=[N+]([O-])c1ccccc1O
3267,Oc1c(c2ccccc2cc1)C=Nc1cc([Cl])ccc1,N-(3-Chlorophenyl)-2-hydroxy-1-naphthaldimine,-5.5,-5.54,0.68,22,152,281.74,0.5,0.61,1.63,2.42,2.07,4.95,3.4,Oc1ccc2ccccc2c1C=Nc1cccc(Cl)c1
3268,Oc1c(cccc1)C=Nc1cc(C)ccn1,?-(4-Methyl-2-pyridylimino)-2-cresol,-1.7,-1.73,0.17,22,154,212.25,0.5,0.9,1.31,1.64,1.68,2.85,2.96,Cc1ccnc(N=Cc2ccccc2O)c1
3269,Oc1c2ccccc2ccc1,1-Naphthol,-2.22,-2.22,0.1,25,95,144.17,0.5,0.45,1.23,1.5,1.14,2.55,1.29,Oc1cccc2ccccc12
3270,Oc1cc(C)c(C)cc1,"3,4-Dimethylphenol<3,4-Xylenol>",-1.38,-1.38,0.02,25,64,122.17,0.5,0.39,0.79,0.83,1.06,2.01,1.43,Cc1ccc(O)cc1C
3271,Oc1cc([Cl])cc([Cl])c1,"3,5-Dichlorophenol",-1.34,-1.34,0.1,25,67,163,0.79,0.24,1.03,1.03,1.02,2.7,1.84,Oc1cc(Cl)cc(Cl)c1
3272,Oc1cc([N+](=O)[O-])ccc1,3-Nitrophenol,-1.01,-1.01,0.09,25,96,139.11,0.69,0.49,1.47,1.05,0.95,1.3,1.53,O=[N+]([O-])c1cccc(O)c1
3273,Oc1cc(cc(O)c1O)C=3Oc2cc(O)cc(O)c2C(=O)C=3O,Myricetin,-5,-5.04,0.37,23,363,318.24,2.27,1.78,2.82,2.85,2.02,1.69,2.96,O=c1c(O)c(-c2cc(O)c(O)c(O)c2)oc2cc(O)cc(O)c12
3274,Oc1cc2c(cc1)C(c3ccccc3C(O)=O)C3C(O2)=CC(=O)C=C3,Fluorescein(REDampholyte),-3.88,-3.92,0.04,23,236,334.33,1.07,1.43,2.57,2.55,2.36,3.25,3.42,O=C1C=CC2C(=C1)Oc1cc(O)ccc1C2c1ccccc1C(=O)O
3275,Oc1cc2c(cc1)nc(s2)S(=O)(N)=O,"6-Hydroxy-1,3-Benzothiazole-2-sulfonamide",-2.5,-2.5,0.17,25,225,230.27,0.94,1.39,2.27,2.16,1.41,0.65,1.95,NS(=O)(=O)c1nc2ccc(O)cc2s1
3276,Oc1cc2ccccc2cc1,2-Naphthol,-2.16,-2.16,0.05,25,123,144.17,0.5,0.45,1.23,1.5,1.14,2.55,1.29,Oc1ccc2ccccc2c1
3277,Oc1ccc(N)cc1,4-Aminophenol,-0.8,-0.8,0.05,25,189,109.13,0.73,0.69,1.32,1.09,0.87,0.97,1.08,Nc1ccc(O)cc1
3278,Oc1ccc(cc1)C1(C)c2c(cccc2)OC(C)(C)C1,"4-(4-Hydroxyphenyl)-2,2,4-trimethylchromatin",-5.45,-5.47,0.67,22,119,268.35,0.5,0.75,1.38,1.62,2.18,4.26,2.78,CC1(C)CC(C)(c2ccc(O)cc2)c2ccccc2O1
3279,Oc1ccc(cc1)C[C@@H](N)C(=O)OCCOC(=O)[C@]56CC[C@]4(C)C(=CC[C@H]3[C@@]4(C)CCC2[C@]3(C)CC[C@H](O)C2(C)C)[C@@H]6CC(C)(C)CC5,OleanolicL-Tyr(EGlinker)-6f,-7.98,-8.08,1.18,37,166,663.93,1.02,2.28,2.38,2.42,5.43,7.51,8.97,CC1(C)CC[C@]2(C(=O)OCCOC(=O)[C@H](N)Cc3ccc(O)cc3)CC[C@]3(C)C(=CC[C@@H]4[C@@]5(C)CC[C@H](O)C(C)(C)C5CC[C@]43C)[C@@H]2C1
3280,Oc1ccc(cc1)[N+](=O)[O-],4-Nitrophenol,-0.74,-0.74,0.05,25,113,139.11,0.67,0.49,1.47,1.05,0.95,1.3,1.53,O=[N+]([O-])c1ccc(O)cc1
3281,Oc1ccc(cc1OC)/C=C/C(=O)CC(=O)/C=C/c2ccc(O)c(OC)c2,Curcumin,-5.83,-5.83,0.23,25,177,368.38,0.55,1.67,2.85,2.3,2.77,3.37,6.77,COc1cc(/C=C/C(=O)CC(=O)/C=C/c2ccc(O)c(OC)c2)ccc1O
3282,Oc1ccc2OCOc2c1,Sesamol,-1.18,-1.08,0.09,37,64,138.121,0.5,0.71,1.2,1.09,0.92,1.12,0.97,Oc1ccc2c(c1)OCO2
3283,Oc1nc2c(cn1)nccn2,2-Hydroxypteridine,-1.88,-1.95,0.17,20,156,148.12,0.5,1.03,1.43,1.63,0.98,0.13,1.15,Oc1ncc2nccnc2n1
3284,Oc1nc2cncnc2nc1,6-Hydroxypteridine,-2.65,-2.71,0.17,20,154,148.12,0.5,1.03,1.43,1.63,0.98,0.13,1.15,Oc1cnc2ncncc2n1
3285,Oc1nc2ncncc2nc1,7-Hydroxypteridine,-2.04,-2.12,0.17,20,157,148.12,0.5,1.03,1.43,1.63,0.98,0.13,1.15,Oc1cnc2cncnc2n1
3286,Oc1ncnc2c1nccn2,4-Hydroxypteridine,-1.4,-1.47,0.17,20,156,148.12,0.07,1.03,1.43,1.63,0.98,0.13,1.15,Oc1ncnc2nccnc12
3287,Oc2ccc(C(=O)c1ccccc1)c(O)c2O,"2,3,4-Trihydroxybenzophenone",-1.24,-1.24,0.08,25,141,230.22,1.02,0.76,1.97,1.84,1.66,2.03,2.7,O=C(c1ccccc1)c1ccc(O)c(O)c1O
3288,Oc2cccc1ccccc12,1-Naphthol,-2.05,-2.11,0.1,20,96,144.17,0.5,0.45,1.23,1.5,1.14,2.55,1.29,Oc1cccc2ccccc12
3289,S(C(C(=O)N)C)C(C(=O)N)C,"2,2'-Thiobispropanamide",-0.86,-0.92,0.17,18,123,176.24,0.97,1.31,2.14,1.19,1.35,-0.53,3.96,CC(SC(C)C(N)=O)C(N)=O
3290,S1C(NC(N1)=S)=S,"1,2,4-Thiadiazolidine-3,5-dithione",-1.67,-1.76,0.17,20,173,150.25,0.27,0.88,1.5,1.96,0.89,1.86,1.36,S=c1[nH]sc(=S)[nH]1
3291,S1C(NNC1=S)=S,"1,3,4-Thiadiazolidine-2,5-dithione",-0.67,-0.76,0.17,20,174,150.25,0.27,0.88,1.5,1.96,0.89,1.86,1.36,S=c1[nH][nH]c(=S)s1
3292,S1C2=C(N=N1)C=C(C=C2)N,"1,2,3-Benzothiadiazol-5-amine",-1.27,-1.3,0.17,23,163,151.19,0.23,0.71,1.57,1.69,1.03,1.27,1.07,Nc1ccc2snnc2c1
3293,S1C4=C(N=C1SSC2=NC3=C(S2)C=CC=C3)C=CC=C4,"2,2'-Dithiobisbenzothiazole<MercaptobenztiazylEther>",-4.52,-4.52,0.48,25,180,332.5,0,0.93,2.43,3.4,2.16,5.71,3.39,c1ccc2sc(SSc3nc4ccccc4s3)nc2c1
3294,S1C=CC=C1C(=O)NN,2-Thiophenecarbohydrazide,-0.69,-0.75,0.17,19,145,142.18,0.47,1.04,1.64,1.09,1,0.35,1.81,NNC(=O)c1cccs1
3295,S1C=CCC1=O,2(3H)-Thiophenone,-0.22,-0.22,0.17,25,43,100.14,0,0.51,1.01,0.93,0.7,1.16,0.96,O=C1CC=CS1
3296,S1CCN=C1CC(C)=O,"1-(4,5-Dihydro-2-thiazolyl)-2-propanone",-1.13,-1.16,0.17,20,63,143.21,0,0.6,0.8,0.94,1.08,1.11,2.28,CC(=O)CC1=NCCS1
3297,S=C(N)N\N=C\C(=N/NC(=S)N)C(N2C(=O)c1ccccc1C2=O)C,Ftibamzone<Phtiobuzone>,-4.27,-4.27,0.1,25,179,377.44,0.69,2.76,3.06,3.53,2.62,-0.32,5.72,CC(C(/C=N/NC(N)=S)=N/NC(N)=S)N1C(=O)c2ccccc2C1=O
3298,S=C(Nc1ccccn1)Nc1c(C)cccc1,N-(2-Pyridyl)-N'-2-tolythiourea,-5.01,-5.06,0.58,22,164,243.33,0.26,0.9,2.01,2.19,1.89,3.2,3.67,Cc1ccccc1NC(=S)Nc1ccccn1
3299,S=C1N=C(SS1)NC(C)=O,"N-(3-thioxo-3H-1,2,4-dithiazol-5-yl)-acetamide",-2.22,-2.39,0.17,15,182,192.29,0.26,0.91,1.69,1.93,1.18,1.89,2.47,CC(=O)Nc1nc(=S)ss1
3300,S=C1NC=C(C(=O)OCC)C(=O)N1,5-Carboethoxy-2-thiouracil,-2.1,-2.1,0.17,25,182,200.22,0.39,1.36,2.14,1.42,1.35,0.61,2.96,CCOC(=O)c1c[nH]c(=S)[nH]c1=O
3301,S=C1c2c(N=C(N1)N)[nH]cn2,Thioguanine<Tioguanine>,-2.89,-2.92,0.17,23,360,167.19,0.82,1.44,1.65,2.01,1.09,0.6,1.16,Nc1nc2[nH]cnc2c(=S)[nH]1
3302,S=C=NC1=CC=C(C=C1)Br,4-Bromophenylisothiocyanate,-0.27,-0.27,0.17,25,61,214.09,0,0.13,1.16,1.6,1.21,3.18,2.75,S=C=Nc1ccc(Br)cc1
3303,Sc1nc2c(cn1)nccn2,Pteridine-2-thiol,-2.56,-2.63,0.17,20,143,164.19,0,0.87,1.35,1.88,1.08,0.71,1.43,Sc1ncc2nccnc2n1
3304,Sc1ncnc2c1nccn2,Pteridine-4-thiol,-2.56,-2.65,0.17,20,142,164.19,0,0.87,1.35,1.88,1.08,0.71,1.43,Sc1ncnc2nccnc12
3305,[Br]c1c([Br])cc([Br])c([Br])c1,"1,2,4,5-Tetrabromobenzene",-6.98,-6.98,0.98,25,181,393.7,0,0,1.38,1.8,1.42,4.74,3.42,Brc1cc(Br)c(Br)cc1Br
3306,[Br]c1cc([Br])cc([Br])c1,"1,3,5-Tribromobenzene",-5.6,-5.6,0.7,25,123,314.8,0,0.02,1.16,1.52,1.24,3.97,2.73,Brc1cc(Br)cc(Br)c1
3307,[Br]c1cc2c(cc1)cccc2,2-Bromonaphthalene,-4.4,-4.4,0.45,25,56,207.07,0,0.17,1.18,1.61,1.26,3.6,1.67,Brc1ccc2ccccc2c1
3308,[Br]c1ccc(I)cc1,4-Bromo-1-iodobenzene,-4.56,-4.56,0.49,25,92,282.91,0,0.12,1.11,1.53,1.15,3.05,2.31,Brc1ccc(I)cc1
3309,[Br]c1ccc([Br])cc1,"1,4-Dibromobenzene",-4.07,-4.07,0.39,25,87,235.91,0,0.1,1.05,1.22,1.07,3.21,2.09,Brc1ccc(Br)cc1
3310,[Br]c1ccc([Cl])cc1,4-Bromo-1-chlorobenzene,-3.63,-3.63,0.3,25,68,191.45,0,0.1,0.97,1.04,1.01,3.1,1.92,Clc1ccc(Br)cc1
3311,[C@@H](C1=CC(=C(O)C=C1)O)(CNC)O,Epinephrine<Adrenaline>,-2.74,-2.74,0.32,25,212,183.21,1.15,1.51,1.34,1.35,1.42,0.35,3.11,CNC[C@H](O)c1ccc(O)c(O)c1
3312,[C@@H](C1=CC=C(C=C1)[S](C)(=O)=O)([C@H](NC(C(Cl)Cl)=O)CO)O,Thiamphenicol,-2.28,-2.28,0.02,25,164,356.23,0.87,2.09,2.95,1.69,2.32,0.4,6.43,CS(=O)(=O)c1ccc([C@@H](O)[C@@H](CO)NC(=O)C(Cl)Cl)cc1
3313,[C@@H](C1=CC=CC=C1)([C@H](C)NC)O,Ephedrine,-0.47,-0.47,0.17,25,35,165.24,0.38,1.12,0.94,0.98,1.44,1.33,3.26,CN[C@@H](C)[C@H](O)c1ccccc1
3314,[C@@H](CC1=CC=C(C(=C1OC)OC)OC)(C[C@@H]([C@H](CC2=CC=CC=C2)NC(OC(C)(C)C)=O)O)C(N[C@H](C(NCCOC)=O)C(C)C)=O,Lasinavir,-4,-4,0.37,25,158,659.82,0.99,3.29,4.76,2.45,5.26,3.66,15.78,COCCNC(=O)[C@@H](NC(=O)[C@H](Cc1ccc(OC)c(OC)c1OC)C[C@H](O)[C@H](Cc1ccccc1)NC(=O)OC(C)(C)C)C(C)C
3315,[C@@H](CC[N]1C(=C(C(=C1C(C)C)C(NC2=CC=CC=C2)=O)C3=CC=CC=C3)C4=CC=C(C=C4)F)(C[C@H](CC(O)=O)O)O,AtorvastatinAcid,-4.5,-4.41,0.15,30,160,558.65,1.61,2.07,3.71,3.61,4.28,6.31,9.7,CC(C)c1c(C(=O)Nc2ccccc2)c(-c2ccccc2)c(-c2ccc(F)cc2)n1CC[C@@H](O)C[C@@H](O)CC(=O)O
3316,[C@@H](O)(/C=C/C1=C(C2=C([N]1C(C)C)C=CC=C2)C3=CC=C(F)C=C3)C[C@H](O)CC(=O)O,Fluvastatin,-3.87,-3.87,0.18,25,196,411.47,1.2,1.46,2.48,2.75,3.13,4.63,6.7,CC(C)n1c(/C=C/[C@@H](O)C[C@H](O)CC(=O)O)c(-c2ccc(F)cc2)c2ccccc21
3317,[C@@H](OC(=O)NC1=CC=CC=C1)(C(=O)NCC)C,Carbetamide,-1.8,-1.83,0.17,20,119,236.27,0.62,1.23,2.12,1.15,1.85,1.76,5,CCNC(=O)[C@H](C)OC(=O)Nc1ccccc1
3318,[C@@H]([C@H](C(=O)O)O)(C(=O)O)O,L-TartaricAcid,0.65,0.58,0.17,20,169,150.09,1.23,1.3,1.13,0.61,0.94,-2.12,2.78,O=C(O)[C@H](O)[C@@H](O)C(=O)O
3319,[C@@H]1(C(C)=C)CC(C(=CC1)C)=O,(+)-S-Carvone,-2.06,-2.06,0.03,25,89,150.218,0,0.51,0.81,0.66,1.34,2.49,2.28,C=C(C)[C@H]1CC=C(C)C(=O)C1
3320,[C@@H]1(CC(O)C(=CC1)C)C(O)(C)C,Sobrerol,-0.69,-0.73,0.17,15,130,170.25,0.63,0.75,0.78,0.74,1.48,1.47,2.59,CC1=CC[C@@H](C(C)(C)O)CC1O
3321,[C@@H]1(CC2=C(C[C@H]1O)C=CC=C2OCC(CNC(C)(C)C)O)O,Nadolol,-1.57,-1.57,0.2,25,125,309.41,0.83,1.9,1.56,1.68,2.49,0.63,5.45,CC(C)(C)NCC(O)COc1cccc2c1C[C@H](O)[C@H](O)C2
3322,[C@@H]1(NCCCC1)[C@@H]2OC(OC2)(C3=CC=CC=C3)C4=CC=CC=C4,Dexoxadrol,-3.71,-3.73,0.15,23,144,309.41,0.15,1.13,1.7,1.77,2.45,3.45,4.17,c1ccc(C2(c3ccccc3)OC[C@H]([C@@H]3CCCCN3)O2)cc1
3323,[C@@H]1(O)C2(C(C(C1)CC2)(C)C)C,(+)-Borneol,-2.32,-2.32,0.13,25,206,154.25,0.31,0.41,0.49,0.6,1.36,2.19,1.26,CC1(C)C2CCC1(C)[C@@H](O)C2
3324,[C@@H]1(OC(=O)C[C@H](O)C1)CC[N]2C(=C(C(=C2C(C)C)C(=O)NC3=CC=CC=C3)C4=CC=CC=C4)C5=CC=C(F)C=C5,AtorvastatinLactone,-5.68,-5.61,0.69,30,170,540.64,0.72,1.89,4.22,3.6,4.11,6.79,8.12,CC(C)c1c(C(=O)Nc2ccccc2)c(-c2ccccc2)c(-c2ccc(F)cc2)n1CC[C@@H]1C[C@@H](O)CC(=O)O1
3325,[C@@H]1(OC2=C(C(=O)C1)C(=CC(=C2)O)O)C3=CC(=C(O)C=C3)O,Eriodictyol,-3.53,-3.62,0.28,20,267,288.26,1.57,1.29,2.37,2.38,1.95,2.22,2.87,O=C1C[C@@H](c2ccc(O)c(O)c2)Oc2cc(O)cc(O)c21
3326,[C@@H]1(OC2=C(C(=O)[C@@H]1O)C(=CC(=C2)O)O)C3=CC(=C(O)C(=C3)O)O,Ampelopsin,-3.18,-3.18,0.04,25,232,320.25,2.04,1.84,2.52,2.72,2.06,0.89,3.19,O=C1c2c(O)cc(O)cc2O[C@H](c2cc(O)c(O)c(O)c2)[C@H]1O
3327,[C@@H]1(OC2=C(C(C1)=O)C(=CC(=C2)O[C@@H]3O[C@@H]([C@@H](O)[C@@H]([C@H]3O)O)CO[C@H]4[C@@H]([C@@H]([C@@H](O)[C@@H](O4)C)O)O)O)C5=CC=C(C(=C5)O)OC,Hesperidin,-5.07,-5.07,0.08,25,262,610.57,1.86,3.92,4.16,3.94,4.09,-1.16,8.98,COc1ccc([C@@H]2CC(=O)c3c(O)cc(O[C@@H]4O[C@H](CO[C@@H]5O[C@@H](C)[C@H](O)[C@@H](O)[C@H]5O)[C@@H](O)[C@H](O)[C@H]4O)cc3O2)cc1O
3328,[C@@H]1(OC2=C(C(C1)=O)C(=CC(=C2)O[C@H]4[C@H](O[C@H]3[C@@H]([C@@H]([C@@H](O)[C@@H](O3)C)O)O)[C@H]([C@H](O)[C@H](O4)CO)O)O)C5=CC=C(O)C=C5,Naringin,-3.05,-3.06,0.48,20,83,580.55,2.1,3.86,4.09,3.97,3.89,-1.17,8.39,C[C@@H]1O[C@@H](O[C@H]2[C@H](Oc3cc(O)c4c(c3)O[C@H](c3ccc(O)cc3)CC4=O)O[C@H](CO)[C@@H](O)[C@@H]2O)[C@H](O)[C@H](O)[C@H]1O
3329,[C@@H]1(O[C@@H]([C@H](O)[C@H]([C@@H]1O)O)OC)CNC(N(CCCl)N=O)=O,Ranimustine,-1.56,-1.56,0.17,25,111,327.72,0.91,2.25,3.02,1.66,2.16,-1.63,7.21,CO[C@H]1O[C@H](CNC(=O)N(CCCl)N=O)[C@@H](O)[C@H](O)[C@H]1O
3330,[C@@H]1([C@@H](C[C@H](C)CC1)O)C(C)C,L-Menthol,-2.5,-2.5,0.05,25,43,156.27,0.31,0.42,0.5,0.44,1.47,2.44,2.94,CC(C)[C@@H]1CC[C@@H](C)C[C@H]1O
3331,[C@@H]1([C@@H](C[C@H](N)[C@H]([C@@H]1O)O[C@H]2O[C@@H]([C@@H](O)[C@@H]([C@H]2O)O)CN)NC([C@H](CCN)O)=O)O[C@H]3O[C@@H]([C@@H](O)[C@@H]([C@H]3O)N)CO,Amikacin,-0.5,-0.5,0.17,25,203,585.61,2.9,6.8,4.69,3.68,4.1,-8.42,11.95,NCC[C@H](O)C(=O)N[C@@H]1C[C@H](N)[C@@H](O[C@H]2O[C@H](CN)[C@@H](O)[C@H](O)[C@H]2O)[C@H](O)[C@H]1O[C@H]1O[C@H](CO)[C@@H](O)[C@H](N)[C@H]1O
3332,[C@@H]1([C@@H]([C@@H](O)[C@@H]([C@H](O1)CO)O)O)OC2=CC=C(C(=O)C)C=C2,Picein,-1.1,-1.17,0.17,15,196,298.29,1,2.23,2.4,2,2.1,-0.93,4.91,CC(=O)c1ccc(O[C@@H]2O[C@H](CO)[C@@H](O)[C@H](O)[C@H]2O)cc1
3333,[C@@H]1([C@@H]([C@@H](O)[C@@H]([C@H](O1)COC(=O)C2=CC=CC=C2)O)O)OC3=C(CO)C=CC=C3,Populin,-2.88,-2.89,0.17,23,180,390.39,1.04,2.43,2.73,2.43,2.77,0.22,6.6,O=C(OC[C@H]1O[C@@H](Oc2ccccc2CO)[C@H](O)[C@@H](O)[C@@H]1O)c1ccccc1
3334,[C@@H]1([C@@H]([C@@H]([C@@H]([C@H]([C@@H]1O)O)O)O)O)O,Inositol,-0.04,-0.1,0.17,19,225,180.16,1.62,1.85,1.8,1.46,1.2,-3.83,2.67,O[C@H]1[C@H](O)[C@@H](O)[C@H](O)[C@@H](O)[C@H]1O
3335,[C@@H]1([C@@H]([C@H](C2=CC=C(OCCC)C=C12)C4=CC3=C(OCO3)C=C4)C(=O)O)C5=CC=C(OC)C=C5OCC(=O)O,SB209670,-6.73,-6.77,0.5,23,190,520.53,1.14,2,3.01,2.81,3.71,4.65,7,CCCOc1ccc2c(c1)[C@@H](c1ccc(OC)cc1OCC(=O)O)[C@H](C(=O)O)[C@H]2c1ccc2c(c1)OCO2
3336,[C@@H]1([C@H](C(N(CCN(C)C)C2=C(S1)C=CC=C2)=O)OC(C)=O)C3=CC=C(OC)C=C3,Diltiazem,-2.95,-2.95,0.2,25,210,414.53,0,2.12,2.55,2.42,3.14,3.37,6.82,COc1ccc([C@@H]2Sc3ccccc3N(CCN(C)C)C(=O)[C@@H]2OC(C)=O)cc1
3337,[C@@H]12N([C@H](C(C)(C)S1)C(O)=O)C(=O)[C@H]2NC([C@@H](C3=CC=CC=C3)N)=O,Ampicillin,-1.35,-1.35,0.04,25,204,349.41,1.06,2.62,3.01,2.48,2.48,0.32,4.04,CC1(C)S[C@@H]2[C@H](NC(=O)[C@H](N)c3ccccc3)C(=O)N2[C@H]1C(=O)O
3338,[C@@H]12N([C@H](C(C)(C)S1)C(O)=O)C(=O)[C@H]2NC([C@@H](C3=CCC=CC3)N)=O,Epicillin,-2.03,-1.864,0.02,37,171,351.43,1.06,2.67,2.8,2.4,2.52,0.22,4.21,CC1(C)S[C@@H]2[C@H](NC(=O)[C@H](N)C3=CCC=CC3)C(=O)N2[C@H]1C(=O)O
3339,[C@@H]12[C@@H]([C@@H](O)CO1)OC[C@H]2O,Isosorbide,-2.34,-2.34,0.17,25,62,146.14,0.41,1.32,1,1.04,0.97,-1.49,1.42,O[C@@H]1CO[C@H]2[C@@H]1OC[C@@H]2O
3340,[C@@H]12[C@H]([C@H](C=CC1=C[C@@H](C[C@@H]2OC(=O)[C@H](CC)C)C)C)CC[C@H]3OC(=O)C[C@H](O)C3,Lovastatin,-5.43,-5.43,0.33,25,175,404.55,0.31,1.44,2.34,1.38,3.29,4.2,7.2,CC[C@H](C)C(=O)O[C@H]1C[C@@H](C)C=C2C=C[C@H](C)[C@H](CC[C@@H]3C[C@@H](O)CC(=O)O3)[C@H]21
3341,[C@@H]14C(=C[C@H](NC(N(CC)CC)=O)CN1C)C2=CC=CC3=C2C(=C[NH]3)C4,Lisuride,-4.49,-4.39,0.04,37,163,338.46,0.49,1.67,2.33,2.41,2.69,2.84,4.04,CCN(CC)C(=O)N[C@H]1C=C2c3cccc4[nH]cc(c34)C[C@H]2N(C)C1
3342,[C@@H]14C([C@]2(C(=CC1=O)C3C(CC2)(CC[C@@](C3)(C(=O)O)C)C)C)(CC[C@@H]5C4(CCC(OC(=O)CCC(=O)O)C5(C)C)C)C,Carbenoxolone,-8.06,-8.1,0.2,23,293,570.77,1.14,1.69,2.1,1.7,4.55,6.83,6.95,CC12CC[C@](C)(C(=O)O)CC1C1=CC(=O)[C@@H]3C4(C)CCC(OC(=O)CCC(=O)O)C(C)(C)[C@@H]4CCC3(C)[C@]1(C)CC2
3343,[C@@H]15[C@@H](CN([C@@H](C1)C(=O)NC(C)(C)C)C[C@@H](O)[C@@H](NC(=O)[C@@H](NC(=O)C2=NC3=C(C=C2)C=CC=C3)CC(=O)N)CC4=CC=CC=C4)CCCC5,Saquinavir,-6.11,-6.11,0.54,25,249,670.85,1.46,3.89,5.55,4.09,5.3,3.09,11.67,CC(C)(C)NC(=O)[C@@H]1C[C@@H]2CCCC[C@@H]2CN1C[C@@H](O)[C@H](Cc1ccccc1)NC(=O)[C@H](CC(N)=O)NC(=O)c1ccc2ccccc2n1
3344,[C@@H]2(N(C([C@@H](N[C@@H](CCC1=CC=CC=C1)C(OCC)=O)C)=O)CCC2)C(O)=O,Enalapril,-1.36,-1.36,0.2,25,144,376.45,0.71,1.92,2.61,1.51,2.94,1.6,7.79,CCOC(=O)[C@H](CCc1ccccc1)N[C@@H](C)C(=O)N1CCC[C@H]1C(=O)O
3345,[C@@H]2(N(CC1=NC(=O)NN1)CCO[C@H]2O[C@@H](C3=CC(=CC(=C3)C(F)(F)F)C(F)(F)F)C)C4=CC=C(F)C=C4,Aprepitant,-5.83,-5.83,0.29,25,246,534.43,0.39,2.11,2.17,1.71,3.27,4.95,7.44,C[C@@H](O[C@@H]1OCCN(Cc2nc(=O)[nH][nH]2)[C@@H]1c1ccc(F)cc1)c1cc(C(F)(F)F)cc(C(F)(F)F)c1
3346,[C@@H]2(N1C[C@H](C=C)[C@H](CC1)C2)[C@@H](C3=CC=NC4=C3C=C(C=C4)OC)O,Quinine,-2.82,-2.82,0.05,25,177,324.42,0.23,1.81,1.71,2.4,2.55,3.17,4.03,C=C[C@H]1CN2CC[C@@H]1C[C@H]2[C@H](O)c1ccnc2ccc(OC)cc12
3347,[C@@H]2(NC(=O)C(=N/OC(C(=O)O)(C)C)\C1=CSC(=N1)[NH3+])C(=O)N([S]([O-])(=O)=O)[C@H]2C,Aztreonam,-1.64,-1.67,0.54,23,227,435.44,0.84,2.66,3.62,2.46,2.76,-2.22,5.75,C[C@H]1[C@H](NC(=O)/C(=N\OC(C)(C)C(=O)O)c2csc([NH3+])n2)C(=O)N1S(=O)(=O)[O-]
3348,[C@@H]2(OC1=C(C=CC=C1)CO)O[C@@H]([C@@H](O)[C@@H]([C@H]2O)O)CO,Salicin,-0.85,-0.85,0.17,25,207,286.28,1.31,2.33,2.11,2.01,2.01,-1.64,4.92,OCc1ccccc1O[C@@H]1O[C@H](CO)[C@@H](O)[C@H](O)[C@H]1O
3349,[C@@H]2(OC1=C(C=O)C=CC=C1)O[C@H](CO)[C@H]([C@@H]([C@H]2O)O)O,Helicin,-1.18,-1.2,0.17,23,175,284.26,1,2.21,2.46,2.02,1.96,-1.32,4.68,O=Cc1ccccc1O[C@@H]1O[C@H](CO)[C@@H](O)[C@H](O)[C@H]1O
3350,[C@@H]2(OC1=C(NC(=NC1=O)N)N)O[C@@H]([C@@H](O)[C@H](O)[C@H]2O)CO,Vicine,-1.48,-1.48,0.17,23,241,304.26,1.68,3.67,2.55,2.56,1.98,-3.89,4.29,Nc1nc(=O)c(O[C@@H]2O[C@H](CO)[C@@H](O)[C@H](O)[C@H]2O)c(N)[nH]1
3351,[C@@H]2(OC1O[C@@H](O[C@@H]1[C@H]2O)C(Cl)(Cl)Cl)[C@H](O)CO,Chloralose,-1.78,-1.84,0.17,15,183,309.53,0.73,1.76,1.73,1.55,1.74,-0.46,4.1,OC[C@@H](O)[C@H]1OC2O[C@H](C(Cl)(Cl)Cl)O[C@@H]2[C@H]1O
3352,[C@@H]23C[C@@H]1[C@](O)(C4=C(C(=C1C(=O)[C@]2(O)C(=O)\C(C(=O)[C@H]3N(C)C)=C(/O)N)O)C(=CC=C4)O)C,Tetracycline,-3.19,-3.19,0.08,25,165,444.44,1.75,3.78,3.46,3.44,3.1,-0.37,4.57,CN(C)[C@@H]1C(=O)/C(=C(\N)O)C(=O)[C@@]2(O)C(=O)C3=C(O)c4c(O)cccc4[C@@](C)(O)[C@H]3C[C@@H]12
3353,[C@@H]23N(C(=C(CSC1=NN=N[N]1C)CS2)C(O)=O)C(=O)[C@H]3NC([C@@H](C4=CC=CC=C4)O)=O,Cefamandole,-0.14,-0.14,0.17,25,203,462.51,1.02,3.18,4.03,3.63,3.04,-0.23,5.98,Cn1nnnc1SCC1=C(C(=O)O)N2C(=O)[C@@H](NC(=O)[C@H](O)c3ccccc3)[C@H]2SC1
3354,[C@@H]23[C@@H](O)[C@@H]1[C@H](C4=C(C(=C1C(=O)[C@]2(O)C(=O)\C(C(=O)[C@H]3N(C)C)=C(/O)N)O)C(=CC=C4)O)C,Doxycycline·H2O,-2.35,-2.35,0.08,25,201,444.44,1.75,3.66,3.56,3.45,3.1,-0.5,4.74,C[C@H]1c2cccc(O)c2C(O)=C2C(=O)[C@]3(O)C(=O)/C(=C(/N)O)C(=O)[C@@H](N(C)C)[C@@H]3[C@@H](O)[C@@H]21
3355,[C@@H]23[C@H]([C@H]1[C@]([C@@H](C(C)=O)CC1)(C)CC2)CC=C4[C@@]3(CC[C@@H](C4)O)C,Pregnenolone,-3.98,-4,0.53,23,192,316.49,0.31,1.04,2.26,1.56,2.66,4.52,3.57,CC(=O)[C@H]1CC[C@H]2[C@@H]3CC=C4C[C@@H](O)CC[C@]4(C)[C@H]3CC[C@]12C
3356,[C@@H]23[C@H]([C@H]1[C@]([C@@H](C(C)=O)CC1)(C)CC2)CCC4=CC(=O)CC[C@]34C,Progesterone,-4.54,-4.54,0.23,25,126,314.47,0,1.04,2.49,1.56,2.62,4.72,3.42,CC(=O)[C@H]1CC[C@H]2[C@@H]3CCC4=CC(=O)CC[C@]4(C)[C@H]3CC[C@]12C
3357,[C@@H]23[C@H]([C@H]1[C@]([C@@H](C(CO)=O)CC1)(C)C[C@@H]2O)CCC4=CC(=O)CC[C@]34C,Corticosterone,-3.2,-3.2,0.04,25,182,346.47,0.48,1.62,2.8,1.9,2.74,2.67,4.01,C[C@]12C[C@H](O)[C@H]3[C@@H](CCC4=CC(=O)CC[C@@]43C)[C@@H]1CC[C@@H]2C(=O)CO
3358,[C@@H]23[C@H]([C@H]1[C@]([C@@H](OC(CC)=O)CC1)(C)CC2)CCC4=CC(=O)CC[C@]34C,TestosteronePropionate,-5.24,-5.24,0.06,25,120,344.5,0,1.07,2.4,1.41,2.82,4.84,4.12,CCC(=O)O[C@H]1CC[C@H]2[C@@H]3CCC4=CC(=O)CC[C@]4(C)[C@H]3CC[C@]12C
3359,[C@@H]23[C@H]([C@H]1[C@]([C@@](C#C)(O)CC1)(C)CC2)CCC4=CC5=C(C[C@]34C)C=NO5,Danazol,-5.77,-5.77,0.5,25,229,337.46,0.4,1.03,2.38,2.14,2.67,4.22,3.01,C#C[C@]1(O)CC[C@H]2[C@@H]3CCC4=Cc5oncc5C[C@]4(C)[C@H]3CC[C@@]21C
3360,[C@@H]3(C1=C(C=C2C(=C1OC)OCO2)CCN3C)[C@@H]5C4=C(C(=C(OC)C=C4)OC)C(O5)=O,Noscapine<Narcotine>,-4.54,-4.54,0.04,25,176,413.43,0,2.09,3.09,2.39,2.88,2.88,4.39,COc1ccc2c(c1OC)C(=O)O[C@@H]2[C@H]1c2c(cc3c(c2OC)OCO3)CCN1C
3361,[C@@H]3(CN(C1=CC=C(C(=C1)F)N2CCN(C(CO)=O)CC2)C(O3)=O)CNC(C)=O,Eperezolid,-1.95,-1.97,0.17,23,187,394.4,0.45,2.4,3.47,2.14,2.77,-0.07,5.98,CC(=O)NC[C@H]1CN(c2ccc(N3CCN(C(=O)CO)CC3)c(F)c2)C(=O)O1
3362,[C@@H]3(CN(C1=CC=C(C(=C1)F)N2CCOCC2)C(O3)=O)CNC(C)=O,Linezolid,-2.2,-2.2,0.05,25,182,337.35,0.27,1.72,2.69,1.72,2.37,1.12,4.84,CC(=O)NC[C@H]1CN(c2ccc(N3CCOCC3)c(F)c2)C(=O)O1
3363,[C@@H]3(O)C2=NC1=CC=CC=C1C(=O)N2CC3,Vasicinone,-2.11,-2.11,0.17,25,204,202.21,0.31,1.14,1.77,1.73,1.43,0.83,1.66,O=c1c2ccccc2nc2n1CC[C@@H]2O
3364,[C@@H]3(OC1=C(C(=CC(=C1)O)O)C(=O)CCC2=CC=C(O)C=C2)O[C@@H]([C@@H](O)[C@H](O)[C@H]3O)CO,Phloridzin,-2.62,-2.64,0.17,22,110,436.42,2.29,2.74,3.3,3.16,3.03,-0.2,6.98,O=C(CCc1ccc(O)cc1)c1c(O)cc(O)cc1O[C@@H]1O[C@H](CO)[C@@H](O)[C@H](O)[C@H]1O
3365,[C@@H]34C[C@@H]2[C@](O)(C1=C(Cl)C=CC(=C1C(=C2C(=O)[C@]3(O)C(=O)\C(C(=O)[C@H]4N(C)C)=C(/O)N)O)O)C,Chlortetracycline,-2.94,-2.94,0.18,25,169,478.89,1.92,3.76,3.57,3.59,3.22,0.28,4.96,CN(C)[C@@H]1C(=O)/C(=C(\N)O)C(=O)[C@@]2(O)C(=O)C3=C(O)c4c(O)ccc(Cl)c4[C@@](C)(O)[C@H]3C[C@@H]12
3366,[C@@H]4(CN(C1=C(F)C=C3C(=C1OC)N(C2CC2)C=C(C3=O)C(=O)O)CC4)[C@@H](NC)C,Premafloxacin,-1.81,-1.81,0.65,25,188,403.45,0.71,2.07,2.55,2.26,2.93,2.62,4.98,CN[C@@H](C)[C@@H]1CCN(c2c(F)cc3c(=O)c(C(=O)O)cn(C4CC4)c3c2OC)C1
3367,[C@@](C(O)=O)(CC1=CC=C(C(=C1)O)O)(C)N,Methyldopa,-1.33,-1.33,0.02,25,300,211.22,1.56,1.45,1.73,1.3,1.57,0.44,2.86,C[C@](N)(Cc1ccc(O)c(O)c1)C(=O)O
3368,[C@@](C)(O)(C(=O)O[C@@H]4[C@H]1[C@H]([C@H]([C@@]2(OC[C@@]13[C@H]2[C@@]5([C@@H](C[C@H]3OC4=O)C(=C[C@@H]([C@H]5O)O)C)C)O)O)C)CC,Glaucarubin,-2.44,-2.44,0.17,23,159,496.55,1.23,2.84,3.14,2.36,3.55,-0.36,5.37,CC[C@](C)(O)C(=O)O[C@H]1C(=O)O[C@@H]2C[C@H]3C(C)=C[C@H](O)[C@@H](O)[C@]3(C)[C@H]3[C@@]4(O)OC[C@]32[C@@H]1[C@@H](C)[C@H]4O
3369,[C@@]12(CC[C@H](CC1=O)C2(C)C)C,"(1R,4R)-(+)-Camphor",-3.18,-3.18,0.21,25,179,152.24,0,0.41,0.73,0.61,1.32,2.4,1.13,CC1(C)[C@@H]2CC[C@@]1(C)C(=O)C2
3370,[C@@]123[C@H]7[C@@](COC)([C@@H](C[C@@H]1OC)O)CN(C2[C@@H]([C@@]4([C@@H]5[C@H]3C[C@@]([C@@H](OC)[C@@H]4O)(O)[C@@H]5OC(=O)C6=CC=CC=C6)OC(=O)C)[C@@H]7OC)CC,Aconitine,-3.35,-3.35,0.24,25,204,645.75,0.73,3.56,3.09,3,4.67,0.65,7.7,CCN1C[C@]2(COC)[C@H](O)C[C@H](OC)[C@]34C1[C@H]([C@H](OC)[C@H]23)[C@]1(OC(C)=O)[C@H]2[C@@H](OC(=O)c3ccccc3)[C@](O)(C[C@H]24)[C@@H](OC)[C@@H]1O
3371,[C@@]125C3=C4C[C@H](C1=CC=C([C@@H]2OC3=C(C=C4)OC)OC)N(C)CC5,Thebaine,-2.66,-2.66,0.17,25,193,311.38,0,1.46,1.89,2.05,2.3,2.42,2.53,COC1=CC=C2[C@H]3Cc4ccc(OC)c5c4[C@@]2(CCN3C)[C@H]1O5
3372,[C@@]125C3=C4C[C@H]([C@@H]1C=CC([C@@H]2OC3=C(C=C4)O)O)N(C)CC5,Morphine,-3.15,-3.15,0.09,25,254,285.34,0.5,1.47,1.59,2.23,2.06,1.2,2.08,CN1CC[C@]23c4c5ccc(O)c4O[C@H]2C(O)C=C[C@H]3[C@H]1C5
3373,[C@@]125C3=C4C[C@H]([C@@H]1C=C[C@@H]([C@@H]2OC3=C(C=C4)OC(C)=O)OC(C)=O)N(C)CC5,Diacetylmorphine<Heroin>,-2.8,-2.8,0.01,25,173,369.42,0,1.62,1.95,1.97,2.66,1.99,3.47,CC(=O)Oc1ccc2c3c1O[C@H]1[C@@H](OC(C)=O)C=C[C@H]4[C@@H](C2)N(C)CC[C@@]341
3374,[C@@]125C3=C4C[C@H]([C@@H]1C=C[C@@H]([C@@H]2OC3=C(C=C4)OC)O)N(C)CC5,Codeine·H2O,-1.56,-1.58,0.05,23,158,299.37,0.23,1.58,1.92,2.16,2.21,1.5,2.39,COc1ccc2c3c1O[C@H]1[C@@H](O)C=C[C@H]4[C@@H](C2)N(C)CC[C@@]341
3375,[C@@]125C3=C4C[C@H]([C@@H]1C=C[C@@H]([C@@H]2OC3=C(C=C4)OCC)O)N(C)CC5,Ethylmorphine<Dionine>,-2.03,-2.08,0.17,20,200,313.4,0.23,1.58,1.93,2.16,2.35,1.89,2.73,CCOc1ccc2c3c1O[C@H]1[C@@H](O)C=C[C@H]4[C@@H](C2)N(C)CC[C@@]341
3376,[C@@]126C3=C4C[C@H]([C@@H]1C=C[C@@H]([C@@H]2OC3=C(C=C4)OCC5=CC=CC=C5)O)N(C)CC6,"Morphine,Benzyl-",-2.97,-2.99,0.17,23,132,375.47,0.23,1.67,2.39,2.73,2.81,3.07,3.48,CN1CC[C@]23c4c5ccc(OCc6ccccc6)c4O[C@H]2[C@@H](O)C=C[C@H]3[C@H]1C5
3377,[C@@]13(O[C@H]([C@@H]([C@@H](O)C1)C(O)=O)C[C@@H](O[C@@H]2O[C@@H]([C@@H](O)[C@H](N)[C@@H]2O)C)\C=C/C=C\C=C/C=C\C=C/C=C\C=C/[C@@H]([C@@H](O)[C@H]([C@@H](OC(=O)C[C@H](O)C[C@H](O)CC[C@@H](O)[C@H](O)C[C@H](O)C3)C)C)C)O,AmphotericinB,-3.03,-3.09,0.69,28,179,924.09,3.55,5.99,5.12,4.47,7.12,0.71,23.55,C[C@@H]1[C@H](O)[C@@H](C)/C=C\C=C/C=C\C=C/C=C\C=C/C=C\[C@H](O[C@@H]2O[C@H](C)[C@@H](O)[C@H](N)[C@@H]2O)C[C@@H]2O[C@](O)(C[C@@H](O)C[C@@H](O)[C@H](O)CC[C@@H](O)C[C@@H](O)CC(=O)O[C@H]1C)C[C@H](O)[C@H]2C(=O)O
3378,[C@@]13([C@]([C@@H]2CC[C@H]1O2)(C(=O)OC3=O)C)C,Cantharidin,-3.75,-3.82,0.32,20,218,196.2,0,1.03,2.46,0.94,1.34,0.64,1.22,C[C@@]12C(=O)OC(=O)[C@]1(C)[C@H]1CC[C@@H]2O1
3379,[C@@]137[C@@]2([C@@H]([C@](O1)([C@@H](OC(C(=C\C)/C)=O)CC2)O)CC[C@H]3[C@]6([C@]([C@H]4[C@@]([C@@]([C@H]5N(C4)C[C@H](CC5)C)(O)C)([C@H](C6)O)O)(C7)O)O)C,Cevadine<Veratrine>,-3.03,-3.03,0.18,25,214,591.75,1.49,3.35,2.61,3.07,4.4,0.99,6.04,C/C=C(/C)C(=O)O[C@H]1CC[C@@]2(C)[C@@H]3CC[C@H]4[C@]5(O)C[C@H](O)[C@@]6(O)[C@@H](CN7C[C@@H](C)CC[C@H]7[C@@]6(C)O)[C@]5(O)C[C@@]42O[C@]13O
3380,[C@@]14(O)[C@@]([C@H](CC1)C2=COC(=O)C=C2)(CCC5[C@@]6([C@](O[C@@H]3OC([C@@H](O)C(O)C3O)CO)(CCC45)C=CCC6)C=O)C,Scilliglaucoside,-2.2,-2.23,0.17,20,194,560.64,1.31,3.29,4.24,3.3,4.06,1.17,6.93,C[C@]12CCC3C(CC[C@]4(O[C@@H]5OC(CO)[C@@H](O)C(O)C5O)C=CCC[C@]34C=O)[C@@]1(O)CC[C@@H]2c1ccc(=O)oc1
3381,[C@@]23(CCC(=O)[C@@H]4OC1=C5C(=CC=C1OC)C[C@H]2N(CC[C@@]345)C)O,Oxycodone,-3.1,-2.96,0.15,37,219,315.37,0.23,1.8,2.28,2.18,2.26,1.05,2.45,COc1ccc2c3c1O[C@H]1C(=O)CC[C@@]4(O)[C@@H](C2)N(C)CC[C@]314
3382,[C@@]24([C@]1(OC1)[C@H](O[C@H]3[C@@]2(CC(=O)C(=C3)C)C)C[C@H]4OC(=O)\C=C/C)C,Trichothecin,-2.92,-2.92,0.17,25,118,332.4,0,1.37,1.69,1.45,2.47,2.35,3.2,C/C=C\C(=O)O[C@@H]1C[C@H]2O[C@@H]3C=C(C)C(=O)C[C@]3(C)[C@]1(C)[C@@]21CO1
3383,[C@@]25([C@H]([C@@H](OC(C1=CC=C(C=C1)O)=O)[C@H]4[C@@H]2[C@H](O[C@H]3[C@@H]([C@@H](O)[C@@H]([C@H](O3)CO)O)O)OC=C4)O5)CO,Catalposide,-1.9,-1.95,0.17,15,208,482.44,1.89,3.51,3.35,3.18,3.15,-2.02,6.02,O=C(O[C@H]1[C@@H]2C=CO[C@@H](O[C@@H]3O[C@H](CO)[C@@H](O)[C@H](O)[C@H]3O)[C@@H]2[C@@]2(CO)O[C@@H]12)c1ccc(O)cc1
3384,[C@@]256[C@H]1N(C(C[C@H]4[C@@H]1[C@H]3C[C@@H]2[N+](CC3=CCO4)([O-])CC5)=O)C7=CC=CC=C67,StrychnineN-oxide,-1.24,-1.28,0.17,22,190,350.42,0,1.2,1.76,2.35,2.47,2.11,2.35,O=C1C[C@@H]2OCC=C3C[N+]4([O-])CC[C@]56c7ccccc7N1[C@H]5[C@H]2[C@H]3C[C@@H]64
3385,[C@@]45([C@@]3([C@H]([C@H]2[C@@H]([C@@]1(C(=CC(=O)CC1)C[C@H]2SC(C)=O)C)CC3)CC4)C)OC(=O)CC5,Spironolactone,-4.29,-4.29,0.02,25,135,416.58,0,1.63,3.81,2.24,3.17,4.85,4.41,CC(=O)S[C@@H]1CC2=CC(=O)CC[C@]2(C)[C@H]2CC[C@@]3(C)[C@@H](CC[C@@]34CCC(=O)O4)[C@H]12
3386,[C@@]45([C@@]3([C@H]([C@H]2[C@]([C@@]1(C(=CC(=O)C=C1)CC2)C)(F)[C@H](C3)O)C[C@H]4OC(O5)(C)C)C)C(COC(CC(C)(C)C)=O)=O,TriamcinoloneHexacetonide,-5.12,-5.12,0.6,25,295,532.65,0.38,2.24,3.43,2.09,4.01,4.41,6.05,CC(C)(C)CC(=O)OCC(=O)[C@@]12OC(C)(C)O[C@@H]1C[C@H]1[C@@H]3CCC4=CC(=O)C=C[C@]4(C)[C@@]3(F)[C@@H](O)C[C@@]12C
3387,[C@@]56(N(C([C@@](NC([C@@H]4C=C3C1=CC=CC2=C1C(=C(Br)[NH]2)C[C@H]3N(C4)C)=O)(C(C)C)O5)=O)[C@H](C(=O)N7[C@H]6CCC7)CC(C)C)O,Bromocriptine,-4.7,-4.7,0.59,25,217,654.595,0.79,3.66,4.28,4.33,4.48,3.19,6.67,CC(C)C[C@H]1C(=O)N2CCC[C@H]2[C@]2(O)O[C@](NC(=O)[C@@H]3C=C4c5cccc6[nH]c(Br)c(c56)C[C@H]4N(C)C3)(C(C)C)C(=O)N12
3388,[C@H](C(N1CCC(OCC(OCC)=O)CC1)=O)(NC(C2=CC=C(C=C2)\C(=N\O)N)=O)C,Sibrafiban,-3.22,-3.22,0.4,25,164,420.47,0.78,2.75,3.34,2.19,3.16,0.47,8.6,CCOC(=O)COC1CCN(C(=O)[C@H](C)NC(=O)c2ccc(/C(N)=N/O)cc2)CC1
3389,[C@H](C1=CC=NC2=C1C=C(OC)C=C2)([C@@H]3N4C[C@H](C=C)[C@H](C3)CC4)O,Quinidine,-2.81,-2.81,0.02,25,175,324.42,0.23,1.81,1.71,2.4,2.55,3.17,4.03,C=C[C@H]1CN2CC[C@H]1C[C@@H]2[C@@H](O)c1ccnc2ccc(OC)cc12
3390,[C@H](C2=C(N1CCCCC1)C=CC=C2)(NC(CC3=CC=C(C(=C3)OCC)C(O)=O)=O)CC(C)C,Repaglinide,-4.8,-4.61,0.39,37,131,452.59,0.83,1.71,2.77,2.17,3.68,5.22,8.75,CCOc1cc(CC(=O)N[C@@H](CC(C)C)c2ccccc2N2CCCCC2)ccc1C(=O)O
3391,[C@H](CC1=CC=CC=C1)(C[C@@H]([C@H](CC2=CC=CC=C2)NC(OCC3=CN=CS3)=O)O)NC([C@@H](NC(N(CC4=CSC(=N4)C(C)C)C)=O)C(C)C)=O,Ritonavir,-5.08,-5.08,0.14,23,121,720.96,0.88,3.14,5.05,3.69,5.55,5.91,14.75,CC(C)c1nc(CN(C)C(=O)N[C@H](C(=O)N[C@@H](Cc2ccccc2)C[C@H](O)[C@H](Cc2ccccc2)NC(=O)OCc2cncs2)C(C)C)cs1
3392,[C@H](CCC(N)=O)(C(O)=O)N,L-Glutamine,-0.55,-0.55,0.01,25,185,146.15,1.27,1.48,1.84,0.79,1.1,-1.34,3.42,NC(=O)CC[C@H](N)C(=O)O
3393,[C@H](N(CC3=CC=C(C1=CC=CC=C1C2=N[NH]N=N2)C=C3)C(CCCC)=O)(C(C)C)C(O)=O,Valsartan,-4.2,-4.2,0.32,25,116,435.53,1.21,1.82,3.32,2.96,3.41,4.16,7.7,CCCCC(=O)N(Cc1ccc(-c2ccccc2-c2nn[nH]n2)cc1)[C@H](C(=O)O)C(C)C
3394,[C@H](NC(C3=CC=C(N(CC2=NC1=C(N=C(N=C1N=C2)N)N)C)C=C3)=O)(CCC(O)=O)C(O)=O,Methotrexate,-4.1,-4.1,0.1,25,194,454.45,1.85,2.82,4.23,3.51,3.22,0.27,6.81,CN(Cc1cnc2nc(N)nc(N)c2n1)c1ccc(C(=O)N[C@@H](CCC(=O)O)C(=O)O)cc1
3395,[C@H](NC(C3=CC=C(NCC1=NC2=C(N=C1)NC(=NC2=O)N)C=C3)=O)(CCC(O)=O)C(O)=O,FolicAcid,-5.98,-6,0.17,23,250,441.41,1.95,3.14,3.74,3.24,3.04,-0.04,6.58,Nc1nc(=O)c2nc(CNc3ccc(C(=O)N[C@@H](CCC(=O)O)C(=O)O)cc3)cnc2[nH]1
3396,[C@H](NCCN[C@@H](CC)CO)(CC)CO,Ethambutol,-0.57,-0.57,0.17,25,88,204.31,0.78,1.72,0.98,0.73,1.83,-0.29,9.29,CC[C@@H](CO)NCCN[C@@H](CC)CO
3397,[C@H](O)(C(O)[C@H](O)[C@H](O)CO)[C@@H](O)CO,(+)-Perseitol,-0.47,-0.52,0.17,18,188,212.2,1.89,2.12,2.01,1.44,1.51,-4.22,6.13,OC[C@@H](O)[C@@H](O)C(O)[C@H](O)[C@@H](O)CO
3398,[C@H](O)(COC2=C(C1CCCC1)C=CC=C2)CNC(C)(C)C,Penbutolol,-1.65,-1.65,0.17,23,70,291.44,0.29,1.33,1.1,1.25,2.52,3.47,5.65,CC(C)(C)NC[C@@H](O)COc1ccccc1C1CCCC1
3399,[C@H](O)([C@H](O)C(=O)O)C(=O)O,D-TartaricAcid,0.52,0.52,0.1,25,173,150.09,1.23,1.3,1.13,0.61,0.94,-2.12,2.78,O=C(O)[C@@H](O)[C@H](O)C(=O)O
3400,[C@H]([NH3+])(C1=CC=CC2=CC=CC=C12)CC([O-])=O,(3R)-3-Amino-3-(1-naphthyl)propanoicAcid,-1.56,-1.59,0.17,23,159,215.25,0,0.49,1.53,1.73,1.68,0.26,2.88,[NH3+][C@H](CC(=O)[O-])c1cccc2ccccc12
3401,[C@H]1(C2=C([S](N(CCCOC)C1)(=O)=O)SC(=C2)[S](N)(=O)=O)NCC,Brinzolamide,-3.02,-3.02,0.08,25,131,383.52,0.59,2.26,2.65,1.99,2.58,0.09,5.82,CCN[C@H]1CN(CCCOC)S(=O)(=O)c2sc(S(N)(=O)=O)cc21
3402,[C@H]1(C3CC[C@@H]([C@@H]1CC2=C(C=CC=C2)CCC(O)=O)O3)C4=NC(=CO4)C(NCCCCC)=O,Ifetroban,-4.99,-5.02,0.23,23,164,440.54,0.83,1.68,2.76,2.06,3.39,4.12,7.25,CCCCCNC(=O)c1coc([C@@H]2C3CC[C@H](O3)[C@@H]2Cc2ccccc2CCC(=O)O)n1
3403,[C@H]1(C3N(C(C[C@@H]1OC(=O)C2=CC=CC=C2)CC3)C)C(=O)OC,Cocaine,-2.26,-2.26,0.01,25,98,303.36,0,1.36,1.76,1.32,2.3,1.87,4.15,COC(=O)[C@@H]1C2CCC(C[C@@H]1OC(=O)c1ccccc1)N2C
3404,[C@H]1(C5=C([C@H](C2[C@@H]1C(OC2)=O)O[C@@H]3O[C@H]4[C@H]([C@@H]([C@H]3O)O)O[C@@H](OC4)C)C=C6C(=C5)OCO6)C7=CC(=C(C(=C7)OC)O)OC,Etoposide,-3.82,-3.82,0.56,25,244,588.56,0.6,3.23,4.11,3.38,3.9,1.34,6.84,COc1cc([C@@H]2c3cc4c(cc3[C@@H](O[C@@H]3O[C@@H]5CO[C@@H](C)O[C@H]5[C@H](O)[C@H]3O)C3COC(=O)[C@@H]32)OCO4)cc(OC)c1O
3405,[C@H]1(O[C@@H]([C@@H](O)[C@H](O)[C@H]1O)CO)OC2=CC=CC=C2,Phenyl?-D-glucopyranoside,-0.89,-0.94,0.17,18,177,256.25,1,1.92,1.96,1.77,1.81,-1.13,4.15,OC[C@H]1O[C@@H](Oc2ccccc2)[C@H](O)[C@@H](O)[C@@H]1O
3406,[C@H]1(O[C@@H]([C@H]([C@@H]([C@H]1O)O)O)CO)OC2=CC=C(C=C2OC)[C@H]3OC[C@H]4[C@@H]3CO[C@H]4C5=CC=C(C(=C5)OC)OC,Phillyrin,-3.09,-3.13,0.19,18,193,534.56,1,3.22,3.93,3.11,3.76,0.97,7.96,COc1ccc([C@@H]2OC[C@H]3[C@@H]2CO[C@@H]3c2ccc(O[C@@H]3O[C@H](CO)[C@@H](O)[C@H](O)[C@H]3O)c(OC)c2)cc1OC
3407,[C@H]1(O[C@@H]([C@H]([C@H]1O)O)CO)[N]2C3=C(N=C2)C(=NC=N3)O,Inosine·2H2O,-1.17,-1.22,0.17,20,90,268.23,0.82,2.28,2.53,2.59,1.71,-1.86,2.82,OC[C@H]1O[C@@H](n2cnc3c(O)ncnc32)[C@H](O)[C@@H]1O
3408,[C@H]1(O[C@@H]([C@H]([C@H]1O)O)CO)[N]2C3=C(N=C2)C(=O)NC(=N3)N,Guanosine,-2.53,-2.61,0.02,18,239,283.24,1.34,2.86,2.82,2.56,1.81,-2.69,2.94,Nc1nc2c(ncn2[C@@H]2O[C@H](CO)[C@@H](O)[C@H]2O)c(=O)[nH]1
3409,[C@H]1(SC(=O)NC1=O)CC3=CC=C(OCCN(C2=CC=CC=N2)C)C=C3,Rosiglitazone,-5.22,-5.22,0.72,25,123,357.44,0.34,1.88,2.64,2.55,2.61,2.49,5.55,CN(CCOc1ccc(C[C@@H]2SC(=O)NC2=O)cc1)c1ccccn1
3410,[C@H]1([C@H]([C@H](O)CC1=O)\C=C\[C@H](CCCCC)O)CCCCCCC(O)=O,Alprostadil,-3.63,-3.67,0.3,23,116,354.49,1.2,1.42,1.85,1.16,2.98,3.48,10.66,CCCCC[C@H](O)/C=C/[C@H]1[C@H](O)CC(=O)[C@@H]1CCCCCCC(=O)O
3411,[C@H]12SC([C@@H](N1C(=O)[C@H]2N)C(=O)O)(C)C,6-(+)-AminopenicillanicAcid,-2.07,-2.07,0.12,25,202,216.26,0.8,1.94,1.69,1.59,1.47,-0.54,1.85,CC1(C)S[C@@H]2[C@H](N)C(=O)N2[C@H]1C(=O)O
3412,[C@H]12SC([C@@H](N1C(=O)[C@H]2NC(=O)[C@H](N)C3=CC=C(O)C=C3)C(=O)O)(C)C,Amoxicillin,-1.97,-1.97,0.1,25,194,365.41,1.55,2.9,3.22,2.7,2.54,0.02,4.16,CC1(C)S[C@@H]2[C@H](NC(=O)[C@H](N)c3ccc(O)cc3)C(=O)N2[C@H]1C(=O)O
3413,[C@H]12SCC(=C(N1C(=O)[C@H]2NC(=O)[C@H](N)C3=CC=CC=C3)C(=O)O)C,Cephalexin·H2O,-1.44,-1.44,0.11,25,327,347.4,1.06,2.54,3.27,2.53,2.43,0.44,4.33,CC1=C(C(=O)O)N2C(=O)[C@@H](NC(=O)[C@H](N)c3ccccc3)[C@H]2SC1
3414,[C@H]12[C@@H](C[C@H](O)C1)\C=C\CCC[C@@H](OC(=O)/C=C/[C@@H]2O)C,BrefeldinA,-5.67,-5.67,0.71,26,160,280.36,0.63,1.17,1.47,1.23,2.25,1.96,5.37,C[C@H]1CCC/C=C/[C@@H]2C[C@H](O)C[C@H]2[C@@H](O)/C=C/C(=O)O1
3415,[C@H]12[C@@H](OC(C(CC)(C)C)=O)C[C@@H](C)C=C1C=C[C@@H]([C@@H]2CC[C@@H]3C[C@H](CC(O3)=O)O)C,Simvastatin,-5.32,-5.32,0.32,25,137,418.57,0.31,1.45,2.29,1.35,3.43,4.59,7.11,CCC(C)(C)C(=O)O[C@H]1C[C@@H](C)C=C2C=C[C@H](C)[C@H](CC[C@@H]3C[C@@H](O)CC(=O)O3)[C@H]21
3416,[C@H]12[C@H](C1N)CN(C2)C3=C(F)C=C4C(=N3)N(C=C(C4=O)C(O)=O)C5=C(F)C=C(F)C=C5,Trovafloxacin,-4.53,-4.53,0.15,25,205,416.36,0.78,2.08,3.07,2.78,2.62,1.89,3.91,NC1[C@H]2CN(c3nc4c(cc3F)c(=O)c(C(=O)O)cn4-c3ccc(F)cc3F)C[C@@H]12
3417,[C@H]13N(C(=O)[C@H]1NC([C@@H](C2=CCC=CC2)N)=O)C(=C(C)CS3)C(O)=O,Cephradine,-1.16,-1.16,0.06,25,140,349.41,1.06,2.59,3.06,2.45,2.48,0.35,4.51,CC1=C(C(=O)O)N2C(=O)[C@@H](NC(=O)[C@H](N)C3=CCC=CC3)[C@H]2SC1
3418,[C@H]13[C@@H]([C@@]2(C(=CC1)C[C@@H](O)CC2)C)CC[C@]4([C@H]3CCC4=O)C,Prasterone,-4.06,-4.06,0.03,25,141,288.43,0.31,1.01,2.27,1.55,2.38,3.88,2.96,C[C@]12CC[C@H](O)CC1=CC[C@@H]1[C@@H]2CC[C@]2(C)C(=O)CC[C@@H]12
3419,[C@H]13[C@@H]([C@@]2(C(=CC1)C[C@@H](OC(=O)C)CC2)C)CC[C@]4([C@H]3CCC4=O)C,PrasteroneAcetate,-4.45,-4.46,0.46,23,118,330.47,0,1.07,2.4,1.41,2.68,4.45,3.71,CC(=O)O[C@H]1CC[C@@]2(C)C(=CC[C@@H]3[C@@H]2CC[C@]2(C)C(=O)CC[C@@H]32)C1
3420,[C@H]13[C@@]([C@@H]2C(=CC1)C=C(C(C)C)CC2)(CCC[C@]3(C(O)=O)C)C,AbieticAcid<SylvicAcid>,-3.84,-3.92,0.34,20,172,302.46,0.57,0.65,0.86,1.04,2.59,5.21,3.78,CC(C)C1=CC2=CC[C@@H]3[C@](C)(CCC[C@@]3(C)C(=O)O)[C@H]2CC1
3421,[C@H]13[C@H](OC(=O)[C@H]1C)C[C@@H]([C@@H]2C(=C(C(=O)C2)C)[C@H]3O)C,Geigerin,-1.9,-1.95,0.17,20,163,264.32,0.31,1.29,2.27,1.35,2,1.47,2.82,CC1=C2[C@@H](O)[C@@H]3[C@H](C)C(=O)O[C@@H]3C[C@H](C)[C@H]2CC1=O
3422,[C@H]2(C1N(C(CC1)C[C@@H]2O)C)C(O)=O,Ecgonine,0,-0.02,0.17,23,205,185.23,0.88,1.21,1.21,0.99,1.39,-0.09,2.04,CN1C2CCC1[C@@H](C(=O)O)[C@@H](O)C2
3423,[C@H]2(N1C(N=C(N)C=C1)=O)O[C@@H](CO)SC2,Lamivudine<3TC>,-0.48,-0.48,0.12,25,161,229.26,0.44,2.02,1.92,1.97,1.53,-0.59,2.94,Nc1ccn([C@@H]2CS[C@H](CO)O2)c(=O)n1
3424,[C@H]2([C@H]([C@H](O[C@H]1C[C@]([C@@H](O)[C@@H](O1)C)(OC)C)[C@H](C(O[C@@H]([C@@](C)(O)[C@@H]([C@H](C([C@@H](C[C@@]2(C)O)C)=O)C)O)CC)=O)C)C)O[C@H]3[C@@H]([C@H](C[C@H](O3)C)N(C)C)O,Erythromycin<ErythromycinA>,-3.14,-3.14,0.6,25,177,733.93,1.05,4.63,3.04,2.51,5.77,1.79,14.71,CC[C@H]1OC(=O)[C@H](C)[C@@H](O[C@H]2C[C@@](C)(OC)[C@@H](O)[C@H](C)O2)[C@H](C)[C@@H](O[C@@H]2O[C@H](C)C[C@H](N(C)C)[C@H]2O)[C@](C)(O)C[C@@H](C)C(=O)[C@H](C)[C@@H](O)[C@]1(C)O
3425,[C@H]23C(=C1C(=CC(=O)CC1)CC2)[C@H](C[C@]4([C@H]3CC[C@]4(C#CC)O)C)C5=CC=C(C=C5)N(C)C,Mifepristone,-5.94,-5.94,0.42,25,194,429.6,0.31,1.58,3.09,2.61,3.52,5.41,5.13,CC#C[C@]1(O)CC[C@H]2[C@@H]3CCC4=CC(=O)CCC4=C3[C@@H](c3ccc(N(C)C)cc3)C[C@@]21C
3426,[C@H]23C1=CC=CC(N1C[C@@H](C2)CN(C)C3)=O,Caulophylline,0.66,0.65,0.17,23,137,204.27,0,1.29,1.64,1.43,1.6,0.9,1.95,CN1C[C@@H]2C[C@@H](C1)c1cccc(=O)n1C2
3427,[C@H]23[C@@H]([C@@]1(C(=CC(=O)C=C1)C(C2)=C)C)CC[C@]4([C@H]3CCC4=O)C,Exemestane,-4.18,-4.06,0.19,37,172,296.41,0,1.14,2.6,1.81,2.39,4.03,2.78,C=C1C[C@@H]2[C@H](CC[C@]3(C)C(=O)CC[C@@H]23)[C@@]2(C)C=CC(=O)C=C12
3428,[C@H]23[C@@H]([C@@]1(C(=CC(=O)CC1)CC2)C)CC[C@]4([C@H]3CC[C@@H]4O)C,Testosterone,-4.18,-4.18,0.85,25,154,288.42,0.31,1.01,2.27,1.55,2.38,3.88,2.96,C[C@]12CC[C@H]3[C@@H](CCC4=CC(=O)CC[C@@]43C)[C@@H]1CC[C@@H]2O
3429,[C@H]23[C@@H]([C@@]1(C(=CC(=O)CC1)CC2)C)CC[C@]4([C@H]3CC[C@]4(C)O)C,17?-Methyltestosterone,-3.98,-3.98,0.04,25,164,302.46,0.31,1.02,2.22,1.53,2.52,4.27,3.03,C[C@]12CCC(=O)C=C1CC[C@@H]1[C@@H]2CC[C@@]2(C)[C@H]1CC[C@]2(C)O
3430,[C@H]23[C@@H]([C@@]1(C(=CC(=O)CC1)CC2)C)[C@@H](O)C[C@]4([C@H]3CC[C@@H]4C(=O)CO)C=O,Aldosterone,-3.94,-3.85,0.36,37,108,360.45,0.48,1.91,3.35,2.13,2.75,1.85,4.23,C[C@]12CCC(=O)C=C1CC[C@@H]1[C@@H]2[C@@H](O)C[C@]2(C=O)[C@@H](C(=O)CO)CC[C@@H]12
3431,[C@H]23[C@@H]([C@@]1([C@H](CC(=O)CC1)CC2)C)CC[C@]4([C@H]3CC[C@@H]4O)C,Stanolone,-4.74,-4.74,0.52,25,181,290.45,0.31,0.96,2.21,1.43,2.43,3.96,3.1,C[C@]12CCC(=O)C[C@@H]1CC[C@@H]1[C@@H]2CC[C@]2(C)[C@@H](O)CC[C@@H]12
3432,[C@H]23[C@@]([C@@]1(C(=CC(=O)C=C1)[C@H](C2)F)C)([C@H](C[C@]4([C@H]3C[C@@H](C)[C@@]4(C(CO)=O)O)C)O)F,Flumethasone,-5.58,-5.61,0.69,20,179,410.46,0.8,1.96,2.93,1.98,2.93,1.84,4.34,C[C@@H]1C[C@H]2[C@@H]3C[C@H](F)C4=CC(=O)C=C[C@]4(C)[C@@]3(F)[C@@H](O)C[C@]2(C)[C@@]1(O)C(=O)CO
3433,[C@H]23[C@@]([C@@]1(C(=CC(=O)CC1)CC2)C)([C@H](C[C@]4([C@H]3CC[C@@]4(C(CO)=O)O)C)O)F,FludrocortisoneAcetate,-3.43,-3.43,0.26,25,261,380.46,0.8,1.88,2.86,1.91,2.82,1.87,4.06,C[C@]12CCC(=O)C=C1CC[C@H]1[C@@H]3CC[C@](O)(C(=O)CO)[C@@]3(C)C[C@H](O)[C@@]12F
3434,[C@H]23[C@H]1[C@@](C(=O)[C@H](F)C1)(CC[C@@H]2[C@@]4(C(=CC3)CCCC4)C)C,Fluasterone,-6.81,-6.81,0.94,25,117,290.42,0,0.7,1.99,1.25,2.34,4.86,2.95,C[C@]12CCCCC1=CC[C@@H]1[C@@H]2CC[C@]2(C)C(=O)[C@H](F)C[C@@H]12
3435,[C@H]24[C@H]1[C@@]([C@@H](C(CO)=O)[C@@H](C1)C)(C[C@@H]([C@@H]2[C@@]3(C(=CC(=O)C=C3)[C@H](C4)F)C)O)C,Fluocortolone,-3.2,-3.11,0.21,37,188,376.47,0.49,1.71,2.87,1.97,2.85,2.64,4.28,C[C@@H]1C[C@H]2[C@@H]3C[C@H](F)C4=CC(=O)C=C[C@]4(C)[C@H]3[C@@H](O)C[C@]2(C)[C@H]1C(=O)CO
3436,[C@H]24[C@H]1[C@@]([C@](C(CO)=O)(O)CC1)(C[C@@H]([C@@H]2[C@@]3(C(=CC(=O)C=C3)[C@H](C4)C)C)O)C,Methylprednisolone,-3.53,-3.53,0.08,25,233,374.48,0.73,2,3,2.2,2.9,1.8,4.13,C[C@H]1C[C@@H]2[C@H]([C@@H](O)C[C@@]3(C)[C@H]2CC[C@]3(O)C(=O)CO)[C@@]2(C)C=CC(=O)C=C12
3437,[C@H]25[C@H]([C@@H](C1=CC3=C(C=C1[C@@H]2O)OCO3)C4=CC(=C(C(=C4)OC)OC)OC)C(OC5)=O,Picropodophyllin,-3.62,-3.62,0.29,25,228,414.41,0.31,2.17,3.67,2.5,2.83,2.41,4.39,COc1cc([C@@H]2c3cc4c(cc3[C@H](O)[C@H]3COC(=O)[C@@H]23)OCO4)cc(OC)c1OC
3438,[C@H]3(C1=CC(=O)C(=CC=C1C2=C(C(=C(OC)C=C2CC3)OC)OC)OC)NC(C)=O,Colchicine,-0.95,-0.95,0.05,25,156,399.44,0.26,2.08,3.32,2.17,2.99,2.87,5.96,COc1cc2c(c(OC)c1OC)-c1ccc(OC)c(=O)cc1[C@@H](NC(C)=O)CC2
3439,[C@H]3(C1=CC(C(=CC=C1C2=C(C=C(C(=C2OC)OC)OC)CC3)O)=O)NC(=O)C,Colchiceine,-1.71,-1.81,0.17,20,179,385.42,0.57,2.14,3.43,2.33,2.85,2.57,5.44,COc1cc2c(c(OC)c1OC)-c1ccc(O)c(=O)cc1[C@@H](NC(C)=O)CC2
3440,[C@H]3(O[C@@H]1O[C@@H](C[C@H](N(C)C)[C@H]1O)C)[C@](OC)(C[C@H](C(=O)[C@@H]([C@@H](O)[C@](O)([C@H](OC(=O)[C@@H]([C@@H](O[C@@H]2O[C@H]([C@H](O)[C@](OC)(C2)C)C)[C@@H]3C)C)CC)C)C)C)C,Clarithromycin,-5.84,-5.84,0.04,25,218,747.96,0.8,4.49,2.97,2.32,5.91,2.44,15.31,CC[C@H]1OC(=O)[C@H](C)[C@@H](O[C@H]2C[C@@](C)(OC)[C@@H](O)[C@H](C)O2)[C@H](C)[C@@H](O[C@@H]2O[C@H](C)C[C@H](N(C)C)[C@H]2O)[C@](C)(OC)C[C@@H](C)C(=O)[C@H](C)[C@@H](O)[C@]1(C)O
3441,[C@H]3([N]1C2=C(N=C1)C(=O)N=C(N2)N)[C@@H]([C@H](C3)CO)CO,Lobucavir,-2.52,-2.52,0.17,25,213,265.27,1.05,2.22,2.18,2.39,1.84,-1.14,2.76,Nc1nc(=O)c2ncn([C@@H]3C[C@H](CO)[C@H]3CO)c2[nH]1
3442,[C@H]3([N]2C1=C(C=NC=N1)N=C2)[C@@H]([C@H](O)[C@H](O3)CO)O,Nebularine,-0.38,-0.4,0.17,23,181,252.23,0.75,2.01,2.32,2.36,1.65,-1.56,2.71,OC[C@H]1O[C@@H](n2cnc3cncnc32)[C@H](O)[C@@H]1O
3443,[C@H]34[C@H]2[C@@H](C1=C(C=C(O)C=C1)CC2)CC[C@@]3(C(=O)CC4)C,Estrone<Estrol><inKORSUVA>,-5.46,-5.46,0.12,25,255,270.37,0.5,0.95,2.53,1.85,2.16,3.82,2.54,C[C@]12CC[C@@H]3c4ccc(O)cc4CC[C@H]3[C@@H]1CCC2=O
3444,[C@H]34[C@H]2[C@@H](C1=C(C=C(O)C=C1)CC2)CC[C@@]3([C@@H](O)[C@@H](C4)O)C,Estriol,-4.96,-4.96,0.63,25,282,288.39,1.04,1.26,2.55,2.06,2.26,2.58,2.89,C[C@]12CC[C@@H]3c4ccc(O)cc4CC[C@H]3[C@@H]1C[C@@H](O)[C@@H]2O
3445,[C@H]34[C@H]2[C@@H]([C@@]1(C(=CC(=O)C=C1)CC2)C)C(=O)C[C@@]3([C@](C(CO)=O)(O)CC4)C,Prednisone,-3.48,-3.48,0.15,25,235,358.43,0.41,1.97,3.25,2.19,2.71,1.77,3.74,C[C@]12C=CC(=O)C=C1CC[C@@H]1[C@@H]2C(=O)C[C@@]2(C)[C@H]1CC[C@]2(O)C(=O)CO
3446,[C@H]34[C@H]2[C@@H]([C@@]1(C(=CC(=O)C=C1)CC2)C)[C@@H](O)C[C@@]3([C@](C(CO)=O)(O)CC4)C,Prednisolone,-3.22,-3.22,0.14,25,239,360.44,0.73,1.97,3.02,2.19,2.75,1.56,3.89,C[C@]12C=CC(=O)C=C1CC[C@@H]1[C@@H]2[C@@H](O)C[C@@]2(C)[C@H]1CC[C@]2(O)C(=O)CO
3447,[C@H]34[C@H]2[C@@H]([C@@]1(C(=CC(=O)CC1)CC2)C)C(=O)C[C@@]3([C@](C(CO)=O)(O)CC4)C,Cortisone,-3.2,-3.2,0.11,25,222,360.45,0.41,1.9,3.15,2.04,2.75,1.99,3.88,C[C@]12CCC(=O)C=C1CC[C@@H]1[C@@H]2C(=O)C[C@@]2(C)[C@H]1CC[C@]2(O)C(=O)CO
3448,[C@H]34[C@H]2[C@@H]([C@@]1(C(=CC(=O)CC1)CC2)C)CC[C@@]3([C@@H](C(CO)=O)CC4)C,Deoxycorticosterone,-3.45,-3.45,0.09,25,142,330.47,0.17,1.32,2.55,1.69,2.68,3.7,3.8,C[C@]12CC[C@H]3[C@@H](CCC4=CC(=O)CC[C@@]43C)[C@@H]1CC[C@@H]2C(=O)CO
3449,[C@H]34[C@H]2[C@@H]([C@@]1(C(=CC(=O)CC1)CC2)C)[C@@H](O)C[C@@]3([C@](C(CO)=O)(O)CC4)C,Hydrocortisone<Cortisol>,-3.1,-3.1,0.08,25,219,362.47,0.73,1.9,2.92,2.04,2.8,1.78,4.04,C[C@]12CCC(=O)C=C1CC[C@@H]1[C@@H]2[C@@H](O)C[C@@]2(C)[C@H]1CC[C@]2(O)C(=O)CO
3450,[C@H]4(C3=C(C1=C(C(C2=C(C1=O)C(=C(C(=C2)O)C(O)=O)C)=O)C(=C3O)O)O)O[C@@H]([C@H]([C@@H]([C@H]4O)O)O)CO,CarminicAcid,-2.83,-2.85,0.17,23,136,492.4,2.64,2.62,3.78,3.83,3.15,-1.19,5.7,Cc1c(C(=O)O)c(O)cc2c1C(=O)c1c(O)c([C@H]3O[C@H](CO)[C@@H](O)[C@H](O)[C@H]3O)c(O)c(O)c1C2=O
3451,[C@H]6(OC1OC(C(C(C1O)O)O)C)CC[C@@]5([C@@H]4[C@H]([C@@]2([C@@]([C@H](CC2)C3=COC(=O)C=C3)(CC4)C)O)CCC5=C6)C,Proscillaridin,-3.93,-3.96,0.36,20,221,530.66,1.04,2.68,3.44,2.85,3.98,3.01,6.49,CC1OC(O[C@@H]2C=C3CC[C@@H]4[C@H](CC[C@]5(C)[C@@H](c6ccc(=O)oc6)CC[C@]45O)[C@@]3(C)CC2)C(O)C(O)C1O
3452,[C@](C1=CC=CC=C1)(CC2=CC=CC=C2)([C@@H](CN(C)C)C)OC(CC)=O,Propoxyphene,-5.01,-5.01,0.3,25,75,339.48,0,1.11,1.63,1.36,2.91,4.28,6.77,CCC(=O)O[C@](Cc1ccccc1)(c1ccccc1)[C@H](C)CN(C)C
3453,[C@]1(C2=C(NC(O1)=O)C=CC(=C2)Cl)(C#CC3CC3)C(F)(F)F,Efavirenz,-4.63,-4.55,0.16,37,134,315.68,0.42,0.61,1.38,1.21,1.89,4.07,3.06,O=C1Nc2ccc(Cl)cc2[C@@](C#CC2CC2)(C(F)(F)F)O1
3454,[C@]1(OC(=C(C(=O)C1)[C@H](CC)C2=CC(=CC=C2)N[S](=O)(=O)C3=NC=C(C=C3)C(F)(F)F)O)(CCC4=CC=CC=C4)CCC,Tipranavir,-6.25,-6.3,0.6,23,184,602.68,0.67,2.05,3.33,2.72,4.28,7.33,9.29,CCC[C@@]1(CCc2ccccc2)CC(=O)C([C@H](CC)c2cccc(NS(=O)(=O)c3ccc(C(F)(F)F)cn3)c2)=C(O)O1
3455,[C@]1([C@H]([C@H](OC(C)=O)[C@H](O1)COC(C)=O)OC(C)=O)(O[C@@H]2[C@@H]([C@H]([C@H](OC(C)=O)[C@H](O2)COC(C)=O)OC(C)=O)OC(C)=O)COC(C)=O,Sucroseoctaacetate,-2.9,-2.87,0.17,23,87,678.59,0,3.58,3.9,1.08,4.61,-0.83,14.02,CC(=O)OC[C@H]1O[C@@](COC(C)=O)(O[C@H]2O[C@H](COC(C)=O)[C@@H](OC(C)=O)[C@H](OC(C)=O)[C@H]2OC(C)=O)[C@@H](OC(C)=O)[C@@H]1OC(C)=O
3456,[C@]125[C@H]4[C@@](CC[C@H]1N(C(C)=O)C3=C2C=CC=C3OC)(CCCN4CC5)CC,Aspidospermine,-1.31,-1.33,0.17,23,208,354.5,0,1.48,1.88,1.96,2.81,3.73,3.5,CC[C@@]12CCCN3CC[C@]4(c5cccc(OC)c5N(C(C)=O)[C@@H]4CC1)[C@H]32
3457,[C@]126C3=C4O[C@H]1[C@H](C=CC2[C@@H](CC3=CC=C4OCCN5CCOCC5)N(CC6)C)O,Pholcodine<Homocodeine>,-1.29,-1.3,0.17,23,91,398.51,0.23,2.28,2.36,2.57,2.96,1.2,4.21,CN1CC[C@]23c4c5ccc(OCCN6CCOCC6)c4O[C@H]2[C@@H](O)C=CC3[C@H]1C5
3458,[C@]13(C(=C(C(=O)C=C1)C)[C@H]2OC(=O)[C@H]([C@@H]2CC3)C)C,Santonin,-3.02,-3.09,0.17,18,175,246.31,0,1.02,2.08,1.26,1.9,2.42,2.31,CC1=C2[C@H]3OC(=O)[C@@H](C)[C@@H]3CC[C@@]2(C)C=CC1=O
3459,[C@]136[C@@H](N(C2=CC=CC=C12)C)[C@H]4N5[C@H](C(C3O)[C@@H](C4)[C@@H]([C@H]5O)CC)C6,Ajmaline,-2.9,-2.84,0.08,30,206,326.43,0.63,1.68,1.87,2.49,2.46,1.55,2.45,CC[C@H]1[C@@H]2C[C@H]3[C@@H]4N(C)c5ccccc5[C@]45C[C@@H](C2C5O)N3[C@@H]1O
3460,[C@]23([C@@]([C@@H](C1=CC(=O)OC1)CC2)([C@@H](C[C@H]4[C@H]3CC[C@H]5[C@@]4(CC[C@@H](C5)O[C@H]8C[C@@H]([C@H](O[C@H]7C[C@@H]([C@H](O[C@H]6C[C@@H]([C@H](O)[C@H](O6)C)O)[C@H](O7)C)O)[C@H](O8)C)O)C)O)C)O,Digoxin,-4.17,-4.17,0.21,25,249,780.95,1.58,4.32,4.46,3.67,5.75,2.22,11.11,C[C@H]1O[C@@H](O[C@H]2[C@@H](O)C[C@H](O[C@H]3[C@@H](O)C[C@H](O[C@H]4CC[C@@]5(C)[C@H](CC[C@@H]6[C@@H]5C[C@@H](O)[C@]5(C)[C@@H](C7=CC(=O)OC7)CC[C@]65O)C4)O[C@@H]3C)O[C@@H]2C)C[C@H](O)[C@@H]1O
3461,[C@]23([C@H]([C@H]1[C@]([C@](C(C)=O)(O)CC1)(C)C[C@@H]2O)C[C@H](C)C4=CC(=O)C=C[C@]34C)F,Fluoromethalone,-4.1,-4.1,0.39,25,297,376.47,0.56,1.69,2.79,1.91,2.85,2.92,3.79,CC(=O)[C@@]1(O)CC[C@H]2[C@@H]3C[C@H](C)C4=CC(=O)C=C[C@]4(C)[C@@]3(F)[C@@H](O)C[C@@]21C
3462,[C@]23([C@H]([C@H]1[C@]([C@](C(CO)=O)(O)[C@@H](C1)O)(C)C[C@@H]2O)CCC4=CC(=O)C=C[C@]34C)F,Triamcinolone,-3.68,-3.68,0.21,25,270,394.44,1.03,2.25,3.21,2.27,2.83,0.62,4.13,C[C@]12C=CC(=O)C=C1CC[C@H]1[C@@H]3C[C@@H](O)[C@](O)(C(=O)CO)[C@@]3(C)C[C@H](O)[C@@]12F
3463,[C@]23([C@H](\C(=C\C=C/1C(CC[C@@H](C1)O)=C)CCC2)CC[C@@H]3[C@@H](\C=C\[C@@H](C(C)C)C)C)C,Ergocalciferol<VitaminD2>,-3.91,-3.9,0.35,23,117,396.66,0.31,0.8,0.84,1.37,3.61,7.64,7.31,C=C1CC[C@H](O)C/C1=C\C=C1/CCC[C@]2(C)[C@@H]([C@H](C)/C=C/[C@H](C)C(C)C)CC[C@@H]12
3464,[C@]245[C@H]([C@@]13OC(=O)C([C@H]1[C@@H]2C(O)=O)([C@@H](O)C=C3)C)CC[C@](O)(C4)C(C5)=C,GibberellicAcid,-1.84,-1.88,0.17,23,234,346.38,1.2,1.79,3.3,2.06,2.42,1.03,2.5,C=C1C[C@]23C[C@@]1(O)CC[C@H]2[C@@]12C=C[C@H](O)C(C)(C(=O)O1)[C@H]2[C@@H]3C(=O)O
3465,[C@]27([C@@]([C@@H]1CC[C@H]6[C@@]([C@H]1C[C@H]2O)(CC[C@H](O[C@@H]3O[C@H](C)[C@H]([C@H](C3)O)O[C@@H]4O[C@H](C)[C@H]([C@H](C4)O)O[C@@H]5O[C@H](C)[C@H]([C@H](C5)O)O)C6)C)(C[C@@H]([C@@H]7C8=CC(=O)OC8)O)O)C,Diginatin,-2.9,-2.9,0.17,25,150,796.95,1.89,4.62,4.71,3.88,5.81,1.19,11.32,C[C@H]1O[C@@H](O[C@H]2[C@@H](O)C[C@H](O[C@H]3[C@@H](O)C[C@H](O[C@H]4CC[C@@]5(C)[C@H](CC[C@@H]6[C@@H]5C[C@@H](O)[C@]5(C)[C@@H](C7=CC(=O)OC7)[C@@H](O)C[C@]65O)C4)O[C@@H]3C)O[C@@H]2C)C[C@H](O)[C@@H]1O
3466,[C@]3(O[C@H]1O[C@@H]([C@@H](O)[C@H](O)[C@H]1O)CO[C@H]2O[C@@H]([C@H](O)[C@H](O)[C@H]2O)CO)(O[C@@H]([C@@H](O)[C@@H]3O)CO)CO,Raffinose,-0.46,-0.45,0.08,23,80,504.44,2.74,4.91,3.72,3.28,3.26,-7.57,9.19,OC[C@H]1O[C@H](OC[C@H]2O[C@H](O[C@]3(CO)O[C@H](CO)[C@@H](O)[C@@H]3O)[C@H](O)[C@@H](O)[C@@H]2O)[C@H](O)[C@@H](O)[C@H]1O
3467,[C@]34([C@H]([C@H]2[C@@H]([C@@]1(C(=CC(=O)CC1)CC2)C)C(C3)=O)CC[C@@]4(C(COC(C)=O)=O)O)C,CortisoneAcetate,-4.3,-4.3,0.13,25,222,402.49,0.17,1.96,3.39,1.93,3.05,2.56,4.65,CC(=O)OCC(=O)[C@@]1(O)CC[C@H]2[C@@H]3CCC4=CC(=O)CC[C@]4(C)[C@H]3C(=O)C[C@@]21C
3468,[C@]34([C@H]([C@H]2[C@@H]([C@@]1(C(=CC(=O)CC1)CC2)C)[C@H](C3)O)CC[C@@]4(C(COC(C)=O)=O)O)C,Hydrocortisone-21-Acetate,-4.61,-4.61,0.27,25,223,404.5,0.48,1.96,3.16,1.93,3.1,2.35,4.82,CC(=O)OCC(=O)[C@@]1(O)CC[C@H]2[C@@H]3CCC4=CC(=O)CC[C@]4(C)[C@H]3[C@@H](O)C[C@@]21C
3469,[C@]35([C@]1([C@@]([C@H]2C(=O)O[C@@H]([C@H]1O)[C@H]2C(=C)C)(O)[C@@H]4[C@H]3O4)C)OC5,Tutin,-1.03,-1.19,0.17,10,178,294.3,0.46,2.02,2.96,1.93,1.95,-0.62,1.83,C=C(C)[C@@H]1[C@H]2OC(=O)[C@@H]1[C@]1(O)[C@H]3O[C@H]3[C@]3(CO3)[C@]1(C)[C@@H]2O
3470,[C@]4(C1=CC=C(C=C1Cl)Cl)(O[C@@H](COC3=CC=C(N2CCN(C(C)=O)CC2)C=C3)CO4)C[N]5C=CN=C5,Ketoconazole,-5.35,-5.35,0.11,25,146,531.44,0,2.22,3.76,3.14,3.72,4.21,7.38,CC(=O)N1CCN(c2ccc(OC[C@H]3CO[C@](Cn4ccnc4)(c4ccc(Cl)cc4Cl)O3)cc2)CC1
3471,[C@]4([C@@]3([C@H]([C@H]2[C@@H]([C@@]1(C(=CC(=O)CC1)C(=C2)C)C)CC3)CC4)C)(OC(C)=O)C(C)=O,Megestrol-Acetate,-5.36,-5.28,0.72,37,214,384.52,0,1.46,2.89,1.73,3.08,4.58,4.3,CC(=O)O[C@]1(C(C)=O)CC[C@H]2[C@@H]3C=C(C)C4=CC(=O)CC[C@]4(C)[C@H]3CC[C@@]21C
3472,[C@]4([C@@]3([C@H]([C@H]2[C@@H]([C@@]1(C(=CC(=O)CC1)[C@H](C2)C)C)CC3)CC4)C)(OC(C)=O)C(C)=O,Medroxyprogesterone17-Acetate,-4.8,-4.8,0.34,25,51,386.53,0,1.41,2.84,1.6,3.12,4.66,4.44,CC(=O)O[C@]1(C(C)=O)CC[C@H]2[C@@H]3C[C@H](C)C4=CC(=O)CC[C@]4(C)[C@H]3CC[C@@]21C
3473,[C@]45([C@@](O)(C1C([C@@]3([C@H](CC1)C[C@@H](O[C@H]2OC([C@@H](O)C(OC)C2O)C)CC3)C=O)CC4)CC[C@@H]5C6=CC(OC6)=O)C,Peruvoside,-3.14,-3.14,0.2,25,163,548.67,0.73,2.93,3.64,2.7,4.08,2.29,7.04,COC1C(O)[C@@H](O[C@H]2CC[C@]3(C=O)C4CC[C@]5(C)[C@@H](C6=CC(=O)OC6)CC[C@]5(O)C4CC[C@@H]3C2)OC(C)[C@H]1O
3474,[C@]46([C@@H]3[C@H]([C@@]2([C@]([C@@H](C1=CC(=O)OC1)CC2)(C)CC3)O)CC[C@@]4(C[C@@H](O[C@H]5[C@@H]([C@@H]([C@@H](O)[C@@H](O5)C)O)O)CC6)O)C=O,Convallatoxin,-3.04,-3.04,0.18,25,238,550.65,1.35,3.14,4.05,2.98,4,0.75,6.62,C[C@@H]1O[C@@H](O[C@H]2CC[C@]3(C=O)[C@H]4CC[C@]5(C)[C@@H](C6=CC(=O)OC6)CC[C@]5(O)[C@@H]4CC[C@]3(O)C2)[C@H](O)[C@H](O)[C@H]1O
3475,[C@]56([C@@](O)(C1C([C@@]4([C@](O)(CC1)C[C@@H](O[C@@H]2OC([C@@H](O)C(OC)C2O)CO[C@H]3C(O[C@H](O)CC3O)C)CC4)C)CC5)CC[C@@H]6C7=CC(OC7)=O)C,Periplocin,-1.97,-1.94,0.17,20,172,696.83,1.58,4.1,4.15,3.4,5.1,1.08,9.6,COC1C(O)[C@H](O[C@H]2CC[C@]3(C)C4CC[C@]5(C)[C@@H](C6=CC(=O)OC6)CC[C@]5(O)C4CC[C@]3(O)C2)OC(CO[C@@H]2C(O)C[C@@H](O)OC2C)[C@H]1O
3476,[C@]6(C1=C(C=C(Cl)C=C1)Cl)(O[C@@H](COC2=CC=C(C=C2)N5CCN(C3=CC=C(C=C3)N4C(N(C(CC)C)N=C4)=O)CC5)CO6)C[N]7C=NC=N7,Itraconazole,-8.43,-8.48,2.44,21,165,705.65,0,2.95,4.54,4.65,5,5.58,9.63,CCC(C)n1ncn(-c2ccc(N3CCN(c4ccc(OC[C@H]5CO[C@](Cn6cncn6)(c6ccc(Cl)cc6Cl)O5)cc4)CC3)cc2)c1=O
3477,[C@]68([C@H]5[C@@H]([C@@]4([C@@H](C[C@@H](O[C@H]3C[C@@H]([C@H](O[C@H]2C[C@@H]([C@H](O[C@H]1C[C@@H]([C@H](O)[C@H](O1)C)O)[C@H](O2)C)O)[C@H](O3)C)O)CC4)CC5)C)CC[C@@]6([C@@H](C7=CC(=O)OC7)[C@H](C8)O)C)O,Gitoxin,-5.53,-5.52,0.68,23,285,780.95,1.58,4.32,4.46,3.67,5.75,2.22,11.11,C[C@H]1O[C@@H](O[C@H]2[C@@H](O)C[C@H](O[C@H]3[C@@H](O)C[C@H](O[C@H]4CC[C@@]5(C)[C@H](CC[C@@H]6[C@@H]5CC[C@]5(C)[C@@H](C7=CC(=O)OC7)[C@@H](O)C[C@]65O)C4)O[C@@H]3C)O[C@@H]2C)C[C@H](O)[C@@H]1O
3478,[Cl-].CN(C)c1ccc2c(c1)[C@H]([C@@H](O)C(CS2(=O)=O)(CCCC)CCCC)c6ccc(OCc5ccc(C[N+]34CCN(CC3)CC4)cc5)cc6,Maralixibat(+).Cl<Lopixibat><LIVMARLI>,-2.37,-2.36,0.08,37,176,710.41,0.31,2.24,3.31,2.95,5.4,3.63,12.08,CCCCC1(CCCC)CS(=O)(=O)c2ccc(N(C)C)cc2[C@@H](c2ccc(OCc3ccc(C[N+]45CCN(CC4)CC5)cc3)cc2)[C@H]1O.[Cl-]
3479,[Cl]c1c([Cl])c([Cl])c([Cl])cc1,"1,2,3,4-Tetrachlorobenzene",-4.57,-4.57,0.09,25,47,215.89,0,0,1.02,1.07,1.21,4.3,2.71,Clc1ccc(Cl)c(Cl)c1Cl
3480,[Cl]c1c([Cl])c([Cl])cc([Cl])c1[Cl],Pentachlorobenzene,-5.65,-5.65,0.71,25,86,250.34,0,0,1.13,1.2,1.33,4.95,3.19,Clc1cc(Cl)c(Cl)c(Cl)c1Cl
3481,[Cl]c1c([Cl])c([Cl])ccc1,"1,2,3-Trichlorobenzene",-3.76,-3.76,0.32,25,53,181.45,0,0.04,0.92,0.95,1.08,3.65,2.22,Clc1cccc(Cl)c1Cl
3482,[Cl]c1c([Cl])cc([Cl])c([Cl])c1,"1,2,4,5-Tetrachlorobenzene",-5.56,-5.56,0.69,25,139,215.89,0,0,1.05,1.07,1.21,4.3,2.71,Clc1cc(Cl)c(Cl)cc1Cl
3483,[Cl]c1c(ccc([Cl])c1)N1C(n2cncn2)=Nc2ccc(F)cc2C1=O,Fluquinconazole,-7.86,-7.97,1.15,20,192,376.18,0,1.29,2.85,2.85,2.32,3.41,3.74,O=c1c2cc(F)ccc2nc(-n2cncn2)n1-c1ccc(Cl)cc1Cl
3484,[Cl]c1c(ncc([Cl])c1)Oc1ccc(cc1)Oc1c([Cl])cc([Cl])cn1,"1,4-Bis(3,5-dichloro-2-pyridyloxy)benzene",-7.36,-7.4,1.05,22,176,402.06,0,1.11,2.46,2.44,2.46,6.67,5.31,Clc1cnc(Oc2ccc(Oc3ncc(Cl)cc3Cl)cc2)c(Cl)c1
3485,[Cl]c1cc([Cl])cc([Cl])c1,"1,3,5-Trichlorobenzene",-4.44,-4.44,0.46,25,63,181.45,0,0.02,0.91,0.97,1.08,3.65,2.22,Clc1cc(Cl)cc(Cl)c1
3486,[Cl]c1cc2N(CCCN(C)C)c3c(cccc3)Sc2cc1,Chlorpromazine,-5.64,-5.64,0.29,25,57,318.87,0,0.99,1.83,2.26,2.41,4.89,4.43,CN(C)CCCN1c2ccccc2Sc2ccc(Cl)cc21
3487,[Cl]c1cc2c(cc1)NC(=O)O[C@@]2(C([H])([H])[H])(C#CC1CC1),EfavirenzanalogIII,-5.26,-5.26,0.2,25,148,261.71,0.42,0.72,1.55,1.57,1.84,3.53,2.5,C[C@@]1(C#CC2CC2)OC(=O)Nc2ccc(Cl)cc21
3488,[Cl]c1cc2c(cc1)c(NC(C)CCCN(CC)CC)c3c(n2)ccc(OC)c3,Quinacrine,-4.35,-4.35,0.44,25,249,399.97,0.13,1.56,2.05,2.63,3.2,5.97,6.98,CCN(CC)CCCC(C)Nc1c2ccc(Cl)cc2nc2ccc(OC)cc12
3489,[Cl]c1cc2c(cc1)cccc2,2-Chloronaphthalene,-4.14,-4.14,0.4,25,61,162.62,0,0.17,1.1,1.42,1.21,3.49,1.55,Clc1ccc2ccccc2c1
3490,[Cl]c1cc2c(cc1)nc(s2)S(=O)(N)=O,"6-Chloro-1,3-benzothiazole-2-sulfonamide",-3.48,-3.48,0.27,25,208,248.72,0.44,1.11,2.14,2.08,1.47,1.6,2.22,NS(=O)(=O)c1nc2ccc(Cl)cc2s1
3491,[Cl]c1ccc(I)cc1,1-Iodo-4-chlorobenzene,-3.54,-3.54,0.35,25,57,238.45,0,0.12,1.03,1.34,1.1,2.94,2.14,Clc1ccc(I)cc1
3492,[Cl]c1ccc([Cl])cc1,"1,4-Dichlorobenzene",-3.21,-3.21,0.06,25,53,147,0,0.1,0.88,0.86,0.96,2.99,1.76,Clc1ccc(Cl)cc1
3493,[Cl]c1ccccc1C1c2ccccc2C2CCCN2C1,McN-507,-5.7,-5.7,0.04,25,129,283.8,0,0.72,1.46,1.93,2.17,4.62,3.05,Clc1ccccc1C1CN2CCCC2c2ccccc21
3494,[Cl]c1nc(NCC)nc(NCC)n1,Simazine,-4.62,-4.61,0.04,26,199,201.67,0.36,0.86,1.25,1.25,1.48,1.39,3.69,CCNc1nc(Cl)nc(NCC)n1
3495,[Cl]c1nc2c(cn1)nccn2,2-Chloropteridine,-0.64,-0.7,0.17,20,110,166.57,0,0.75,1.3,1.55,1.04,1.07,1.39,Clc1ncc2nccnc2n1
3496,[Cl]c1nc2cncnc2nc1,6-Chloropteridine,-1.06,-1.12,0.17,20,126,166.57,0,0.75,1.3,1.55,1.04,1.07,1.39,Clc1cnc2ncncc2n1
3497,[Cl]c1nc2ncncc2nc1,7-Chloropteridine,-0.81,-0.88,0.17,20,148,166.57,0,0.75,1.3,1.55,1.04,1.07,1.39,Clc1cnc2cncnc2n1
3498,[N+](=NCC(=O)N[C@@H]([C@H](O)C1=CC=C([N+]([O-])=O)C=C1)CO)=[N-],Azidamfenicol,-1.15,-1.17,0.17,23,107,295.25,0.78,1.75,2.39,1.84,2.04,0.42,6.08,[N-]=[N+]=NCC(=O)N[C@H](CO)[C@H](O)c1ccc([N+](=O)[O-])cc1
3499,[N+](=N[C@@H]2[C@H](O[C@@H](N1C(=O)NC(=O)C(=C1)C)C2)CO)=[N-],Zidovudine,-1.23,-1.23,0.09,25,109,267.24,0.47,1.7,1.77,1.62,1.82,-0.2,3.7,Cc1cn([C@H]2C[C@H](N=[N+]=[N-])[C@@H](CO)O2)c(=O)[nH]c1=O
3500,[N+](=O)([O-])C1=C(C=C(C=C1)[N+](=O)[O-])O,"2,5-Dinitrophenol",-2.68,-2.68,0.17,25,108,184.11,0.3,0.45,1.81,1.22,1.12,1.21,2.09,O=[N+]([O-])c1ccc([N+](=O)[O-])c(O)c1
3501,[N+](=O)([O-])C1=C(C=CC(=C1)[N+](=O)[O-])C,"2,4-Dinitrotoluene",-2.79,-2.83,0.02,22,71,182.13,0,0.31,1.77,1.12,1.21,1.81,2.23,Cc1ccc([N+](=O)[O-])cc1[N+](=O)[O-]
3502,[N+](=O)([O-])C1=C(C=CC(=C1)[N+](=O)[O-])NC2=CC=CC=C2,"2,4-Dinitrodiphenylamine",-3.66,-3.83,0.3,15,160,259.22,0.13,0.57,2.34,1.95,1.77,3.25,3.38,O=[N+]([O-])c1ccc(Nc2ccccc2)c([N+](=O)[O-])c1
3503,[N+](=O)([O-])C1=C(C=CC(=C1)[N+](=O)[O-])OC,"2,4-Dinitroanisole",-2.99,-3.11,0.31,15,95,198.13,0,0.52,1.93,1.16,1.26,1.51,2.61,COc1ccc([N+](=O)[O-])cc1[N+](=O)[O-]
3504,[N+](=O)([O-])C1=C(C=CC=C1)C=CC(=O)N,(2E)-3-(2-Nitrophenyl)acrylamide,-1.26,-1.28,0.17,23,165,192.17,0.49,0.83,2.22,1.42,1.39,1.09,2.96,NC(=O)C=Cc1ccccc1[N+](=O)[O-]
3505,[N+](=O)([O-])C1=C(C=CC=C1)NC(N)=S,1-(2-Nitrophenyl)thiourea,-1.37,-1.45,0.17,20,151,197.22,0.29,0.82,1.85,1.89,1.35,1.25,2.75,NC(=S)Nc1ccccc1[N+](=O)[O-]
3506,[N+](=O)([O-])C1=C(CO)C=CC=C1,2-Nitrobenzylalcohol,-1.44,-1.49,0.17,20,74,153.14,0.31,0.63,1.41,1.07,1.09,1.09,2.18,O=[N+]([O-])c1ccccc1CO
3507,[N+](=O)([O-])C1=C(N)C=CC=C1,2-Nitroaniline,-1.96,-1.96,0.06,25,72,138.13,0.18,0.48,1.44,1.16,0.99,1.18,1.53,Nc1ccccc1[N+](=O)[O-]
3508,[N+](=O)([O-])C1=CC(=C(C=C1)OCCC)N,5-Nitro-2-propoxyaniline,-3.12,-3.16,0.19,20,49,196.21,0.31,0.71,1.71,1.22,1.47,1.97,3.27,CCCOc1ccc([N+](=O)[O-])cc1N
3509,[N+](=O)([O-])C1=CC(=CC=C1)[N+](=O)[O-],"1,3-Dinitrobenzene",-2.5,-2.5,0.15,25,90,168.11,0,0.31,1.83,1.1,1.06,1.5,2,O=[N+]([O-])c1cccc([N+](=O)[O-])c1
3510,[N+](=O)([O-])C1=CC2=C(C=C1)OC(C=C2)=O,6-Nitrocoumarin,-2.8,-2.66,0.17,37,128,191.14,0,0.58,1.73,1.3,1.24,1.7,1.78,O=c1ccc2cc([N+](=O)[O-])ccc2o1
3511,[N+](=O)([O-])C1=CC2=C(C=C1CO)OCO2,"6-Nitro-1,3-benzodioxole-5-methanol",-3.01,-3.06,0.17,20,150,197.15,0.31,1.02,1.69,1.39,1.24,0.82,1.97,O=[N+]([O-])c1cc2c(cc1CO)OCO2
3512,[N+](=O)([O-])C1=CC=C(C=C1)CC(=O)C2=CC=CC=C2,2-(4-Nitrophenyl)-1-phenylethanone,-2.1,-2.13,0.17,23,107,241.25,0,0.61,2.17,1.63,1.8,3.02,3.48,O=C(Cc1ccc([N+](=O)[O-])cc1)c1ccccc1
3513,[N+](=O)([O-])C1=CC=C(C=C1)N=NC2=CC=C(C=C2)N,4-((4-Nitro-phenyl)azo)aniline,-5.85,-5.85,0.75,25,215,242.24,0.23,0.81,1.85,1.96,1.75,3.59,3.29,Nc1ccc(N=Nc2ccc([N+](=O)[O-])cc2)cc1
3514,[N+](=O)([O-])C1=CC=C(C=C1)N=NC2=CC=C(C=C2)O,4-(4-Nitrophenylazo)phenol,-4.8,-4.8,0.53,25,216,243.22,0.5,0.77,1.67,1.89,1.71,3.72,3.29,O=[N+]([O-])c1ccc(N=Nc2ccc(O)cc2)cc1
3515,[N+](=O)([O-])C1=CC=C(C=O)C=C1,4-Nitrobenzaldehyde,-1.81,-1.81,0.17,25,107,151.12,0,0.5,1.75,1.08,1.05,1.41,1.96,O=Cc1ccc([N+](=O)[O-])cc1
3516,[N+](=O)([O-])C1=CC=C(N)C=C1,4-Nitroaniline,-2.37,-2.37,0.07,25,147,138.13,0.28,0.53,1.65,1.13,0.99,1.18,1.53,Nc1ccc([N+](=O)[O-])cc1
3517,[N+](=O)([O-])C1=CC=C2C(=C1)C(OC2)=O,6-Nitrophthalide,-2.65,-2.65,0.17,25,145,179.13,0,0.52,1.63,1.15,1.14,1.27,1.51,O=C1OCc2ccc([N+](=O)[O-])cc21
3518,[N+](=O)([O-])C1=CC=CC(=C1)C=O,3-Nitrobenzaldehyde,-1.97,-1.97,0.17,25,59,151.12,0,0.5,1.75,1.08,1.05,1.41,1.96,O=Cc1cccc([N+](=O)[O-])c1
3519,[N+](=O)([O-])C1=CC=CC2=C(C=CC=C12)[N+](=O)[O-],"1,5-Dinitronaphthalene",-3.32,-3.58,0.23,12,219,218.17,0,0.37,2.16,1.81,1.43,2.66,2.24,O=[N+]([O-])c1cccc2c([N+](=O)[O-])cccc12
3520,[N+](=O)([O-])C1=CC=CC2=C1OC(C2)(C)C,"7-Nitro-2,2-dimethyl-2,3-dihydrobenzofuran",-3.21,-3.21,0.21,25,103,193.2,0,0.44,1.33,1.11,1.4,2.31,1.73,CC1(C)Cc2cccc([N+](=O)[O-])c2O1
3521,[N+](=O)([O-])C1=CC=CC2=CC=CC=C12,1-Nitronaphthalene,-4.28,-4.28,0.52,25,61,173.17,0,0.27,1.59,1.54,1.26,2.75,1.7,O=[N+]([O-])c1cccc2ccccc12
3522,[N+](=O)([O-])C2=CC1=CC=CC=C1C=C2,2-Nitronaphthalene,-4.27,-4.27,0.43,25,79,173.17,0,0.27,1.59,1.54,1.26,2.75,1.7,O=[N+]([O-])c1ccc2ccccc2c1
3523,[N+](=O)([O-])C3=CC2=C(C1=CC=CC=C1C2)C=C3,2-Nitro-9H-fluorene,-5.99,-5.99,0.78,25,157,211.22,0,0.28,1.7,1.92,1.53,3.17,1.8,O=[N+]([O-])c1ccc2c(c1)Cc1ccccc1-2
3524,[N+](=O)([O-])N1CCN(C1)[N+](=O)[O-],"1,3-Dinitroimidazolidine",-2.17,-2.21,0.17,20,139,162.1,0,1.42,1.7,0.99,0.97,-1.06,1.75,O=[N+]([O-])N1CCN([N+](=O)[O-])C1
3525,[N+](=O)([O-])N1CCOCC1,N-Nitromorpholine,-0.45,-0.52,0.17,10,78,132.12,0,0.93,1.14,0.64,0.9,-0.49,1.84,O=[N+]([O-])N1CCOCC1
3526,[N+](=O)([O-])NC(=N)N,Nitroguanidine,-1.37,-1.37,0.17,25,239,104.07,0.48,1.25,1.01,0.91,0.68,-1.34,1.59,N=C(N)N[N+](=O)[O-]
3527,[N+]2(=C[NH]C1=NC=NC1=C2N)[O-],Adenine-N-oxide,-2.28,-2.28,0.17,25,221,151.13,0.34,1.4,0.95,1.42,0.98,-0.87,0.98,Nc1c2ncnc-2[nH]c[n+]1[O-]
3528,[NH]1C2=C(N=N1)C=CC=C2,"Benzotriazole,1H-",-0.78,-0.78,0.17,25,100,119.13,0.53,0.61,1.34,1.38,0.86,0.96,0.77,c1ccc2[nH]nnc2c1
3529,[NH]1C=CC(=N1)C(=O)O,PyrazolicAcid,-4.42,-4.22,0.08,37,223,112.09,1.1,0.74,1.36,0.89,0.75,0.11,1,O=C(O)c1cc[nH]n1
3530,[NH]1C=CC=N1,Pyrazole,-0.55,-0.55,0.17,25,68,68.08,0.53,0.41,0.98,0.69,0.54,0.41,0.43,c1cn[nH]c1
3531,[NH]2C(=C1N=CN=C1N=C2)NC(OCC)=O,1H-Purine-6-ylcarbamicacidethylester,-2.91,-2.94,0.17,20,175,207.19,0.35,1.49,0.96,1.5,1.42,0.87,2.45,CCOC(=O)Nc1[nH]cnc2ncnc1-2
3532,[NH]2C(=C1N=CN=C1N=C2N)N,"2,6-Diaminopurine",-1.75,-1.8,0.17,20,302,150.14,0.69,1.83,0.62,1.73,1.02,-0.53,0.98,Nc1nc2ncnc-2c(N)[nH]1
3533,[NH]2C1=CC=CC=C1C=C2,Indole,-1.52,-1.52,0.18,25,53,117.15,0.31,0.33,1.1,1.22,0.95,2.17,0.83,c1ccc2[nH]ccc2c1
3534,[NH]2C1=CC=CC=C1C=N2,Indazole,-2.08,-2.16,0.17,20,148,118.14,0.53,0.47,1.3,1.41,0.91,1.56,0.8,c1ccc2[nH]ncc2c1
3535,[NH]2C1=NC=NC=C1C=N2,"1H-Pyrazolo[3,4-d]pyrimidine",-1.45,-1.38,0.17,30,157,120.11,0.56,0.84,1.58,1.54,0.82,0.35,0.74,c1ncc2cn[nH]c2n1
3536,[NH]2C=C1N=C(N=C1N=C2)CO,1H-Purine-8-methanol,-1.48,-1.52,0.17,20,184,150.14,0.45,1.23,0.53,1.44,1.02,-0.2,1.29,OCc1nc2c[nH]cnc-2n1
3537,[NH]2C=C1N=C(N=C1N=C2)N,1H-Purin-8-amine,-2.39,-2.43,0.17,20,202,135.13,0.34,1.38,0.47,1.5,0.92,-0.11,0.86,Nc1nc2c[nH]cnc-2n1
3538,[NH]2C=C1N=CN=C1N=C2N,2-Aminopurine,-1.17,-1.21,0.17,20,200,135.13,0.48,1.38,0.47,1.5,0.92,-0.11,0.86,Nc1nc2ncnc-2c[nH]1
3539,[O-]C(=O)[C@H](CO)NC(=O)c3ccc[n+](COC(=O)N1CCCC[C@@H]1[C@@H](c2ccccc2)C(=O)OC)c3,"Serdexmethylphenidate(+,-)<KP484><inAZSTARYS>",-1.89,-1.89,0.17,25,167,499.51,0.5,2.42,3.81,2.4,3.64,-0.28,9.34,COC(=O)[C@H](c1ccccc1)[C@H]1CCCCN1C(=O)OC[n+]1cccc(C(=O)N[C@@H](CO)C(=O)[O-])c1
3540,[O-]P(=O)(O)OC[N+]1(C)CCN(CC1)C3=Nc4ccccc4Oc2ccc(Cl)cc23,Loxapineprodrug,-0.18,-0.19,0.17,23,173,437.81,0.31,2.05,1.92,2.41,2.97,2.72,5.42,C[N+]1(COP(=O)([O-])O)CCN(C2=Nc3ccccc3Oc3ccc(Cl)cc32)CC1
3541,[O-]S(=O)(=O)C(c1ccccc1)C(=O)NC4C(=O)N3C4SCC(C[n+]2ccc(cc2)C(N)=O)=C3C(=O)O,"Cefsulodin(+,-)",-1,-1.03,0.17,23,200,532.55,1.64,3.4,5.36,3.44,3.52,-0.9,6.84,NC(=O)c1cc[n+](CC2=C(C(=O)O)N3C(=O)C(NC(=O)C(c4ccccc4)S(=O)(=O)[O-])C3SC2)cc1
3542,[O-][N+](=O)c1c(N(CCC)CCC)c([N+](=O)[O-])c(N)c(c1)C(F)(F)F,Prodiamine,-7.43,-7.43,1.07,25,124,350.3,0.23,0.77,2.01,1.3,2.3,3.73,5.94,CCCN(CCC)c1c([N+](=O)[O-])cc(C(F)(F)F)c(N)c1[N+](=O)[O-]
3543,[O-][N+](=O)c1c([Cl])c([Cl])ccc1,"2,3-Dichloronitrobenzene",-3.48,-3.48,0.27,25,62,192,0,0.2,1.42,1.1,1.14,2.9,2.32,O=[N+]([O-])c1cccc(Cl)c1Cl
3544,[O-][N+](=O)c1c(nc2c(Br)cc(Cl)cn12)CS(=O)(=O)c3ccccc3,"3-Nitroimidazole[1,2,a]pyridineanalogA<CHEMBL4287390>",-5.13,-5.16,0.38,23,206,430.66,0,1.35,3.34,2.52,2.41,3.63,4.33,O=[N+]([O-])c1c(CS(=O)(=O)c2ccccc2)nc2c(Br)cc(Cl)cn12
3545,[O-][N+](=O)c1cc([N+](=O)[O-])cc(c1)[N+](=O)[O-],"1,3,5-Trinitrobenzene",-2.89,-2.89,0.17,25,122,213.1,0,0.41,2.4,1.37,1.24,1.41,2.56,O=[N+]([O-])c1cc([N+](=O)[O-])cc([N+](=O)[O-])c1
3546,[O-][N+](=O)c1cc([N+](=O)[O-])ccc1,"1,3-Dinitrobenzene",-2.29,-2.29,0.15,25,90,168.11,0,0.31,1.83,1.1,1.06,1.5,2,O=[N+]([O-])c1cccc([N+](=O)[O-])c1
3547,[O-][N+](=O)c4ccccc4C1C=2C=Nc3ccccc3NC=2NC(C)=C1C(=O)OCC,JM-20,-4.7,-4.54,0.5,37,242,404.42,0.26,1.68,2.54,2.67,2.96,4.16,5.05,CCOC(=O)C1=C(C)NC2=C(C=Nc3ccccc3N2)C1c1ccccc1[N+](=O)[O-]
3548,[S](=O)(C1=CC=C(C=C1)N)(=O)C2=C(NC(C)O)C=CC=C2,2-(4-Sulfanilylanilino)ethanol,-2.72,-2.6,0.17,37,131,292.36,0.67,1.63,2.9,1.97,2.15,1.85,3.96,CC(O)Nc1ccccc1S(=O)(=O)c1ccc(N)cc1
3549,[S](=O)(C1=CC=C(C=C1)N)(=O)N,Sulfanilamide,-1.31,-1.31,0.07,25,166,172.21,0.67,1.18,1.96,1.46,1.2,-0.08,1.84,Nc1ccc(S(N)(=O)=O)cc1
3550,[S]1(C2=C(CN1)C=CC=C2)(=O)=O,Benzylsultame,-1.49,-1.52,0.17,22,174,169.2,0.37,0.86,1.53,1.28,1.13,0.48,1.28,O=S1(=O)NCc2ccccc21
3551,[S]1(C[S](C[S](C1)=O)=O)=O,"1,3,5-Trithiane-1,3,5-trioxide",-2.14,-2.14,0.17,25,114,186.28,0,2.06,3.85,1.77,1.09,-0.88,2.55,[O-][S+]1C[S+]([O-])C[S+]([O-])C1
3552,c1(-c2ccccc2)c(nc3c(c(nc(n3)N)N)n1)N,Triamterene,-4.11,-4.11,0.08,25,313,253.27,0.68,1.45,2.64,3.19,1.83,0.83,2.38,Nc1nc(N)c2nc(-c3ccccc3)c(N)nc2n1
3553,c1(C(c2ccccc2)N3CCN(CC3)C)ccccc1,Cyclizine,-4.64,-4.66,0.04,23,106,266.39,0,1.21,1.55,1.7,2.26,3.02,4.15,CN1CCN(C(c2ccccc2)c2ccccc2)CC1
3554,c1(c(c(c(c(c1C(=O)O)C(=O)O)C(=O)O)C(=O)O)C(=O)O)C(=O)O,MelliticAcid,0.38,0.38,0.09,25,287,342.17,3.43,2.08,2.99,1.71,2.01,-0.12,4.55,O=C(O)c1c(C(=O)O)c(C(=O)O)c(C(=O)O)c(C(=O)O)c1C(=O)O
3555,c1(c(c(c(c(c1Cl)Cl)Cl)Cl)Cl)O,Pentachlorophenol,-5,-5,0.15,25,179,266.34,0.7,0,1.13,1.27,1.39,4.66,3.24,Oc1c(Cl)c(Cl)c(Cl)c(Cl)c1Cl
3556,c1(c(c(c(c(c1Cl)Cl)Cl)Cl)Cl)[N+](=O)[O-],Pentachloronitrobenzene,-5.79,-5.82,0.74,23,142,295.34,0,0.01,1.7,1.47,1.5,4.86,3.72,O=[N+]([O-])c1c(Cl)c(Cl)c(Cl)c(Cl)c1Cl
3557,c1(c(c(c(c(c1Cl)Cl)Cl)Cl)Cl)c2c(c(c(c(c2Cl)Cl)Cl)Cl)Cl,Decachlorbiphenyl,-11.58,-11.62,1.91,23,306,498.66,0,0,2.03,2.67,2.55,9.89,6.52,Clc1c(Cl)c(Cl)c(-c2c(Cl)c(Cl)c(Cl)c(Cl)c2Cl)c(Cl)c1Cl
3558,c1(c(c(cnc1C)CO)CO)O,Pyridoxine<VitaminB6>,0.13,0.12,0.17,23,161,169.18,0.94,1.5,1.27,1.35,1.27,0.08,2.62,Cc1ncc(CO)c(CO)c1O
3559,c1(c(c(nc(c1Cl)Cl)C(=O)O)Cl)N,Picloram,-2.75,-2.75,0.17,25,241,241.46,1.03,0.89,1.84,1.45,1.36,2.32,2.85,Nc1c(Cl)c(Cl)nc(C(=O)O)c1Cl
3560,c12C(=Nc3c(cccc3)Nc1sc(c2)C)N4CCN(CC4)C,Olanzapine,-4.47,-4.49,0.34,23,195,312.44,0.13,1.45,1.59,2.3,2.37,3.44,3.39,Cc1cc2c(s1)Nc1ccccc1N=C2N1CCN(C)CC1
3561,c12c([nH]c(=O)[nH]1)[nH]c(=O)[nH]c2=O,UricAcid,-3.78,-3.78,0.18,25,300,168.11,0.8,1.58,2.36,1.48,1,-1.77,1.09,O=c1[nH]c(=O)c2[nH]c(=O)[nH]c2[nH]1
3562,c12c(c3c(nc1N)cccc3)n(cn2)CC(C)C,Imiquimod,-2.57,-2.6,0.17,23,293,240.31,0.23,1.01,1.97,2.43,1.9,2.82,2.44,CC(C)Cn1cnc2c(N)nc3ccccc3c21
3563,c12c(ccc(O)c1)CC3C4(C2(CCN3CC5CCC5)CCCC4)O,Butorphanol,-2.2,-2.21,0.17,23,216,327.47,0.73,1.32,1.42,2.05,2.61,3.37,3.31,Oc1ccc2c(c1)C13CCCCC1(O)C(C2)N(CC1CCC1)CC3
3564,c12c(nccn1)cc3c(c2)C4CC3CNC4,Varenicline,-2.99,-3.02,0.17,23,196,211.27,0.13,1.01,1.36,1.98,1.59,1.8,1.63,c1cnc2cc3c(cc2n1)C1CNCC3C1
3565,c12c(sc(n1)N)CC(NCCC)CC2,Pramipexole,-3,-3.02,0.17,23,157,211.33,0.36,0.97,1.35,1.35,1.68,1.58,3.04,CCCNC1CCc2nc(N)sc2C1
3566,c12c3c(O)ccc1CC4C5(C2(C(O3)C(O)CC5)CCN4CC6CCC6)O,Nalbuphine,-5,-5.02,0.57,23,213,357.45,0.73,1.81,1.74,2.5,2.62,1.71,2.99,Oc1ccc2c3c1OC1C(O)CCC4(O)C(C2)N(CC2CCC2)CCC314
3567,c1[nH]c2c(n1)c(ncn2)N,Adenine,-2.13,-2.1,0.09,27,363,135.13,0.6,0.98,1.79,1.74,0.92,-0.06,0.86,Nc1ncnc2[nH]cnc12
3568,c1[nH]c2c(n1)ncnc2S,6-Mercaptopurine,-2.89,-2.93,0.17,23,314,152.18,0.35,0.99,1.59,1.86,0.99,0.64,1.11,Sc1ncnc2nc[nH]c12
3569,c1c(c(=O)[nH]c(=O)n1[C@H]2C[C@@H]([C@H](O2)CO)O)C(F)(F)F,Trifluridine,-0.68,-0.69,0.17,23,188,296.2,0.74,1.82,1.92,1.26,1.72,-0.8,3.72,O=c1[nH]c(=O)n([C@H]2C[C@H](O)[C@@H](CO)O2)cc1C(F)(F)F
3570,c1c(c(c(c(c1C(=O)O)C(=O)O)C(=O)O)C(=O)O)C(=O)O,BenzenepentacarboxylicAcid,-0.11,-0.11,0.02,25,212,298.16,2.86,1.76,2.61,1.52,1.79,0.18,3.93,O=C(O)c1cc(C(=O)O)c(C(=O)O)c(C(=O)O)c1C(=O)O
3571,c1c(c(c(c(c1Cl)Cl)Cl)Cl)c2c(c(c(c(c2Cl)Cl)Cl)Cl)Cl,"2,2',3,3',4,4',5,5',6-PCB",-10.22,-10.26,1.63,23,227,464.22,0,0,1.93,2.54,2.43,9.23,6.03,Clc1cc(-c2c(Cl)c(Cl)c(Cl)c(Cl)c2Cl)c(Cl)c(Cl)c1Cl
3572,c1c(c(c(c(c1Cl)Cl)Cl)Cl)c2cc(c(c(c2Cl)Cl)Cl)Cl,"2,2',3,3',4,4',5,5'-PCB",-9.12,-9.16,1.41,23,157,429.77,0,0,1.82,2.41,2.3,8.58,5.55,Clc1cc(-c2cc(Cl)c(Cl)c(Cl)c2Cl)c(Cl)c(Cl)c1Cl
3573,c1c(c(c(c(c1Cl)Cl)c2c(c(c(c(c2Cl)Cl)Cl)Cl)Cl)Cl)Cl,"2,2',3,3',4,5,5',6,6'-PCB",-10.37,-10.41,1.66,23,230,464.22,0,0,1.96,2.54,2.43,9.23,6.03,Clc1cc(Cl)c(Cl)c(-c2c(Cl)c(Cl)c(Cl)c(Cl)c2Cl)c1Cl
3574,c1c(c(c(c(c1Cl)Cl)c2c(c(cc(c2Cl)Cl)Cl)Cl)Cl)Cl,"2,2',3,3',5,5',6,6'-PCB",-9.11,-9.15,1.41,23,204,429.77,0,0,1.88,2.42,2.3,8.58,5.55,Clc1cc(Cl)c(Cl)c(-c2c(Cl)c(Cl)cc(Cl)c2Cl)c1Cl
3575,c1c(c(cc(c1Br)O)O)C(=O)O,"5-Bromo-2,4-dihydroxybenzoicAcid",-2.62,-2.62,0.04,25,205,233.02,1.21,0.51,1.35,1.37,1.22,1.56,2.23,O=C(O)c1cc(Br)c(O)cc1O
3576,c1c(c(cc(c1C(=O)O)C(=O)O)C(=O)O)C(=O)O,PyromelliticAcid,-1.6,-1.6,0.1,25,278,254.15,2.29,1.43,2.22,1.33,1.58,0.48,3.31,O=C(O)c1cc(C(=O)O)c(C(=O)O)cc1C(=O)O
3577,c1c(c(cc(c1Cl)Cl)Cl)c2c(cc(c(c2Cl)Cl)Cl)Cl,"2,2',3,4,4',5',6-PCB",-7.89,-7.92,1.16,23,83,395.33,0,0.01,1.76,2.32,2.18,7.93,5.06,Clc1cc(Cl)c(-c2c(Cl)cc(Cl)c(Cl)c2Cl)cc1Cl
3578,c1c(c(cc(c1Cl)Cl)Cl)c2cc(c(cc2Cl)Cl)Cl,"2,2',4,4',5,5'-PCB",-8.53,-8.56,1.29,23,103,360.88,0,0.04,1.68,2.2,2.06,7.27,4.59,Clc1cc(Cl)c(-c2cc(Cl)c(Cl)cc2Cl)cc1Cl
3579,c1c(c(cc(c1F)F)F)C[C@H](CC(=O)N2CCn3c(nnc3C(F)(F)F)C2)N,Sitagliptin<MK0431>,-1.77,-1.78,0.17,23,203,407.31,0.21,1.61,2.52,1.44,2.44,2.02,5.32,N[C@@H](CC(=O)N1CCn2c(nnc2C(F)(F)F)C1)Cc1cc(F)c(F)cc1F
3580,c1c(cc(c(c1C(=O)O)C(=O)O)C(=O)O)C(=O)O,"MellophanicAcid<1,2,3,5-BenzenetetracarboxylicAcid>",-0.03,-0.03,0.02,25,212,254.15,2.29,1.43,2.22,1.33,1.58,0.48,3.31,O=C(O)c1cc(C(=O)O)c(C(=O)O)c(C(=O)O)c1
3581,c1c(cc(c(c1C(=O)O)O)[N+](=O)[O-])[N+](=O)[O-],"3,5-DinitrosalicylicAcid<DNS>",-1.82,-1.82,0.04,25,171,228.12,0.59,0.46,2.01,1.35,1.38,0.91,2.71,O=C(O)c1cc([N+](=O)[O-])cc([N+](=O)[O-])c1O
3582,c1c(cc(c(c1Cl)O)Cl)Cl,"2,4,6-Trichlorophenol",-2.34,-2.34,0.25,25,67,197.45,0.42,0.15,0.94,1.07,1.14,3.35,2.29,Oc1c(Cl)cc(Cl)cc1Cl
3583,c1c(cc(c(c1I)O)I)C[C@@H](C(=O)O)N,"3,5-Diiodo-L-Tyrosine",-2.15,-2.15,0.04,25,200,432.98,1.03,1.14,1.82,2.31,1.89,1.56,4.59,N[C@@H](Cc1cc(I)c(O)c(I)c1)C(=O)O
3584,c1c(cc(c(c1O)O)O)C(=O)O,GallicAcid,-1.13,-1.13,0.05,25,251,170.12,1.66,1.01,1.64,1.29,1.11,0.5,1.78,O=C(O)c1cc(O)c(O)c(O)c1
3585,c1c(cc(c(c1O)O)O)c2c(cc3c(cc(cc3[o+]2)O)O)O,Delphinidin(+).Cl,-4.61,-4.61,0.06,25,224,303.24,2.66,1.57,2.53,3.02,2.19,2.61,2.84,Oc1cc(O)c2cc(O)c(-c3cc(O)c(O)c(O)c3)[o+]c2c1
3586,c1c(cc(c(c1c2c(cc(cc2Cl)Cl)Cl)Cl)Cl)Cl,"2,2',3,4',5,6'-PCB",-8.68,-8.71,1.32,23,169,360.88,0,0.03,1.64,2.2,2.06,7.27,4.59,Clc1cc(Cl)c(-c2cc(Cl)cc(Cl)c2Cl)c(Cl)c1
3587,c1c(cc(c(c1c2cc(c(cc2Cl)Cl)Cl)Cl)Cl)Cl,"2,2',3,3',5,6-PCB",-8.57,-8.6,1.3,23,168,360.88,0,0.04,1.68,2.2,2.06,7.27,4.59,Clc1cc(Cl)c(Cl)c(-c2cc(Cl)c(Cl)cc2Cl)c1
3588,c1c(cc(c2c1CCc3cc(cnc3[C@@H]2C4CCN(CC4)C(=O)CC5CCN(CC5)C(=O)N)Br)Br)Cl,Lonafarnib<ZOKINVY>,-5.43,-5.28,0.41,37,173,638.82,0.39,1.81,3.62,3.54,4.01,5.91,7.94,NC(=O)N1CCC(CC(=O)N2CCC([C@H]3c4ncc(Br)cc4CCc4cc(Cl)cc(Br)c43)CC2)CC1
3589,c1c(cc(cc1C(=O)O)C(=O)O)C(=O)O,TrimesicAcid,-2.35,-2.35,0.06,25,375,210.14,1.71,1.1,1.84,1.14,1.36,0.78,2.71,O=C(O)c1cc(C(=O)O)cc(C(=O)O)c1
3590,c1c(nc(s1)N=C(N)N)CS(=O)CCC(=NS(=O)(=O)N)N,FamotidineSulfoxide,-1.52,-1.53,0.17,23,85,353.44,1.21,3.34,3.28,2.86,2.32,-1.75,6.19,NC(N)=Nc1nc(C[S+]([O-])CCC(N)=NS(N)(=O)=O)cs1
3591,c1c(nc[nH]1)C[C@@H](C(=O)O)N,L-Histidine,-0.61,-0.61,0.04,25,282,155.15,1.13,1.41,1.74,1.02,1.13,-0.64,2.22,N[C@@H](Cc1c[nH]cn1)C(=O)O
3592,c1c2c([nH]cn2)ncn1,Purine,0.47,0.44,0.17,23,217,120.11,0.37,0.77,1.47,1.42,0.82,0.35,0.74,c1ncc2nc[nH]c2n1
3593,c1c2c(c(c(c1F)N3CCCC[C@H](C3)N)Cl)n(cc(c2=O)C(=O)O)C4CC4,Besifloxacin,-3.65,-3.69,0.37,22,288,393.84,0.8,1.92,2.71,2.37,2.71,3.14,4.6,N[C@@H]1CCCCN(c2c(F)cc3c(=O)c(C(=O)O)cn(C4CC4)c3c2Cl)C1
3594,c1c2c(c(c(c1F)N3C[C@H]4[C@H](C3)OCCN4)C#N)n(cc(c2=O)C(=O)O)C5CC5,Finafloxacin,-3.55,-3.57,0.28,23,209,398.39,0.75,2.24,3.22,2.62,2.69,1.22,4.08,N#Cc1c(N2C[C@@H]3NCCO[C@H]3C2)c(F)cc2c(=O)c(C(=O)O)cn(C3CC3)c12
3595,c1cc(=O)oc2c1cc3ccoc3c2,Psoralen,-4.43,-4.43,0.46,25,164,186.16,0,0.58,1.36,1.54,1.25,2.54,1.31,O=c1ccc2cc3ccoc3cc2o1
3596,c1cc(c(c(c1)Br)Br)Br,"1,2,3-Tribromobenzene",-5.01,-5.04,0.58,23,88,314.8,0,0.04,1.17,1.5,1.24,3.97,2.73,Brc1cccc(Br)c1Br
3597,c1cc(c(c(c1)C(=O)O)C(=O)O)C(=O)O,"HemimelliticAcid<1,2,3-BenzenetricarboxylicAcid>",-0.66,-0.66,0.07,25,200,210.14,1.71,1.1,1.84,1.14,1.36,0.78,2.71,O=C(O)c1cccc(C(=O)O)c1C(=O)O
3598,c1cc(c(c(c1)Cl)Cl)N2CCN(CC2)CCCCOc3ccc4c(c3)NC(=O)CC4,Aripiprazole,-6.43,-6.43,0.36,25,139,448.39,0.41,1.75,2.53,2.63,3.28,4.86,7.03,O=C1CCc2ccc(OCCCCN3CCN(c4cccc(Cl)c4Cl)CC3)cc2N1
3599,c1cc(c(c(c1)Cl)Cl)NC(=O)c2c(c(c(c(c2Cl)Cl)Cl)Cl)C(=O)O,Tecloftalam,-6.45,-6.43,0.87,26,199,447.92,1.22,0.85,2.75,2.4,2.53,6.56,6.12,O=C(O)c1c(Cl)c(Cl)c(Cl)c(Cl)c1C(=O)Nc1cccc(Cl)c1Cl
3600,c1cc(c(c(c1)Cl)Cl)c2cc(c(c(c2Cl)Cl)Cl)Cl,"2,2',3,3',4,5-PCB",-8.39,-8.42,1.26,23,171,360.88,0,0.04,1.65,2.17,2.06,7.27,4.59,Clc1cccc(-c2cc(Cl)c(Cl)c(Cl)c2Cl)c1Cl
3601,c1cc(c(c(c1)Cl)Cl)c2cc(ccc2Cl)Cl,"2,2',3,5'-PCB",-6.44,-6.47,0.87,23,121,291.99,0,0.18,1.52,1.96,1.81,5.97,3.66,Clc1ccc(Cl)c(-c2cccc(Cl)c2Cl)c1
3602,c1cc(c(c(c1)Cl)Cl)c2ccc(cc2)Cl,"2,3,4'-PCB",-6.23,-6.26,0.83,23,97,257.55,0,0.19,1.41,1.81,1.69,5.31,3.2,Clc1ccc(-c2cccc(Cl)c2Cl)cc1
3603,c1cc(c(c(c1)Cl)Cl)c2cccc(c2Cl)Cl,"2,2',3,3'-PCB",-7.25,-7.28,1.03,23,125,291.99,0,0.18,1.49,1.94,1.81,5.97,3.66,Clc1cccc(-c2cccc(Cl)c2Cl)c1Cl
3604,c1cc(c(c(c1)Cl)c2c(cc(cc2Cl)Cl)Cl)Cl,"2,2',4,6,6'-PCB",-7.29,-7.32,1.04,23,85,326.44,0,0.06,1.53,2.07,1.94,6.62,4.12,Clc1cc(Cl)c(-c2c(Cl)cccc2Cl)c(Cl)c1
3605,c1cc(c(c(c1)Cl)c2c(cccc2Cl)Cl)Cl,"2,2',6,6'-PCB",-7.36,-7.39,1.05,23,127,291.99,0,0.09,1.46,1.94,1.81,5.97,3.66,Clc1cccc(Cl)c1-c1c(Cl)cccc1Cl
3606,c1cc(c(c(c1)Cl)c2c3ccc(nn3cnc2=O)Sc4ccc(cc4F)F)Cl,Neflamapimod<VX745>,-5.17,-5,0.61,37,261,436.26,0,1.41,2.11,3,2.68,5.49,5.05,O=c1ncn2nc(Sc3ccc(F)cc3F)ccc2c1-c1c(Cl)cccc1Cl
3607,c1cc(c(c(c1)Cl)c2cc(ccc2Cl)Cl)Cl,"2,2',5,6'-PCB",-6.77,-6.8,0.93,23,120,291.99,0,0.13,1.5,1.96,1.81,5.97,3.66,Clc1ccc(Cl)c(-c2c(Cl)cccc2Cl)c1
3608,c1cc(c(c(c1)F)C(=O)NC(=O)Nc2ccc(cc2)Cl)F,Diflubenzuron,-6.56,-6.59,0.89,23,239,310.68,0.65,0.94,2.15,1.65,1.99,3.58,4.49,O=C(NC(=O)c1c(F)cccc1F)Nc1ccc(Cl)cc1
3609,c1cc(c(c(c1)O)O)O,Pyrogallol,0.48,0.48,0.17,25,131,126.11,1.16,0.68,1.26,1.1,0.89,0.8,1.18,Oc1cccc(O)c1O
3610,c1cc(c(c(c1)O)O)[N+](=O)[O-],3-Nitrocatechol,-1.12,-1.18,0.05,21,86,155.11,0.58,0.5,1.41,1.1,1.01,1.01,1.63,O=[N+]([O-])c1cccc(O)c1O
3611,c1cc(c(c(c1C(=O)O)C(=O)O)C(=O)O)C(=O)O,"PrehniticAcid<1,2,3,4-BenzenetetracarboxylicAcid>",-0.4,-0.4,0.05,25,211,254.15,2.29,1.43,2.22,1.33,1.58,0.48,3.31,O=C(O)c1ccc(C(=O)O)c(C(=O)O)c1C(=O)O
3612,c1cc(c(c(c1Cl)c2cc(c(cc2Cl)Cl)Cl)Cl)Cl,"2,2',3,3',6,6'-PCB",-8.62,-8.65,1.31,23,171,360.88,0,0.04,1.68,2.2,2.06,7.27,4.59,Clc1cc(Cl)c(-c2c(Cl)ccc(Cl)c2Cl)cc1Cl
3613,c1cc(c(c(c1c2c(cc(c(c2Cl)Cl)Cl)Cl)Cl)Cl)Cl,"2,2',3,3',4,4',6-PCB",-8.26,-8.3,1.24,23,187,395.33,0,0.01,1.73,2.31,2.18,7.93,5.06,Clc1ccc(-c2c(Cl)cc(Cl)c(Cl)c2Cl)c(Cl)c1Cl
3614,c1cc(c(c(c1c2cc(c(cc2Cl)Cl)Cl)Cl)Cl)Cl,"2,2',3,4,4',5'-PCB",-8.29,-8.32,1.24,23,79,360.88,0,0.05,1.65,2.18,2.06,7.27,4.59,Clc1cc(Cl)c(-c2ccc(Cl)c(Cl)c2Cl)cc1Cl
3615,c1cc(c(c(c1c2ccc(c(c2Cl)Cl)Cl)Cl)Cl)Cl,"2,2',3,3',4,4'-PCB",-7.98,-8.01,1.18,23,174,360.88,0,0.05,1.62,2.17,2.06,7.27,4.59,Clc1ccc(-c2ccc(Cl)c(Cl)c2Cl)c(Cl)c1Cl
3616,c1cc(c(c2c1C(=O)c3c(ccc(c3C2=O)O)O)O)O,Quinalizarin,-5.08,-5.08,0.59,25,275,272.22,1.15,0.91,2.41,2.5,1.76,1.28,2.25,O=C1c2ccc(O)c(O)c2C(=O)c2c(O)ccc(O)c21
3617,c1cc(c(c2c1NC3=NC(=O)CN3C2)Cl)Cl,Anagrelide,-5.38,-5.38,0.49,25,280,256.09,0.39,1.23,1.75,2.03,1.58,2.12,2.09,O=C1CN2Cc3c(ccc(Cl)c3Cl)NC2=N1
3618,c1cc(c(c2c1cc(cn2)Cl)C(=O)O)Cl,Quinclorac,-6.06,-6.16,0.79,20,274,242.06,0.57,0.78,1.69,1.81,1.5,3.24,2.5,O=C(O)c1c(Cl)ccc2cc(Cl)cnc12
3619,c1cc(c(cc1/C=C/C(=O)O)O)O,CaffeicAcid,-2.34,-2.34,0.08,25,196,180.16,1.35,0.93,1.57,1.27,1.29,1.2,2.54,O=C(O)/C=C/c1ccc(O)c(O)c1
3620,c1cc(c(cc1Br)C(=O)O)N,2-Amino-5-bromobenzoicAcid<5-BromoanthranilicAcid>,-3.07,-3.07,0.04,25,220,216.03,0.88,0.7,1.45,1.42,1.21,1.73,2.14,Nc1ccc(Br)cc1C(=O)O
3621,c1cc(c(cc1C(=O)Nc2c(cncc2Cl)Cl)OCC3CC3)OC(F)F,Roflumilast,-5.66,-5.66,0.16,25,156,403.21,0.5,1.36,2.76,1.88,2.53,5.03,5.78,O=C(Nc1c(Cl)cncc1Cl)c1ccc(OC(F)F)c(OCC2CC2)c1
3622,c1cc(c(cc1C(=O)O)O)O,ProtocatechuicAcid,-1.03,-0.95,0.08,30,201,154.12,1.27,0.86,1.46,1.12,1.05,0.8,1.68,O=C(O)c1ccc(O)c(O)c1
3623,c1cc(c(cc1Cl)Cl)C(Cn2ccnc2)OCc3ccsc3Cl,Tioconazole,-5.6,-5.49,0.7,37,81,387.71,0,1.24,2.19,2.19,2.53,5.86,5.62,Clc1ccc(C(Cn2ccnc2)OCc2ccsc2Cl)c(Cl)c1
3624,c1cc(c(cc1Cl)Cl)[C@@H]2CS/C(=C(/C#N)\n3ccnc3)/S2,Luliconazole,-5.22,-5.04,0.62,37,151,354.28,0,1.05,2.5,2.68,2.28,5.06,4.51,N#C/C(=C1/SC[C@@H](c2ccc(Cl)cc2Cl)S1)n1ccnc1
3625,c1cc(c(cc1Cl)Cl)c2c(cnc(n2)NCCNc3ccc(cn3)[N+](=O)[O-])c4[nH]ccn4,CHIR-98023,-6.27,-6.02,0.83,37,209,471.3,0.68,1.86,3.82,3.96,3.14,4.67,6.43,O=[N+]([O-])c1ccc(NCCNc2ncc(-c3ncc[nH]3)c(-c3ccc(Cl)cc3Cl)n2)nc1
3626,c1cc(c(cc1Cl)Cl)c2cc(ccc2Cl)Cl,"2,2',4,5'-PCB",-6.54,-6.57,0.89,23,115,291.99,0,0.13,1.5,1.96,1.81,5.97,3.66,Clc1ccc(-c2cc(Cl)ccc2Cl)c(Cl)c1
3627,c1cc(c(cc1Cl)Cl)c2ccc(cc2Cl)Cl,"2,2',4,4'-PCB",-6.48,-6.51,0.88,23,114,291.99,0,0.09,1.46,1.94,1.81,5.97,3.66,Clc1ccc(-c2ccc(Cl)cc2Cl)c(Cl)c1
3628,c1cc(c(cc1Cl)c2c(c(c(c(c2Cl)Cl)Cl)Cl)Cl)Cl,"2,2',3,4,5,5',6-PCB",-8.9,-8.94,1.37,23,185,395.33,0,0,1.79,2.33,2.18,7.93,5.06,Clc1ccc(Cl)c(-c2c(Cl)c(Cl)c(Cl)c(Cl)c2Cl)c1
3629,c1cc(c(cc1Cl)c2cc(c(c(c2Cl)Cl)Cl)Cl)Cl,"2,2',3,4,5,5'-PCB",-7.65,-7.68,1.11,23,165,360.88,0,0.04,1.68,2.2,2.06,7.27,4.59,Clc1ccc(Cl)c(-c2cc(Cl)c(Cl)c(Cl)c2Cl)c1
3630,c1cc(c(cc1Cl)c2cc(ccc2Cl)Cl)Cl,"2,2',5,5'-PCB",-6.97,-7,0.98,23,87,291.99,0,0.18,1.54,1.98,1.81,5.97,3.66,Clc1ccc(Cl)c(-c2cc(Cl)ccc2Cl)c1
3631,c1cc(c(cc1Cl)c2ccc(c(c2Cl)Cl)Cl)Cl,"2,2',3,4,5'-PCB",-7.88,-7.91,1.16,23,142,326.44,0,0.12,1.58,2.08,1.94,6.62,4.12,Clc1ccc(Cl)c(-c2ccc(Cl)c(Cl)c2Cl)c1
3632,c1cc(c(cc1I)F)Nc2c(ccc(c2F)F)C(=O)NOC[C@@H](CO)O,PD0325901,-3.26,-3.14,0.22,37,112,482.19,0.96,1.66,2.82,2.5,2.59,2.47,7.19,O=C(NOC[C@H](O)CO)c1ccc(F)c(F)c1Nc1ccc(I)cc1F
3633,c1cc(c(cc1N)C(=O)O)O,Mesalamine<Mesalazine><5-AminosalicylicAcid>,-2.28,-2.28,0.09,25,280,153.14,0.93,0.7,1.52,1.22,1.09,0.67,1.68,Nc1ccc(O)c(C(=O)O)c1
3634,c1cc(c(cc1O)C(=O)O)O,"GentisicAcid<2,5-DihydroxybenzoicAcid>",-0.92,-0.92,0.03,25,205,154.12,1.2,0.66,1.34,1.14,1.05,0.8,1.68,O=C(O)c1cc(O)ccc1O
3635,c1cc(c(cc1O)O)C(=O)c2ccc(cc2O)O,"2,2',4,4'-Tetrahydroxybenzophenone",-1.45,-1.45,0.06,25,201,246.22,1.63,0.98,2.11,2.13,1.72,1.74,2.81,O=C(c1ccc(O)cc1O)c1ccc(O)cc1O
3636,c1cc(c(cc1Oc2c(cc(cc2I)CC(C(=O)O)N)I)I)O,DL-Rathyronine,-5.46,-5.22,0.67,37,236,650.98,1.11,1.42,2.7,3.58,2.81,3.95,6.74,NC(Cc1cc(I)c(Oc2ccc(O)c(I)c2)c(I)c1)C(=O)O
3637,c1cc(c(cc1[C@@H]2[C@H](C(=O)c3c(cc(cc3O2)O)O)O)O)O,Taxifolin·H2O<Dihydroquercetin>,-2.57,-2.4,0.03,37,241,304.25,1.66,1.69,2.34,2.55,2.01,1.19,3.07,O=C1c2c(O)cc(O)cc2O[C@H](c2ccc(O)c(O)c2)[C@H]1O
3638,c1cc(c(cc1[C@H]([C@@H](C(=O)O)N)O)O)O,Droxidopa,-2.03,-2.05,0.17,23,186,213.19,1.8,1.97,1.92,1.58,1.49,-0.46,3.13,N[C@H](C(=O)O)[C@H](O)c1ccc(O)c(O)c1
3639,c1cc(c(cc1[N+](=O)[O-])O)O,4-Nitrocatechol,0.09,0.08,0.11,25,176,155.11,1.14,0.63,1.65,1.2,1.01,1.01,1.63,O=[N+]([O-])c1ccc(O)c(O)c1
3640,c1cc(c(cc1c2c(cc(c(c2Cl)Cl)Cl)Cl)Cl)Cl,"2,3,3',4,4',6-PCB",-7.63,-7.66,1.11,23,107,360.88,0,0.08,1.66,2.19,2.06,7.27,4.59,Clc1ccc(-c2c(Cl)cc(Cl)c(Cl)c2Cl)cc1Cl
3641,c1cc(c(cc1c2cc(c(c(c2Cl)Cl)Cl)Cl)Cl)Cl,"2,3,3',4,4',5-PCB",-7.79,-7.82,1.14,23,166,360.88,0,0.04,1.65,2.17,2.06,7.27,4.59,Clc1ccc(-c2cc(Cl)c(Cl)c(Cl)c2Cl)cc1Cl
3642,c1cc(c(cc1c2cc(c(cc2Cl)Cl)Cl)Cl)Cl,"2,3',4,4',5-PCB",-7.36,-7.39,1.05,23,110,326.44,0,0.11,1.59,2.07,1.94,6.62,4.12,Clc1ccc(-c2cc(Cl)c(Cl)cc2Cl)cc1Cl
3643,c1cc(c(cc1c2cc(ccc2Cl)Cl)Cl)Cl,"2,3',4',5-PCB",-7.22,-7.25,1.03,23,106,291.99,0,0.18,1.52,1.96,1.81,5.97,3.66,Clc1ccc(Cl)c(-c2ccc(Cl)c(Cl)c2)c1
3644,c1cc(c(cc1c2ccc(c(c2Cl)Cl)Cl)Cl)Cl,"2,2',3,3',4-PCB",-7.02,-7.05,0.99,23,50,326.44,0,0.12,1.56,2.05,1.94,6.62,4.12,Clc1ccc(-c2ccc(Cl)c(Cl)c2Cl)cc1Cl
3645,c1cc(c(cc1c2ccc(cc2Cl)Cl)Cl)Cl,"2,3',4,4'-PCB",-7.77,-7.8,1.14,23,116,291.99,0,0.13,1.47,1.94,1.81,5.97,3.66,Clc1ccc(-c2ccc(Cl)c(Cl)c2)c(Cl)c1
3646,c1cc(c2ccsc2c1)N3CCN(CC3)CCCCOc4ccc5ccc(=O)[nH]c5c4,Brexpiprazole,-7.29,-7.29,0.25,25,183,433.57,0.41,1.78,2.92,3.14,3.28,4.72,5.91,O=c1ccc2ccc(OCCCCN3CCN(c4cccc5sccc45)CC3)cc2[nH]1
3647,c1cc(cc(c1)C(=O)O)C(=O)O,3-PhthalicAcid<IsophthalicAcid>,-4.17,-4.17,0.19,25,347,166.14,1.14,0.77,1.46,0.94,1.15,1.08,2.09,O=C(O)c1cccc(C(=O)O)c1
3648,c1cc(cc(c1)Cl)c2cc(ccc2Cl)Cl,"2,3',5-PCB",-5.98,-6.01,0.77,23,99,257.55,0,0.19,1.43,1.83,1.69,5.31,3.2,Clc1cccc(-c2cc(Cl)ccc2Cl)c1
3649,c1cc(cc(c1)Cl)c2cccc(c2)Cl,"3,3'-PCB",-5.78,-5.8,0.73,23,29,223.1,0,0.21,1.32,1.68,1.57,4.66,2.76,Clc1cccc(-c2cccc(Cl)c2)c1
3650,c1cc(cc(c1)O)N,3-Aminophenol,-0.56,-0.62,0.05,20,125,109.13,0.73,0.65,1.28,1.07,0.87,0.97,1.08,Nc1cccc(O)c1
3651,c1cc(cc(c1)O)O,Resorcinol,0.75,0.7,0.06,20,110,110.11,1,0.61,1.1,0.99,0.83,1.1,1.08,Oc1cccc(O)c1
3652,c1cc(cc(c1)S(=O)(=O)N)N,3-Aminobenzenesulfonamide,-1.02,-1.03,0.05,25,141,172.21,0.67,1.14,1.92,1.44,1.2,-0.08,1.84,Nc1cccc(S(N)(=O)=O)c1
3653,c1cc(cc(c1)[N+](=O)[O-])C(=O)O,3-NitrobenzoicAcid,-1.94,-1.94,0.09,25,142,167.12,0.64,0.54,1.65,1.02,1.11,1.29,2.05,O=C(O)c1cccc([N+](=O)[O-])c1
3654,c1cc(cc(c1)[N+](=O)[O-])N,3-Nitroaniline,-2.18,-2.18,0.09,25,72,138.12,0.3,0.53,1.65,1.13,0.99,1.18,1.53,Nc1cccc([N+](=O)[O-])c1
3655,c1cc(cc2c1cc(c3c2cc(cc3)C(F)(F)F)C(C4CCCCN4)O)C(F)(F)F,WR-122455,-5.37,-5.37,0.03,25,215,427.38,0.38,0.99,1.23,1.95,2.74,6.21,5.18,OC(c1cc2ccc(C(F)(F)F)cc2c2cc(C(F)(F)F)ccc12)C1CCCCN1
3656,c1cc(cc2c1cc(cc2)O)O,"2,6-Dihydroxynaphthalene",-2.02,-2.2,0.17,14,220,160.17,1,0.72,1.44,1.73,1.2,2.25,1.4,Oc1ccc2cc(O)ccc2c1
3657,c1cc(ccc1/C=C/c2cc(cc(c2)O)O)O,trans-Resveratrol,-4.13,-4.13,0.37,25,254,228.24,1.5,1.04,1.82,1.97,1.74,2.97,3,Oc1ccc(/C=C/c2cc(O)cc(O)c2)cc1
3658,c1cc(ccc1C#N)Nc2c3c(ncn2)C(CC3)O,RS-8359,-4.55,-4.62,0.12,20,198,252.27,0.5,1.29,2.18,2.14,1.87,2.07,2.86,N#Cc1ccc(Nc2ncnc3c2CCC3O)cc1
3659,c1cc(ccc1C(=C(Cl)Cl)c2ccc(cc2)Cl)Cl,Dichlorodiphenyldichloroethylene,-6.88,-6.9,0.96,23,89,318.03,0,0.3,1.53,1.8,2.05,6.19,4.58,ClC(Cl)=C(c1ccc(Cl)cc1)c1ccc(Cl)cc1
3660,c1cc(ccc1C(c2ccc(cc2)Cl)C(Cl)Cl)Cl,Dichlorodiphenyldichloroethane,-7.18,-7.2,1.02,23,109,320.05,0.09,0.22,1.44,1.67,2.1,5.93,4.8,Clc1ccc(C(c2ccc(Cl)cc2)C(Cl)Cl)cc1
3661,c1cc(ccc1CC(C(=O)O)N)O,DL-Tyrosine,-2.4,-2.4,0.18,25,325,181.19,1.28,1.29,1.6,1.18,1.37,0.35,2.87,NC(Cc1ccc(O)cc1)C(=O)O
3662,c1cc(ccc1CCCC(=O)O)N(CCCl)CCCl,Chlorambucil,-3.39,-3.75,0.25,3,65,304.21,0.57,0.8,1.6,1.22,2.26,3.38,7.68,O=C(O)CCCc1ccc(N(CCCl)CCCl)cc1
3663,c1cc(ccc1CCCOCCCN2CCCCC2)Cl,Pitolisant<WAKIX>,-3.38,-3.39,0.13,23,192,295.85,0,0.83,1.18,1.13,2.44,4.17,7.41,Clc1ccc(CCCOCCCN2CCCCC2)cc1
3664,c1cc(ccc1COC(Cn2ccnc2)c3ccc(cc3Cl)Cl)Cl,Econazole,-4.91,-4.91,0.03,25,87,381.68,0,0.84,2.27,2.24,2.6,5.8,5.8,Clc1ccc(COC(Cn2ccnc2)c2ccc(Cl)cc2Cl)cc1
3665,c1cc(ccc1CO[C@H]2Cn3cc(nc3OC2)[N+](=O)[O-])OC(F)(F)F,Pretomanid<DOVPRELA>,-4.53,-4.44,0.3,37,150,359.26,0,1.2,2.26,1.5,2.14,2.67,4.49,O=[N+]([O-])c1cn2c(n1)OC[C@@H](OCc1ccc(OC(F)(F)F)cc1)C2
3666,c1cc(ccc1C[C@H](C(=O)O)N)O,D-Tyrosine,-2.6,-2.6,0.05,25,312,181.19,1.28,1.29,1.6,1.18,1.37,0.35,2.87,N[C@H](Cc1ccc(O)cc1)C(=O)O
3667,c1cc(ccc1Cc2cc(ccc2Cl)[C@H]3[C@@H]([C@H]([C@@H]([C@H](O3)CO)O)O)O)O[C@H]4CCOC4,Empagliflozin<Jardiance>,-3.27,-3.29,0.56,23,191,450.91,1.02,2.21,2.65,2.78,3.19,1.61,7.13,OC[C@H]1O[C@@H](c2ccc(Cl)c(Cc3ccc(O[C@H]4CCOC4)cc3)c2)[C@H](O)[C@@H](O)[C@@H]1O
3668,c1cc(ccc1N)O,4-Aminophenol,-0.78,-0.84,0.05,20,190,109.13,0.73,0.69,1.32,1.09,0.87,0.97,1.08,Nc1ccc(O)cc1
3669,c1cc(ccc1N)S(=O)(=O)NC(=O)N,Sulfacarbamide,-1.26,-1.3,0.17,23,188,215.23,1.05,1.43,2.72,1.72,1.45,-0.37,2.61,NC(=O)NS(=O)(=O)c1ccc(N)cc1
3670,c1cc(ccc1N)S(=O)(=O)O,4-AminobenzenesulfonicAcid,-1.13,-1.21,0.05,20,122,173.19,0.54,1.19,2.2,1.17,1.16,0.52,1.84,Nc1ccc(S(=O)(=O)O)cc1
3671,c1cc(ccc1N)[N+](=O)[O-],4-Nitroaniline,-2.39,-2.39,0.07,25,72,138.12,0.28,0.53,1.65,1.13,0.99,1.18,1.53,Nc1ccc([N+](=O)[O-])cc1
3672,c1cc(ccc1NC(=O)CCC(=O)O)S(=O)(=O)Nc2nccs2,Sulfasuxidine<Succinylsulfathiazole>,-3.09,-2.86,0.19,38,194,355.39,1.34,1.78,3.39,2.25,2.34,1.75,5.29,O=C(O)CCC(=O)Nc1ccc(S(=O)(=O)Nc2nccs2)cc1
3673,c1cc(ccc1O)I,4-Iodophenol,-1.73,-1.72,0.04,26,94,220.01,0.67,0.4,1.16,1.42,1.03,2,1.73,Oc1ccc(I)cc1
3674,c1cc(ccc1O)O,"Hydroquinone<1,4-Benzenediol>",-0.17,-0.17,0.02,25,174,110.11,1,0.65,1.14,1.02,0.83,1.1,1.08,Oc1ccc(O)cc1
3675,c1cc(ccc1[C@@H]2CC(=O)c3c(cc(cc3O2)O)O)O,Naringenin,-5.05,-5.05,0.15,25,249,272.25,1.3,1.14,2.19,2.23,1.89,2.51,2.75,O=C1C[C@@H](c2ccc(O)cc2)Oc2cc(O)cc(O)c21
3676,c1cc(ccc1[C@@H]2CCNC[C@H]2COc3ccc4c(c3)OCO4)F,Paroxetine,-4.8,-4.82,0.19,23,130,329.37,0.13,1.23,1.77,1.79,2.39,3.33,4.26,Fc1ccc([C@@H]2CCNC[C@H]2COc2ccc3c(c2)OCO3)cc1
3677,c1cc(ccc1[N+](=O)[O-])Oc2ccc(cc2Cl)Cl,Nitrofen,-5.44,-5.46,0.66,23,71,284.1,0,0.43,2,1.72,1.8,4.69,3.7,O=[N+]([O-])c1ccc(Oc2ccc(Cl)cc2Cl)cc1
3678,c1cc(ccc1c2cc(=O)c3c(cc(cc3o2)O)O)O,Apigenin,-5.32,-5.32,0.18,25,348,270.24,1.3,1.2,2.25,2.36,1.85,2.58,2.61,O=c1cc(-c2ccc(O)cc2)oc2cc(O)cc(O)c12
3679,c1cc(ccc1c2cc(ccc2Cl)Cl)Cl,"2,4',5-PCB",-6.22,-6.25,0.82,23,65,257.55,0,0.19,1.43,1.83,1.69,5.31,3.2,Clc1ccc(-c2cc(Cl)ccc2Cl)cc1
3680,c1cc(ccc1c2ccc(cc2)Cl)Cl,"4,4'-PCB",-6.53,-6.56,0.89,23,149,223.1,0,0.21,1.32,1.68,1.57,4.66,2.76,Clc1ccc(-c2ccc(Cl)cc2)cc1
3681,c1cc(ccc1c2ccc(cc2Cl)Cl)Cl,"2,4,4'-PCB",-6.19,-6.21,0.82,23,58,257.55,0,0.15,1.39,1.81,1.69,5.31,3.2,Clc1ccc(-c2ccc(Cl)cc2Cl)cc1
3682,c1cc(ccc1c2coc3c(c2=O)ccc(c3O[C@H]4[C@@H]([C@H]([C@@H]([C@H](O4)CO)O)O)O)O)O,Puararin,0.04,0.04,0.03,25,189,432.38,1.93,2.94,3.47,3.33,2.88,0.05,5.56,O=c1c(-c2ccc(O)cc2)coc2c(O[C@@H]3O[C@H](CO)[C@@H](O)[C@H](O)[C@H]3O)c(O)ccc12
3683,c1cc(ccc1c2coc3cc(cc(c3c2=O)O)O)O,Genistein,-5.37,-5.37,0.02,25,302,270.24,1.3,1.2,2.25,2.36,1.85,2.58,2.61,O=c1c(-c2ccc(O)cc2)coc2cc(O)cc(O)c12
3684,c1cc(ccc1c2coc3cc(ccc3c2=O)O)O,Daidzein,-5.31,-5.31,0.13,25,330,254.24,1.16,1.27,2.23,2.21,1.79,2.87,2.49,O=c1c(-c2ccc(O)cc2)coc2cc(O)ccc12
3685,c1cc(ccc1n2cc(c(=O)c3c2cc(c(c3)F)N4CCNCC4)C(=O)O)F,Sarafloxacin,-3.13,-3.13,0.13,25,206,385.36,0.73,1.85,2.92,2.5,2.62,2.38,4.56,O=C(O)c1cn(-c2ccc(F)cc2)c2cc(N3CCNCC3)c(F)cc2c1=O
3686,c1cc(nc(c1)Cl)C(Cl)(Cl)Cl,Nitrapyrin,-3.51,-3.51,0.27,25,63,230.91,0,0.38,1.11,1.07,1.31,3.56,2.87,Clc1cccc(C(Cl)(Cl)Cl)n1
3687,c1cc(ncc1Cc2c[nH]c3c2cc(cn3)Cl)NCc4ccc(nc4)C(F)(F)F,Pexidartinib<TURALIO>,-7.13,-6.98,0.08,37,201,417.81,0.48,1.39,2.5,2.65,2.74,5.23,5.1,FC(F)(F)c1ccc(CNc2ccc(Cc3c[nH]c4ncc(Cl)cc34)cn2)cn1
3688,c1cc(oc1)C(=O)O,2-FuroicAcid,-0.37,-0.37,0.08,25,134,112.08,0.57,0.48,0.95,0.53,0.75,0.98,1.04,O=C(O)c1ccco1
3689,c1cc(oc1/C=N/N2CC(=O)N(C2=O)CO)[N+](=O)[O-],Nifurtoinol<Hydroxymethylnitrofurantoin>,-2.88,-2.91,0.17,22,187,268.18,0.31,1.67,2.31,1.87,1.65,-0.26,3.25,O=C1CN(/N=C/c2ccc([N+](=O)[O-])o2)C(=O)N1CO
3690,c1cc(sc1)C(=O)C2c3cc(ccc3N(C2=O)C(=O)N)Cl,Tenidap,-4.02,-4.04,0.38,23,208,320.75,0.39,1.47,2.43,2.4,2.07,2.79,3.27,NC(=O)N1C(=O)C(C(=O)c2cccs2)c2cc(Cl)ccc21
3691,c1cc2c(c(c(nc2c(c1)C(F)(F)F)C3(CC3)c4ccc(cc4)Cl)O)C(=O)O,PSI-421,-7.08,-7.12,0.46,23,214,407.77,0.7,0.73,1.84,2.27,2.56,5.39,4.04,O=C(O)c1c(O)c(C2(c3ccc(Cl)cc3)CC2)nc2c(C(F)(F)F)cccc12
3692,c1cc2c(c(c1)Cl)n(c(=O)s2)CC(=O)O,Benazolin,-2.52,-2.61,0.17,20,193,243.67,0.57,1.07,2.12,1.74,1.51,1.8,2.5,O=C(O)Cn1c(=O)sc2cccc(Cl)c21
3693,c1cc2c(c(c1)N)C(=O)N(C2=O)C3CCC(=O)NC3=O,Pomalidomide,-4.78,-4.78,0.04,25,299,273.24,0.51,1.99,2.71,2.35,1.85,-0.33,2.57,Nc1cccc2c1C(=O)N(C1CCC(=O)NC1=O)C2=O
3694,c1cc2c(cc(c(c2nc1)O)I)Cl,Clioquinol,-5.85,-5.88,0.08,23,179,305.5,0.08,0.59,1.53,2.23,1.48,3.2,2.3,Oc1c(I)cc(Cl)c2cccnc12
3695,c1cc2c(cc1C#N)c(c[nH]2)CCCCN3CCN(CC3)c4ccc5c(c4)cc(o5)C(=O)N,Vilazodone,-6.03,-6.03,0.31,25,201,441.53,0.8,2.03,3.62,3.51,3.37,4.03,5.75,N#Cc1ccc2[nH]cc(CCCCN3CCN(c4ccc5oc(C(N)=O)cc5c4)CC3)c2c1
3696,c1cc2c(cc1F)CCC(O2)C(CNCC(C3CCc4cc(ccc4O3)F)O)O,Nebivolol,-7.23,-7.23,0.15,25,217,405.44,0.47,2.04,1.95,2.23,2.89,2.36,5.99,OC(CNCC(O)C1CCc2cc(F)ccc2O1)C1CCc2cc(F)ccc2O1
3697,c1cc2c(cc[nH]2)c(c1)O,4-Hydroxyindole,-2.01,-2.01,0.61,25,100,133.15,0.81,0.6,1.31,1.45,1.01,1.87,0.95,Oc1cccc2[nH]ccc12
3698,c1cc2c(cc[nH]2)cc1N,5-Aminoindole,-1.95,-1.95,0.3,25,132,132.16,0.54,0.64,1.49,1.52,1.05,1.75,0.95,Nc1ccc2[nH]ccc2c1
3699,c1cc2c(cccn2)c(c1)[N+](=O)[O-],5-Nitroquinoline,-2.51,-2.51,0.45,25,74,174.16,0,0.55,1.72,1.59,1.22,2.14,1.66,O=[N+]([O-])c1cccc2ncccc12
3700,c1cc2c(ccnc2cc1Cl)Cl,"4,7-Dichloroquinoline",-3.75,-3.75,0.68,25,93,198.05,0,0.45,1.31,1.61,1.29,3.54,1.91,Clc1ccc2c(Cl)ccnc2c1
3701,c1cc2c3c(ccc4c3c1CCC4)CCC2,"1,2,3,6,7,8-Hexahydropyrene",-5.94,-5.96,0.76,23,133,208.3,0,0.14,0.97,1.79,1.71,3.82,1.71,c1cc2c3c(ccc4c3c1CCC4)CCC2
3702,c1cc2ccc3ccc4ccc5cccc6c5c4c3c2c6c1,"1,12-benzoperylene",-8.97,-9.03,1.38,23,278,276.34,0,0.33,2.02,3.92,2.08,6.33,1.71,c1cc2ccc3ccc4ccc5cccc6c(c1)c2c3c4c56
3703,c1cc2ccc3cccc4c3c2c(c1)cc4,Pyrene,-6.19,-6.18,0.02,26,152,202.25,0,0.25,1.52,2.6,1.58,4.58,1.39,c1cc2ccc3cccc4ccc(c1)c2c34
3704,c1cc2cccc3c2c(c1)c4cccc5c4c3ccc5,Perylene,-8.75,-8.8,1.34,23,274,252.31,0,0.31,1.84,3.32,1.95,5.74,1.78,c1cc2cccc3c4cccc5cccc(c(c1)c23)c54
3705,c1ccc(c(c1)/C=N/NC(=O)c2ccncc2)O,Salinazid,-3.69,-3.69,0.02,25,248,241.25,0.75,1.46,2.24,1.93,1.8,1.55,3.65,O=C(N/N=C/c1ccccc1O)c1ccncc1
3706,c1ccc(c(c1)C(=C(Cl)Cl)c2ccc(cc2)Cl)Cl,"2,4'-DDE",-6.34,-6.36,0.85,23,77,318.03,0,0.3,1.53,1.8,2.05,6.19,4.58,ClC(Cl)=C(c1ccc(Cl)cc1)c1ccccc1Cl
3707,c1ccc(c(c1)C(=O)N)O,Salicylamide,-1.82,-1.82,0.09,25,140,137.14,0.62,0.61,1.57,1.16,1.03,0.49,1.58,NC(=O)c1ccccc1O
3708,c1ccc(c(c1)C(=O)O)C(=O)O,2-PhthalicAcid,-1.46,-1.46,0.05,25,230,166.14,1.14,0.77,1.46,0.94,1.15,1.08,2.09,O=C(O)c1ccccc1C(=O)O
3709,c1ccc(c(c1)C(=O)O)OC(=O)CCC2CCCC2,CyclopentylpropionylsalicylicAcid,-3.99,-3.98,0.37,26,155,262.3,0.57,0.8,1.51,1.05,2.02,3.26,4.55,O=C(CCC1CCCC1)Oc1ccccc1C(=O)O
3710,c1ccc(c(c1)C(=O)O)[N+](=O)[O-],2-NitrobenzoicAcid,-1.41,-1.41,0.02,25,146,167.12,0.57,0.54,1.65,1.02,1.11,1.29,2.05,O=C(O)c1ccccc1[N+](=O)[O-]
3711,c1ccc(c(c1)C(c2ccc(cc2)Cl)C(Cl)(Cl)Cl)Cl,"2,4'-DDT",-6.6,-6.62,0.9,23,74,354.49,0,0.22,1.51,1.76,2.22,6.5,4.91,Clc1ccc(C(c2ccccc2Cl)C(Cl)(Cl)Cl)cc1
3712,c1ccc(c(c1)C(c2ccc(cc2)Cl)C(Cl)Cl)Cl,Mitotane,-6.49,-6.51,0.88,23,77,320.05,0.09,0.22,1.44,1.67,2.1,5.93,4.8,Clc1ccc(C(c2ccccc2Cl)C(Cl)Cl)cc1
3713,c1ccc(c(c1)CC(=O)OCC(=O)O)Nc2c(cccc2Cl)Cl,Aceclofenac,-4.53,-4.32,0.48,37,149,354.18,0.7,1,2.35,1.87,2.38,3.91,5.84,O=C(O)COC(=O)Cc1ccccc1Nc1c(Cl)cccc1Cl
3714,c1ccc(c(c1)CN)O,2-Hydroxybenzylamine,-1.04,-1.04,0.17,25,126,123.15,0.71,0.93,1.16,1.01,1.02,0.85,1.7,NCc1ccccc1O
3715,c1ccc(c(c1)N)O,2-Aminophenol,-0.68,-0.75,0.11,20,172,109.13,0.51,0.55,1.21,1.05,0.87,0.97,1.08,Nc1ccccc1O
3716,c1ccc(c(c1)N)S(=O)(=O)N,2-Aminobenzenesulfonamide,-1.4,-1.41,0.04,24,155,172.21,0.67,1.18,1.94,1.44,1.2,-0.08,1.84,Nc1ccccc1S(N)(=O)=O
3717,c1ccc(c(c1)N)[N+](=O)[O-],2-Nitroaniline,-2.06,-2.06,0.06,25,72,138.12,0.18,0.48,1.44,1.16,0.99,1.18,1.53,Nc1ccccc1[N+](=O)[O-]
3718,c1ccc(c(c1)O)O,Catechol,0.5,0.45,0.07,20,105,110.11,0.77,0.53,1.08,0.93,0.83,1.1,1.08,Oc1ccccc1O
3719,c1ccc(c(c1)[C@H](Cn2ncnn2)OC(=O)N)Cl,Cenobamate<XCOPRI>,-2.2,-2.2,0.17,25,98,267.67,0.44,1.22,2.31,1.87,1.78,1.16,3.73,NC(=O)O[C@@H](Cn1ncnn1)c1ccccc1Cl
3720,c1ccc(c(c1)[N+](=O)[O-])O,2-Nitrophenol,-1.99,-2,0.11,23,44,139.11,0.11,0.35,1.24,0.96,0.95,1.3,1.53,O=[N+]([O-])c1ccccc1O
3721,c1ccc(c(c1)c2c(cc(c(c2Cl)Cl)Cl)Cl)Cl,"2,2',3,4,6-PCB",-7.4,-7.43,1.06,23,156,326.44,0,0.09,1.58,2.07,1.94,6.62,4.12,Clc1ccccc1-c1c(Cl)cc(Cl)c(Cl)c1Cl
3722,c1ccc(c(c1)c2cc(c(c(c2Cl)Cl)Cl)Cl)Cl,"2,2',3,4,5-PCB",-7.18,-7.21,1.02,23,159,326.44,0,0.05,1.57,2.05,1.94,6.62,4.12,Clc1ccccc1-c1cc(Cl)c(Cl)c(Cl)c1Cl
3723,c1ccc(c(c1)c2cc(ccc2Cl)Cl)Cl,"2,2',5-PCB",-5.99,-6.02,0.78,23,94,257.55,0,0.19,1.43,1.83,1.69,5.31,3.2,Clc1ccc(Cl)c(-c2ccccc2Cl)c1
3724,c1ccc(c(c1)c2ccc(c(c2)Cl)Cl)Cl,"2,3',4'-PCB",-6.26,-6.29,0.83,23,96,257.55,0,0.19,1.41,1.81,1.69,5.31,3.2,Clc1ccc(-c2ccccc2Cl)cc1Cl
3725,c1ccc(c(c1)c2ccc(cc2)Cl)Cl,"2,4'-PCB",-5.26,-5.28,0.63,23,44,223.1,0,0.21,1.32,1.68,1.57,4.66,2.76,Clc1ccc(-c2ccccc2Cl)cc1
3726,c1ccc(c(c1)c2ccccc2Cl)Cl,"2,2'-PCB",-5.25,-5.27,0.63,23,62,223.1,0,0.21,1.32,1.68,1.57,4.66,2.76,Clc1ccccc1-c1ccccc1Cl
3727,c1ccc(cc1)/C(=C(/c2ccccc2)\c3ccc(cc3)OCCO)/CCCl,Ospemifene,-5.96,-5.98,0.77,23,135,378.89,0.23,0.99,2.02,2.26,2.97,5.65,7.09,OCCOc1ccc(/C(=C(/CCCl)c2ccccc2)c2ccccc2)cc1
3728,c1ccc(cc1)/C=C/C(=O)O,trans-CinnamicAcid,-2.47,-2.47,0.02,25,133,148.16,0.57,0.51,1.18,0.9,1.17,1.78,2.44,O=C(O)/C=C/c1ccccc1
3729,c1ccc(cc1)/C=C\C(=O)O,cis-CinnamicAcid,-1.14,-1.14,0.01,25,42,148.16,0.57,0.51,1.18,0.9,1.17,1.78,2.44,O=C(O)/C=C\c1ccccc1
3730,c1ccc(cc1)/N=N/c2ccc(cc2)O,4-Phenylazophenol,-3.96,-3.96,0.37,25,155,198.23,0.13,0.98,1.57,1.67,1.54,3.81,2.74,Oc1ccc(/N=N/c2ccccc2)cc1
3731,c1ccc(cc1)/N=N/c2ccc(nc2N)N,Phenazopyridine,-4.19,-4.19,0.09,25,139,213.24,0.45,1.09,1.67,2.03,1.64,2.66,2.77,Nc1ccc(/N=N/c2ccccc2)c(N)n1
3732,c1ccc(cc1)/N=N/c2ccccc2,Diphenyldiazine,-4.45,-4.45,0.16,25,68,182.23,0,0.41,0.86,1.38,1.48,4.1,2.67,c1ccc(/N=N/c2ccccc2)cc1
3733,c1ccc(cc1)C#Cc2cc(cnc2)OC[C@@H]3CCN3,VMY-2-95,-4.26,-4.26,0.22,25,137,264.32,0.15,1.22,1.73,1.75,2.09,2.22,3.96,C(#Cc1cncc(OC[C@@H]2CCN2)c1)c1ccccc1
3734,c1ccc(cc1)C(=CCN2CCCC2)Cc3ccc(cc3)Cl,Pyrrobutamine<Pyronil>,-4.36,-4.26,0.45,38,102,311.85,0,0.77,1.52,1.8,2.52,5.06,5.31,Clc1ccc(CC(=CCN2CCCC2)c2ccccc2)cc1
3735,c1ccc(cc1)C(=O)N,Benzamide,-0.95,-0.95,0.04,25,130,121.14,0.49,0.66,1.55,1,0.97,0.79,1.49,NC(=O)c1ccccc1
3736,c1ccc(cc1)C(=O)NCC(=O)O,HippuricAcid,-1.74,-1.74,0.01,25,187,179.17,0.83,1.01,1.95,1.06,1.33,0.5,3.02,O=C(O)CNC(=O)c1ccccc1
3737,c1ccc(cc1)C(c2ccc(cc2)Cl)N3CCN(CC3)CCOCCO,Hydroxyzine,-4.64,-4.65,0.5,23,190,374.9,0.23,1.8,2.01,2.12,2.92,3.06,7.47,OCCOCCN1CCN(C(c2ccccc2)c2ccc(Cl)cc2)CC1
3738,c1ccc(cc1)C(c2ccccc2)(c3cccc(c3)C(F)(F)F)n4cncn4,Fluotrimazole,-8.34,-8.4,1.25,20,132,379.39,0,0.66,2.14,2.15,2.65,5.14,4.47,FC(F)(F)c1cccc(C(c2ccccc2)(c2ccccc2)n2cncn2)c1
3739,c1ccc(cc1)C2(C(=O)N(C(=O)N2)CO)c3ccccc3,3-Hydroxymethylphenytoin,-3.12,-3.12,0.74,25,158,282.294,0.47,1.47,2.32,2.16,2.07,1.43,3.19,O=C1NC(c2ccccc2)(c2ccccc2)C(=O)N1CO
3740,c1ccc(cc1)C2(C(=O)NC(=O)N2)c3ccc(cc3)O,4-Hydroxyphenytoin,-4.03,-3.87,0.38,37,219,268.267,0.94,1.41,2.25,2.17,1.93,1.48,2.68,O=C1NC(=O)C(c2ccccc2)(c2ccc(O)cc2)N1
3741,c1ccc(cc1)C2(C(=O)NC(=O)N2S(=O)(=O)c3ccc(cc3)O)c4ccccc4,"5,5-Diphenyl-1-[(4-Hydroxyphenyl)sulfonyl]hydantoin",-5.33,-5.09,0.64,37,217,408.427,0.74,1.88,3.45,3.08,2.82,2.58,4.35,O=C1NC(=O)C(c2ccccc2)(c2ccccc2)N1S(=O)(=O)c1ccc(O)cc1
3742,c1ccc(cc1)C2(C(=O)NC(=O)N2S(=O)(=O)c3ccccc3)c4ccccc4,"5,5-Diphenyl-1-(phenylsulfonyl)hydantoin",-5.51,-5.27,0.22,37,215,392.428,0.24,1.62,3.21,2.85,2.76,2.87,4.24,O=C1NC(=O)C(c2ccccc2)(c2ccccc2)N1S(=O)(=O)c1ccccc1
3743,c1ccc(cc1)C2=NCC(=Nc3c2cc(cc3)Cl)O,Nordazepam<Desmethyldiazepam>,-3.7,-3.72,0.03,23,208,270.71,0.47,0.99,1.68,2.01,1.95,3.78,3.05,OC1=Nc2ccc(Cl)cc2C(c2ccccc2)=NC1
3744,c1ccc(cc1)CC(=O)NC(=O)N,Phenacemide,-2.97,-2.99,0.17,23,215,178.19,0.67,0.92,1.79,1.21,1.37,0.42,3.02,NC(=O)NC(=O)Cc1ccccc1
3745,c1ccc(cc1)CCNC(=O)c2ccccc2,RiparinA<N-(2-phenylethyl)benzamide>,-2.63,-2.4,0.17,50,116,225.29,0.26,0.77,1.98,1.46,1.86,2.66,3.92,O=C(NCCc1ccccc1)c1ccccc1
3746,c1ccc(cc1)CN(CC2=NCCN2)c3ccccc3,Antazoline,-4.21,-4.1,0.41,38,120,265.35,0.13,1.13,1.52,1.89,2.18,2.69,3.97,c1ccc(CN(CC2=NCCN2)c2ccccc2)cc1
3747,c1ccc(cc1)COC(=O)c2ccc(cc2)O,Benzylparaben,-3.72,-3.7,0.32,27,112,228.24,0.66,0.81,1.71,1.44,1.74,2.75,3.4,O=C(OCc1ccccc1)c1ccc(O)cc1
3748,c1ccc(cc1)COC(=O)c2ccccc2,Benzylbenzoate,-2.19,-2.16,0.05,30,19,212.24,0,0.54,1.5,1.22,1.68,3.04,3.34,O=C(OCc1ccccc1)c1ccccc1
3749,c1ccc(cc1)COc2ccc(cc2)CC(=O)O,[4-(Benzyloxy)phenyl]aceticAcid,-3.44,-3.44,0.09,25,123,242.27,0.57,0.75,1.64,1.38,1.88,2.89,3.97,O=C(O)Cc1ccc(OCc2ccccc2)cc1
3750,c1ccc(cc1)Cn2ccnc2,1-Benzylimidazole,-2.26,-2.26,0.39,25,71,158.2,0,0.57,1.43,1.2,1.29,1.93,1.91,c1ccc(Cn2ccnc2)cc1
3751,c1ccc(cc1)NC(=O)CCCCCCC(=O)NO,Vorinostat,-3.42,-3.42,0.22,25,163,264.32,0.98,1.52,2.59,1.39,2.13,2.47,7.27,O=C(CCCCCCC(=O)Nc1ccccc1)NO
3752,c1ccc(cc1)NNC(=O)N,Phenicarbazide,-2.24,-2.33,0.17,15,128,151.16,0.73,1.22,1.68,1.25,1.17,0.68,2.33,NC(=O)NNc1ccccc1
3753,c1ccc(cc1)NS(=O)(=O)c2cccc(c2)/C=C/C(=O)NO,Belinostat,-3.33,-3.36,0.24,23,144,318.35,0.93,1.73,3.25,2.36,2.26,2.01,4.92,O=C(/C=C/c1cccc(S(=O)(=O)Nc2ccccc2)c1)NO
3754,c1ccc(cc1)Nc2ccccc2,Diphenylamine,-3.44,-3.48,0.14,20,54,169.22,0.13,0.42,1.41,1.37,1.42,3.43,2.28,c1ccc(Nc2ccccc2)cc1
3755,c1ccc(cc1)S(=O)(=O)Nc2ccc(cc2)Cl,N-(4-Chlorophenyl)benzenesulfonamide,-4.05,-4.12,0.07,20,122,267.73,0.42,0.81,2.17,1.82,1.83,3.14,3.35,O=S(=O)(Nc1ccc(Cl)cc1)c1ccccc1
3756,c1ccc(cc1)S(=O)(=O)Nc2cccc(c2Cl)Cl,"N-(2,3-Dichlorophenyl)benzenesulfonamide",-4.65,-4.65,0.02,25,114,302.18,0.43,0.74,2.21,1.9,1.95,3.79,3.8,O=S(=O)(Nc1cccc(Cl)c1Cl)c1ccccc1
3757,c1ccc(cc1)S(=O)(=O)Nc2ccccc2Cl,N-(2-Chlorophenyl)benzenesulfonamide,-4.32,-4.32,0.03,25,125,267.73,0.36,0.81,2.14,1.79,1.83,3.14,3.35,O=S(=O)(Nc1ccccc1Cl)c1ccccc1
3758,c1ccc(cc1)[C@@H](C(=O)O)N,Phenylglycine,-1.5,-1.5,0.01,25,288,151.16,0.78,1.02,1.38,0.96,1.17,0.77,2.23,N[C@H](C(=O)O)c1ccccc1
3759,c1ccc(cc1)[C@H](C#N)O[C@H]2[C@@H]([C@H]([C@@H]([C@H](O2)CO[C@H]3[C@@H]([C@H]([C@@H]([C@H](O3)CO)O)O)O)O)O)O,Amygdalin,-0.76,-0.77,0.17,23,225,457.43,1.72,3.61,3.6,2.92,3.13,-3.11,8.5,N#C[C@H](O[C@@H]1O[C@H](CO[C@@H]2O[C@H](CO)[C@@H](O)[C@H](O)[C@H]2O)[C@@H](O)[C@H](O)[C@H]1O)c1ccccc1
3760,c1ccc(cc1)[C@H](C(=O)O)O,D-MandelicAcid,0.06,0.06,0.17,25,132,152.15,0.74,0.89,1.05,0.9,1.13,0.8,2.23,O=C(O)[C@H](O)c1ccccc1
3761,c1ccc(cc1)[C@H](CNCCc2ccc(cc2)NC(=O)Cc3csc(n3)N)O,Mirabegron,-3.85,-3.88,0.34,23,139,396.51,1.01,2.22,3.13,2.84,3.03,2.77,7.13,Nc1nc(CC(=O)Nc2ccc(CCNC[C@H](O)c3ccccc3)cc2)cs1
3762,c1ccc(cc1)c2c(c(c(c(c2Cl)Cl)Cl)Cl)Cl,"2,3,4,5,6-PCB",-7.89,-7.92,1.16,23,161,326.44,0,0.01,1.6,2.03,1.94,6.62,4.12,Clc1c(Cl)c(Cl)c(-c2ccccc2)c(Cl)c1Cl
3763,c1ccc(cc1)c2c(c(nc(n2)N)O)Br,Bropirimine,-4.02,-3.82,0.5,37,197,266.09,0.61,0.92,1.89,2.25,1.58,2.19,2.55,Nc1nc(O)c(Br)c(-c2ccccc2)n1
3764,c1ccc(cc1)c2c(cc(cc2Cl)Cl)Cl,"2,4,6-PCB",-6.11,-6.14,0.8,23,90,257.55,0,0.12,1.38,1.8,1.69,5.31,3.2,Clc1cc(Cl)c(-c2ccccc2)c(Cl)c1
3765,c1ccc(cc1)c2c(ccc(c2Cl)Cl)Cl,"2,3,6-PCB",-6.26,-6.29,0.83,23,90,257.55,0,0.13,1.42,1.79,1.69,5.31,3.2,Clc1ccc(Cl)c(-c2ccccc2)c1Cl
3766,c1ccc(cc1)c2c(cccc2Cl)Cl,"2,6-PCB",-5.19,-5.21,0.61,23,74,223.1,0,0.15,1.31,1.66,1.57,4.66,2.76,Clc1cccc(Cl)c1-c1ccccc1
3767,c1ccc(cc1)c2cc(=O)c3c(o2)cc(c(c3O)O)O,Baicalein,-4.66,-4.7,0.62,23,269,270.24,1.02,0.99,2.23,2.24,1.85,2.58,2.61,O=c1cc(-c2ccccc2)oc2cc(O)c(O)c(O)c12
3768,c1ccc(cc1)c2cc(=O)c3c(o2)cc(c(c3O)O)O[C@H]4[C@@H]([C@H]([C@@H]([C@H](O4)C(=O)O)O)O)O,Baicalin,-4.29,-4.11,0.1,37,205,446.36,1.65,2.52,3.49,3.17,2.89,0.14,5.49,O=C(O)[C@H]1O[C@@H](Oc2cc3oc(-c4ccccc4)cc(=O)c3c(O)c2O)[C@H](O)[C@@H](O)[C@@H]1O
3769,c1ccc(cc1)c2cc(c(c(c2Cl)Cl)Cl)Cl,"2,3,4,5-PCB",-7.13,-7.16,1.01,23,91,291.99,0,0.06,1.49,1.9,1.81,5.97,3.66,Clc1cc(-c2ccccc2)c(Cl)c(Cl)c1Cl
3770,c1ccc(cc1)c2cc(c(cc2Cl)Cl)Cl,"2,4,5-PCB",-6.24,-6.27,0.83,23,76,257.55,0,0.13,1.42,1.79,1.69,5.31,3.2,Clc1cc(Cl)c(-c2ccccc2)cc1Cl
3771,c1ccc(cc1)c2cc3ccccc3[nH]2,2-Phenylindole,-5.31,-5.31,1.34,25,191,193.24,0.31,0.42,1.57,2.05,1.55,3.83,1.81,c1ccc(-c2cc3ccccc3[nH]2)cc1
3772,c1ccc(cc1)c2ccc(c(c2)Cl)Cl,"3,4-PCB",-6.37,-6.39,0.85,23,80,223.1,0,0.2,1.32,1.66,1.57,4.66,2.76,Clc1ccc(-c2ccccc2)cc1Cl
3773,c1ccc(cc1)c2ccc(cc2)Cl,4-PCB,-5.18,-5.2,0.61,23,78,188.66,0,0.21,1.24,1.53,1.45,4.01,2.33,Clc1ccc(-c2ccccc2)cc1
3774,c1ccc(cc1)c2ccc(cc2)c3ccccc3,"1,4-Diphenylbenzene",-7.08,-7.11,1,23,213,230.31,0,0.31,1.63,2.22,1.93,5.02,2.93,c1ccc(-c2ccc(-c3ccccc3)cc2)cc1
3775,c1ccc(cc1)c2ccc(cc2Cl)Cl,"2,4-PCB",-5.23,-5.25,0.62,23,82,223.1,0,0.15,1.31,1.66,1.57,4.66,2.76,Clc1ccc(-c2ccccc2)c(Cl)c1
3776,c1ccc(cc1)c2nc(c(s2)CC(=O)O)c3ccc(cc3)Cl,Fentiazac,-6.23,-6.23,0.65,25,161,329.8,0.57,0.81,2.29,2.62,2.29,4.76,4.22,O=C(O)Cc1sc(-c2ccccc2)nc1-c1ccc(Cl)cc1
3777,c1ccc-2c(c1)-c3cccc4c3c2ccc4,Fluoranthene,-5.96,-6,0.77,23,108,202.26,0,0.25,1.52,2.6,1.58,4.49,1.39,c1ccc2c(c1)-c1cccc3cccc-2c13
3778,c1ccc2c(c1)-c3c4c(cccc4[nH]n3)C2=O,"1,9-Pyrazoloanthrone<SP600125>",-5.79,-5.52,0.74,37,282,220.23,0.53,0.84,2.23,2.72,1.56,2.77,1.45,O=C1c2ccccc2-c2n[nH]c3cccc1c23
3779,c1ccc2c(c1)C(=O)C(=C(C2=O)Cl)NC(=O)C(Cl)Cl,Quinonamid,-5,-5.03,0.58,23,213,318.54,0.34,1.35,2.86,2,1.92,2.44,3.94,O=C1C(Cl)=C(NC(=O)C(Cl)Cl)C(=O)c2ccccc21
3780,c1ccc2c(c1)C(=O)c3c(cc(c(c3C2=O)O)O)O,Purpurin,-4.65,-4.65,0.5,25,259,256.22,0.85,0.77,2.3,2.29,1.7,1.58,2.13,O=C1c2ccccc2C(=O)c2c(O)c(O)cc(O)c21
3781,c1ccc2c(c1)CCCN2,"1,2,3,4-Tetrahydroquinoline",-1.95,-1.98,0.01,20,20,133.19,0.13,0.39,0.94,1.01,1.13,2.04,1.35,c1ccc2c(c1)CCCN2
3782,c1ccc2c(c1)Nc3ccccc3S2,Phenothiazine,-5.1,-5.1,0.03,25,185,199.27,0.13,0.5,1.53,1.95,1.48,3.89,1.74,c1ccc2c(c1)Nc1ccccc1S2
3783,c1ccc2c(c1)Oc3ccccc3O2,"Dibenzo-1,4-dioxin",-5.29,-5.31,0.63,23,123,184.19,0,0.58,1.37,1.47,1.33,3.58,1.47,c1ccc2c(c1)Oc1ccccc1O2
3784,c1ccc2c(c1)[nH]c(=O)n2C3CCN(CC3)CCCC(=O)c4ccc(cc4)F,Benperidol,-5.25,-5.27,0.36,23,171,381.44,0.33,1.62,2.67,2.38,2.86,3.77,5.39,O=C(CCCN1CCC(n2c(=O)[nH]c3ccccc32)CC1)c1ccc(F)cc1
3785,c1ccc2c(c1)[nH]c(=O)n2C3CCN(CC3)CCCC(c4ccc(cc4)F)c5ccc(cc5)F,Pimozide,-7.82,-7.85,0.75,23,216,461.56,0.33,1.44,2.6,2.67,3.47,5.86,6.59,O=c1[nH]c2ccccc2n1C1CCN(CCCC(c2ccc(F)cc2)c2ccc(F)cc2)CC1
3786,c1ccc2c(c1)c(=O)c3=c(c2=O)sc(c(s3)C#N)C#N,Dithianone,-6.29,-6.33,0.84,23,225,296.32,0,1.48,3.13,2.72,1.93,2.15,2.83,N#Cc1sc2c(=O)c3ccccc3c(=O)c=2sc1C#N
3787,c1ccc2c(c1)c(=O)n(c(=O)[nH]2)CCN3CCC(CC3)C(=O)c4ccc(cc4)F,Ketanserin,-4.64,-4.64,0.5,25,231,395.44,0.26,1.82,2.69,2.48,2.88,2.42,5.4,O=C(c1ccc(F)cc1)C1CCN(CCn2c(=O)[nH]c3ccccc3c2=O)CC1
3788,c1ccc2c(c1)c(c(c(=O)o2)Cc3c(c4ccccc4oc3=O)O)O,Dicoumarol,-6.68,-6.68,0.92,25,290,336.3,0.63,1.57,2.48,2.38,2.27,2.9,3.32,O=c1oc2ccccc2c(O)c1Cc1c(O)c2ccccc2oc1=O
3789,c1ccc2c(c1)c(c[nH]2)C(=O)O,Indole-3-carboxylicAcid,-3.4,-3.4,0.19,25,207,161.16,0.88,0.66,1.49,1.41,1.16,1.87,1.36,O=C(O)c1c[nH]c2ccccc12
3790,c1ccc2c(c1)c(c[nH]2)CC(=O)O,Indole-3-aceticAcid,-2.59,-2.59,0.62,25,169,175.18,0.88,0.66,1.49,1.41,1.3,1.79,1.78,O=C(O)Cc1c[nH]c2ccccc12
3791,c1ccc2c(c1)c(c[nH]2)CC(C(=O)O)N,DL-Tryptophan,-1.94,-1.94,0.03,25,289,204.23,1.09,1.23,1.8,1.62,1.54,1.12,2.43,NC(Cc1c[nH]c2ccccc12)C(=O)O
3792,c1ccc2c(c1)c(c[nH]2)CCCC(=O)O,Indole-3-butyricAcid,-2.71,-2.71,0.2,25,125,203.24,0.88,0.67,1.5,1.41,1.58,2.58,2.72,O=C(O)CCCc1c[nH]c2ccccc12
3793,c1ccc2c(c1)c(c[nH]2)CCN,Tryptamine,-3.3,-3.3,0.48,25,116,160.22,0.52,0.87,1.37,1.44,1.33,1.67,1.84,NCCc1c[nH]c2ccccc12
3794,c1ccc2c(c1)c(c[nH]2)C[C@H]3C(=O)N4CCC[C@H]4C(=O)N[C@@H](CSSCCC(=O)N[C@H](C(=O)NCC(=O)N[C@H](C(=O)N3)CC(=O)O)CCCCNC(=N)N)C(=O)N,Eptifibatide,-2.91,-2.92,0.17,23,199,831.96,3.12,6.03,8.43,5.51,6,-1.84,16.83,N=C(N)NCCCC[C@@H]1NC(=O)CCSSC[C@@H](C(N)=O)NC(=O)[C@@H]2CCCN2C(=O)[C@H](Cc2c[nH]c3ccccc23)NC(=O)[C@H](CC(=O)O)NC(=O)CNC1=O
3795,c1ccc2c(c1)c(cc(c2N)O)S(=O)(=O)O,4-Amino-3-hydroxynaphthalene-1-sulfonicAcid,-2.61,-2.61,0.1,25,295,239.25,0.83,1.31,2.63,2.06,1.58,1.37,2.25,Nc1c(O)cc(S(=O)(=O)O)c2ccccc12
3796,c1ccc2c(c1)c(ccc2S(=O)(=O)O)N,1-Naphthylamine-5-sulfonicAcid,-3.28,-3.38,0.06,20,300,223.25,0.54,1.25,2.52,1.89,1.52,1.67,2.14,Nc1ccc(S(=O)(=O)O)c2ccccc12
3797,c1ccc2c(c1)c(n[nH]c2=O)Cc3ccc(c(c3)C(=O)N4CCN(CC4)C(=O)C5CC5)F,Olaparib,-3.71,-3.56,0.11,37,206,434.46,0.26,2.12,3.73,2.89,3.11,2.35,5.2,O=C(c1cc(Cc2n[nH]c(=O)c3ccccc23)ccc1F)N1CCN(C(=O)C2CC2)CC1
3798,c1ccc2c(c1)c(ns2)N3CCN(CC3)C[C@@H]4CCCC[C@H]4CN5C(=O)[C@H]6[C@@H]7CC[C@@H](C7)[C@H]6C5=O,Lurasidone,-7.53,-7.59,0.27,20,177,492.68,0,2.03,2.62,3.48,3.72,4.26,5.61,O=C1[C@@H]2[C@H]3CC[C@H](C3)[C@@H]2C(=O)N1C[C@@H]1CCCC[C@H]1CN1CCN(c2nsc3ccccc23)CC1
3799,c1ccc2c(c1)c3cccc4c3c5c2cccc5cc4,Benzo[e]pyrene,-7.75,-7.8,1.13,23,178,252.32,0,0.31,1.84,3.32,1.95,5.74,1.78,c1ccc2c(c1)c1cccc3ccc4cccc2c4c31
3800,c1ccc2c(c1)c3ccccc3[nH]2,9H-Carbazole,-5.32,-5.32,0.25,25,246,167.21,0.31,0.39,1.43,1.94,1.32,3.32,1.22,c1ccc2c(c1)[nH]c1ccccc12
3801,c1ccc2c(c1)c3ccccc3c4c2cccc4,Triphenylene,-6.69,-6.73,0.92,23,199,228.29,0,0.29,1.66,2.71,1.82,5.15,1.92,c1ccc2c(c1)c1ccccc1c1ccccc21
3802,c1ccc2c(c1)c3ccncc3[nH]2,Norharmane<?-Carboline>,-3.88,-3.98,0.63,20,198,168.2,0.31,0.67,1.56,1.98,1.27,2.72,1.19,c1ccc2c(c1)[nH]c1cnccc12
3803,c1ccc2c(c1)cc-3c4c2cccc4-c5c3cccc5,"2,3-Benzfluoranthene",-8.18,-8.23,1.22,23,164,252.32,0,0.31,1.84,3.32,1.95,5.64,1.78,c1ccc2c(c1)-c1cccc3c1c-2cc1ccccc13
3804,c1ccc2c(c1)cc3ccc4cccc5c4c3c2cc5,Benzo(a)pyrene,-8.14,-8.19,1.21,23,177,252.32,0,0.31,1.84,3.32,1.95,5.74,1.78,c1ccc2c(c1)cc1ccc3cccc4ccc2c1c34
3805,c1ccc2c(c1)cc3ccccc3c2O,9-Anthrol,-3.73,-3.73,0.32,25,152,194.23,0.5,0.51,1.55,2.22,1.51,3.7,1.65,Oc1c2ccccc2cc2ccccc12
3806,c1ccc2c(c1)cc[nH]2,Indole,-1.77,-1.77,0.22,25,53,117.15,0.31,0.33,1.1,1.22,0.95,2.17,0.83,c1ccc2[nH]ccc2c1
3807,c1ccc2c(c1)ccc(=O)o2,Coumarin,-1.84,-1.89,0.11,20,70,146.14,0,0.49,1.16,1.03,1.06,1.79,1.25,O=c1ccc2ccccc2o1
3808,c1ccc2c(c1)ccc(c2O)C(=O)O,1-Hydroxy-2-naphthoicAcid,-3.13,-3.13,0.2,25,195,188.18,0.7,0.45,1.42,1.63,1.36,2.24,1.85,O=C(O)c1ccc2ccccc2c1O
3809,c1ccc2c(c1)ccc(c2S(=O)(=O)O)N,2-Naphthylamine-1-sulfonicAcid,-1.92,-2.01,0.05,20,180,223.25,0.54,1.25,2.49,1.87,1.52,1.67,2.14,Nc1ccc2ccccc2c1S(=O)(=O)O
3810,c1ccc2c(c1)ccc(n2)N3CC(C3)Oc4c(cccn4)N5CCC(CC5)CO,R047cmpd12,-3.71,-3.74,0.31,23,178,390.48,0.31,1.92,2.71,3.08,2.98,3.11,4.94,OCC1CCN(c2cccnc2OC2CN(c3ccc4ccccc4n3)C2)CC1
3811,c1ccc2c(c1)ccc(n2)N3CC(C3)Oc4c(nccn4)N5CC(C5)O,R047cmpd17,-4.37,-4.4,0.45,23,192,349.39,0.21,2.03,2.55,3.18,2.52,1.47,3.6,OC1CN(c2nccnc2OC2CN(c3ccc4ccccc4n3)C2)C1
3812,c1ccc2c(c1)ccc(n2)N3CC(C3)Oc4c(nccn4)N5CCC(C5)CO,R047cmpd18,-3.77,-3.79,0.32,23,182,377.44,0.31,1.92,2.64,3.13,2.8,2.11,4.44,OCC1CCN(c2nccnc2OC2CN(c3ccc4ccccc4n3)C2)C1
3813,c1ccc2c(c1)ccc(n2)N3CC(C3)Oc4c(nccn4)N5CCC(CC5)C#N,R047cmpd24,-4.17,-4.19,0.41,23,174,386.45,0,1.82,2.92,3.11,2.89,3.03,4.6,N#CC1CCN(c2nccnc2OC2CN(c3ccc4ccccc4n3)C2)CC1
3814,c1ccc2c(c1)ccc(n2)N3CC(C3)Oc4c(nccn4)N5CCC(CC5)C(=O)N,R047cmpd25,-4.84,-4.87,0.54,23,192,404.47,0.49,2.19,3.28,3.34,2.99,1.99,4.82,NC(=O)C1CCN(c2nccnc2OC2CN(c3ccc4ccccc4n3)C2)CC1
3815,c1ccc2c(c1)ccc(n2)N3CC(C3)Oc4c(nccn4)N5CCC(CC5)CO,R047cmpd08,-3.74,-3.76,0.32,23,185,391.47,0.31,1.92,2.64,3.13,2.94,2.5,4.89,OCC1CCN(c2nccnc2OC2CN(c3ccc4ccccc4n3)C2)CC1
3816,c1ccc2c(c1)ccc(n2)N3CC(C3)Oc4c(nccn4)N5CCC(CC5)O,R047cmpd16,-3.99,-4.02,0.37,23,190,377.44,0.31,1.92,2.64,3.13,2.8,2.25,4.44,OC1CCN(c2nccnc2OC2CN(c3ccc4ccccc4n3)C2)CC1
3817,c1ccc2c(c1)ccc(n2)N3CC(C3)Oc4c(nccn4)N5CCOCC5,R047cmpd22,-3.45,-3.47,0.26,23,176,363.41,0,1.83,2.53,2.96,2.66,2.13,4.22,c1ccc2nc(N3CC(Oc4nccnc4N4CCOCC4)C3)ccc2c1
3818,c1ccc2c(c1)ccc(n2)N3CC(C3)Oc4c(nccn4)c5ccc(cc5)CO,R047cmpd26,-4.6,-4.63,0.49,23,188,384.43,0.31,1.9,2.74,3.55,2.85,3.45,4.53,OCc1ccc(-c2nccnc2OC2CN(c3ccc4ccccc4n3)C2)cc1
3819,c1ccc2c(c1)ccc(n2)N3CC(C3)Oc4c(nccn4)c5cccc(c5)CO,R047cmpd27,-4.52,-4.55,0.48,23,187,384.43,0.31,1.9,2.74,3.55,2.85,3.45,4.53,OCc1cccc(-c2nccnc2OC2CN(c3ccc4ccccc4n3)C2)c1
3820,c1ccc2c(c1)ccc(n2)N3CC(C3)Oc4c(nccn4)c5cccc6c5cccn6,R047cmpd40,-4.3,-4.34,0.43,23,200,405.45,0,1.83,3.05,4.07,2.98,4.51,4.2,c1ccc2nc(N3CC(Oc4nccnc4-c4cccc5ncccc45)C3)ccc2c1
3821,c1ccc2c(c1)ccc(n2)N3CC(C3)Oc4c(nccn4)c5ccccn5,R047cmpd33,-3.44,-3.47,0.26,23,185,355.39,0,1.71,2.68,3.34,2.61,3.35,3.86,c1ccc(-c2nccnc2OC2CN(c3ccc4ccccc4n3)C2)nc1
3822,c1ccc2c(c1)ccc(n2)N3CC(C3)Oc4c(nccn4)c5cccnc5,R047cmpd34,-3.86,-3.89,0.34,23,184,355.39,0,1.77,2.72,3.35,2.61,3.35,3.86,c1cncc(-c2nccnc2OC2CN(c3ccc4ccccc4n3)C2)c1
3823,c1ccc2c(c1)ccc(n2)N3CC(C3)Oc4c(nccn4)c5ccncc5,R047cmpd35,-4.23,-4.27,0.42,23,184,355.39,0,1.77,2.72,3.35,2.61,3.35,3.86,c1ccc2nc(N3CC(Oc4nccnc4-c4ccncc4)C3)ccc2c1
3824,c1ccc2c(c1)ccc(n2)N3CC(C3)Oc4c(nccn4)c5cncnc5,R047cmpd36,-3.58,-3.61,0.29,23,187,356.38,0,1.9,2.78,3.38,2.57,2.75,3.82,c1ccc2nc(N3CC(Oc4nccnc4-c4cncnc4)C3)ccc2c1
3825,c1ccc2c(c1)ccc(n2)N3CC(C3)Oc4ccncc4N5CCC(CC5)CO,R047cmpd13,-4.58,-4.61,0.49,23,179,390.48,0.31,1.92,2.71,3.08,2.98,3.11,4.94,OCC1CCN(c2cnccc2OC2CN(c3ccc4ccccc4n3)C2)CC1
3826,c1ccc2c(c1)ccc(n2)N3CCC(CC3)Oc4c(nccn4)N5CCC(CC5)CO,R047cmpd11,-4.09,-4.11,0.39,23,181,419.52,0.31,1.93,2.65,3.13,3.22,3.28,5.85,OCC1CCN(c2nccnc2OC2CCN(c3ccc4ccccc4n3)CC2)CC1
3827,c1ccc2c(c1)ccc(n2)N3CC[C@H](C3)Oc4c(nccn4)N5CCC(CC5)CO,R047cmpd09,-3.46,-3.49,0.26,23,185,405.49,0.31,1.93,2.65,3.13,3.08,2.89,5.36,OCC1CCN(c2nccnc2O[C@@H]2CCN(c3ccc4ccccc4n3)C2)CC1
3828,c1ccc2c(c1)ccc(n2)O,Quinolone<2-Hydroxyquinoline>,-2.25,-2.25,0.29,25,200,145.16,0.5,0.73,1.36,1.55,1.1,1.94,1.25,Oc1ccc2ccccc2n1
3829,c1ccc2c(c1)ccc(n2)c3ccc4ccccc4n3,Cuproin,-5.36,-5.4,0.65,23,195,256.31,0,0.77,1.98,2.9,1.98,4.45,2.46,c1ccc2nc(-c3ccc4ccccc4n3)ccc2c1
3830,c1ccc2c(c1)ccc-3c2-c4cccc5c4c3ccc5,Benzo[l]fluoranthene,-7.95,-8,1.17,23,166,252.32,0,0.31,1.84,3.32,1.95,5.64,1.78,c1ccc2c3c(ccc2c1)-c1cccc2cccc-3c12
3831,c1ccc2c(c1)ccc-3c2Cc4c3cccc4,Benzo(a)fluorene,-6.64,-6.68,0.91,23,190,216.28,0,0.24,1.45,2.37,1.73,4.41,1.7,c1ccc2c(c1)Cc1c-2ccc2ccccc12
3832,c1ccc2c(c1)ccc3c2[nH]c4c3ccc5c4cccc5,"1,2,7,8-Dibenzcarbazole",-7.37,-7.42,1.06,23,187,267.33,0.31,0.5,2.07,3.38,2.05,5.63,2.01,c1ccc2c(c1)ccc1c3ccc4ccccc4c3[nH]c21
3833,c1ccc2c(c1)ccc3c2cc(c4c3cccc4)N,6-Amnochrysene,-6.16,-6.2,0.81,23,211,243.31,0.23,0.6,2.05,3.01,1.92,4.73,2.03,Nc1cc2c3ccccc3ccc2c2ccccc12
3834,c1ccc2c(c1)ccc3c2cc4ccc5ccccc5c4c3,"Dibenz[a,h]anthracene",-8.61,-8.66,1.31,23,269,278.35,0,0.35,1.99,3.43,2.19,6.3,2.31,c1ccc2c(c1)ccc1cc3c(ccc4ccccc43)cc12
3835,c1ccc2c(c1)ccc3c2ccc4c3cccc4,Chrysene,-8.02,-8.06,1.19,23,254,228.29,0,0.29,1.66,2.71,1.82,5.15,1.92,c1ccc2c(c1)ccc1c3ccccc3ccc21
3836,c1ccc2c(c1)ccc3c2cccc3,Phenanthrene,-5.23,-5.26,0.62,23,100,178.23,0,0.23,1.34,1.99,1.45,3.99,1.54,c1ccc2c(c1)ccc1ccccc12
3837,c1ccc2c(c1)cccn2,Quinoline,-1.27,-1.32,0.03,20,-15,129.16,0,0.46,1.15,1.32,1.04,2.23,1.14,c1ccc2ncccc2c1
3838,c1ccc2c(c1)cnc(n2)N3CC(C3)Oc4c(nccn4)N5CCC(CC5)CO,R047cmpd07,-3.73,-3.76,0.32,23,187,392.45,0.31,2.01,2.68,3.17,2.9,1.9,4.85,OCC1CCN(c2nccnc2OC2CN(c3ncc4ccccc4n3)C2)CC1
3839,c1ccc2c(c1)nc(n2C3=CCN(CC3)CCCC(=O)c4ccc(cc4)F)O,Droperidol,-4.76,-4.79,0.31,23,146,379.43,0.5,1.79,2.77,2.78,2.82,4.09,5.21,O=C(CCCN1CC=C(n2c(O)nc3ccccc32)CC1)c1ccc(F)cc1
3840,c1ccc2c(c1)nc(s2)N3CC(C3)Oc4c(nccn4)N5CCC(CC5)CO,R047cmpd05,-4.48,-4.51,0.47,23,184,397.49,0.31,1.82,2.7,3.15,2.86,2.56,4.74,OCC1CCN(c2nccnc2OC2CN(c3nc4ccccc4s3)C2)CC1
3841,c1ccc2c(c1)nc(s2)Nc3ccc(cc3)Oc4c(nccn4)N5CCC(CC5)CO,R047cmpd03,-5.19,-5.22,0.61,23,193,433.53,0.44,1.75,3.09,3.54,3.16,4.83,5.64,OCC1CCN(c2nccnc2Oc2ccc(Nc3nc4ccccc4s3)cc2)CC1
3842,c1ccc2c(c1)nc3cccc(c3n2)C(=O)O,Phenazine-1-carboxylicAcid,-3.74,-3.74,0.09,25,239,224.22,0.57,0.94,1.85,2.26,1.59,2.48,2.01,O=C(O)c1cccc2nc3ccccc3nc12
3843,c1ccc2c(c1)ncc(n2)N3CC(C3)Oc4c(nccn4)N5CCC(CC5)CO,R047cmpd06,-3.28,-3.3,0.23,23,189,392.45,0.31,2.02,2.64,3.16,2.9,1.9,4.85,OCC1CCN(c2nccnc2OC2CN(c3cnc4ccccc4n3)C2)CC1
3844,c1ccc2cc(c(cc2c1)O)O,"2,3-Dihydroxynaphthalene",-2.66,-2.74,0.17,20,162,160.17,0.77,0.59,1.4,1.65,1.2,2.25,1.4,Oc1cc2ccccc2cc1O
3845,c1ccc2cc(ccc2c1)O,2-Naphthol,-2.26,-2.31,0.05,22,121,144.17,0.5,0.45,1.23,1.5,1.14,2.55,1.29,Oc1ccc2ccccc2c1
3846,c1ccc2cc(ccc2c1)OCC(=O)O,(2-Naphthoxy)aceticAcid,-3.57,-3.57,0.11,25,156,202.21,0.57,0.72,1.56,1.51,1.5,2.3,2.54,O=C(O)COc1ccc2ccccc2c1
3847,c1ccc2cc(ccc2c1)SCC(=O)O,(2-Naphthylthio)aceticAcid,-3.86,-3.86,0.02,25,151,218.27,0.57,0.63,1.56,1.81,1.61,3.02,2.92,O=C(O)CSc1ccc2ccccc2c1
3848,c1ccc2cc-3c(cc2c1)-c4cccc5c4c3ccc5,"11,12-Benzo[k]fluoranthene",-8.44,-8.49,1.27,23,216,252.32,0,0.31,1.84,3.32,1.95,5.64,1.78,c1ccc2cc3c(cc2c1)-c1cccc2cccc-3c12
3849,c1ccc2cc-3c(cc2c1)Cc4c3cccc4,"2,3-Benzofluorene",-8,-8.04,1.18,23,212,216.28,0,0.24,1.45,2.37,1.73,4.41,1.7,c1ccc2c(c1)Cc1cc3ccccc3cc1-2
3850,c1ccc2cc3cc(ccc3cc2c1)N,2-Aminoanthracene,-5.13,-5.17,0.6,23,235,193.25,0.23,0.55,1.73,2.3,1.55,3.58,1.65,Nc1ccc2cc3ccccc3cc2c1
3851,c1ccc2cc3cc(ccc3cc2c1)O,2-Anthrol,-3.33,-3.33,0.24,25,176,194.23,0.5,0.51,1.55,2.22,1.51,3.7,1.65,Oc1ccc2cc3ccccc3cc2c1
3852,c1ccc2cc3cc4ccccc4cc3cc2c1,Tetracene,-8.55,-8.6,1.3,23,350,228.29,0,0.29,1.66,2.71,1.82,5.15,1.92,c1ccc2cc3cc4ccccc4cc3cc2c1
3853,c1ccc2cnccc2c1,Isoquinoline,-1.39,-1.39,0.18,25,26,129.16,0,0.46,1.15,1.32,1.04,2.23,1.14,c1ccc2cnccc2c1
3854,c1ccnc(c1)NS(=O)(=O)c2ccc(cc2)N,Sulfapyridine,-2.97,-2.97,0.06,25,192,249.29,0.59,1.32,2.54,2.04,1.76,1.46,2.97,Nc1ccc(S(=O)(=O)Nc2ccccn2)cc1
3855,c1ccnc(c1)[C@H](c2ccc(cc2)Cl)OC3CCN(CC3)CCCC(=O)O,Bepotastine,-3.99,-3.99,0.05,25,143,388.89,0.57,1.58,2.18,1.94,2.94,4.17,7.21,O=C(O)CCCN1CCC(O[C@@H](c2ccc(Cl)cc2)c2ccccn2)CC1
3856,c1ccnc3c1ccc2cccnc23,"1,10-Phenanthroline",-1.83,-1.83,0.01,25,115,180.21,0,0.67,1.51,2.07,1.37,2.78,1.47,c1cnc2c(c1)ccc1cccnc12
3857,c1cn(c(=O)nc1N)[C@H]2C([C@@H]([C@H](O2)CO)O)(F)F,Gemcitabine,-1.23,-1.24,0.17,23,169,263.2,0.8,2.18,1.86,1.61,1.6,-1.29,3.05,Nc1ccn([C@@H]2O[C@H](CO)[C@@H](O)C2(F)F)c(=O)n1
3858,c1cnc(cn1)NNC(=O)/C=C\n2cnc(n2)c3cc(cc(c3)C(F)(F)F)C(F)(F)F,Selinexor<XPOVIO>,-5.29,-5.17,0.63,37,177,443.31,0.39,1.63,2.83,2.26,2.61,3.39,5.9,O=C(/C=C\n1cnc(-c2cc(C(F)(F)F)cc(C(F)(F)F)c2)n1)NNc1cnccn1
3859,c1cnc2c(n1)c(c(c(c2Cl)Cl)Cl)Cl,Chlorquinox,-5.4,-5.43,0.66,23,190,267.93,0,0.4,1.47,1.86,1.49,4.24,2.71,Clc1c(Cl)c(Cl)c2nccnc2c1Cl
3860,c1cnccc1c2cc(c(=O)[nH]c2)N,Inamrinone<Amrinone>,-2.46,-2.49,0.17,23,294,187.2,0.47,1.53,2.04,1.66,1.4,1.02,2.02,Nc1cc(-c2ccncc2)c[nH]c1=O
3861,c1nc(c2c(n1)n(cn2)[C@H]3C[C@@H]([C@H](O3)CO)O)N,2'-Deoxyadenosine,-1.59,-1.59,0.1,25,189,251.24,0.72,1.94,2.38,2.49,1.69,-0.95,2.62,Nc1ncnc2c1ncn2[C@H]1C[C@H](O)[C@@H](CO)O1
3862,c1nc(c2c(n1)n(cn2)[C@H]3[C@@H]([C@@H]([C@H](O3)CO)O)O)N,Adenosine,-1.73,-1.73,0.03,25,235,267.25,0.97,2.22,2.64,2.69,1.75,-1.98,2.82,Nc1ncnc2c1ncn2[C@@H]1O[C@H](CO)[C@@H](O)[C@H]1O
3863,c1nc(c2c(n1)n(cn2)[C@H]3[C@H]([C@@H]([C@H](O3)CO)O)O)N,Vidarabine<Adenosinestereoisomer>,-2.83,-2.82,0.17,26,234,267.24,0.97,2.22,2.64,2.69,1.75,-1.98,2.82,Nc1ncnc2c1ncn2[C@@H]1O[C@H](CO)[C@@H](O)[C@@H]1O
3864,c1nc2c(=O)[nH]c(nc2n1[C@@H]3C[C@@H](C=C3)CO)N,Carbovir<NSC614846>,-2.25,-2.25,0.08,25,255,247.25,0.91,1.99,2.34,2.21,1.73,-0.19,2.41,Nc1nc2c(ncn2[C@H]2C=C[C@@H](CO)C2)c(=O)[nH]1
3865,c1nc2c(=O)[nH]c(nc2n1[C@H]3C[C@@H]([C@H](O3)CO)O)N,Deoxyguanosine,-1.95,-1.95,0.1,25,220,267.24,1.09,2.58,2.56,2.36,1.75,-1.66,2.73,Nc1nc2c(ncn2[C@H]2C[C@H](O)[C@@H](CO)O2)c(=O)[nH]1
3866,c3cccc4cnnc(N/N=C/c2ccc(OCc1ccccc1)cn2)c34,5-(Benzyloxy)-2-pyridinecarbaldehydephthalazine-1-ylhydrazone,-4.96,-4.96,0.16,25,160,355.39,0.13,1.54,2.45,3.05,2.67,4.05,4.97,C(=N/Nc1nncc2ccccc12)\c1ccc(OCc2ccccc2)cn1
3867,c3cccc4ncnc(N/N=C/c2ccc(OCc1ccccc1)cn2)c34,HydrazoneanalogPH22-52,-4.64,-4.64,0.16,25,185,355.39,0.13,1.58,2.43,3.04,2.67,4.05,4.97,C(=N/Nc1ncnc2ccccc12)\c1ccc(OCc2ccccc2)cn1
3868,n1c2c(ncc1)nc(nc2)C,2-Methylpteridine,-0.04,-0.09,0.17,20,140,146.15,0,0.76,1.16,1.43,1.06,0.73,1.25,Cc1ncc2nccnc2n1
3869,n1c2c(ncc1)ncnc2C,4-Methylpteridine,-0.41,-0.47,0.17,20,136,146.15,0,0.76,1.16,1.43,1.06,0.73,1.25,Cc1ncnc2nccnc12
