"","SMILES_Solute","Temperature_K","Solvent","SMILES_Solvent","Solubility(mole_fraction)","Solubility(mol/L)","LogS(mol/L)","Compound_Name","CAS","PubChem_CID","FDA_Approved","Source"
"1","C(=N/Nc1ccccc1)\c1ccc[nH]1",298.15,"water","O",5.86e-07,3.24325085974567e-05,-4.48901945811403,"Pyrrole-2-carboxaldehyde phenylhydrazone",NA,NA,"No","10.1007/s10953-010-9568-z"
"2","C(=N/Nc1ccccc1)\c1ccco1",298.15,"water","O",5.73e-07,3.17130156736396e-05,-4.49876245781057,"Furan-2-carboxaldehyde phenylhydrazone","2216-75-3",5375013,"No","10.1007/s10953-010-9568-z"
"3","C(=N/Nc1ccccc1)\c1cccs1",298.15,"water","O",5.19e-07,2.87243529595628e-05,-4.54174974538141,"Thiophene-2-carboxaldehyde phenylhydrazone","39677-96-8",5716065,"No","10.1007/s10953-010-9568-z"
"4","O=[N+]([O-])c1ccc(N/N=C/c2ccc[nH]2)c([N+](=O)[O-])c1",298.15,"water","O",1.6e-08,8.85528740230075e-07,-6.05279733902413,"Pyrrole-2-carboxaldehyde 2,4-dinitrophenylhydrazone",NA,NA,"No","10.1007/s10953-010-9568-z"
"5","O=[N+]([O-])c1ccc(N/N=C/c2ccc[nH]2)cc1",298.15,"water","O",1.73e-07,9.57478100697833e-06,-5.01887115036702,"Pyrrole-2-carboxaldehyde 4-nitrophenylhydrazone",NA,NA,"No","10.1007/s10953-010-9568-z"
"6","O=[N+]([O-])c1ccc(N/N=C/c2ccco2)c([N+](=O)[O-])c1",298.15,"water","O",1.4e-08,7.7483764615164e-07,-6.1107892868704,"Furan-2-carboxaldehyde 2,4-dinitrophenylhydrazone","16416-22-1",5463001,"No","10.1007/s10953-010-9568-z"
"7","O=[N+]([O-])c1ccc(N/N=C/c2ccco2)cc1",298.15,"water","O",1.72e-07,9.51943544250526e-06,-5.02138880702256,"Furan-2-carboxaldehyde 4-nitrophenylhydrazone",NA,6049384,"No","10.1007/s10953-010-9568-z"
"8","O=[N+]([O-])c1ccc(N/N=C/c2cccs2)c([N+](=O)[O-])c1",298.15,"water","O",7e-09,3.87418820363888e-07,-6.41181928557445,"Thiophene-2-carboxaldehyde 2,4-dinitrophenylhydrazone","24383-66-2",5355511,"No","10.1007/s10953-010-9568-z"
"9","O=[N+]([O-])c1ccc(N/N=C/c2cccs2)cc1",298.15,"water","O",1.68e-07,9.2980531857199e-06,-5.03160797394142,"Thiophene-2-carboxaldehyde 4-nitrophenylhydrazone",NA,NA,"No","10.1007/s10953-010-9568-z"
"10","CN1C(C(=O)Nc2ccccn2)=C(O)c2sc(Cl)cc2S1(=O)=O",298.15,"water","O",3e-06,0.00016603713424795,-3.7797947710237,"Lornoxicam","70374-39-9",54690031,"Yes","10.1007/s10953-012-9876-6"
"11","C=C(CC(=O)O)C(=O)O",298.15,"water","O",0.0939,5.73551121407582,0.758572133232499,"Itaconic acid","97-65-4",811,"No","10.1007/s10953-012-9894-4"
"12","CC(C)=CCOc1c2ccoc2cc2oc(=O)ccc12",298.2,"water","O",9.34e-07,5.16380400773917e-05,-4.28703024974657,"Isoimperatorin","482-45-1",68081,"No","10.1007/s10953-012-9917-1"
"13","CC(=O)C1=C(O)C=C2Oc3c(C(C)=O)c(O)c(C)c(O)c3[C@]2(C)C1=O",298.15,"water","O",3.315e-07,1.83470543751376e-05,-4.73643365191933,"(+)-usnic acid","7562-61-0",442614,"No","10.1007/s10953-013-0010-1"
"14","COC(=O)NCCCCCCNC(=O)OC",298.15,"water","O",6.21e-05,0.00343717181639644,-2.46379875792742,"Hexamethylene bis(methylcarbamate)","6030-54-2",235165,"No","10.1007/s10953-014-0160-9"
"15","O=C([O-])CCC(=O)[O-].[Na+].[Na+]",298.15,"water","O",4.26e-05,0.00235782067629986,-2.62748922818704,"Sodium succinate","150-90-3",9020,"No","10.1007/s10953-014-0168-1"
"16","CC(=O)N1CCN(c2ccc(OC[C@H]3CO[C@](Cn4ccnc4)(c4ccc(Cl)cc4Cl)O3)cc2)CC1",298.2,"water","O",4e-07,2.2114780515061e-05,-4.65531736656211,"Ketoconazole","65277-42-1",456201,"No","10.1007/s10953-014-0171-6"
"17","O=C1C[C@@H](c2ccc(O)cc2)Oc2cc(O)cc(O)c21",298.15,"water","O",1e-06,5.53456007244517e-05,-4.25691689433407,"Naringenin","480-41-1",439246,"No","10.1007/s10953-016-0526-2"
"18","Cc1cc(=O)c(C(=O)N[C@@H](C(=O)N[C@@H]2C(=O)N3C(C(=O)O)=C(CSc4nnnn4C)CS[C@H]23)c2ccc(O)cc2)c[nH]1",298.2,"water","O",8.5e-07,4.69939297417814e-05,-4.32795823674314,"Cefpiramide","70797-11-4",636405,"No","10.1007/s10953-017-0664-1"
"19","CC(=O)CCc1ccc(O)cc1",298.15,"water","O",0.0011,0.060947141772686,-1.21504665659944,"4-(4-hydroxyphenyl)-2-butanone (raspberry ketone)","5471-51-2",21648,"No","10.1007/s10953-017-0681-0"
"20","CO[C@@]1(NC(=O)CSCC#N)C(=O)N2C(C(=O)O)=C(CSc3nnnn3C)CS[C@@H]21",298.15,"water","O",4.388e-05,0.00242866910122414,-2.61463165246611,"Cefmetazole acid","56796-20-4",42008,"Yes","10.1007/s10953-018-0758-4"
"21","C=C[C@]1(C)C[C@@H](OC(=O)CSC(C)(C)CNC(=O)[C@H](N)C(C)C)[C@]2(C)[C@H](C)CC[C@]3(CCC(=O)[C@H]32)[C@@H](C)[C@@H]1O.Cl",298.15,"water","O",0.0135,0.757389622518487,-0.120680649721969,"Valnemulin hydrochloride","133868-46-9",60195218,"No","10.1007/s10953-019-00861-7"
"22","NC(=O)c1c(F)c(F)c(F)c(F)c1F",297.5,"water","O",0.00026,0.0143827155737544,-1.84215910787849,"2,3,4,5,6-Pentafluorobenzamide","652-31-3",69547,"No","10.1007/s10953-020-00980-6"
"23","O=c1[nH]c(=O)n([C@H]2C[C@H](O)[C@@H](CO)O2)cc1I",302.2,"water","O",0.00013,0.00717573511587122,-2.14413360115665,"5-iodo-2'-deoxyuridine","54-42-2",5905,"Yes","10.1007/s10953-020-00980-6"
"24","Cc1ccc(S(=O)[O-])cc1.[Na+]",298.15,"water","O",0.0314,1.79418761603956,0.253867854733929,"Sodium 4-tolylsulfinate","824-79-3",2723791,"No","10.1007/s10953-023-01272-5"
"25","CC(C)CC(N)C(=O)O",298.15,"water","O",0.00135,0.074817489872777,-1.12599686647581,"DL-leucine","328-39-2",857,"No","10.1007/s10953-023-01353-5"
"26","CC(O)C(N)C(=O)O",298.15,"water","O",0.02442,1.38536892735761,0.141565442555575,"DL-threonine","80-68-2",205,"No","10.1007/s10953-023-01353-5"
"27","CCC(C)C(N)C(=O)O",298.15,"water","O",0.003,0.166536244871166,-0.778491232220759,"DL-Isoleucine","443-79-8",791,"No","10.1007/s10953-023-01353-5"
"28","NC(Cc1ccc(O)cc1)C(=O)O",298.15,"water","O",4.5e-05,0.00249066162182127,-2.603685271162,"DL-tyrosine","556-03-6",1153,"No","10.1007/s10953-023-01353-5"
"29","CC[C@H](C)[C@H]1O[C@]2(CC[C@@H]1C)C[C@@H]1C[C@@H](C/C=C(\C)[C@@H](O[C@H]3C[C@H](OC)[C@@H](O[C@H]4C[C@H](OC)[C@@H](O)[C@H](C)O4)[C@H](C)O3)[C@@H](C)/C=C/C=C3\CO[C@@H]4[C@H](O)C(C)=C[C@@H](C(=O)O1)[C@]34O)O2",298.2,"water","O",5.6e-06,0.00030960853717589,-3.50918707254579,"Ivermectin","70288-86-7",6321424,"No","10.1007/s10953-024-01416-1"
"30","O=[N+]([O-])c1ccn([N+](=O)[O-])n1",298.15,"water","O",0.00050999999999999,0.0282406308649551,-1.54912560584585,"1,3-dinitropyrazole","38858-81-0",23279529,"No","10.1007/s10953-024-01426-z"
"31","O=C(O)/C=C\C(=O)O",298.15,"water","O",0.1109,6.90340904568054,0.839063607274847,"Maleic acid","110-16-7",444266,"No","10.1016/0021-9614(87)90139-X"
"32","O=C(O)C(=O)O",298.15,"water","O",0.02301,1.30349440543645,0.115109171527907,"Oxalic acid","144-62-7",971,"No","10.1016/0021-9614(87)90139-X"
"33","O=C(O)C(O)C(O)C(=O)O",298.15,"water","O",0.1435,9.2727212631233,0.967207205139716,"Tartaric acid","526-83-0",875,"No","10.1016/0021-9614(87)90139-X"
"34","O=C(O)CC(=O)O",298.15,"water","O",0.2176,15.3926261176354,1.18731272061783,"Malonic acid","141-82-2",867,"No","10.1016/0021-9614(87)90139-X"
"35","O=C(O)CC(O)(CC(=O)O)C(=O)O",298.15,"water","O",0.1321,8.42395039122734,0.925515800618117,"Citric acid","77-92-9",311,"Yes","10.1016/0021-9614(87)90139-X"
"36","O=C(O)CC(O)C(=O)O",298.15,"water","O",0.1578,10.3698967712927,1.01577443316039,"Malic acid","6915-15-7",525,"Yes","10.1016/0021-9614(87)90139-X"
"37","O=C(O)CCCCC(=O)O",298.15,"water","O",0.00307,0.170434056867656,-0.768443618302747,"Adipic acid","124-04-9",196,"No","10.1016/0021-9614(87)90139-X"
"38","O=C(O)CCCC(=O)O",298.15,"water","O",0.16,10.5420086435907,1.02292336796528,"Glutaric acid","110-94-1",743,"No","10.1016/0021-9614(89)90161-4"
"39","O=C(O)CCCCCC(=O)O",298.15,"water","O",0.007565,0.421880577358726,-0.374810468313535,"Pimelic acid","111-16-0",385,"No","10.1016/0021-9614(89)90161-4"
"40","O=C(O)c1ccccc1C(=O)O",298.15,"water","O",0.0007613,0.0421666651791201,-1.37503074452877,"o-phthalic acid","88-99-3",1017,"No","10.1016/0021-9614(89)90161-4"
"41","O=C(O)c1ccccc1O",298.15,"water","O",0.0003333,0.018452820599877,-1.73393724048941,"Salicylic acid","69-72-7",338,"Yes","10.1016/0021-9614(89)90161-4"
"42","O=C(O)c1ccco1",298.15,"water","O",0.007965,0.444366649304256,-0.352258543265474,"2-furancarboxylic acid","88-14-2",6919,"No","10.1016/0021-9614(89)90161-4"
"43","CC(=O)CCC(=O)O",298.15,"water","O",0.4484,44.9908313050703,1.65312401779036,"Levulinic acid","123-76-2",11579,"No","10.1016/0021-9614(90)90201-z"
"44","O=C(O)CCCCCCC(=O)O",298.15,"water","O",0.0002504,0.0138619956065642,-1.85817424313466,"Suberic acid","505-48-6",10457,"No","10.1016/0021-9614(90)90201-z"
"45","O=C(O)CCCCCCCC(=O)O",298.15,"water","O",0.0001706,0.00944356111315787,-2.024864204838,"Azelaic acid","123-99-9",2266,"Yes","10.1016/0021-9614(90)90201-z"
"46","O=C(O)CO",298.15,"water","O",0.3695,32.4348596629428,1.51101202319298,"Glycolic acid","79-14-1",757,"No","10.1016/0021-9614(90)90201-z"
"47","O=C(O)COCC(=O)O",296.65,"water","O",0.0823,4.96527045691072,0.695942909376195,"Diglycolic acid","110-99-6",8088,"No","10.1016/0021-9614(90)90201-z"
"48","CCCCCCCCC(=O)NCc1ccc(O)c(OC)c1",298.2,"water","O",1.926e-05,0.0010648467648182,-2.97271288422711,"Nonivamide","2444-46-4",2998,"No","10.1016/j.cjche.2013.05.001"
"49","COc1ccc(-c2cc(=O)c3c(O)cc(O[C@@H]4O[C@H](CO[C@@H]5O[C@@H](C)[C@H](O)[C@@H](O)[C@H]5O)[C@@H](O)[C@H](O)[C@H]4O)cc3o2)cc1O",298.15,"water","O",1.25e-06,6.91820182010864e-05,-4.16000677275227,"Diosmin","520-27-4",5281613,"Yes","10.1016/j.cjche.2014.03.006"
"50","C[C@@H](O)[C@H]1C(=O)N2C(C(=O)O)=C(S[C@@H]3CN[C@H](C(=O)N(C)C)C3)[C@H](C)[C@H]12.O.O.O",298.15,"water","O",0.00066009999999999,0.0365577262596835,-1.43702082343001,"Meropenem trihydrate","119478-56-7",441129,"No","10.1016/j.cjche.2017.05.002"
"51","Nc1cccc(N)c1",298.15,"water","O",0.0499,2.90679161604532,0.46341389890305,"m-phenylenediamine","108-45-2",7935,"No","10.1016/j.cjche.2018.11.005"
"52","Nc1nnc(-c2cccc(Cl)c2Cl)c(N)n1",298.15,"water","O",1e-05,0.00055346098839839,-3.25691298566223,"Lamotrigine","84057-84-1",3878,"Yes","10.1016/j.cjche.2019.02.026"
"53","O=C(OCCO)c1ccc(C(=O)OCCO)cc1",298.15,"water","O",4.2e-05,0.0023246105395544,-2.63364979747957,"bis-2-hydroxyethyl terephthalate (BHET)","959-26-2",13739,"No","10.1016/j.cjche.2021.03.024"
"54","COc1ccc2c(c1)c(CC(=O)O)c(C)n2C(=O)c1ccc(Cl)cc1",298.15,"water","O",9.32e-07,5.15820963676029e-05,-4.28750101151214,"Indomethacin","53-86-1",3715,"Yes","10.1016/j.fluid.2010.09.027"
"55","N[C@@H](CCC(=O)O)C(=O)O",298,"water","O",0.00104,0.0575632715510667,-1.23985453134072,"ß-form l-glutamic acid","56-86-0",33032,"No","10.1016/j.fluid.2010.10.020"
"56","CC1(C)COP(=O)(O)OC1c1ccccc1Cl",298.15,"water","O",0.000162,0.00896743107520803,-2.04733195268064,"Chlocyphos",NA,4393690,"No","10.1016/j.fluid.2012.06.010"
"57","O=C(O)CCP(=O)([O-])c1ccccc1.[Na+]",298.15,"water","O",0.02007,1.1335351461365,0.054434990308594,"Propanoic acid 3-(hydroxyphenylphosphinyl)-monosodium salt",NA,NA,"No","10.1016/j.fluid.2013.02.001"
"58","O=C([O-])CCP(=O)([O-])c1ccccc1.[Na+].[Na+]",298.15,"water","O",0.0009063,0.0502051687212647,-1.2992515690787,"Propanoic acid 3-(hydroxyphenylphosphinyl)-disodium salt",NA,NA,"No","10.1016/j.fluid.2013.02.001"
"59","NCC(=O)O",298.15,"water","O",0.0567,3.32671729352364,0.522015895825419,"Glycine","56-40-6",750,"Yes","10.1016/j.fluid.2013.09.013"
"60","Cc1cc(C)nc(NS(=O)(=O)c2ccc(N)cc2)n1",298.15,"water","O",2.81e-06,0.00015552141952976,-3.80820978835448,"Sulfamethazine","57-68-1",5327,"Yes","10.1016/j.fluid.2013.09.018"
"61","Cc1ccnc(NS(=O)(=O)c2ccc(N)cc2)n1",298.15,"water","O",1.71e-06,9.46410444340211e-05,-4.02392047559241,"Sulfamerazine","127-79-7",5325,"Yes","10.1016/j.fluid.2013.09.018"
"62","CCN1CCN(C(=O)N[C@@H](C(=O)N[C@@H]2C(=O)N3C(C(=O)O)=C(CSc4nnnn4C)CS[C@H]23)c2ccc(O)cc2)C(=O)C1=O",298.15,"water","O",1.51e-05,0.000835730354749,-3.07793382343941,"Cefoperazone","62893-19-0",44187,"Yes","10.1016/j.fluid.2013.11.005"
"63","O[C@H]1[C@H](O)[C@@H](O)[C@H](O)[C@@H](O)[C@H]1O",298.15,"water","O",0.014486,0.813520224327645,-0.0896316459173894,"Myo-inositol","87-89-8",892,"No","10.1016/j.fluid.2013.11.045"
"64","C=C[C@]1(C)C[C@@H](OC(=O)CSC(C)(C)CNC(=O)[C@H](N)C(C)C)[C@]2(C)[C@H](C)CC[C@]3(CCC(=O)[C@H]32)[C@@H](C)[C@@H]1O.O=C(O)C(O)C(O)C(=O)O",298.15,"water","O",0.0001536,0.00850238173602616,-2.07045940017718,"Valnemulin hydrogen tartrate",NA,NA,"No","10.1016/j.fluid.2014.03.022"
"65","O=C(O)CC(O)C(=O)O",298.15,"water","O",0.15,9.76686094920899,0.989755004712623,"Malic acid","6915-15-7",525,"Yes","10.1016/j.fluid.2014.06.017"
"66","COc1cc(O)c2c(c1)oc(=O)c1c3cc(O)c(O)cc3oc21",298.15,"water","O",0.00226785,0.125800692187204,-0.900316969286171,"Ethanol","524-12-9",5281813,"No","10.1016/j.fluid.2014.10.031"
"67","Cc1nnc(SCC2=C(C(=O)O)N3C(=O)[C@@H](NC(=O)Cn4cnnn4)[C@H]3SC2)s1",298.15,"water","O",1.7913e-05,0.00099142251372284,-3.00374122314059,"Cefazolin acid","25953-19-9",33255,"Yes","10.1016/j.fluid.2014.12.020"
"68","N=C(N)N.O=[N+]([O-])O",298.25,"water","O",0.019,1.07189981844895,0.0301541973642828,"Guanidine nitrate","506-93-4",10481,"No","10.1016/j.fluid.2014.12.037"
"69","N[C@@H](C(=O)N[C@@H]1C(=O)N2C(C(=O)O)=C(Cl)CS[C@H]12)c1ccccc1.O",298.15,"water","O",0.00047579,0.0263453919098203,-1.57929533654815,"Cefaclor","70356-03-5",51038,"Yes","10.1016/j.fluid.2015.01.001"
"70","O=S(=O)([O-])NC1CCCCC1.[Na+]",298.14,"water","O",0.02002,1.12948549320098,0.0528806573340962,"Sodium cyclamate","139-05-9",23665706,"No","10.1016/j.fluid.2015.01.012"
"71","CNC[C@H](O)[C@@H](O)[C@H](O)[C@H](O)CO.Cc1c(Nc2ncccc2C(=O)O)cccc1C(F)(F)F",298.15,"water","O",0.01513,0.85024226708298,-0.0704573092669987,"Flunixin meglumine","42461-84-7",39212,"No","10.1016/j.fluid.2015.06.026"
"72","COC(=O)[C@H](N)c1ccccc1.Cl",293.15,"water","O",0.058,3.41165212052,0.532964740596,"D-phenylglycine methyl ester hydrochloride","19883-41-1",12247453,"No","10.1016/j.fluid.2016.02.020"
"73","CC(=O)Nc1ccc(O)cc1",298.15,"water","O",0.00191999999999999,0.106467865429018,-0.972781453002266,"Paracetamol","103-90-2",1983,"Yes","10.1016/j.fluid.2016.05.012"
"74","CC(=O)NC[C@H]1CN(c2ccc(N3CCOCC3)c(F)c2)C(=O)O1",298.15,"water","O",0.0001174,0.00649832993141105,-2.18719824255187,"Linezolid","165800-03-3",441401,"Yes","10.1016/j.fluid.2016.10.021"
"75","CC(C)(C)[NH3+].[S-]c1nc2ccccc2s1",303.15,"water","O",3.94e-06,0.00021775611746507,-3.66202963542935,"2-mercaptobenzothiazole tertbutylamine salt",NA,NA,"No","10.1016/j.fluid.2016.12.002"
"76","[NH3+]C1CCCCC1.[S-]c1nc2ccccc2s1",303.15,"water","O",1.316e-05,0.00072733424560154,-3.13826596374763,"2-mercaptobenzothiazole cyclohexylamine salt",NA,NA,"No","10.1016/j.fluid.2016.12.002"
"77","Nc1ccn([C@@H]2O[C@H](CO)[C@@H](O)[C@@H]2O)c(=O)n1",298.15,"water","O",0.00996,0.556787232812165,-0.25431073169993,"Cytarabine","147-94-4",6253,"Yes","10.1016/j.fluid.2017.04.021"
"78","Cn1c(=O)c2c(ncn2C)n(C)c1=O",298,"water","O",0.00193,0.106919405505415,-0.970943464678271,"Caffeine","58-08-2",2519,"Yes","10.1016/j.fluid.2017.09.021"
"79","O=C(O)c1cc(O)c(O)c(O)c1",298,"water","O",0.00158,0.0874991920723904,-1.05799595703623,"Gallic acid","149-91-7",370,"No","10.1016/j.fluid.2017.09.021"
"80","CCCCCOC(=O)Nc1nc(=O)n([C@@H]2O[C@H](C)[C@@H](O)[C@H]2O)cc1F",298.25,"water","O",0.0012,0.0664924470563677,-1.17722768384028,"Capecitabine","154361-50-9",60953,"Yes","10.1016/j.fluid.2017.12.024"
"81","NC(N)=C([N+](=O)[O-])[N+](=O)[O-]",296.15,"water","O",2e-05,0.00110747704823649,-2.95566526549092,"1,1-diamino-2,2-dinitroethylene (FOX-7)","145250-81-3",536770,"No","10.1016/j.fluid.2017.12.035"
"82","CC(=O)Nc1ccc(O)cc1",298.15,"water","O",0.001839,0.101967977061523,-0.991536196562066,"Paracetamol","103-90-2",1983,"Yes","10.1016/j.fluid.2018.01.017"
"83","CC1(C)CCC2=C(O1)c1ccccc1C(=O)C2=O",298.15,"water","O",2.85e-06,0.00015773525387519,-3.80207123087922,"ß-lapachone","4707-32-8",3885,"No","10.1016/j.fluid.2018.05.005"
"84","Cn1cc([N+](=O)[O-])cn1",298.15,"water","O",0.000127,0.00702977704479875,-2.15305844877094,"1-methyl-4-nitropyrazole","3994-50-1",19895,"No","10.1016/j.fluid.2018.05.023"
"85","Nc1nc(N)nc(NC2CC2)n1",298.15,"water","O",0.001438,0.079701505019005,-1.09853347765937,"Cyromazine","66215-27-8",47866,"No","10.1016/j.fluid.2018.07.024"
"86","O=c1ccc2ccccc2o1",298.15,"water","O",0.000235,0.0130092603402099,-1.88574739515995,"Coumarin","91-64-5",323,"Yes","10.1016/j.fluid.2020.112788"
"87","COc1cc(/C=C/C(=O)CC(=O)/C=C/c2ccc(O)c(OC)c2)ccc1O",298.15,"water","O",1.5e-07,8.3018330521026e-06,-5.08082600442891,"Curcumin","458-37-7",969516,"No","10.1016/j.fluid.2020.112917"
"88","O=C(O)c1ccc(-c2ccc(C(=O)O)o2)o1",298.15,"water","O",9.64e-07,5.33531571776558e-05,-4.27283987606585,"2,2'-bifuran-5,5'-dicarboxylic acid","50738-83-5",12409811,"No","10.1016/j.fluid.2025.114355"
"89","C1CCCC1",296.2,"water","O",4.17e-05,0.00230756574267088,-2.63684591705288,"Cyclopentane","287-92-3",9253,"No","10.1016/j.jct.2008.01.019"
"90","CCC(C)C",293.2,"water","O",1.24e-05,0.0006870566496583,-3.16300745272255,"i-pentane","78-78-4",6556,"No","10.1016/j.jct.2008.01.019"
"91","CCCCC",295.45,"water","O",1.03e-05,0.00057043662764825,-3.24379259627889,"n-pentane","109-66-0",8003,"No","10.1016/j.jct.2008.01.019"
"92","CCCCCC",295.5,"water","O",2.7e-06,0.00014945033194918,-3.82550311599747,"n-hexane","110-54-3",8058,"No","10.1016/j.jct.2008.01.019"
"93","C[C@@H]1O[C@@H](OC[C@H]2O[C@@H](Oc3cc(O)c4c(=O)cc(-c5ccccc5O)oc4c3)[C@H](O)[C@@H](O)[C@@H]2O)[C@H](O)[C@H](O)[C@H]1O",298.2,"water","O",3.2e-07,1.76918229967024e-05,-4.75222741431374,"Apigenin 7-O-rhamnosylglucoside",NA,NA,"No","10.1016/j.jct.2010.09.013"
"94","O=C(O)c1cccnc1",293.41,"water","O",0.002183,0.121207292041247,-0.916471251473276,"Nicotinic acid","59-67-6",938,"Yes","10.1016/j.jct.2011.11.023"
"95","Cc1ccc([N+](=O)[O-])cc1S(=O)(=O)[O-].[Na+]",298.25,"water","O",0.007852,0.437999317183068,-0.35852656653667,"Sodium 4-nitrotoluene-2-sulfonate","5258-64-0",21329,"No","10.1016/j.jct.2013.11.007"
"96","O=P([O-])([O-])OC[C@H]1O[C@@H](n2cnc3c(O)ncnc32)[C@H](O)[C@@H]1O.[Na+].[Na+]",298.15,"water","O",0.01552,0.872504128351786,-0.0592325094505492,"Inosine-5'-monophosphate disodium","4691-65-0",135414245,"No","10.1016/j.jct.2014.04.023"
"97","Cn1c(=O)c2c(ncn2CCO)n(C)c1=O",300.9,"water","O",0.0039,0.216209144363332,-0.66512594191577,"7-(ß-hydroxyethyl) theophylline","519-37-9",1892,"No","10.1016/j.jct.2014.05.005"
"98","O=C([O-])c1cccc(S(=O)(=O)O)c1.[Na+]",298.15,"water","O",0.0372,2.13840287504493,0.33008952965014,"Sodium 3-sulfobenzoate","17625-03-5",23668512,"No","10.1016/j.jct.2014.07.007"
"99","O=S(=O)([O-])c1ccc2ccccc2c1.[Na+]",298.15,"water","O",3.36e-06,0.0001859616573041,-3.73057659200701,"Sodium 2-naphthalenesulfonate","532-02-5",23661868,"No","10.1016/j.jct.2014.11.011"
"100","O=C(O)C1=C[C@@H](O)[C@@H](O)[C@H](O)C1",299.55,"water","O",0.02484,1.40927967959757,0.148997189881952,"(-)-shikimic acid","138-59-0",8742,"No","10.1016/j.jct.2015.04.009"
"101","C=CC(=O)N1CCC[C@@H](n2nc(-c3ccc(Oc4ccccc4)cc3)c3c(N)ncnc32)C1",298.15,"water","O",1.43e-07,7.91441412093691e-06,-5.10158122905959,"Ibrutinib","936563-96-1",24821094,"Yes","10.1016/j.jct.2015.04.014"
"102","O=c1c(-c2ccc(O)cc2)coc2cc(O[C@@H]3O[C@H](CO)[C@@H](O)[C@H](O)[C@H]3O)ccc12",293.2,"water","O",4.096e-06,0.00022694844096132,-3.64407279632813,"Daidzin","552-66-9",107971,"No","10.1016/j.jct.2015.04.025"
"103","COc1cc(-c2cc(=O)c3c(O)cc(O)cc3o2)cc(OC)c1O",298.15,"water","O",1.4e-09,7.74837636388686e-08,-7.11078929234252,"Tricin","520-32-1",5281702,"No","10.1016/j.jct.2015.04.037"
"104","CC1=C(O)C(=O)C(C)O1",298.15,"water","O",0.0408,2.35414746815796,0.371833664370322,"4-hydroxy-2,5-dimethyl-3(2H)-furanone (DMHF)","3658-77-3",19309,"No","10.1016/j.jct.2015.08.028"
"105","Cc1ncc(CO)c(CO)c1O.Cl",298.15,"water","O",0.019114,1.07848899298324,0.0328157170685728,"Vitamin B6 hydrochloride","58-56-0",6019,"Yes","10.1016/j.jct.2015.09.026"
"106","COc1ccc2nc(S(=O)Cc3ncc(C)c(OC)c3C)[nH]c2c1",298.15,"water","O",9.36e-05,0.00518082797295871,-2.28560082802462,"Omeprazole","73590-58-6",4594,"No","10.1016/j.jct.2015.11.005"
"107","CC(C)c1nc(N(C)S(C)(=O)=O)nc(-c2ccc(F)cc2)c1/C=C/[C@@H](O)C[C@@H](O)CC(=O)[O-].CC(C)c1nc(N(C)S(C)(=O)=O)nc(-c2ccc(F)cc2)c1/C=C/[C@@H](O)C[C@@H](O)CC(=O)[O-].[Ca+2]",298.15,"water","O",5.4e-06,0.00029886755893061,-3.52452122360926,"Rosuvastatin calcium","147098-20-2",5282455,"Yes","10.1016/j.jct.2015.11.019"
"108","CO/N=C(\C(=O)N[C@@H]1C(=O)N2C(C(=O)O)=C(CSc3nnnn3C)CS[C@H]12)c1csc(N)n1.CO/N=C(\C(=O)N[C@@H]1C(=O)N2C(C(=O)O)=C(CSc3nnnn3C)CS[C@H]12)c1csc(N)n1.Cl",298.15,"water","O",4.756e-05,0.00263235933322803,-2.57965482714536,"Cefmenoxime hydrochloride","75738-58-8",87716431,"Yes","10.1016/j.jct.2015.11.024"
"109","CSCC[C@H](N)C(=O)O",298.15,"water","O",0.00680999999999999,0.379487473726049,-0.420802554897457,"L-methionine","63-68-3",6137,"Yes","10.1016/j.jct.2015.12.022"
"110","CNC(=O)NC",298.15,"water","O",0.4046,37.6096870344022,1.57529971949531,"1,3-dimethylurea","96-31-1",7293,"No","10.1016/j.jct.2015.12.032"
"111","C=C(C)[C@@H]1CC[C@]2(CO)CC[C@]3(C)[C@H](CC[C@@H]4[C@@]5(C)CC[C@H](O)C(C)(C)[C@@H]5CC[C@]43C)[C@@H]12",298.2,"water","O",5e-06,0.00027643602804449,-3.55840535579404,"Betulin","473-98-3",72326,"No","10.1016/j.jct.2016.02.006"
"112","C[C@]12CC[C@@H]3c4ccc(O)cc4CC[C@H]3[C@@H]1CCC2=O",298.2,"water","O",2.2e-05,0.0012163392012656,-2.91494529620199,"Estrone","53-16-7",5870,"Yes","10.1016/j.jct.2016.02.006"
"113","O=C1c2cccc(O)c2C(=O)c2c(O)cc(CO)cc21",298.15,"water","O",8.07e-07,4.46638911644929e-05,-4.35004344343091,"Aloe-emodin","481-72-1",10207,"No","10.1016/j.jct.2016.02.020"
"114","CC1(C)O[C@H]2CC(=O)OC[C@]23[C@H]2CC[C@@]4(C)[C@H](c5ccoc5)OC(=O)[C@H]5O[C@]54[C@]2(C)C(=O)C[C@@H]13",298.2,"water","O",5.97e-07,3.30063164209754e-05,-4.48140294120465,"Limonin","1180-71-8",179651,"No","10.1016/j.jct.2016.03.037"
"115","COc1c(O)cc2c(c1O)[C@@H]1O[C@H](CO)[C@@H](O)[C@H](O)[C@H]1OC2=O",298.15,"water","O",7.57e-05,0.00418997496628396,-2.37778857179199,"Bergenin","477-90-7",66065,"No","10.1016/j.jct.2016.05.003"
"116","NCCCC(=O)O",298.15,"water","O",0.1806,12.1984445880162,1.0863044577316,"4-aminobutyric acid","56-12-2",119,"No","10.1016/j.jct.2016.07.014"
"117","O=[N+]([O-])c1cn[nH]c1",298.15,"water","O",0.003699,0.205483254916305,-0.687223563538539,"4-nitropyrazole","2075-46-9",16376,"No","10.1016/j.jct.2016.08.023"
"118","N[C@@H](Cc1cnc[nH]1)C(=O)O",298.15,"water","O",0.004587,0.255039884603465,-0.593391896786842,"L-histidine","71-00-1",6274,"No","10.1016/j.jct.2016.09.039"
"119","Nc1ccccc1N",298.15,"water","O",0.006081,0.338615381584206,-0.470293317977175,"O-phenylenediamine","95-54-5",7243,"No","10.1016/j.jct.2016.10.018"
"120","CC(=O)[C@@]1(O)CC[C@H]2[C@@H]3CCC4=CC(=O)CC[C@]4(C)[C@H]3[C@@H](O)C[C@@]21C",298.15,"water","O",2.772e-05,0.00153422104650915,-2.8141120638791,"11a,17a-dihydroxy-4-pregnene-3,20-dione","641-77-0",92827,"No","10.1016/j.jct.2016.10.046"
"121","C[C@@H]1CC[C@@]2(OC1)O[C@H]1C[C@H]3[C@@H]4CC=C5C[C@@H](O)CC[C@]5(C)[C@H]4CC[C@]3(C)[C@H]1[C@@H]2C",298.2,"water","O",6e-06,0.00033172356537862,-3.47922367544955,"Diosgenin","512-04-9",99474,"No","10.1016/j.jct.2016.11.017"
"122","C[C@]12CC[C@@H]3c4ccc(O)cc4CC[C@H]3[C@@H]1C[C@@H](O)[C@@H]2O",298.2,"water","O",0.000135,0.00746474317866682,-2.12698512939997,"Estriol","50-27-1",5756,"Yes","10.1016/j.jct.2016.11.017"
"123","Clc1ccc(COC(Cn2ccnc2)c2ccc(Cl)cc2Cl)cc1.O=[N+]([O-])O",298.15,"water","O",3.441e-05,0.00190450575052913,-2.72021771167759,"Econazole nitrate","24169-02-6",68589,"Yes","10.1016/j.jct.2017.03.038"
"124","NC(=O)c1cnccn1",298.15,"water","O",0.00239599999999999,0.132926418426276,-0.876388696735672,"Pyrazinamide","98-96-4",1046,"Yes","10.1016/j.jct.2017.04.014"
"125","CC(C)(C)[C@H](O)[C@H](Cc1ccc(Cl)cc1)n1cncn1",298.15,"water","O",0.0002315,0.0128154605343177,-1.89226578246303,"Paclobutrazol","66346-05-2",73671,"No","10.1016/j.jct.2017.05.004"
"126","Brc1cn[nH]c1",298.15,"water","O",0.006602,0.367819635826903,-0.434365089933059,"4-bromopyrazole","2075-45-8",16375,"No","10.1016/j.jct.2017.05.005"
"127","NCC1(CC(=O)O)CCCCC1.O",298.15,"water","O",0.01245,0.697738889136443,-0.156307070532849,"Gabapentin monohydrate",NA,14598836,"No","10.1016/j.jct.2017.05.041"
"128","Nc1ncnc2c1ncn2[C@@H]1O[C@H](CO)[C@@H](O)[C@H]1O",298.15,"water","O",0.0004259,0.0235817112276645,-1.62742468313547,"Adenosine","58-61-7",60961,"Yes","10.1016/j.jct.2017.07.023"
"129","NC(=O)c1ncn([C@@H]2O[C@H](CO)[C@@H](O)[C@H]2O)n1",298.15,"water","O",0.01741,0.980638867733027,-0.00849089743753359,"Ribavirin(II)","36791-04-5",37542,"Yes","10.1016/j.jct.2017.07.027"
"130","Cc1cc(=O)[nH]c(=S)[nH]1",298.15,"water","O",6.676e-05,0.00369511529538921,-2.4323720061541,"6-methyl-2-thiouracil","56-04-2",667493,"No","10.1016/j.jct.2018.02.002"
"131","Nc1ccc(S(=O)(=O)c2ccc(N)cc2)cc1",298.15,"water","O",1.066e-05,0.00058998980302985,-3.22915549433436,"Dapsone","80-08-0",2955,"Yes","10.1016/j.jct.2018.03.010"
"132","N[C@@H](Cc1ccc(O)cc1)C(=O)O",298.15,"water","O",4.997e-05,0.00276575510736389,-2.55818627694868,"L-tyrosine","60-18-4",6057,"Yes","10.1016/j.jct.2018.05.011"
"133","Nc1ncnc2nc[nH]c12",298.15,"water","O",0.0001344,0.00743944115980944,-2.12845968680983,"Adenine","73-24-5",190,"No","10.1016/j.jct.2018.05.030"
"134","Clc1ncnc2nc[nH]c12",298.15,"water","O",0.000658,0.0364413472657848,-1.43840557518752,"6-chloropurine","87-42-3",5359277,"No","10.1016/j.jct.2018.07.028"
"135","[NH3+]O.[NH3+]O.[O-]n1nnnc1-c1nnnn1[O-]",298.15,"water","O",7.959e-05,0.00440530257473467,-2.35602425705335,"Dihydroxylammonium 5,5’-bistetrazole-1,1'-diolate (TKX-50)",NA,139051543,"No","10.1016/j.jct.2018.07.030"
"136","COC(=O)Nc1nc2ccccc2[nH]1",298.15,"water","O",7.351e-07,4.06845403151989e-05,-4.39057058662917,"Carbendazim","10605-21-7",25429,"No","10.1016/j.jct.2018.08.001"
"137","N[C@H](Cc1c[nH]c2ccccc12)C(=O)O",298.15,"water","O",0.001917,0.106301189872242,-0.973461874215585,"D-tryptophan","153-94-6",9060,"No","10.1016/j.jct.2018.08.018"
"138","NC(=NCCCCCCN=C(N)/N=C(\N)Nc1ccc(Cl)cc1)/N=C(\N)Nc1ccc(Cl)cc1",298.15,"water","O",3.838e-06,0.00021241701842054,-3.67281069140389,"Chlorhexidine","55-56-1",2713,"No","10.1016/j.jct.2018.09.008"
"139","Cc1c(C(=O)/C=C/c2ccccc2)[n+](=O)c2ccccc2n1[O-]",298.15,"water","O",3.954e-06,0.00021883715171007,-3.65987894644734,"Quinocetone","81810-66-4",5387181,"No","10.1016/j.jct.2018.11.021"
"140","COc1cc(/C=C/C(=O)CC(=O)/C=C/c2ccc(O)c(OC)c2)ccc1O",298.15,"water","O",2.942e-08,1.62826599294938e-06,-5.78827464746031,"Curcumin","458-37-7",969516,"No","10.1016/j.jct.2018.11.022"
"141","CCCc1cc(=O)[nH]c(=S)[nH]1",298.15,"water","O",0.00012629999999999,0.00699102534785031,-2.15545912321621,"Propylthiouracil","51-52-5",657298,"Yes","10.1016/j.jct.2018.12.038"
"142","c1ccc2c(c1)CCc1ccccc1N2",298.15,"water","O",2.73e-06,0.0001510937513702,-3.82075349596246,"Iminodibenzyl","494-19-9",10308,"No","10.1016/j.jct.2018.12.045"
"143","Cc1c(C(N)=O)cc([N+](=O)[O-])cc1[N+](=O)[O-]",298.15,"water","O",5.536e-05,0.00306409902069497,-2.51369720397202,"Dinitolmide","148-01-6",3092,"No","10.1016/j.jct.2019.01.013"
"144","C=NCC#N",298.15,"water","O",0.001707,0.0946363902799064,-1.02394183337818,"Methyleneaminoacetonitrile","109-82-0",8015,"No","10.1016/j.jct.2019.01.015"
"145","O=c1cc(O)c(Cl)c[nH]1",298.15,"water","O",0.0001937,0.0107225090898941,-1.96970357692016,"Gimeracil","103766-25-2",54679224,"No","10.1016/j.jct.2019.01.026"
"146","COc1ccccc1N1CCN(CC(O)COc2cccc3ccccc23)CC1",298.15,"water","O",3.462e-06,0.00019160694144481,-3.71758876155929,"Naftopidil","57149-07-2",4418,"Yes","10.1016/j.jct.2019.02.016"
"147","Oc1c(Cl)cc(Cl)c2cccnc12",298.15,"water","O",1.481e-06,8.19668740990188e-05,-4.08636162691695,"Chloroxine","773-76-2",2722,"Yes","10.1016/j.jct.2019.07.001"
"148","Cl.c1ccc([C@H]2CN3CCSC3=N2)cc1",298.15,"water","O",0.1005,6.18368794949919,0.791247565446172,"Levamisole hydrochloride","16595-80-5",27944,"Yes","10.1016/j.jct.2019.105882"
"149","CC1(C)S[C@@H]2[C@H](NC(=O)[C@H](N)c3ccc(O)cc3)C(=O)N2[C@H]1C(=O)O",298.15,"water","O",0.0001252,0.00693012993369984,-2.15925862268114,"Amoxicillin","26787-78-0",33613,"Yes","10.1016/j.jct.2019.106010"
"150","O=Cc1cc([N+](=O)[O-])ccc1O",298.15,"water","O",9.02e-05,0.00499261852736352,-2.30167161595773,"5-nitrosalicylaldehyde","97-51-8",66808,"No","10.1016/j.jct.2019.106014"
"151","NC(=O)N/N=C/c1ccc([N+](=O)[O-])o1",298.15,"water","O",2.982e-05,0.00165045337971711,-2.78239673865724,"5-nitrofurazone",NA,5353356,"Yes","10.1016/j.jct.2019.106016"
"152","Oc1ccc(OCc2ccccc2)cc1",298.15,"water","O",7.042e-06,0.00038974607514972,-3.40921824958209,"Monobenzone","103-16-2",7638,"Yes","10.1016/j.jct.2019.106023"
"153","Cc1nnc(C(C)C)n1C1C[C@H]2CC[C@@H](C1)N2CC[C@H](NC(=O)C1CCC(F)(F)CC1)c1ccccc1",298.15,"water","O",2.472e-05,0.00136817570306857,-2.8638581263197,"Maraviroc","376348-65-1",3002977,"No","10.1016/j.jct.2019.106044"
"154","O=C(NC(Cc1cc(=O)[nH]c2ccccc12)C(=O)O)c1ccc(Cl)cc1",298.15,"water","O",8.675e-07,4.80123022668254e-05,-4.31864746841523,"Rebamipide","90098-04-7",5042,"No","10.1016/j.jct.2019.106045"
"155","Cc1[nH]nc2cc([N+](=O)[O-])ccc12",298.15,"water","O",6.148e-05,0.00340285333731493,-2.46815676855551,"3-methyl-6-nitroindazole","6494-19-5",10921054,"No","10.1016/j.jct.2020.106066"
"156","O=c1ccc(-c2ccccc2)n[nH]1",298.15,"water","O",5.844e-06,0.00032344125738471,-3.49020458334214,"6-phenyl-3(2H)-pyridazinone","2166-31-6",75106,"No","10.1016/j.jct.2020.106128"
"157","Cc1nc2n(c(=O)c1CCN1CCC(c3noc4cc(F)ccc34)CC1)CCCC2",298.15,"water","O",1.078e-07,5.96625043500193e-06,-5.2242985209611,"Risperidone","106266-06-2",5073,"Yes","10.1016/j.jct.2020.106137"
"158","Oc1c(Br)cc(Br)c2cccnc12",298.15,"water","O",1.063e-06,5.88323772765356e-05,-4.23038360245019,"5,7-dibromo-8-hydroxyquinoline","521-74-4",2453,"No","10.1016/j.jct.2020.106138"
"159","NCCC(=O)N[C@@H](Cc1cnc[nH]1)C(=O)O",298.15,"water","O",0.0236,1.3377251853143,0.12636690359619,"L-carnosine","305-84-0",439224,"No","10.1016/j.jct.2020.106167"
"160","C[C@@H](O)[C@H]1C(=O)N2C(C(=O)[O-])=C(SC3Cn4cnc[n+]4C3)[C@H](C)[C@H]12",298.15,"water","O",0.0004635,0.0256645558047129,-1.59066624799124,"Biapenem","120410-24-4",71339,"No","10.1016/j.jct.2020.106190"
"161","COc1cccc(C=O)c1O",298.15,"water","O",0.000578,0.0320082259835944,-1.49473839542431,"o-vanillin","148-53-8",8991,"No","10.1016/j.jct.2020.106199"
"162","COc1ccc(-n2nc(C(N)=O)c3c2C(=O)N(c2ccc(N4CCCCC4=O)cc2)CC3)cc1",298.15,"water","O",1.39e-05,0.00076931377422749,-3.11389649163942,"Apixaban","503612-47-3",10182969,"Yes","10.1016/j.jct.2020.106200"
"163","CC(C)(Oc1ccc(CCNC(=O)c2ccc(Cl)cc2)cc1)C(=O)O",298.15,"water","O",2.557e-06,0.0001415189213976,-3.84918549011002,"Bezafibrate","41859-67-0",39042,"Yes","10.1016/j.jct.2020.106208"
"164","CN1COCN(Cc2cnc(Cl)s2)C1=N[N+](=O)[O-]",298.15,"water","O",0.0002412,0.0133525661843425,-1.87443526069651,"Thiamethoxam","153719-23-4",107646,"No","10.1016/j.jct.2020.106229"
"165","COC1=CC(=O)C[C@@H](C)[C@]12Oc1c(Cl)c(OC)cc(OC)c1C2=O",298.15,"water","O",4.702e-07,2.60234876733796e-05,-4.58463449963453,"Griseofulvin","126-07-8",441140,"Yes","10.1016/j.jct.2020.106250"
"166","O=c1c2ccccc2nc2n1CCc1c-2[nH]c2ccccc12",298.15,"water","O",3.966e-09,2.19500433843062e-07,-6.65856461703707,"Rutaecarpine","84-26-4",65752,"No","10.1016/j.jct.2020.106253"
"167","Clc1ccccc1C(c1ccccc1)(c1ccccc1)n1ccnc1",298.15,"water","O",2.471e-08,1.36758846010452e-06,-5.86404457249527,"Clotrimazole","23593-75-1",2812,"Yes","10.1016/j.jct.2020.106255"
"168","O=c1cc(CO)occ1O",298.15,"water","O",0.005527,0.307594906356341,-0.512020860546972,"Kojic acid","501-30-4",3840,"No","10.1016/j.jct.2020.106280"
"169","Cn1c(=O)cc(N2CCC[C@@H](N)C2)n(Cc2ccccc2C#N)c1=O.O=C(O)c1ccccc1",298.15,"water","O",0.001187,0.0657732351948724,-1.1819507959281,"Alogliptin benzoate","850649-62-6",16088021,"Yes","10.1016/j.jct.2021.106474"
"170","CC(=O)Nc1ccc(OC(=O)c2ccccc2OC(C)=O)cc1",298.15,"water","O",2.447e-06,0.00013543088094141,-3.86828229655708,"Benorilate","5003-48-5",21102,"Yes","10.1016/j.jct.2021.106517"
"171","CC(C)C(=O)Nc1ccc([N+](=O)[O-])c(C(F)(F)F)c1",298.15,"water","O",6.683e-07,3.69874526954007e-05,-4.43194557726597,"Flutamide","13311-84-7",3397,"Yes","10.1016/j.jct.2021.106611"
"172","c1ccc2[nH]c(-c3cscn3)nc2c1",298.15,"water","O",4.231e-07,2.34167101574019e-05,-4.63047411954744,"Thiabendazole","148-79-8",5430,"Yes","10.1016/j.jct.2021.106616"
"173","CC(CO)(CO)C(=O)O",298.15,"water","O",0.01691,0.951991346017526,-0.0213669995082961,"Dimethylolpropionic acid","4767-03-7",78501,"No","10.1016/j.jct.2021.106625"
"174","O=c1cc(CBr)c2ccccc2[nH]1",298.15,"water","O",1.668e-05,0.00092317909554654,-3.03471403823467,"4-(bromomethyl)-2(1H)-quinolinone","4876-10-2",268296,"No","10.1016/j.jct.2021.106670"
"175","CC(=O)c1c(C)c([N+](=O)[O-])c(C(C)(C)C)c([N+](=O)[O-])c1C",298.15,"water","O",7.223e-05,0.00399789751085161,-2.3981683435451,"Musk ketone","81-14-1",6669,"No","10.1016/j.jct.2022.106727"
"176","CC(C)OC(=O)[C@H](C)N[P@](=O)(Oc1ccccc1)Oc1c(F)c(F)c(F)c(F)c1F",298.15,"water","O",7.961e-05,0.0044064096618835,-2.35591512914964,"SOV-I2","1334513-02-8",53476763,"No","10.1016/j.jct.2022.106794"
"177","COC1CCC2(CC1)NC(=O)C(c1cc(C)ccc1C)=C2O",298.15,"water","O",4.085e-06,0.00022608747643994,-3.64572349366375,"cis-3-(2,5-dimethylphenyl)-4-hydroxy-8-methoxy-1-azaspiro[4.5]dec-3-en-2-one (si-vi)","203312-38-3",54708610,"No","10.1016/j.jct.2022.106926"
"178","CC(=O)Oc1ccccc1C(=O)Nc1ncc([N+](=O)[O-])s1",298.15,"water","O",3.809e-07,2.10811262646053e-05,-4.67610619054502,"Nitazoxanide","55981-09-4",41684,"Yes","10.1016/j.jct.2022.106928"
"179","O=C(Nc1ccc(F)cc1F)c1cccnc1Oc1cccc(C(F)(F)F)c1",298.15,"water","O",3.926e-07,2.17286696464126e-05,-4.66296686286073,"Diflufenican","83164-33-4",91735,"No","10.1016/j.jct.2022.106981"
"180","Cc1c(-c2ccccc2)oc2c(C(=O)OCCN3CCCCC3)cccc2c1=O.Cl",298.15,"water","O",0.0004416,0.0244513905733778,-1.61169643710594,"Flavoxate hydrochloride","3717-88-2",441345,"Yes","10.1016/j.jct.2022.106985"
"181","COc1ccc(Cl)cc1C(=O)NCCc1ccc(S(=O)(=O)NC(=O)NC2CCCCC2)cc1",298.15,"water","O",1.256e-07,6.95140137267969e-06,-5.1579276346802,"Glyburide","10238-21-8",3488,"Yes","10.1016/j.jct.2022.107002"
"182","CC(=O)Oc1ccc(C(c2ccc(OC(C)=O)cc2)c2ccccn2)cc1",298.15,"water","O",1.913e-07,1.0587604856383e-05,-4.97520227552093,"Bisacodyl","603-50-9",2391,"Yes","10.1016/j.jct.2023.107054"
"183","COc1cc(/C=C/C(=O)O)cc(OC)c1OC",298.15,"water","O",7.613e-05,0.00421377716454746,-2.37532843473795,"3,4,5-trimethoxycinnamic acid","90-50-6",735755,"No","10.1016/j.jct.2023.107055"
"184","CC1(C)[C@@H](O)CC[C@]2(C)[C@H]3C(=O)C=C4[C@@H]5C[C@@](C)(C(=O)O)CC[C@]5(C)CC[C@@]4(C)[C@]3(C)CC[C@@H]12",298.15,"water","O",1.817e-07,1.00562874225646e-05,-4.99756232240942,"18ß-glycyrrhetinic acid","471-53-4",10114,"No","10.1016/j.jct.2023.107090"
"185","Nc1cncc(Cl)n1",298.15,"water","O",7.426e-05,0.00411026542814416,-2.38613013183287,"2-amino-6-chloropyrazine","33332-28-4",118458,"No","10.1016/j.jct.2023.107109"
"186","CCCSc1ccc2nc(NC(=O)OC)[nH]c2c1",298.15,"water","O",5.312e-07,2.93995693222969e-05,-4.53165903157151,"Albendazole","54965-21-8",2082,"No","10.1016/j.jct.2023.107138"
"187","O=S(=O)(c1ccccc1)c1ccc(Cl)cc1",298.15,"water","O",7.378e-06,0.00040834244655573,-3.38897547350147,"Sulfenone","80-00-2",6621,"No","10.1016/j.jct.2023.107153"
"188","CCOc1cccc(C=O)c1O",298.15,"water","O",0.0001055,0.00583957111222111,-2.23361904851014,"3-ethoxysalicylaldehyde","492-88-6",68117,"No","10.1016/j.jct.2023.107162"
"189","COc1ccc(Cl)cc1C(=O)NCCc1ccc(S(=O)(=O)NC(=O)NC2CCCCC2)cc1",298.15,"water","O",1.283e-07,7.10083438314363e-06,-5.14869061653385,"Glyburide","10238-21-8",3488,"Yes","10.1016/j.jct.2023.107195"
"190","COc1ccc2cccc(CCNC(C)=O)c2c1",298.15,"water","O",0.000119,0.00658690374162851,-2.18131868311762,"Agomelatine","138112-76-2",82148,"Yes","10.1016/j.jct.2023.107209"
"191","Cl.N=C(N)Nc1ccc(C(=O)O)cc1",298.05,"water","O",0.00532,0.296019028838193,-0.528680370516063,"4-guanidinobenzoic acid hydrochloride","42823-46-1",3084875,"No","10.1016/j.jct.2023.107230"
"192","COC(=O)Nc1nc2ccc(Sc3ccccc3)cc2[nH]1",298.15,"water","O",7.122e-06,0.00039417378149384,-3.40431226623422,"Fenbendazole","43210-67-9",3334,"No","10.1016/j.jct.2023.107231"
"193","Nc1nc(N)c2nc(-c3ccccc3)c(N)nc2n1",298.15,"water","O",1.792e-06,9.91793950483768e-05,-4.00357854504625,"Triamterene","396-01-0",5546,"Yes","10.1016/j.jct.2024.107324"
"194","CCC(C)n1ncn(-c2ccc(N3CCN(c4ccc(OCC5COC(Cn6cncn6)(c6ccc(Cl)cc6Cl)O5)cc4)CC3)cc2)c1=O",298.15,"water","O",1.553e-08,8.59516333081844e-07,-6.06574586615561,"Itraconazole","84625-61-6",3793,"Yes","10.1016/j.jct.2024.107349"
"195","O=C(O)/C=C/c1ccc(Cl)cc1",298.15,"water","O",9.381e-06,0.00051920143182763,-3.28466411853053,"trans-4-chlorocinnamic acid","1615-02-7",637797,"No","10.1016/j.jct.2024.107350"
"196","CC1COC(Cn2cncn2)(c2ccc(Oc3ccc(Cl)cc3)cc2Cl)O1",298.15,"water","O",1.944e-06,0.00010759194937523,-3.96822022376922,"Difenoconazole","119446-68-3",86173,"No","10.1016/j.jct.2024.107366"
"197","OCC1(O)OC[C@@H](O)[C@H](O)[C@@H]1O",298.15,"water","O",0.12418,7.847285772357,0.894719468474895,"D-tagatose","41847-61-4",439312,"No","10.1016/j.jct.2024.107407"
"198","CC(C)(C)CC(C)(C)c1ccc(O)cc1",298.1,"water","O",1.32e-06,7.29820155462323e-05,-4.13678414688368,"4-tert-octylphenol","140-66-9",8814,"No","10.1016/j.jct.2024.107410"
"199","CCCCCCCCCc1ccc(O)cc1",298.1,"water","O",4e-08,2.21157339785602e-06,-5.65529864265889,"4-n-nonylphenol","104-40-5",1752,"No","10.1016/j.jct.2024.107410"
"200","CCCCCCCCc1ccc(O)cc1",298.1,"water","O",2.9e-07,1.60339111429341e-05,-4.79496052751425,"4-n-octylphenol","1806-26-4",15730,"No","10.1016/j.jct.2024.107410"
"201","NC(N)=O",293.15,"water","O",0.2522,18.6873307042503,1.2715472712448,"Urea","57-13-6",1176,"Yes","10.1016/j.jct.2024.107427"
"202","CCC(C)n1ncn(-c2ccc(N3CCN(c4ccc(OCC5COC(Cn6cncn6)(c6ccc(Cl)cc6Cl)O5)cc4)CC3)cc2)c1=O",298.15,"water","O",2.43e-07,1.34489707951607e-05,-4.87131094949688,"Itraconazole","84625-61-6",3793,"Yes","10.1016/j.jct.2025.107455"
"203","c1ccc(-c2cnc(-c3ccc(-c4ncc(-c5ccccc5)o4)cc3)o2)cc1",298.15,"water","O",7.3e-10,4.04022481560548e-08,-7.39359446819127,"1,4-bis(5-phenyl-oxazolyl-2)benzene (POPOP)","1806-34-4",15732,"No","10.1016/j.molliq.2008.07.011"
"204","c1ccc(-c2cnc(-c3ccccc3)o2)cc1",298.15,"water","O",1.41e-07,7.80372299874293e-06,-5.10769815473786,"2,5-diphenyl-1,3-oxazole (PPO)","92-71-7",7105,"No","10.1016/j.molliq.2008.07.011"
"205","CC(C)=CCOc1c2occc2cc2ccc(=O)oc12",298.2,"water","O",1.064e-06,5.88253552301136e-05,-4.2304354415593,"Imperatorin","482-44-0",10212,"No","10.1016/j.molliq.2011.12.014"
"206","CC(=O)OCC(=O)[C@@]1(O)CC[C@H]2[C@@H]3CCC4=CC(=O)C=C[C@]4(C)[C@H]3C(=O)C[C@@]21C",354.75,"water","O",8e-06,0.00043110641859878,-3.36541551103319,"Prednisone acetate","125-10-0",91438,"No","10.1016/j.molliq.2012.05.020"
"207","Nc1ccc(S(=O)(=O)Nc2ccccn2)cc1",298.15,"water","O",2.675e-05,0.00148053294314049,-2.82958192473874,"Sulfapyridine","144-83-2",5336,"Yes","10.1016/j.molliq.2012.11.001"
"208","CN1C(C(=O)Nc2ccccn2)=C(O)c2ccccc2S1(=O)=O",298.15,"water","O",4.01e-07,2.21935725965418e-05,-4.65377278185646,"Piroxicam","36322-90-4",54676228,"Yes","10.1016/j.molliq.2012.12.028"
"209","CCCCc1oc2ccccc2c1C(=O)c1cc(I)c(OCCN(CC)CC)c(I)c1.Cl",298,"water","O",6e-06,0.00033175240829514,-3.47918591577176,"2-Butyl-3-benzofuranyl 4-(2-(Diethylamino)ethoxy)-3,5-diiodophenyl Ketone Hydrochloride (Amiodarone HCl)","19774-82-4",441325,"Yes","10.1016/j.molliq.2013.05.014"
"210","Nc1ccc(S(=O)(=O)Nc2ncccn2)cc1",298.15,"water","O",4.81e-07,2.66212201320342e-05,-4.57477204335924,"Sulfadiazine","68-35-9",5215,"Yes","10.1016/j.molliq.2013.06.011"
"211","Nc1ccc(Cl)nn1",296.05,"water","O",7.6e-05,0.00420877504314529,-2.37584428644764,"6-chloropyridazin-3-amine","5469-69-2",21643,"No","10.1016/j.molliq.2013.08.013"
"212","COc1ccc2c(c1)c(CC(=O)O)c(C)n2C(=O)c1ccc(Cl)cc1",298.15,"water","O",5e-08,2.76727740730642e-06,-5.55794730257802,"Indomethacin","53-86-1",3715,"Yes","10.1016/j.molliq.2013.09.013"
"213","COc1ccccc1OCC(O)COC(N)=O",298.15,"water","O",0.000735,0.0407088968926716,-1.39031066573449,"Methocarbamol","532-03-6",4107,"Yes","10.1016/j.molliq.2013.10.012"
"214","Cc1nc2n(c(=O)c1CCN1CCC(c3noc4cc(F)ccc34)CC1)CCCC2",298.15,"water","O",1e-07,5.5345550913406e-06,-5.25691728519932,"Risperidone","106266-06-2",5073,"Yes","10.1016/j.molliq.2013.11.026"
"215","N#CNC(=N)N",298.15,"water","O",0.008915,0.497843814660152,-0.302906884288757,"2-cyanoguanidine","461-58-5",10005,"No","10.1016/j.molliq.2013.11.029"
"216","COc1cc(C2Oc3cc(C4Oc5cc(O)cc(O)c5C(=O)C4O)ccc3OC2CO)ccc1O",298.15,"water","O",1.46e-05,0.00080805676015992,-3.0925581320986,"Silymarin","65666-07-1",5213,"No","10.1016/j.molliq.2014.02.039"
"217","Cc1cnc(NC(=O)C2=C(O)c3ccccc3S(=O)(=O)N2C)s1",298.15,"water","O",4.23e-06,0.00023411264724903,-3.63057512418418,"Meloxicam","71125-38-7",54677470,"Yes","10.1016/j.molliq.2014.06.006"
"218","CN1CC(=O)N2[C@H](c3ccc4c(c3)OCO4)c3[nH]c4ccccc4c3C[C@@H]2C1=O",298.15,"water","O",5.74e-07,3.17683612824998e-05,-4.49800518694569,"Tadalafil","171596-29-5",110635,"Yes","10.1016/j.molliq.2014.06.010"
"219","Cc1ncc([N+](=O)[O-])n1CCO",298.15,"water","O",0.00111,0.0615018223933812,-1.21111201522193,"Metronidazole","443-48-1",4173,"Yes","10.1016/j.molliq.2014.11.008"
"220","C[C@@H]1O[C@@H](O[C@H]2[C@H](Oc3cc(O)c4c(c3)O[C@H](c3ccc(O)cc3)CC4=O)O[C@H](CO)[C@@H](O)[C@@H]2O)[C@H](O)[C@H](O)[C@H]1O",298.15,"water","O",2.869e-06,0.00015878682525132,-3.79918553439011,"Naringin","10236-47-2",442428,"No","10.1016/j.molliq.2014.12.039"
"221","COc1c(NS(=O)(=O)c2ccc(C)cc2)cc(-c2ccc3ncnc(N4CCOCC4)c3c2)cc1C(N)=O",298.15,"water","O",1.6215e-06,8.9742947349996e-05,-4.0469996714107,"2-methoxy-3-(4-methylphenylsulfonamido)-5-(4-morpholinoquinazolin-6-yl)benzamide",NA,NA,"No","10.1016/j.molliq.2015.01.045"
"222","COc1c(NS(=O)(=O)c2ccc(F)cc2)cc(-c2ccc3nccc(N4CCOCC4)c3c2)cc1C(N)=O",298.15,"water","O",7.358e-07,4.07232822539496e-05,-4.39015722557966,"3-(4-fluorophenylsulfonamido)-2-methoxy-5-(4-morpholinoquinolin-6-yl)benzamide",NA,NA,"No","10.1016/j.molliq.2015.01.045"
"223","COc1c(NS(=O)(=O)c2ccc(F)cc2)cc(-c2ccc3ncnc(N4CCOCC4)c3c2)cc1C(N)=O",298.15,"water","O",9.137e-07,5.0569271017799e-05,-4.29611330690195,"3-(4-fluorophenylsulfonamido)-2-methoxy-5-(4-morpholinoquinazolin-6-yl)benzamide",NA,NA,"No","10.1016/j.molliq.2015.01.045"
"224","Cc1cc(C)nc(NS(=O)(=O)c2ccc(N)cc2)n1",298.15,"water","O",2.81e-05,0.00155525352776984,-2.80819880487728,"Sulfamethazine","57-68-1",5327,"Yes","10.1016/j.molliq.2015.01.047"
"225","CN1C(C(=O)Nc2ccccn2)=C(O)c2sc(Cl)cc2S1(=O)=O",298.15,"water","O",2.91e-06,0.00016105600572543,-3.79302307584408,"Lornoxicam","70374-39-9",54690031,"Yes","10.1016/j.molliq.2015.05.035"
"226","C=CC(=O)N1CCC[C@@H](n2nc(-c3ccc(Oc4ccccc4)cc3)c3c(N)ncnc32)C1",298.15,"water","O",1.42e-07,7.85906855978457e-06,-5.10462892257589,"Ibrutinib","936563-96-1",24821094,"Yes","10.1016/j.molliq.2015.06.016"
"227","O=C1c2c(O)cc(O)cc2O[C@H](c2cc(O)c(O)c(O)c2)[C@H]1O",298.15,"water","O",0.000104,0.005756535399082,-2.23983882035504,"Dihydromyricetin","27200-12-0",161557,"No","10.1016/j.molliq.2015.07.007"
"228","Cc1cnc(NC(=O)C2=C(O)c3ccccc3S(=O)(=O)N2C)s1",298.15,"water","O",4.24e-07,2.34665211904378e-05,-4.62955128789513,"Meloxicam","71125-38-7",54677470,"Yes","10.1016/j.molliq.2015.07.013"
"229","Cc1cc(C)nc([N-]S(=O)(=O)c2ccc(N)cc2)n1.[Na+]",298.15,"water","O",0.0283,1.6118955791103,0.207336904165686,"Sodium sulfamethazine","1981-58-4",13456556,"No","10.1016/j.molliq.2015.07.016"
"230","Cc1ccnc([N-]S(=O)(=O)c2ccc(N)cc2)n1.[Na+]",298.15,"water","O",0.0183,1.03170365736271,0.0135549701070805,"Sodium sulfamerazine","127-58-2",15899899,"No","10.1016/j.molliq.2015.07.016"
"231","Nc1ccc(S(=O)(=O)[N-]c2ncccn2)cc1.[Na+]",298.15,"water","O",0.048,2.790531699774,0.445686960362348,"Sodium sulfadiazine","547-32-0",15899898,"Yes","10.1016/j.molliq.2015.07.016"
"232","CN1C(C(=O)Nc2ccccn2)=C(O)c2sccc2S1(=O)=O",298.15,"water","O",4.13e-06,0.00022857804644198,-3.64096548333245,"Tenoxicam","59804-37-4",54677971,"Yes","10.1016/j.molliq.2015.10.057"
"233","CCCCc1oc2ccc(NS(C)(=O)=O)cc2c1C(=O)c1ccc(OCCCN(CCCC)CCCC)cc1.Cl",298.15,"water","O",2.71e-05,0.00149990492719038,-2.82393626821442,"Dronedarone hydrochloride","141625-93-6",219025,"Yes","10.1016/j.molliq.2016.01.047"
"234","O=C(/C=C/c1ccc(O)c(O)c1)O[C@H](Cc1ccc(O)c(O)c1)C(=O)O",298.15,"water","O",0.015123,0.849842856279884,-0.0706613718855172,"Rosmarinic acid","20283-92-5",5281792,"No","10.1016/j.molliq.2016.01.061"
"235","CN(Cc1ccccc1)CN1C(=O)C(=NNC(=O)c2ccccc2OCc2ccccc2)c2ccccc21",298.15,"water","O",1.07e-06,5.92197969205532e-05,-4.22753308624821,"N'-(1-(n-(methyl) benzylaminomethyl)-2-oxoindolin-3-ylidene)-2-(benzyloxy) benzohydrazide","1884472-26-7",137175079,"No","10.1016/j.molliq.2016.02.065"
"236","CN1C(C(=O)Nc2ccccn2)=C(O)c2sc(Cl)cc2S1(=O)=O",298.15,"water","O",2.9e-06,0.00016050254705605,-3.79451807127399,"Lornoxicam","70374-39-9",54690031,"Yes","10.1016/j.molliq.2016.03.058"
"237","CN(Cc1ccccc1)CN1C(=O)C(=NNC(=O)c2ccccc2OCc2ccccc2)c2ccccc21",298.15,"water","O",1.11e-06,6.14336235618467e-05,-4.21159386777497,"N'-(1-(n-(methyl) benzylaminomethyl)-2-oxoindolin-3-ylidene)-2-(benzyloxy) benzohydrazide","1884472-26-7",137175079,"No","10.1016/j.molliq.2016.04.068"
"238","COc1c(O)cc2c(c1O)[C@@H]1O[C@H](CO)[C@@H](O)[C@H](O)[C@H]1OC2=O",298.15,"water","O",7.5e-05,0.00415122724545723,-2.38182349192941,"Bergenin","477-90-7",66065,"No","10.1016/j.molliq.2016.05.015"
"239","O=C([O-])CC(O)(CC(=O)[O-])C(=O)[O-].[Na+].[Na+].[Na+]",298.2,"water","O",0.04406,2.54821651919235,0.406236326761981,"Trisodium citrate","68-04-2",6224,"Yes","10.1016/j.molliq.2016.05.077"
"240","COc1cc(/C=C/C(=O)O)cc(OC)c1O",298.15,"water","O",6.22e-05,0.00344270705894359,-2.46309992998103,"Sinapic acid","530-59-6",637775,"No","10.1016/j.molliq.2016.07.007"
"241","O=C(O)/C=C\C=C/C(=O)O",298.15,"water","O",2e-04,0.0110713233404383,-1.95580046538136,"cis,cis-muconic acid","1119-72-8",5280518,"No","10.1016/j.molliq.2016.07.129"
"242","CCOc1ccc(C2NC(=O)NC=C2C(=O)c2cc(OC)c(OC)c(OC)c2)cc1",298.15,"water","O",7.87e-06,0.00043557287009004,-3.36093917835868,"4-(4-ethoxyphenyl)-5-(3,4,5 trimethoxybenzoyl)-3,4-dihydropyrimidine-2(1H)-one (DHP-5)",NA,91864611,"No","10.1016/j.molliq.2016.10.047"
"243","COc1ccc(-c2coc3cc(O)ccc3c2=O)cc1",298.15,"water","O",7.85e-10,4.34462531565033e-08,-7.36204767154259,"Formononetin","485-72-3",5280378,"No","10.1016/j.molliq.2016.11.036"
"244","COc1ccc(C2CC(=O)c3c(O)cc(O)cc3O2)cc1O",298.15,"water","O",5.5145e-08,3.05203026822095e-06,-5.51541116362143,"Hesperetin","69097-99-0",3593,"No","10.1016/j.molliq.2016.11.036"
"245","O=C1C[C@@H](c2ccc(O)cc2)Oc2cc(O)cc(O)c21",298.15,"water","O",1.78512e-07,9.87984576034047e-06,-5.00524983536742,"Naringenin","480-41-1",439246,"No","10.1016/j.molliq.2016.11.036"
"246","O=C1c2c(O)cc(O)cc2OC(c2ccc(O)c(O)c2)C1O",298.15,"water","O",2.55e-05,0.00141134739651931,-2.85036607354432,"Taxifolin","215257-15-1",471,"No","10.1016/j.molliq.2016.11.036"
"247","O=C1c2c(O)cc(O)cc2O[C@H](c2cc(O)c(O)c(O)c2)[C@H]1O",298.15,"water","O",3.71e-05,0.0020533959145438,-2.68752730638955,"Dihydromyricetin","27200-12-0",161557,"No","10.1016/j.molliq.2016.11.036"
"248","O=c1c(-c2ccc(O)cc2)coc2cc(O)ccc12",298.15,"water","O",4.7147e-08,2.60937655100096e-06,-5.58346324469366,"Daidzein","486-66-8",5281708,"No","10.1016/j.molliq.2016.11.036"
"249","O=c1c(O)c(-c2cc(O)c(O)c(O)c2)oc2cc(O)cc(O)c12",298.15,"water","O",1.3897e-08,7.69137054818589e-07,-6.11399626507776,"Myricetin","529-44-2",5281672,"No","10.1016/j.molliq.2016.11.036"
"250","O=c1c(O)c(-c2ccc(O)c(O)c2)oc2cc(O)cc(O)c12",298.15,"water","O",5.29e-09,2.92777936602917e-07,-6.53346165429616,"Quercetin","117-39-5",5280343,"No","10.1016/j.molliq.2016.11.036"
"251","O=c1c(O)c(-c2ccc(O)cc2)oc2cc(O)cc(O)c12",298.15,"water","O",4.59e-10,2.54036053405528e-08,-7.59510464289216,"Kampferol","520-18-3",5280863,"No","10.1016/j.molliq.2016.11.036"
"252","O=c1c(O)c(-c2ccc(O)cc2O)oc2cc(O)cc(O)c12",298.15,"water","O",6.188e-09,3.42478236923585e-07,-6.46536702091402,"Morin hydrate","480-16-0",5281670,"No","10.1016/j.molliq.2016.11.036"
"253","O=c1cc(-c2ccc(O)c(O)c2)oc2cc(O)cc(O)c12",298.15,"water","O",4.5398e-08,2.51257718317505e-06,-5.59988058839248,"Luteolin","491-70-3",5280445,"No","10.1016/j.molliq.2016.11.036"
"254","O=c1cc(-c2ccc(O)cc2)oc2cc(O)cc(O)c12",298.15,"water","O",7.467e-09,4.13265190429731e-07,-6.38377117405763,"Apigenin","520-36-5",5280443,"No","10.1016/j.molliq.2016.11.036"
"255","O=c1cc(-c2ccccc2)oc2cc(O)cc(O)c12",298.15,"water","O",5.95e-10,3.293059952001e-08,-7.48240036264181,"Chrysin","480-40-0",5281607,"No","10.1016/j.molliq.2016.11.036"
"256","CCCc1nn(C)c2c(=O)[nH]c(-c3cc(S(=O)(=O)N4CCN(C)CC4)ccc3OCC)nc12.O=C(O)CC(O)(CC(=O)O)C(=O)O",298.2,"water","O",0.00016,0.00884732423953782,-2.05318805627531,"Sildenafil citrate","171599-83-0",135413523,"Yes","10.1016/j.molliq.2016.11.055"
"257","CCOc1ccc(C2NC(=O)NC=C2C(=O)c2cc(OC)c(OC)c(OC)c2)cc1",298.15,"water","O",8.04e-06,0.00044498176249933,-3.35165778813864,"4-(4-ethoxyphenyl)-5-(3,4,5 trimethoxybenzoyl)-3,4-dihydropyrimidine-2(1H)-one (DHP-5)",NA,91864611,"No","10.1016/j.molliq.2016.12.067"
"258","C=C1CC[C@H](O)C/C1=C/C=C1\CCC[C@]2(C)[C@@H]([C@H](C)CCCC(C)C)CC[C@@H]12",298.2,"water","O",1.03e-06,5.69455957020216e-05,-4.24453985957918,"Vitamin D3","67-97-0",5280795,"Yes","10.1016/j.molliq.2016.12.105"
"259","O=C1CCC(c2ccccc2)=NN1",298.15,"water","O",9.1e-07,5.03644921264422e-05,-4.29787554109951,"6-phenyl-4,5-dihydropyridazin-3(2H)-one","1011-46-7",242935,"No","10.1016/j.molliq.2017.01.077"
"260","NCCC(=O)O",298.15,"water","O",0.1312,8.35789083069204,0.922096694166104,"<U+0392>-alanine","107-95-9",239,"No","10.1016/j.molliq.2017.02.075"
"261","COc1cc(/C=C/C(=O)O)ccc1O",298.2,"water","O",4.89e-05,0.00270366304567636,-2.56804743496485,"Ferulic acid","1135-24-6",445858,"No","10.1016/j.molliq.2017.04.014"
"262","CCCc1nn(C)c2c(=O)[nH]c(-c3cc(S(=O)(=O)N4CCN(C)CC4)ccc3OCC)nc12.O=C(O)CC(O)(CC(=O)O)C(=O)O",298.2,"water","O",0.000125,0.00691173011287309,-2.1604132283964,"Sildenafil citrate","171599-83-0",135413523,"Yes","10.1016/j.molliq.2017.05.057"
"263","C[C@]12C=CC(=O)C=C1CC[C@@H]1[C@@H]2[C@@H](O)C[C@@]2(C)[C@H]1CC[C@]2(O)C(=O)CO",298.2,"water","O",1.1e-05,0.0006081629106936,-3.2159800691841,"Prednisolone","50-24-8",5755,"Yes","10.1016/j.molliq.2017.05.076"
"264","C[C@]12CCC(=O)C=C1CC[C@@H]1[C@@H]2[C@@H](O)C[C@@]2(C)[C@H]1CC[C@]2(O)C(=O)CO",298.2,"water","O",1.2e-05,0.0006634511114878,-3.17819107399522,"Hydrocortisone","50-23-7",5754,"Yes","10.1016/j.molliq.2017.05.076"
"265","O=C(O)c1ccccc1Nc1cccc(C(F)(F)F)c1",298.2,"water","O",5.83e-07,3.22322984992143e-05,-4.49170872365513,"Flufenamic acid","530-78-9",3371,"Yes","10.1016/j.molliq.2017.05.105"
"266","NCCS(=O)(=O)O",298.15,"water","O",0.01414,0.793810492014031,-0.100283165199976,"Taurine","107-35-7",1123,"Yes","10.1016/j.molliq.2017.06.043"
"267","Cc1c(N(C)CS(=O)(=O)[O-])c(=O)n(-c2ccccc2)n1C.O.[Na+]",298.15,"water","O",0.0576,3.3827498024425,0.52926987735142,"Dipyrone","5907-38-0",23674183,"Yes","10.1016/j.molliq.2017.06.072"
"268","C=CC(C)(O)CCC=C(C)C",298.15,"water","O",0.0001808,0.0100082841022619,-1.99964037494799,"Linalool","78-70-6",6549,"No","10.1016/j.molliq.2017.06.099"
"269","C=CCc1ccc(O)c(OC)c1",298.15,"water","O",0.00022799999999999,0.0126216620853335,-1.89888345119654,"Eugenol","97-53-0",3314,"No","10.1016/j.molliq.2017.06.099"
"270","CC(C)=CCC/C(C)=C/CO",298.15,"water","O",0.00010269999999999,0.00568457131588213,-2.24530228069772,"Geraniol","106-24-1",637566,"No","10.1016/j.molliq.2017.06.099"
"271","CC(C)=CCCC(C)CCO",298.15,"water","O",0.0002177,0.0120513488076113,-1.91896434338614,"Citronellol","106-22-9",8842,"No","10.1016/j.molliq.2017.06.099"
"272","Cc1ccc(C(C)C)c(O)c1",298.15,"water","O",0.000118,0.0065315450770235,-2.18498407154998,"Thymol","89-83-8",6989,"Yes","10.1016/j.molliq.2017.06.099"
"273","Cc1ccc(C(C)C)cc1",298.15,"water","O",4.8e-06,0.00026565989298597,-3.57567400663466,"p-cymene","99-87-6",7463,"No","10.1016/j.molliq.2017.06.099"
"274","Cc1ccc(C(C)C)cc1O",298.15,"water","O",0.000144,0.00797090634506822,-2.09849229362492,"Carvacrol","499-75-2",10364,"No","10.1016/j.molliq.2017.06.099"
"275","Cc1ccc(C)cc1",298.15,"water","O",2.62e-05,0.00145009128131746,-2.83860465864453,"p-xylene","106-42-3",7809,"No","10.1016/j.molliq.2017.06.099"
"276","Cc1ccccc1",298.15,"water","O",0.0001127,0.00623814600325106,-2.20494446483629,"Toluene","108-88-3",1140,"No","10.1016/j.molliq.2017.06.099"
"277","O.O=C1NC(=O)C(=O)C(=O)N1",298.15,"water","O",0.0403,2.32408615063842,0.366252222708575,"Alloxan","2244-11-3",16723,"No","10.1016/j.molliq.2017.06.107"
"278","C=C1CC[C@H](O)C/C1=C/C=C1\CCC[C@]2(C)[C@@H]([C@H](C)CCCC(C)C)CC[C@@H]12",298.2,"water","O",1.06e-06,5.86042070437037e-05,-4.23207120599074,"Vitamin D3","67-97-0",5280795,"Yes","10.1016/j.molliq.2017.07.011"
"279","CCCCCCCCCCCCCCCCOc1nc2ccc(C)cc2c(=O)o1",298.15,"water","O",0.01201,0.672780088867296,-0.172126870098105,"Cetilistat","282526-98-1",9952916,"No","10.1016/j.molliq.2017.07.071"
"280","CC(=O)Nc1cccc(N)c1",298.15,"water","O",0.133,8.49014709963919,0.92891521486211,"N-acetyl-1,3-phenylenediamine","102-28-3",7604,"No","10.1016/j.molliq.2017.08.030"
"281","Cc1c(N)c(=O)n(-c2ccccc2)n1C",299.05,"water","O",0.13,8.26803334386096,0.917402219409728,"4-aminoantipyrine","83-07-8",2151,"No","10.1016/j.molliq.2017.08.116"
"282","O=C(/C=C/C=C/c1ccc2c(c1)OCO2)N1CCCCC1",298.2,"water","O",1.07e-05,0.00059157647201797,-3.22798910694687,"Piperine","94-62-2",638024,"No","10.1016/j.molliq.2017.11.167"
"283","Cc1ccc(-c2cc(C(F)(F)F)nn2-c2ccc(S(N)(=O)=O)cc2)cc1",298.2,"water","O",8.02e-08,4.43401207527209e-06,-5.35320312849332,"Celecoxib","169590-42-5",2662,"Yes","10.1016/j.molliq.2018.01.033"
"284","O=c1[nH]c2ccccc2n1CCCN1CCC(n2c(=O)[nH]c3cc(Cl)ccc32)CC1",298.15,"water","O",2.219e-07,1.22811792447607e-05,-4.9107599300268,"Domperidone","57808-66-9",3151,"Yes","10.1016/j.molliq.2018.03.121"
"285","Cc1cnc(C(=O)O)c[n+]1[O-]",298.15,"water","O",0.00310199999999999,0.172216096095283,-0.763926259858716,"Acipimox","51037-30-0",5310993,"Yes","10.1016/j.molliq.2018.04.009"
"286","Cc1cccc(C)c1NC(=O)CN(C)C.Cl",296.15,"water","O",0.12,7.55082885474226,0.877994626766055,"Lidocaine hydrochloride","31785-64-5",164186289,"No","10.1016/j.molliq.2018.06.035"
"287","N[C@@H](Cc1ccccc1)C(=O)O",298.15,"water","O",0.002767,0.153566041299556,-0.81370481104114,"L-phenylalanine","63-91-2",6140,"No","10.1016/j.molliq.2018.07.019"
"288","Cc1cc(=O)n(-c2ccccc2)n1C",298.15,"water","O",0.23,16.5317862819944,1.21831978221635,"Antipyrine","60-80-0",2206,"Yes","10.1016/j.molliq.2018.07.061"
"289","COc1ccc2cc([C@H](C)C(=O)O)ccc2c1",298.2,"water","O",5.13e-06,0.00028362340164488,-3.54725793855968,"(S)-Naproxen","22204-53-1",156391,"Yes","10.1016/j.molliq.2018.07.082"
"290","CC1=CC(=O)C(C(C)C)=CC1=O",298.2,"water","O",8.27e-05,0.00457260719721171,-2.33983610441649,"Thymoquinone","490-91-5",10281,"No","10.1016/j.molliq.2018.10.104"
"291","Cc1nc2cc(N)ccc2s1",298.5,"water","O",0.000311,0.0171973408224547,-1.76453870166318,"2-methyl-1,3-benzothiazol-5-amine","13382-43-9",36229,"No","10.1016/j.molliq.2018.10.109"
"292","NC(=O)N/N=C/c1ccc([N+](=O)[O-])o1",298.15,"water","O",2.925e-05,0.00161890455528963,-2.79077875491118,"5-nitrofurazone",NA,5353356,"Yes","10.1016/j.molliq.2018.11.123"
"293","Oc1ccc(/C=C/c2cc(O)cc(O)c2)cc1",298.15,"water","O",2.78e-06,0.0001538610438869,-3.81287132537035,"Trans-resveratrol","501-36-0",445154,"No","10.1016/j.molliq.2019.02.104"
"294","Nc1nnc(-c2cccc(Cl)c2Cl)c(N)n1",298.15,"water","O",1.33e-05,0.00073610554374244,-3.13305991150666,"Lamotrigine","84057-84-1",3878,"Yes","10.1016/j.molliq.2019.03.079"
"295","Cc1ncc(CO)c(CO)c1O.Cl",298.15,"water","O",0.01866,1.05238538811152,0.0221748094758169,"Vitamin B6 hydrochloride","58-56-0",6019,"Yes","10.1016/j.molliq.2019.03.082"
"296","C=CC(=O)Nc1cc(Nc2nccc(-c3cn(C)c4ccccc34)n2)c(OC)cc1N(C)CCN(C)C",298.2,"water","O",1.85e-05,0.0010228271119997,-2.99019776868265,"Osimertinib","1421373-65-0",71496458,"Yes","10.1016/j.molliq.2019.03.128"
"297","NC(=O)c1ccccc1",298.15,"water","O",0.002116,0.117359506737906,-0.930481724500968,"Benzamide","55-21-0",2331,"No","10.1016/j.molliq.2019.110885"
"298","CCOC(=O)c1ccc(O)cc1",298.15,"water","O",9.7e-05,0.00536903869850229,-2.27010346575451,"Ethylparaben","120-47-8",8434,"No","10.1016/j.molliq.2019.110894"
"299","O=C(NC(Cc1cc(=O)[nH]c2ccccc12)C(=O)O)c1ccc(Cl)cc1",298.15,"water","O",8.69e-07,4.80953207290552e-05,-4.31789717477803,"Rebamipide","90098-04-7",5042,"No","10.1016/j.molliq.2019.111041"
"300","CCO.C[C@H]1c2cccc(O)c2C(O)=C2C(=O)[C@]3(O)C(O)=C(C(N)=O)C(=O)[C@@H](N(C)C)[C@@H]3[C@@H](O)[C@@H]21.C[C@H]1c2cccc(O)c2C(O)=C2C(=O)[C@]3(O)C(O)=C(C(N)=O)C(=O)[C@@H](N(C)C)[C@@H]3[C@@H](O)[C@@H]21.Cl.Cl.O",299.15,"water","O",0.00213799999999999,0.118551382367019,-0.9260933775705,"Doxycycline hyclate","24390-14-5",54686183,"No","10.1016/j.molliq.2019.111138"
"301","CC(=O)NS(=O)(=O)c1ccc(N)cc1",298.15,"water","O",0.00070599999999999,0.0391015607393507,-1.40780590738777,"Sulfacetamide","144-80-9",5320,"Yes","10.1016/j.molliq.2019.111219"
"302","CC(=O)N1CCN(c2ccc(OC[C@H]3CO[C@](Cn4ccnc4)(c4ccc(Cl)cc4Cl)O3)cc2)CC1",298.2,"water","O",4.25e-07,2.34969548846764e-05,-4.62898841698239,"Ketoconazole","65277-42-1",456201,"No","10.1016/j.molliq.2019.111382"
"303","Cc1ccnc(NS(=O)(=O)c2ccc(N)cc2)n1",298.15,"water","O",1.71e-05,0.00094642500984601,-3.02391379173747,"Sulfamerazine","127-79-7",5325,"Yes","10.1016/j.molliq.2019.111507"
"304","CC(=O)NS(=O)(=O)c1ccc(N)cc1",298.15,"water","O",0.000717,0.0397112289878204,-1.40108667213104,"Sulfacetamide","144-80-9",5320,"Yes","10.1016/j.molliq.2019.111889"
"305","O=C(O)[C@@H]1C[C@@H](O)CN1",298.15,"water","O",0.04994,2.90924419112458,0.463780175838689,"L-hydroxyproline","51-35-4",5810,"No","10.1016/j.molliq.2019.112043"
"306","O=CC(NS(=O)(=O)O)C(O)C(O)C(O)CO.[Na]",298.15,"water","O",0.03877,2.23229278563721,0.348751155698996,"D-glucosamine 2-sulfate sodium salt","38899-05-7",16219445,"No","10.1016/j.molliq.2019.112218"
"307","CC(=O)Nc1ccc(O)cc1",298.15,"water","O",0.0017918,0.0993461566533166,-1.00284892952591,"Paracetamol","103-90-2",1983,"Yes","10.1016/j.molliq.2020.112504"
"308","C[C@]12CC[C@@H]3c4ccc(O)cc4CC[C@H]3[C@@H]1CC[C@@H]2O",298.15,"water","O",0.000566,0.0313433190029853,-1.50385501717306,"Estradiol","50-28-2",5757,"Yes","10.1016/j.molliq.2020.112599"
"309","C=CC1=C(C(=O)O)N2C(=O)[C@@H](NC(=O)/C(=N\OCC(=O)O)c3csc(N)n3)[C@H]2SC1",298.15,"water","O",1.65e-05,0.00091321656682439,-3.03942621849679,"Cefixime","97164-56-2",6321411,"Yes","10.1016/j.molliq.2020.112636"
"310","CCN(CC)CCNC(=O)c1c(C)[nH]c(/C=C2\C(=O)Nc3ccc(F)cc32)c1C.O=C(O)C[C@H](O)C(=O)O",298.2,"water","O",3.72e-06,0.00020566814160857,-3.68683297614752,"Sunitinib malate","341031-54-7",6456015,"Yes","10.1016/j.molliq.2020.112970"
"311","CC(=O)Oc1ccc(C(c2ccc(OC(C)=O)cc2)c2ccccn2)cc1",298.15,"water","O",1.83e-07,1.0128236657797e-05,-4.99446615942244,"Bisacodyl","603-50-9",2391,"Yes","10.1016/j.molliq.2020.113264"
"312","Cn1nc([N+](=O)[O-])c([N+](=O)[O-])c1[N+](=O)[O-]",298.15,"water","O",2.212e-05,0.00122427054464463,-2.91212259929591,"1-methyl-3,4,5-trinitropyrazole",NA,57788216,"No","10.1016/j.molliq.2020.113895"
"313","O=[N+]([O-])c1cn[nH]c1[N+](=O)[O-]",298.15,"water","O",0.00529,0.294334967029709,-0.531158140598429,"3,4-dinitro-1H-pyrazole","38858-92-3",3620736,"No","10.1016/j.molliq.2020.114004"
"314","CC(=O)Nc1ccc(O)cc1",298.15,"water","O",0.00185,0.102579030156664,-0.988941411329928,"Paracetamol","103-90-2",1983,"Yes","10.1016/j.molliq.2020.114065"
"315","O=c1cc[nH]c(=O)[nH]1",298.15,"water","O",0.000332,0.0183808234991802,-1.7356350352166,"Uracil","66-22-8",1174,"No","10.1016/j.molliq.2020.114259"
"316","Nc1cccc(C(=O)O)c1O",298.2,"water","O",0.000126,0.00696703092167798,-2.1569522619379,"3-aminoSalicylic acid","570-23-0",68443,"No","10.1016/j.molliq.2020.114310"
"317","O=C1CC[C@@H](C(=O)O)N1",294.15,"water","O",0.09651,5.91759502233309,0.772145240381194,"L-pyroglutamic acid","98-79-3",7405,"No","10.1016/j.molliq.2020.114361"
"318","Cc1cnc(NC(=O)C2=C(O)c3ccccc3S(=O)(=O)N2C)s1",298.15,"water","O",1.137e-06,6.29279566448402e-05,-4.20115637014792,"Meloxicam","71125-38-7",54677470,"Yes","10.1016/j.molliq.2020.114671"
"319","CC(=O)Nc1ccc(O)cc1",298.15,"water","O",0.0018948,0.105067821892769,-0.978530270785741,"Paracetamol","103-90-2",1983,"Yes","10.1016/j.molliq.2020.114834"
"320","Nc1ccc(S(=O)(=O)Nc2ncccn2)cc1",298.15,"water","O",4.81e-06,0.0002662133537585,-3.57477016329345,"Sulfadiazine","68-35-9",5215,"Yes","10.1016/j.molliq.2020.115058"
"321","Nc1cccc(C(=O)O)c1O",298.2,"water","O",0.000122,0.00674582835014908,-2.17096471377408,"3-aminoSalicylic acid","570-23-0",68443,"No","10.1016/j.molliq.2020.115095"
"322","CC(C)c1c(C(=O)Nc2ccccc2)c(-c2ccccc2)c(-c2ccc(F)cc2)n1CC[C@@H](O)C[C@@H](O)CC(=O)[O-].CC(C)c1c(C(=O)Nc2ccccc2)c(-c2ccccc2)c(-c2ccc(F)cc2)n1CC[C@@H](O)C[C@@H](O)CC(=O)[O-].O.O.O.[Ca+2]",298.15,"water","O",2.1e-06,0.00011622588936995,-3.93469712187548,"Atorvastatin calcium","344423-98-9",656846,"No","10.1016/j.molliq.2020.115124"
"323","COc1cc2nccc(Oc3ccc(NC(=O)C4(C(=O)Nc5ccc(F)cc5)CC4)cc3)c2cc1OC.O=C(O)C[C@H](O)C(=O)O",298.2,"water","O",2.27e-07,1.25501357711227e-05,-4.90135157582992,"Cabozantinib malate","1140909-48-3",25102846,"Yes","10.1016/j.molliq.2020.115146"
"324","NS(=O)(=O)Cc1noc2ccccc12",298.15,"water","O",6.489e-05,0.00359160549891446,-2.4447113721867,"Zonisamide","68291-97-4",5734,"Yes","10.1016/j.molliq.2020.115219"
"325","O=C(Nc1ccc(Cl)cc1)Nc1ccc(Cl)c(Cl)c1",298.15,"water","O",2.85e-09,1.57734804779269e-07,-6.80207246738252,"Triclocarban","101-20-2",7547,"Yes","10.1016/j.molliq.2020.115222"
"326","O=C1NC(=O)C(c2ccccc2)(c2ccccc2)N1",298.2,"water","O",1.51e-06,8.34833891109541e-05,-4.07839992852957,"Phenytoin","57-41-0",1775,"Yes","10.1016/j.molliq.2021.115515"
"327","O=c1ccn([C@@H]2O[C@H](CO)[C@@H](O)[C@H]2O)c(=O)[nH]1",298.15,"water","O",0.04061,2.34272047638097,0.369720473485044,"Uridine","58-96-8",6029,"No","10.1016/j.molliq.2021.115663"
"328","Nc1ccc(S(=O)(=O)Nc2ncccn2)cc1",298.15,"water","O",5.13e-06,0.00028392410432416,-3.54679773558054,"Sulfadiazine","68-35-9",5215,"Yes","10.1016/j.molliq.2021.115693"
"329","COc1cc(/C=C/c2ccc(O)cc2)cc(OC)c1",298.2,"water","O",1.27e-06,7.02144892219486e-05,-4.1535732590976,"Pterostilbene","537-42-8",5281727,"No","10.1016/j.molliq.2021.115700"
"330","O=C1NC(=O)C(c2ccccc2)(c2ccccc2)N1",298.2,"water","O",2.11e-06,0.00011665566669821,-3.93309415994788,"Phenytoin","57-41-0",1775,"Yes","10.1016/j.molliq.2021.115936"
"331","OC(Cn1cncn1)(Cn1cncn1)c1ccc(F)cc1F",298.15,"water","O",7.99e-05,0.00442246243051839,-2.35433584779933,"Fluconazole","86386-73-4",3365,"Yes","10.1016/j.molliq.2021.115987"
"332","O=c1[nH]cc(F)c(=O)[nH]1",298.15,"water","O",0.00176,0.097579900491643,-1.0106396291009,"5-fluorouracil","51-21-8",3385,"Yes","10.1016/j.molliq.2021.116038"
"333","Nc1nc(NC2CC2)c2ncn([C@H]3C=C[C@@H](CO)C3)c2n1",298.15,"water","O",0.0003858,0.0213605523082412,-1.67038752218091,"Abacavir","136470-78-5",441300,"Yes","10.1016/j.molliq.2021.116603"
"334","C#C[C@]1(O)CC[C@H]2[C@@H]3CCC4=CC(=O)CC[C@@H]4[C@H]3C(=C)C[C@@]21CC",298.15,"water","O",3.105e-05,0.00171853254444882,-2.76484223906315,"Etonogestrel","54048-10-1",6917715,"Yes","10.1016/j.molliq.2021.116624"
"335","O=C(O)C(O)c1ccccc1",298.15,"water","O",0.02329,1.31973436523988,0.12048652566048,"(R,S)-mandelic acid","90-64-2",1292,"Yes","10.1016/j.molliq.2021.116768"
"336","O=[N+]([O-])N=C1NCCN1Cc1ccc(Cl)nc1",298.15,"water","O",1.866e-05,0.00103276714820434,-2.98599758520764,"Imidacloprid","138261-41-3",135527764,"No","10.1016/j.molliq.2021.116781"
"337","NC(=O)N1c2ccccc2CC(=O)c2ccccc21",298.15,"water","O",6.3e-06,0.00034867913256529,-3.45757404311133,"Oxcarbazepine","28721-07-5",34312,"Yes","10.1016/j.molliq.2021.116792"
"338","O=[N+]([O-])c1cn[nH]c1",298.15,"water","O",0.003604,0.20018681884048,-0.698564521728346,"4-nitropyrazole","2075-46-9",16376,"No","10.1016/j.molliq.2021.116821"
"339","O=[N+]([O-])c1cc[nH]n1",298.15,"water","O",0.00065,0.035998003198332,-1.44372158878819,"3-nitro-1H-pyrazole","26621-44-3",123419,"No","10.1016/j.molliq.2021.117169"
"340","CS(=O)(=O)c1cccc(C[C@H](NC(=O)c2c(Cl)cc3c(c2Cl)CCN(C(=O)c2ccc4ccoc4c2)C3)C(=O)O)c1",298.15,"water","O",2.31e-06,0.00012784850515519,-3.89330434551521,"Lifitegrast","1025967-78-5",11965427,"Yes","10.1016/j.molliq.2021.117181"
"341","O=C(O)c1cc(=O)[nH]c(=O)[nH]1",298.15,"water","O",7.56e-05,0.00418443957427294,-2.37836269922359,"Orotic acid","65-86-1",967,"No","10.1016/j.molliq.2021.117335"
"342","COc1cc(C=O)ccc1O",298.15,"water","O",0.00141,0.0781474068278071,-1.10708542863723,"Vanillin","121-33-5",1183,"No","10.1016/j.molliq.2021.117529"
"343","CCCc1nn(C)c2c(=O)[nH]c(-c3cc(S(=O)(=O)N4CCN(C)CC4)ccc3OCC)nc12.O=C(O)CC(O)(CC(=O)O)C(=O)O",298.2,"water","O",0.000158,0.00873671521031698,-2.0586518207039,"Sildenafil citrate","171599-83-0",135413523,"Yes","10.1016/j.molliq.2021.117915"
"344","CC(=O)Nc1ccc(CC(=O)O)cc1",298.15,"water","O",0.0004215,0.023337984337584,-1.63193665595417,"Actarit","18699-02-0",2018,"No","10.1016/j.molliq.2021.117965"
"345","COc1cccc(C(=O)O)c1OC",298.15,"water","O",0.000125,0.00691905805461319,-2.15995302541726,"2,3-dimethoxybenzoic acid","1521-38-6",15204,"No","10.1016/j.molliq.2021.118029"
"346","C=C1CCN([C@H](C)[C@](O)(Cn2cncn2)c2ccc(F)cc2F)CC1",298.15,"water","O",1.77e-06,9.79617887129322e-05,-4.00894329356505,"Efinaconazole","164650-44-6",489181,"Yes","10.1016/j.molliq.2021.118148"
"347","CCOC(=O)c1c(CSc2ccccc2)n(C)c2cc(Br)c(O)c(CN(C)C)c12.Cl.O",298.15,"water","O",7.344e-05,0.0040648753770705,-2.3909527646776,"Arbidol hydrochloride monohydrate","868364-57-2",131410,"No","10.1016/j.molliq.2021.118300"
"348","CCOC(=O)C1=C(COCCN)NC(C)=C(C(=O)OC)C1c1ccccc1Cl.O=S(=O)(O)c1ccccc1",298.2,"water","O",4.8e-05,0.00265389998749724,-2.57611544759686,"Amlodipine besylate","111470-99-6",60496,"Yes","10.1016/j.molliq.2021.118394"
"349","O=C(O)CCC(=O)c1ccc(-c2ccccc2)cc1",298.15,"water","O",3.804e-05,0.00210542463656466,-2.67666029948707,"Fenbufen","36330-85-5",3335,"Yes","10.1016/j.molliq.2021.118415"
"350","COc1c2occc2c(OC)c2c(=O)cc(C)oc12",298.15,"water","O",1.33e-05,0.00073610554374244,-3.13305991150666,"Khellin","82-02-0",3828,"No","10.1016/j.molliq.2022.118637"
"351","O=c1[nH]cc(F)c(=O)[nH]1",298.15,"water","O",0.001754,0.0972466572312883,-1.01212531823831,"5-fluorouracil","51-21-8",3385,"Yes","10.1016/j.molliq.2022.118733"
"352","CC(=O)c1cccc(O)c1",298.15,"water","O",0.00106,0.0587285303437464,-1.23115086705398,"m-hydroxyacetophenone (m-HAP)","121-71-1",8487,"No","10.1016/j.molliq.2022.118798"
"353","Cc1cnc(NC(=O)C2=C(O)c3ccccc3S(=O)(=O)N2C)s1",298.15,"water","O",4e-07,2.21382270068312e-05,-4.65485716358298,"Meloxicam","71125-38-7",54677470,"Yes","10.1016/j.molliq.2022.118863"
"354","NC(=O)c1cccnc1Cl",298.15,"water","O",0.001934,0.107245697942519,-0.969620120097068,"2-chloronicotinamide","10366-35-5",82588,"No","10.1016/j.molliq.2022.119054"
"355","CC(=O)c1c(C)c2cnc(Nc3ccc(N4CCNCC4)cn3)nc2n(C2CCCC2)c1=O",298.15,"water","O",1.18e-05,0.00065308514187511,-3.18503019661752,"Palbociclib","571190-30-2",5330286,"Yes","10.1016/j.molliq.2022.119059"
"356","NO.O=S(=O)(O)O",298.15,"water","O",0.074703,4.4682715673306,0.650139560282662,"Hydroxylamine sulfate","10046-00-1",159255,"No","10.1016/j.molliq.2022.119620"
"357","O=C(Nc1ccc([N+](=O)[O-])cc1Cl)c1cc(Cl)ccc1O",298.15,"water","O",3.27e-07,1.809799925693e-05,-4.74236943395416,"Niclosamide","50-65-7",4477,"Yes","10.1016/j.molliq.2022.120359"
"358","NCCS(=O)(=O)O",298.15,"water","O",0.014263,0.800815545869285,-0.0964675046849383,"Taurine","107-35-7",1123,"Yes","10.1016/j.molliq.2022.120522"
"359","CN1CCC(N(Cc2cccs2)c2ccccc2)CC1",298.15,"water","O",3.725e-05,0.00206169836362624,-2.68577487377369,"Thenalidine","86-12-4",27901,"Yes","10.1016/j.molliq.2022.120860"
"360","CC(=O)Nc1ccc(O)cc1",298.15,"water","O",0.002007,0.111301892473548,-0.953497451264287,"Paracetamol","103-90-2",1983,"Yes","10.1016/j.molliq.2022.121185"
"361","Nc1ccc(O)c(C(=O)O)c1",298.15,"water","O",0.00010499999999999,0.00581189251349326,-2.23568242624401,"Mesalazine","89-57-6",4075,"Yes","10.1016/j.molliq.2022.121185"
"362","O=C(O)c1ccccc1O",298.15,"water","O",0.000251,0.0138952195902087,-1.85713458554999,"Salicylic acid","69-72-7",338,"Yes","10.1016/j.molliq.2022.121185"
"363","N[C@@H](Cc1c[nH]c2ccccc12)C(=O)O",298.15,"water","O",0.00122,0.0676040422937966,-1.17002733522103,"L-tryptophan","73-22-3",6305,"Yes","10.1016/j.molliq.2023.122852"
"364","N[C@@H](Cc1cnc[nH]1)C(=O)O",298.15,"water","O",0.004598,0.255654316197834,-0.59234687070557,"L-histidine","71-00-1",6274,"No","10.1016/j.molliq.2023.122852"
"365","CN1CCOC(c2ccccc2)c2ccccc2C1.Cl",298.15,"water","O",0.00199,0.110357246223899,-0.957199145132743,"Nefopam hydrochloride","23327-57-3",155290,"Yes","10.1016/j.molliq.2023.123074"
"366","C/C=C/C[C@@H](C)[C@@H](O)[C@H]1C(=O)N[C@@H](CC)C(=O)N(C)CC(=O)N(C)[C@@H](CC(C)C)C(=O)N[C@@H](C(C)C)C(=O)N(C)[C@@H](CC(C)C)C(=O)N[C@@H](C)C(=O)N[C@H](C)C(=O)N(C)[C@@H](CC(C)C)C(=O)N(C)[C@@H](CC(C)C)C(=O)N(C)[C@@H](C(C)C)C(=O)N1C",298.15,"water","O",4.29e-07,2.37432491533809e-05,-4.62445985013167,"Cyclosporine","59865-13-3",5284373,"Yes","10.1016/j.molliq.2024.124389"
"367","CCCc1nn(C)c2c(=O)[nH]c(-c3cc(S(=O)(=O)N4CCN(C)CC4)ccc3OCC)nc12.O=C(O)CC(O)(CC(=O)O)C(=O)O",298.2,"water","O",0.000125,0.00691173011287309,-2.1604132283964,"Sildenafil citrate","171599-83-0",135413523,"Yes","10.1016/j.molliq.2024.124832"
"368","CC(=O)N[C@@H](CCC(N)=O)C(=O)O",298.15,"water","O",0.002971,0.164921597386401,-0.782722467390326,"N-acetyl-L-glutamine","2490-97-3",182230,"No","10.1016/j.molliq.2024.125024"
"369","O=S(=O)([O-])Oc1ccc(C(c2ccc(OS(=O)(=O)[O-])cc2)c2ccccn2)cc1.[Na+].[Na+]",298.15,"water","O",0.0215,1.21607483458896,0.08496030129282,"Sodium picosulphate","10040-45-6",68654,"Yes","10.1016/j.molliq.2024.125044"
"370","Nc1cc(Cl)ccc1[N+](=O)[O-]",298.15,"water","O",1.77e-05,0.00097963349271848,-3.0089363751866,"5-chloro-2-nitroaniline","1635-61-6",74218,"No","10.1016/j.molliq.2024.125240"
"371","CCOC(=O)[C@@H](C)Oc1ccc(Oc2nc3ccc(Cl)cc3o2)cc1",298.15,"water","O",7.358e-06,0.00040723551933653,-3.3901543495831,"Fenoxaprop-p-ethyl","71283-80-2",91707,"No","10.1016/j.molliq.2024.125377"
"372","NC(=O)Cc1ccc(O)cc1",298.15,"water","O",0.00304999999999999,0.169320340443849,-0.771290866983189,"4-hydroxyphenylacetamide","17194-82-0",86986,"No","10.1016/j.molliq.2024.125673"
"373","Cc1cc(O)c2c(c1)C(=O)c1cc(O)cc(O)c1C2=O",298.15,"water","O",8.2e-08,4.53833509320926e-06,-5.3431034406329,"Emodin","518-82-1",3220,"No","10.1016/j.molliq.2024.125917"
"374","O=C1c2cccc(O)c2C(=O)c2c(O)cc(CO)cc21",298.15,"water","O",8.17e-07,4.52173475170941e-05,-4.34469491727761,"Aloe-emodin","481-72-1",10207,"No","10.1016/j.molliq.2024.125917"
"375","NC(=O)C[C@H](N)C(=O)O.O",298.15,"water","O",0.0034393,0.191006864129282,-0.718951025422926,"L-asparagine monohydrate","5794-13-8",170358,"No","10.1016/j.molliq.2024.126256"
"376","OCc1cn(Cc2ccccc2)nn1",298.15,"water","O",0.001974,0.109468196798332,-0.96071203572024,"(1-benzyl-1H-1,2,3-triazole-4-yl)methanol","28798-81-4",11651290,"No","10.1016/j.tca.2016.01.009"
"377","CN(C)c1ccc2nc3ccc(=[N+](C)C)cc-3sc2c1.[Cl-]",298.15,"water","O",0.00254,0.140935661843364,-0.850979100700854,"Methylene blue","61-73-4",6099,"No","10.1016/j.tca.2019.03.024"
"378","CC1(C)C[C@@H]1C(N)=O",294.8,"water","O",0.003744,0.208079275453181,-0.681771173053788,"(S)-(+)-2,2-dimethyl-cyclopropane carbox amide","75885-58-4",10197657,"No","10.1016/s1004-9541(06)60112-2"
"379","ClCc1ccc(Cl)nc1",297.65,"water","O",0.0002646,0.0146500702470553,-1.83416029286377,"2-chloro-5-chloromethylpyridine","70258-18-3",155479,"No","10.1016/s1004-9541(10)60271-6"
"380","Cl.N=C(N=C(N)N)N1CCOCC1",293.15,"water","O",0.065303,3.87123855253389,0.587849934133984,"Moroxydine hydrochloride",NA,137704772,"No","10.1021/acs.jced.0c00015"
"381","N[C@@H](CS)C(=O)O",293.15,"water","O",0.024781,1.4080054101568,0.148604323553771,"L-cysteine","52-90-4",5862,"Yes","10.1021/acs.jced.0c00031"
"382","COc1ccccc1OCCNCC(O)COc1cccc2[nH]c3ccccc3c12",298.15,"water","O",0.03983,2.29585705910374,0.3609448452351,"Carvedilol","72956-09-3",2585,"Yes","10.1021/acs.jced.0c00040"
"383","COc1cc([N+](=O)[O-])ccc1N",298.15,"water","O",1.274e-05,0.00070511123124364,-3.15174236768249,"2-methoxy-4-nitroaniline","97-52-9",7337,"No","10.1021/acs.jced.0c00041"
"384","O=C(O)c1cc([N+](=O)[O-])cc([N+](=O)[O-])c1O",298.15,"water","O",0.001454,0.0805896002596268,-1.09372099840912,"3,5-dinitrosalicylic acid","609-99-4",11873,"No","10.1021/acs.jced.0c00122"
"385","O=C(O)Cc1ccc([N+](=O)[O-])cc1",298.15,"water","O",0.0002642,0.0146261573198563,-1.83486975958823,"4-nitrophenylacetic acid","104-03-0",4661,"No","10.1021/acs.jced.0c00182"
"386","C#C[C@]1(O)CC[C@H]2[C@@H]3CCC4=CC(=O)CC[C@@H]4[C@H]3C(=C)C[C@@]21CC",298.15,"water","O",3.1e-05,0.00171576509546233,-2.76554217145687,"Etonogestrel","54048-10-1",6917715,"Yes","10.1021/acs.jced.0c00201"
"387","CCOC(=O)C1(c2ccccc2)CCN(CCC(C#N)(c2ccccc2)c2ccccc2)CC1",298.15,"water","O",1.142e-05,0.00063205334627569,-3.19924626504763,"Diphenoxylate","915-30-0",13505,"Yes","10.1021/acs.jced.0c00267"
"388","CC1=NN(c2ccccc2)C(=O)C1",293.15,"water","O",0.000163,0.00903329202138161,-2.04415394999954,"Edaravone","89-25-8",4021,"Yes","10.1021/acs.jced.0c00290"
"389","Nc1cccc(Cl)c1C(=O)O",298.15,"water","O",0.001158,0.0641644439748323,-1.19270556481568,"2-amino-6-chlorobenzoic acid","2148-56-3",75071,"No","10.1021/acs.jced.0c00320"
"390","OCc1ccccc1O[C@@H]1OC(CO)[C@@H](O)[C@@H](O)C1O",293.15,"water","O",0.00252292,0.140148419397922,-0.853411795874665,"D(-)-salicin",NA,NA,"No","10.1021/acs.jced.0c00332"
"391","OC[C@H]1O[C@@H](Oc2ccc(O)cc2)[C@H](O)[C@@H](O)[C@@H]1O",293.15,"water","O",0.007965,0.444883639739232,-0.351753564810769,"ß-Arbutin","497-76-7",440936,"No","10.1021/acs.jced.0c00353"
"392","O=C(NCCO[N+](=O)[O-])c1cccnc1",298.15,"water","O",0.0002752,0.0152352868391979,-1.8171493647752,"Nicorandil","65141-46-0",47528,"Yes","10.1021/acs.jced.0c00370"
"393","CCCCS(=O)(=O)N[C@@H](Cc1ccc(OCCCCC2CCNCC2)cc1)C(=O)O",298.15,"water","O",1.828e-06,0.00010117184189466,-3.99494034333991,"Tirofiban","144494-65-5",60947,"Yes","10.1021/acs.jced.0c00371"
"394","O=Cc1cc(Br)c(O)c(Br)c1",298.15,"water","O",0.0001311,0.00725675235940167,-2.13925769719962,"3,5-dibromo-4-hydroxybenzaldehyde","2973-77-5",18100,"No","10.1021/acs.jced.0c00376"
"395","Nc1cc(-c2ccncc2)c[nH]c1=O",298.15,"water","O",1.329e-06,7.35543275621942e-05,-4.13339177050828,"Amrinone","60719-84-8",3698,"Yes","10.1021/acs.jced.0c00393"
"396","Cc1[nH]c(=O)c(C#N)cc1-c1ccncc1",298.15,"water","O",9.766e-07,5.40505124027163e-05,-4.26720018454846,"Milrinone","78415-72-2",4197,"Yes","10.1021/acs.jced.0c00394"
"397","O=C1NC(=O)c2cc([N+](=O)[O-])ccc21",298.15,"water","O",0.0003238,0.0179266922566246,-1.74649983688614,"4-nitrophthalimide","89-40-7",6969,"No","10.1021/acs.jced.0c00479"
"398","O=C(O)Cc1ccccc1[N+](=O)[O-]",298.15,"water","O",0.0001408,0.00779375014936324,-2.10825352085435,"2-nitrophenylacetic acid","3740-52-1",77337,"No","10.1021/acs.jced.0c00543"
"399","CCCOC(=O)c1ccc(O)cc1",298.15,"water","O",2.95e-05,0.00163274175455786,-2.78708250077441,"Propylparaben","94-13-3",7175,"No","10.1021/acs.jced.0c00584"
"400","O=C1CC[C@@H](C(=O)N2CSC[C@H]2C(=O)O)N1",298.15,"water","O",0.0027,0.149837533864331,-0.824379383510064,"Pidotimod","121808-62-6",65944,"No","10.1021/acs.jced.0c00616"
"401","O=C(Nc1ccc(F)cc1F)c1cccnc1Oc1cccc(C(F)(F)F)c1",298.15,"water","O",4.08e-07,2.25809917276158e-05,-4.6462569883467,"Diflufenican","83164-33-4",91735,"No","10.1021/acs.jced.0c00631"
"402","CCS(=O)(=O)c1cccnc1S(=O)(=O)NC(=O)Nc1nc(OC)cc(OC)n1",298.15,"water","O",4.885e-07,2.70363121248072e-05,-4.56805254842107,"Rimsulfuron","122931-48-0",91779,"No","10.1021/acs.jced.0c00632"
"403","COC(=O)c1c(Cl)nn(C)c1S(=O)(=O)NC(=O)Nc1nc(OC)cc(OC)n1",298.15,"water","O",3.807e-07,2.10700571470993e-05,-4.67633428647846,"Halosulfuron-methyl","100784-20-1",91763,"No","10.1021/acs.jced.0c00633"
"404","Nc1ccc(Cc2ccc(N)c(Cl)c2)cc1Cl",298.15,"water","O",0.000286,0.0158333543176862,-1.80042706951274,"4,4'-methylene-bis-(2-chloroaniline)","101-14-4",7543,"No","10.1021/acs.jced.0c00655"
"405","O=Cc1cc(C=O)cc(C=O)c1",298.15,"water","O",0.000108,0.00597796452108418,-2.22344666680478,"1,3,5-triformylbenzene","3163-76-6",2747968,"No","10.1021/acs.jced.0c00776"
"406","O=C(O)[C@@H]1C[C@@H](O)CN1",298.15,"water","O",0.051133,2.9824872946965,0.474578602265279,"L-hydroxyproline","51-35-4",5810,"No","10.1021/acs.jced.0c00794"
"407","CC(=O)O[C@]1(C(C)=O)CC[C@H]2[C@@H]3C=C(Cl)C4=CC(=O)[C@@H]5C[C@@H]5[C@]4(C)[C@H]3CC[C@@]21C",298.15,"water","O",2.7918e-06,0.00015451412496121,-3.81103181324683,"Cyproterone acetate","427-51-0",9880,"Yes","10.1021/acs.jced.0c00803"
"408","CC(=O)NCC(=O)O",298.15,"water","O",0.006373,0.354979444700493,-0.449796794301548,"N-acetylglycine","543-24-8",10972,"No","10.1021/acs.jced.0c00983"
"409","O=C(O)[C@@H]1CSCN1",293.15,"water","O",0.003835,0.213315168862708,-0.670978260729018,"L-thioproline","34592-47-7",93176,"No","10.1021/acs.jced.0c00996"
"410","O[C@H]1[C@H](O)[C@@H](O)[C@H](O)[C@@H](O)[C@H]1O",298.15,"water","O",0.01699163,0.956666349876192,-0.0192395017979116,"Myo-inositol","87-89-8",892,"No","10.1021/acs.jced.0c01067"
"411","N=C(N)NCCC[C@H](N)C(=O)O.O=C1CC[C@@H](C(=O)O)N1",293.15,"water","O",0.1399,9.01273115845439,0.95485641665162,"L-arginine L-pyroglutamate","56265-06-6",198346,"No","10.1021/acs.jced.0c01074"
"412","Cn1c(=O)c2c(ncn2CC2OCCO2)n(C)c1=O",298.1,"water","O",0.001903,0.105416207236747,-0.977092613294494,"Doxofylline","69975-86-6",50942,"No","10.1021/acs.jced.0c01088"
"413","CC(=O)N1CCC[C@H]1C(=O)O",293.15,"water","O",0.01884,1.06396836126172,0.0269287137355863,"N-acetyl-L-proline","68-95-1",66141,"No","10.1021/acs.jced.1c00032"
"414","O=C(O)c1ccc(CO)cc1",298.15,"water","O",0.00039,0.0215931840395273,-1.66568331371764,"4-(hydroxymethyl) benzoic acid","3006-96-0",76360,"No","10.1021/acs.jced.1c00035"
"415","CC(=O)Nc1ccccc1[N+](=O)[O-]",298.15,"water","O",0.000249,0.013784473133144,-1.86060982874145,"o-nitroacetanilide","552-32-9",11090,"No","10.1021/acs.jced.1c00037"
"416","O=C(O)CNCc1ccccc1",293.15,"water","O",0.011334,0.635215751817359,-0.19707874099258,"N-benzylglycine","17136-36-6",86965,"No","10.1021/acs.jced.1c00050"
"417","Nc1cccc(S(=O)(=O)c2cccc(N)c2)c1",298.15,"water","O",3.317e-05,0.00183587263611182,-2.7361574513224,"3,3'-diaminodiphenyl sulfone","599-61-1",11741,"No","10.1021/acs.jced.1c00062"
"418","CSCCC(NC(C)=O)C(=O)O",293.15,"water","O",0.008,0.446854323905706,-0.349834035336295,"N-acetyl-DL-methionine","1115-47-5",6180,"No","10.1021/acs.jced.1c00064"
"419","CCCc1cc(=O)[nH]c(=S)[nH]1",298.15,"water","O",0.000145,0.00802626788877726,-2.09548634912795,"Propylthiouracil","51-52-5",657298,"Yes","10.1021/acs.jced.1c00071"
"420","CCOC(=O)[C@@H]1CSCN1.Cl",293.15,"water","O",0.103903,6.42481628359435,0.807860713612368,"Ethyl L-thiazolidine-4-carboxylate hydrochloride","86028-91-3",45357993,"No","10.1021/acs.jced.1c00079"
"421","OCC(CO)(CO)CO",298.15,"water","O",0.00975,0.54493215596445,-0.263657564006559,"Pentaerythritol","115-77-5",8285,"No","10.1021/acs.jced.1c00080"
"422","Cc1c(N)cccc1C(=O)O",298.15,"water","O",0.0006202,0.0343466090108719,-1.46411613372997,"3-amino-2-methylbenzoic acid","52130-17-3",2733699,"No","10.1021/acs.jced.1c00109"
"423","CC(C)(C)OC(=O)N1CCC[C@H]1C(=O)O",293.15,"water","O",0.000204,0.0113059333879299,-1.94669357763582,"Boc-L-proline","15761-39-4",85083,"No","10.1021/acs.jced.1c00201"
"424","CNC(=O)c1cc(Oc2ccc(N)cc2)ccn1",298.15,"water","O",0.000506,0.0280190235876339,-1.55254700316485,"4-[2-(n-methylcarbamyl)-4-pyridyloxy]aniline","284462-37-9",16655129,"No","10.1021/acs.jced.1c00232"
"425","Cl.N[C@@H](Cc1ccccc1)C(=O)OCc1ccccc1",293.15,"water","O",0.001197,0.0664051805898421,-1.17779803789379,"L-phenylalanine benzyl ester hydrochloride","2462-32-0",12636208,"No","10.1021/acs.jced.1c00239"
"426","O=C(N[C@H](C(=O)O)c1ccccc1)OCc1ccccc1",293.15,"water","O",2.4e-05,0.00132987038483261,-2.87619068526981,"N-carbobenzoxy-L-2-phenylglycine","53990-33-3",819214,"No","10.1021/acs.jced.1c00240"
"427","Nc1cccc(C(=O)O)c1",298.15,"water","O",0.0008043,0.0445502539174356,-1.35114981632684,"M-aminobenzoic acid","99-05-8",7419,"No","10.1021/acs.jced.1c00247"
"428","O=C(O)c1cccc([N+](=O)[O-])c1O",298.15,"water","O",0.000214,0.0118464818581917,-1.92641060631455,"3-nitrosalicylic acid","85-38-1",6807,"No","10.1021/acs.jced.1c00259"
"429","COC(=O)c1sccc1S(=O)(=O)NC(=O)Nc1nc(C)nc(OC)n1",298.15,"water","O",9.293e-06,0.00051433093288302,-3.28875735556142,"Thifensulfuron methyl","79277-27-3",73674,"No","10.1021/acs.jced.1c00267"
"430","CC(C)(Oc1ccc(C2CC2(Cl)Cl)cc1)C(=O)O",298.15,"water","O",1.307e-06,7.23367223542543e-05,-4.14064117342496,"Ciprofibrate","52214-84-3",2763,"Yes","10.1021/acs.jced.1c00276"
"431","CNc1nc(C)nc(OC)n1",298.15,"water","O",4.731e-06,0.00026184101395718,-3.58196232592815,"2-methyl-4-methylamino-6-methoxy-1,3,5-triazine","5248-39-5",160779,"No","10.1021/acs.jced.1c00288"
"432","CN(C)C(=N)N=C(N)N.Cl",298.15,"water","O",0.04194,2.4228045980304,0.384318389201821,"Metformin hydrochloride","1115-70-4",14219,"No","10.1021/acs.jced.1c00338"
"433","NC(=O)c1ncn([C@@H]2O[C@H](CO)[C@@H](O)[C@H]2O)n1",298.15,"water","O",0.0144245,0.810015893574095,-0.0915064596104752,"Ribavirin(II)","36791-04-5",37542,"Yes","10.1021/acs.jced.1c00345"
"434","COCCOc1ccccc1S(=O)(=O)NC(=O)Nc1nc(OC)nc(OC)n1",298.15,"water","O",0.0006604,0.0365743518701682,-1.43682336121642,"Cinosulfuron","94593-91-6",92420,"No","10.1021/acs.jced.1c00357"
"435","Cn1c([N+](=O)[O-])cnc1N1CCN(S(C)(=O)=O)C1=O",298.2,"water","O",3.207e-06,0.00017730575047694,-3.75127717889482,"Satranidazole","56302-13-7",41841,"No","10.1021/acs.jced.1c00385"
"436","C#C[C@]1(O)C=C[C@H]2[C@@H]3CCC4=CC(=O)CC[C@@H]4[C@H]3CC[C@@]21CC",298.15,"water","O",1.06e-05,0.00058666899970721,-3.23160685981809,"Gestodene","60282-87-3",3033968,"No","10.1021/acs.jced.1c00408"
"437","O=C(NC(=O)c1c(F)cccc1F)Nc1ccc(Oc2ccc(C(F)(F)F)cc2Cl)cc1F",298.15,"water","O",7.716e-07,4.27046557652338e-05,-4.36952477455517,"Flufenoxuron","101463-69-8",91766,"No","10.1021/acs.jced.1c00430"
"438","CC(CCc1ccccc1)NCC(O)c1ccc(O)c(C(N)=O)c1.Cl",298.15,"water","O",0.00118,0.0653848977263612,-1.18452255124011,"Labetalol hydrochloride","32780-64-6",71412,"Yes","10.1021/acs.jced.1c00432"
"439","O=C(O)CSc1ccc2ccccc2c1",298.15,"water","O",3.875e-06,0.00021446481939422,-3.66864393889206,"(2-naphthylthio)acetic acid","93-21-0",66728,"No","10.1021/acs.jced.1c00482"
"440","COC(=O)CC[C@H](N)C(=O)O",298.15,"water","O",0.04257,2.46081683964121,0.391079290056574,"L-glutamic acid 5-methyl ester","1499-55-4",68662,"No","10.1021/acs.jced.1c00504"
"441","Nc1cnc(Cl)cn1",298.15,"water","O",8.878e-05,0.0049140137848782,-2.30856362956368,"5-chloropyrazin-2-amine","33332-29-5",12808419,"No","10.1021/acs.jced.1c00515"
"442","CO/N=C1\C[C@]2(C[C@@H]3C[C@@H](C/C=C(\C)C[C@@H](C)/C=C/C=C4\CO[C@@H]5[C@H](O)C(C)=C[C@@H](C(=O)O3)[C@]45O)O2)O[C@H](/C(C)=C/C(C)C)[C@H]1C",298.15,"water","O",1.083e-05,0.00059939874794139,-3.22228416856874,"Moxidectin","113507-06-5",16760141,"Yes","10.1021/acs.jced.1c00517"
"443","NC(N)=NCCC[C@H](N)C(=O)O.O=C(O)CCC(=O)C(=O)O",293.15,"water","O",0.016037,0.903092033203484,-0.0442679889160299,"L-arginine a-ketoglutarate","16856-18-1",11427178,"No","10.1021/acs.jced.1c00531"
"444","O=C(NC(=O)c1c(F)cccc1F)Nc1cc(Cl)c(F)c(Cl)c1F",298.15,"water","O",9.72e-06,0.00053796393009183,-3.26924684233961,"Teflubenzuron","83121-18-0",91734,"No","10.1021/acs.jced.1c00537"
"445","CC(C)(C)OC(=O)N[C@@H](CC(N)=O)C(=O)O",298.15,"water","O",0.000452,0.0250274989407619,-1.60158254833414,"Boc-L-asparagine","7536-55-2",82035,"No","10.1021/acs.jced.1c00559"
"446","NC(=O)C[C@H](NC(=O)OCc1ccccc1)C(=O)O",298.15,"water","O",5.553e-05,0.00307350880683163,-2.512365538114,"N-benzyloxycarbonyl-L-asparagine","2304-96-3",75314,"No","10.1021/acs.jced.1c00627"
"447","CCn1c2ccccc2c2cc(-n3nncc3-c3ccccc3)ccc21",298.15,"water","O",1.956e-06,0.00010825609850996,-3.96554762869635,"MBQ-167","2097938-73-1",129896932,"No","10.1021/acs.jced.1c00711"
"448","CC(=O)Nc1ccc([N+](=O)[O-])cc1",298.15,"water","O",1.683e-05,0.00093148120555475,-3.0308259034153,"p-Nitroacetanilide","104-04-1",7691,"No","10.1021/acs.jced.1c00717"
"449","COC(=O)C1=C(C)NC(C)=C(C(=O)OCC(C)C)C1c1ccccc1[N+](=O)[O-]",298.15,"water","O",1.172e-05,0.00064865739410479,-3.18798462698554,"Nisoldipine","63675-72-9",4499,"Yes","10.1021/acs.jced.1c00729"
"450","CC(=O)OC(OC(C)=O)c1ccc([N+](=O)[O-])o1",298.15,"water","O",0.0584,3.43264639987776,0.535629068648256,"2-(diacetoxymethyl)-5-nitrofuran","92-55-7",7097,"No","10.1021/acs.jced.1c00750"
"451","NC(N)=NCCC[C@H](NC(=O)OCc1ccccc1)C(=O)O",293.15,"water","O",0.0003074,0.0170382519355531,-1.76857496436311,"Na-carbobenzyloxy-L-arginine","1234-35-1",71055,"No","10.1021/acs.jced.1c00823"
"452","CC(C)OC(=O)[C@H](C)N[P@](=O)(OC[C@H]1O[C@@H](n2ccc(=O)[nH]c2=O)[C@](C)(F)[C@@H]1O)Oc1ccccc1",298.15,"water","O",5.051e-05,0.00279564470509981,-2.55351802334812,"Sofosbuvir","1190307-88-0",45375808,"Yes","10.1021/acs.jced.1c00860"
"453","O=C(O)c1cc([N+](=O)[O-])ccc1O",298.15,"water","O",8.618e-05,0.0047700901871217,-2.32147340976512,"5-nitroSalicylic acid","96-97-9",7318,"No","10.1021/acs.jced.2c00038"
"454","Nc1ncc(Br)nc1Br",298.15,"water","O",5.183e-06,0.00028685744848074,-3.5423338688351,"2-amino-3,5-dibromopyrazine","24241-18-7",620004,"No","10.1021/acs.jced.2c00072"
"455","Nc1nccnc1Cl",298.15,"water","O",7.6e-05,0.00420658114895999,-2.37607072871304,"2-amino-3-chloropyrazine","6863-73-6",276224,"No","10.1021/acs.jced.2c00072"
"456","CCCCOc1ccc(C(=O)CCN2CCCCC2)cc1.Cl",298.15,"water","O",0.05143,3.00074996978009,0.477229810397011,"Dyclonine hydrochloride","536-43-6",68304,"Yes","10.1021/acs.jced.2c00089"
"457","O=C(N[C@@H](Cc1c[nH]c2ccccc12)C(=O)O)OCc1ccccc1",298.15,"water","O",7.789e-05,0.00431120032895232,-2.36540179627458,"N-benzyloxycarbonyl-L-tryptophan","7432-21-5",101176,"No","10.1021/acs.jced.2c00108"
"458","CC(C)(C)OC(=O)N[C@@H](CCC(N)=O)C(=O)O",298.15,"water","O",0.012623,0.70755832809275,-0.150237752941934,"Boc-L-glutamine","13726-85-7",83687,"No","10.1021/acs.jced.2c00162"
"459","NC(=O)Nc1ccccc1",298.15,"water","O",0.0008279,0.0458585433071547,-1.33857974471537,"1-phenylurea","64-10-8",6145,"No","10.1021/acs.jced.2c00175"
"460","O=c1[nH]nc([N+](=O)[O-])[nH]1",298.15,"water","O",0.00215799999999999,0.119693986550536,-0.921927668085837,"3-nitro-1,2,4-triazol-5-one","932-64-9",135406868,"No","10.1021/acs.jced.2c00352"
"461","N#Cc1ccncc1",298.15,"water","O",0.006026,0.335534185454505,-0.474263225724747,"4-cyanopyridine","100-48-1",7506,"No","10.1021/acs.jced.2c00426"
"462","Nc1cccc2ccncc12",298.15,"water","O",6.21e-05,0.00343717181639644,-2.46379875792742,"8-isoquinolinamine","23687-27-6",13927912,"No","10.1021/acs.jced.2c00485"
"463","Nc1ccnc(=O)[nH]1",298.15,"water","O",0.0011226,0.062200735788294,-1.20620447789912,"Cytosine","71-30-7",597,"No","10.1021/acs.jced.2c00507"
"464","O=c1cnc(Br)c[nH]1",298.15,"water","O",3.198e-05,0.00177000714604418,-2.75202498025893,"2-bromo-5-hydroxypyrazine","374063-92-0",2771618,"No","10.1021/acs.jced.2c00604"
"465","CC1(C)CC[C@]2(C(=O)O)CC[C@]3(C)C(=CC[C@@H]4[C@@]5(C)CC[C@H](O)C(C)(C)[C@@H]5CC[C@]43C)[C@@H]2C1",298.15,"water","O",1.744e-07,9.65226479742659e-06,-5.01537077229125,"Oleanolic acid","508-02-1",10494,"No","10.1021/acs.jced.2c00619"
"466","C[C@H]1[C@H](C)CC[C@]2(C(=O)O)CC[C@]3(C)C(=CC[C@@H]4[C@@]5(C)CC[C@H](O)C(C)(C)[C@@H]5CC[C@]43C)[C@H]12",298.15,"water","O",2.017e-07,1.11631987545314e-05,-4.95221134281879,"Ursolic acid","77-52-1",64945,"No","10.1021/acs.jced.2c00619"
"467","Nc1cnc(Br)cn1",298.15,"water","O",2.732e-05,0.00151208160981978,-2.82042476853195,"2-amino-5-bromopyrazine","59489-71-3",599539,"No","10.1021/acs.jced.2c00655"
"468","O=[N+]([O-])n1cccn1",298.15,"water","O",0.001555,0.0861963584014275,-1.06451108173414,"N-nitropyrazole","7119-95-1",146002,"No","10.1021/acs.jced.2c00717"
"469","NC(=O)CC[C@H](N)C(=O)O",298.15,"water","O",0.0053265,0.296376697942038,-0.528155944933636,"L-glutamine","56-85-9",5961,"Yes","10.1021/acs.jced.2c00738"
"470","CCCCN1CCCCC1C(=O)Nc1c(C)cccc1C.Cl",298.15,"water","O",0.0019,0.105356713976372,-0.977337783264421,"Bupivacaine hydrochloride","18010-40-7",64737,"Yes","10.1021/acs.jced.2c00741"
"471","Nc1ccc(Br)nn1",298.15,"water","O",3.432e-05,0.00189952430907645,-2.7213551442097,"3-amino-6-bromopyridazine","88497-27-2",2794779,"No","10.1021/acs.jced.2c00794"
"472","O=C(Nc1ccncc1)c1cc(C(=O)Nc2ccncc2)cc(C(=O)Nc2ccncc2)c1",293.15,"water","O",5.71e-06,0.00031639254209961,-3.49977376209964,"N1,N3,N5-tris(pyridin-4-yl)benzene-1,3,5-tricarboxamide (TPBTC)","725274-03-3",16070358,"No","10.1021/acs.jced.3c00039"
"473","Cc1ccc2cc(Br)ccc2n1",298.15,"water","O",1.329e-05,0.00073555207357198,-3.13338657587401,"6-bromo-2-methylquinoline","877-42-9",522885,"No","10.1021/acs.jced.3c00050"
"474","NC(=O)N/N=C/c1ccc([N+](=O)[O-])o1",298.15,"water","O",1.272e-05,0.00070400429215358,-3.15242469305543,"5-nitrofurazone",NA,5353356,"Yes","10.1021/acs.jced.3c00112"
"475","[NH3+]O.[NH3+]O.[O-]n1nnnc1-c1nnnn1[O-]",298.15,"water","O",0.0001276,0.00706299282822626,-2.15101123473189,"Dihydroxylammonium 5,5’-bistetrazole-1,1'-diolate (TKX-50)",NA,139051543,"No","10.1021/acs.jced.3c00146"
"476","O=S1(=O)OC(c2ccc(O)cc2)(c2ccc(O)cc2)c2ccccc21",298.15,"water","O",3.758e-05,0.00207996376037533,-2.68194423177095,"Phenol red","143-74-8",4766,"No","10.1021/acs.jced.3c00195"
"477","O=C(N[C@@H](CO)C(=O)O)OCc1ccccc1",298.15,"water","O",0.00165,0.0914710771524055,-1.03871620668525,"N-benzyloxycarbonyl-L-serine","1145-80-8",100310,"No","10.1021/acs.jced.3c00201"
"478","COC(=O)c1ccnc(N)c1",298.15,"water","O",0.002173,0.120527776967594,-0.91891285355739,"Methyl 2-aminopyridine-4-carboxylate","6937-03-7",236984,"No","10.1021/acs.jced.3c00268"
"479","CC(C)C[C@H](N)C(=O)O",298.15,"water","O",0.003389,0.188203876225454,-0.725371436137299,"L-leucine","61-90-5",6106,"No","10.1021/acs.jced.3c00287"
"480","CC(C)[C@H](N)C(=O)O",298.15,"water","O",0.00954,0.533082106207457,-0.273205895051075,"L-valine","72-18-4",6287,"No","10.1021/acs.jced.3c00302"
"481","CC1COC(Cn2cncn2)(c2ccc(Oc3ccc(Cl)cc3)cc2Cl)O1",298.15,"water","O",1.878e-06,0.00010393912941916,-3.98322092509287,"Difenoconazole","119446-68-3",86173,"No","10.1021/acs.jced.3c00330"
"482","N#CN=C(N)N",298.15,"water","O",0.008973,0.501112057173447,-0.300065147644873,"Dicyandiamide","461-58-5",10005,"No","10.1021/acs.jced.3c00414"
"483","O=C(O)CNC(=O)C(=O)NCC(=O)O",298.15,"water","O",0.00018329999999999,0.0101466983577523,-1.99367525019122,"N,N'-oxalyldiglycine",NA,12105920,"No","10.1021/acs.jced.3c00424"
"484","O=C1C(CCS(=O)c2ccccc2)C(=O)N(c2ccccc2)N1c1ccccc1",298.15,"water","O",0.0001758,0.00973145766786,-2.01182210220923,"Sulfinpyrazone","57-96-5",5342,"No","10.1021/acs.jced.3c00463"
"485","N[C@@H](Cc1ccccc1)C(=O)O",298.15,"water","O",0.00320989999999999,0.178225752955987,-0.749029541833435,"L-phenylalanine","63-91-2",6140,"No","10.1021/acs.jced.3c00536"
"486","Nc1nonc1-c1no[n+]([O-])c1-c1nonc1N",293.15,"water","O",2.05e-05,0.00113592697787135,-2.94464958599017,"3,4-bis(4'-aminofurazan-3'-yl)furoxan","296244-55-8",394430,"No","10.1021/acs.jced.3c00674"
"487","NC(=O)CS(=O)C(c1ccccc1)c1ccccc1",297.5,"water","O",8.1e-05,0.00447996695995499,-2.34872518893983,"Modafinil","68693-11-8",4236,"No","10.1021/acs.jced.3c00738"
"488","O=c1ccc2cc(O)c(O)cc2o1",298.15,"water","O",0.0066,0.36770746879446,-0.434497548746101,"Esculetin","305-01-1",5281416,"No","10.1021/acs.jced.3c00771"
"489","CC(C)(N)C(=O)O",298.15,"water","O",0.026561,1.5101439646528,0.17901835131568,"a-Aminoisobutyric Acid","62-57-7",6119,"No","10.1021/acs.jced.4c00023"
"490","CC(C)(C)NC[C@H](O)COc1nsnc1N1CCOCC1.O=C(O)/C=C\C(=O)O",300.5,"water","O",0.00319,0.176752796140494,-0.752633707156058,"Timolol maleate","26921-17-5",5281056,"Yes","10.1021/acs.jced.4c00060"
"491","CC(=O)N[C@H](C(=O)O)C(C)C",298.15,"water","O",0.00747799999999999,0.416992256436681,-0.379872009817717,"N-acetyl-L-valine","96-81-1",66789,"No","10.1021/acs.jced.4c00070"
"492","N[C@@H](CCC(=O)N[C@@H](CS)C(=O)NCC(=O)O)C(=O)O",298.15,"water","O",0.009359,0.522872523144778,-0.281604179666112,"Glutathione","70-18-8",124886,"No","10.1021/acs.jced.4c00102"
"493","N#CCC(N)=O",298.15,"water","O",0.03904,2.24847037503157,0.351887169847002,"2-cyanoacetamide","107-91-5",7898,"No","10.1021/acs.jced.4c00140"
"494","COC(=O)[C@@H](N)Cc1c[nH]c2ccccc12.Cl",298.2,"water","O",0.0125311,0.701597830734897,-0.153911762431812,"L-tryptophan methyl ester hydrochloride","7524-52-9",2734891,"No","10.1021/acs.jced.4c00210"
"495","NNC(=O)c1ccccc1",298.15,"water","O",0.01161,0.650109553767703,-0.187013451683782,"Benzhydrazide","613-94-5",11955,"No","10.1021/acs.jced.4c00217"
"496","NNC(=O)c1ccccc1O",298.15,"water","O",0.02231,1.26293520175328,0.101381068494434,"2-Hydroxybenzohydrazide","936-02-7",13637,"No","10.1021/acs.jced.4c00217"
"497","c1ccc2[nH]cnc2c1",298.15,"water","O",0.0008743,0.0484309535073809,-1.31487698049058,"Benzimidazole","51-17-2",5798,"No","10.1021/acs.jced.4c00450"
"498","CCC[C@H](N[C@@H](C)C(=O)N1[C@H](C(=O)O)C[C@@H]2CCCC[C@@H]21)C(=O)OCC.NC(N)=NCCC[C@H](N)C(=O)O",298.15,"water","O",0.06015,3.54209134919177,0.54925975728837,"Perindopril L-arginine","612548-45-5",12068809,"No","10.1021/acs.jced.4c00499"
"499","Cc1cccc2sc(NN)nc12",298.15,"water","O",2.56e-05,0.00141688223388377,-2.84866624523587,"2-hydrazino-4-methylbenzothiazole","20174-68-9",88394,"No","10.1021/acs.jced.4c00506"
"500","COc1cc2oc(=O)cc(-c3ccccc3)c2cc1O",299.2,"water","O",1.1239e-07,6.21099730451158e-06,-5.20683865923231,"Dalbergin","482-83-7",442768,"No","10.1021/acs.jced.5b00098"
"501","O=c1cc(-c2ccccc2)c2cc(O)c(O)cc2o1",299.2,"water","O",2.3864e-07,1.31879400647342e-05,-4.87982303526367,"Nordalbergin","482-82-6",5320203,"No","10.1021/acs.jced.5b00098"
"502","C=CC(=O)NC(C)(C)C",298.15,"water","O",0.0009937,0.0550515731912443,-1.25923026582004,"N-tert-butylacrylamide","107-58-4",7877,"No","10.1021/acs.jced.5b00135"
"503","C=C1C[C@]23C[C@H]1CC[C@H]2[C@@]12CC[C@H](O)[C@@](C)(C(=O)O1)[C@H]2[C@@H]3C(=O)O",298.15,"water","O",2.8e-05,0.00154971866273038,-2.80974713687081,"Gibberellin A4","468-44-0",92109,"No","10.1021/acs.jced.5b00190"
"504","CN1C(C(=O)Nc2ccccn2)=C(O)c2sccc2S1(=O)=O",298.15,"water","O",4.11e-06,0.0002274711264134,-3.64307372179871,"Tenoxicam","59804-37-4",54677971,"Yes","10.1021/acs.jced.5b00382"
"505","OC[C@@H](O)[C@@H](O[C@H]1O[C@H](CO)[C@@H](O)[C@H](O)[C@H]1O)[C@H](O)[C@@H](O)CO",298.15,"water","O",0.061564,3.63082102104308,0.560004841176965,"Maltitol","585-88-6",493591,"No","10.1021/acs.jced.5b00565"
"506","COc1cc(Cc2cnc(N)nc2N)cc(OC)c1OC",298.45,"water","O",2.485e-05,0.00137526062540694,-2.8616149909608,"Trimethoprim","738-70-5",5578,"Yes","10.1021/acs.jced.5b00616"
"507","COc1cc(C(=O)O)ccc1O",298.15,"water","O",0.00016,0.00885670433330948,-2.05272785329617,"Vanillic acid","121-34-6",8468,"No","10.1021/acs.jced.5b00619"
"508","Cc1ccc(S(=O)(=O)[O-])cc1Cl.[Na+]",296.5,"water","O",0.005922,0.329603080198966,-0.482008738397363,"Sodium 2-chlorotoluene-4-sulfonate","5138-91-0",23678886,"No","10.1021/acs.jced.5b00655"
"509","CC(C)C[C@H](CN)CC(=O)O",298.15,"water","O",0.003729,0.207156023529477,-0.68370243408869,"(S)-3-(aminomethyl)-5-methylhexanoic acid","148553-50-8",5486971,"Yes","10.1021/acs.jced.5b00736"
"510","O=C(O)c1cc(C(=O)O)cc(C(=O)O)c1",301.05,"water","O",0.00015,0.00829649842980193,-2.08110516466986,"1,3,5-benzenetricarboxylic acid","554-95-0",11138,"No","10.1021/acs.jced.5b00870"
"511","[NH3+]O.[NH3+]O.[O-]n1nnnc1-c1nnnn1[O-]",298.15,"water","O",2.828e-05,0.00156521628763051,-2.80542564148229,"Dihydroxylammonium 5,5’-bistetrazole-1,1'-diolate (TKX-50)",NA,139051543,"No","10.1021/acs.jced.6b00009"
"512","C=CC1=C(C(=O)O)N2C(=O)[C@@H](NC(=O)/C(=N\OCC(=O)O)c3csc(N)n3)[C@H]2SC1.O.O.O",293.1,"water","O",1.45e-05,0.00080344955709111,-3.09504138432025,"Cefixime trihydrate",NA,9578045,"No","10.1021/acs.jced.6b00163"
"513","CC1=C(C(=O)O)N2C(=O)[C@@H](NC(=O)[C@H](N)c3ccccc3)[C@H]2SC1.O",293.1,"water","O",0.000721,0.0399790822285831,-1.39816717989366,"Cephalexin Monohydrate","23325-78-2",62921,"Yes","10.1021/acs.jced.6b00163"
"514","Cc1c(O)c(=O)ccn1C",293.1,"water","O",0.0022676,0.125932170553926,-0.899863311120707,"Deferiprone","30652-11-0",2972,"Yes","10.1021/acs.jced.6b00163"
"515","O=C1NC23NC(=O)NC2(N1)C(=O)NC3=O",298.15,"water","O",0.0001875,0.0103792358652593,-1.98383461871463,"3,7,9,11-Tetraoxo-2,4,6,8,10-pentaaza[3.3.3] Propellane (TOPAP)",NA,59146500,"No","10.1021/acs.jced.6b00349"
"516","COC(=O)[C@H](N)c1ccc(O)cc1",298.15,"water","O",7.86e-05,0.00435050181622044,-2.36146064570148,"Methyl D-(-)-4-hydroxy-phenylglycinate","37763-23-8",11298312,"No","10.1021/acs.jced.6b00415"
"517","C[C@@H]1O[C@@H](O[C@H]2[C@H](Oc3cc(O)c(C(=O)CCc4ccc(O)cc4)c(O)c3)O[C@H](CO)[C@@H](O)[C@@H]2O)[C@H](O)[C@H](O)[C@H]1O",298.15,"water","O",2.13e-05,0.00117888522682485,-2.92852847461904,"Naringin dihydrochalcone","18916-17-1",9894584,"No","10.1021/acs.jced.6b00543"
"518","Cn1c(=O)c2[nH]cnc2n(C)c1=O",298.16,"water","O",0.00063,0.0348533286735863,-1.45775573821056,"Theophylline","58-55-9",2153,"Yes","10.1021/acs.jced.7b00065"
"519","Cn1cnc2c1c(=O)[nH]c(=O)n2C",298.1,"water","O",4.73e-05,0.00261530914247976,-2.58247696800599,"Theobromine","83-67-0",5429,"No","10.1021/acs.jced.7b00065"
"520","O=C(O)CS.[Na]",298.15,"water","O",0.16085,10.6087481072373,1.02566413769995,"Sodium thioglycolate",NA,87063579,"No","10.1021/acs.jced.7b00245"
"521","O=C(O)C=CC(=O)O.OCCOCCN1CCN(C2=Nc3ccccc3Sc3ccccc32)CC1.OCCOCCN1CCN(C2=Nc3ccccc3Sc3ccccc32)CC1",298.15,"water","O",7.39e-05,0.00409033807948115,-2.38824079468578,"Quetiapine fumarate","111974-72-2",441261,"No","10.1021/acs.jced.7b00518"
"522","CS(=O)(=O)c1ccc([C@@H](O)[C@@H](CO)NC(=O)C(Cl)Cl)cc1",298.15,"water","O",9.523e-05,0.00527105824930505,-2.27810218446575,"Thiamphenicol","15318-45-3",27200,"No","10.1021/acs.jced.7b00542"
"523","Cc1ccc(-c2ncc(Cl)cc2-c2ccc(S(C)(=O)=O)cc2)cn1",298.2,"water","O",1.58e-05,0.00087354728297844,-3.05871358274645,"Etoricoxib","202409-33-4",123619,"Yes","10.1021/acs.jced.7b00709"
"524","O=C1O[C@H]([C@@H](O)CO)C(O)=C1O.[Na]",298.15,"water","O",0.0634,3.7464313228904,0.573617775806906,"L-ascorbate",NA,66586226,"No","10.1021/acs.jced.7b00846"
"525","Nc1ccc(C(=O)O)cc1.[K]",298.15,"water","O",0.1251,7.9137361148637,0.898381564533841,"p-aminobenzoic acid potassium",NA,66764247,"No","10.1021/acs.jced.7b00978"
"526","CN1CC(O)c2cc(N=NC(N)=O)c(O)cc21",298.15,"water","O",5.155e-05,0.00285320994725254,-2.54466627055162,"Carbazochrome","69-81-8",2557,"No","10.1021/acs.jced.7b00982"
"527","O=C(O)c1ccc(C(=O)O)o1",303.55,"water","O",0.0001407,0.00777634092550627,-2.10922470759561,"2,5-furandicarboxylic acid","3238-40-2",76720,"No","10.1021/acs.jced.7b01112"
"528","Nc1ccc(S(=O)(=O)Nc2ccc(Cl)nn2)cc1",298.15,"water","O",5.901e-05,0.003266133367336,-2.48596608551621,"Sulfachloropyridazine","80-32-0",6634,"No","10.1021/acs.jced.7b01134"
"529","O=C(O)Cc1ccccc1Cl",298.15,"water","O",0.0005064,0.028041184235547,-1.55220364918958,"2-chlorophenylacetic acid","2444-36-2",17124,"No","10.1021/acs.jced.8b00139"
"530","O=C(c1ccccc1)c1ccccc1",298.15,"water","O",0.0111,0.621231220250021,-0.206746726733562,"Benzophenone","119-61-9",3102,"No","10.1021/acs.jced.8b00196"
"531","COc1ccc(CC(=O)O)cc1",298.15,"water","O",0.0043,0.239013603624645,-0.621577380177445,"Para-methoxyphenylacetic acid","104-01-8",7690,"No","10.1021/acs.jced.8b00271"
"532","Cc1ncc(COP(=O)(O)O)c(C=O)c1O.O",298.15,"water","O",0.00038814,0.0214901611745055,-1.66776032732215,"Pyridoxal 5-phosphate monohydrate","41468-25-1",38882,"No","10.1021/acs.jced.8b00309"
"533","C[C@H](O)[C@@H](O)[C@@H](O)[C@H](O)C=O",298.15,"water","O",0.09786,6.00363033539623,0.778413943358029,"L-fucose","2438-80-4",3034656,"No","10.1021/acs.jced.8b00361"
"534","O=c1nc[nH]c2[nH]ncc12",298.15,"water","O",2.938e-05,0.00162609989804564,-2.78885277741521,"Allopurinol","315-30-0",135401907,"No","10.1021/acs.jced.8b00430"
"535","COc1cc(N)nc(OC)n1",298.15,"water","O",0.0004642,0.025703333652344,-1.59001054620464,"4-amino-2,6-dimethoxypyrimidine","3289-50-7",76789,"No","10.1021/acs.jced.8b00719"
"536","O=C(OCC1c2ccccc2-c2ccccc21)ON1C(=O)CCC1=O",298.15,"water","O",7.378e-06,0.00040834244655573,-3.38897547350147,"N-(9-fluorenylmethoxycarbonyloxy)succinimide","82911-69-1",134122,"No","10.1021/acs.jced.8b00732"
"537","NNC(=O)c1ccncc1",298.15,"water","O",0.019794,1.11763213572349,0.0482988807284713,"Isoniazid","54-85-3",3767,"Yes","10.1021/acs.jced.8b00785"
"538","N#CCc1ccc([N+](=O)[O-])cc1",298.15,"water","O",3.549e-05,0.00196428311790327,-2.7067959158965,"p-nitrophenylacetonitrile","555-21-5",68386,"No","10.1021/acs.jced.8b00811"
"539","C[C@H]1[C@H](OC(=O)CCC(=O)O)O[C@@H]2O[C@@]3(C)CC[C@H]4[C@H](C)CC[C@@H]1[C@@]24OO3",298.15,"water","O",2.706e-05,0.00149769098546977,-2.82457778419947,"Artesunate","88495-63-0",6917864,"Yes","10.1021/acs.jced.8b00988"
"540","Nc1nc(Cl)c2[nH]cnc2n1",298.15,"water","O",1.239e-05,0.00068573980356012,-3.16384064131074,"2-amino-6-chloropurine","10310-21-1",5360349,"No","10.1021/acs.jced.8b01014"
"541","COc1cc2c(cc1OC)-c1cc3ccc(OC)c(OC)c3c[n+]1CC2.[Cl-]",298.15,"water","O",0.001098,0.0608362069812438,-1.21583787118819,"Palmatine chloride","10605-02-4",73442,"No","10.1021/acs.jced.8b01055"
"542","CC(C)N1C(=O)N(c2ccccc2)CSC1=NC(C)(C)C",298.15,"water","O",7.257e-05,0.00401671772134825,-2.39612868765303,"Buprofezin","69327-76-0",50367,"No","10.1021/acs.jced.8b01099"
"543","COC(=O)Nc1nc2ccc(C(=O)c3ccc(F)cc3)cc2[nH]1",298.15,"water","O",2.122e-07,1.17443272215384e-05,-4.93017185690614,"Flubendazole","31430-15-6",35802,"No","10.1021/acs.jced.8b01126"
"544","NC(=O)c1ccc(N)cc1",298.15,"water","O",0.001464,0.0811446742377218,-1.09073997891933,"4-aminobenzamide","2835-68-9",76079,"No","10.1021/acs.jced.8b01144"
"545","O=C(O)[C@H]1O[C@@H](Oc2cc3oc(-c4ccccc4)cc(=O)c3c(O)c2O)[C@H](O)[C@@H](O)[C@@H]1O",298.15,"water","O",7.49e-06,0.00041454123980147,-3.38243225805145,"Baicalin","21967-41-9",64982,"No","10.1021/acs.jced.8b01186"
"546","N#CCC(N)=O",298.15,"water","O",0.04047,2.33430348345763,0.368157318128747,"2-cyanoacetamide","107-91-5",7898,"No","10.1021/acs.jced.8b01205"
"547","N#Cc1cccc([N+](=O)[O-])c1C#N",298.15,"water","O",0.0001198,0.00663119075303855,-2.17840847897979,"3-nitrophthalonitrile","51762-67-5",162652,"No","10.1021/acs.jced.8b01250"
"548","Cc1[nH]nc2cc([N+](=O)[O-])ccc12",298.15,"water","O",6.31e-05,0.0034925242916883,-2.45686056453819,"3-methyl-6-nitroindazole","6494-19-5",10921054,"No","10.1021/acs.jced.8b01256"
"549","O=Cc1ccc(C(=O)O)cc1",298.15,"water","O",4.645e-05,0.00257092000208172,-2.58991143685189,"Terephthalaldehydic acid","619-66-9",12088,"No","10.1021/acs.jced.8b01262"
"550","CP(=O)(O)CC[C@H](N)C(=O)O",298.15,"water","O",0.04179,2.41376143160913,0.382694343617283,"L-Phosphinothricin","35597-44-5",91619,"No","10.1021/acs.jced.9b00004"
"551","CP(=O)(O)CC[C@H](N)C(=O)O.Cl",298.15,"water","O",0.06762,4.01388465917105,0.60356488867831,"L-Phosphinothricin hydrochloride",NA,12701464,"No","10.1021/acs.jced.9b00004"
"552","O=S(=O)([O-])c1cccc2c(S(=O)(=O)[O-])cccc12.[Na+].[Na+]",293.15,"water","O",0.0066441,0.370611536982139,-0.431081065401111,"Sodium naphthalene-1,5-disulfonate","1655-29-4",74248,"No","10.1021/acs.jced.9b00029"
"553","NC(=O)c1ccc([N+](=O)[O-])cc1",298.15,"water","O",6e-04,0.0332272635854619,-1.47850542335169,"p-Nitrobenzamide","619-80-7",12091,"No","10.1021/acs.jced.9b00065"
"554","c1ccc(-c2ccc(C(c3ccccc3)n3ccnc3)cc2)cc1",298.15,"water","O",2.054e-05,0.0011368208523819,-2.94430796886723,"Bifonazole","60628-96-8",2378,"Yes","10.1021/acs.jced.9b00097"
"555","NS(=O)(=O)c1cc2c(cc1Cl)NCNS2(=O)=O",298.15,"water","O",4.2e-05,0.0023246105395544,-2.63364979747957,"Hydrochlorothiazide","58-93-5",3639,"Yes","10.1021/acs.jced.9b00220"
"556","O=Cc1cc([N+](=O)[O-])ccc1O",298.15,"water","O",9.498e-05,0.0052572192307658,-2.27924391213382,"5-nitrosalicylaldehyde","97-51-8",66808,"No","10.1021/acs.jced.9b00232"
"557","N#CCc1ccccc1[N+](=O)[O-]",298.15,"water","O",8.191e-05,0.00453372497939474,-2.34354482817816,"o-nitrophenylacetonitrile","610-66-2",11888,"No","10.1021/acs.jced.9b00243"
"558","NNC(=O)NN.O=[N+]([O-])NC1=NC(C2N=NC(N[N+](=O)[O-])=N2)N=N1",298.15,"water","O",2.77e-05,0.00153311407425402,-2.81442552944055,"5,5'-Dinitramino-3,3'-bi[1,2,4-triazolate] Carbohydrazide Salt (CBNT)",NA,NA,"No","10.1021/acs.jced.9b00275"
"559","CC(=NC#N)N(C)Cc1ccc(Cl)nc1",298.15,"water","O",0.0003476,0.0192448010665393,-1.71568657384716,"Acetamiprid","135410-20-7",213021,"No","10.1021/acs.jced.9b00294"
"560","N[C@H](CC(=O)O)C(=O)O",298.15,"water","O",0.0007282,0.0403319959042968,-1.39435028558538,"D-aspartic acid","1783-96-6",83887,"No","10.1021/acs.jced.9b00320"
"561","Cc1cnc(C(=O)O)cn1",298.15,"water","O",6.74e-06,0.00037303149008569,-3.42825450493877,"5-methyl-2-pyrazinecarboxylic acid","5521-55-1",122831,"No","10.1021/acs.jced.9b00406"
"562","Nc1ccc(S(N)(=O)=O)cc1",298.15,"water","O",0.000813,0.0450325398479022,-1.34647355801548,"Sulfanilamide","63-74-1",5333,"Yes","10.1021/acs.jced.9b00411"
"563","N[C@@H](CO)C(=O)O",298.15,"water","O",0.06416,3.79442019095901,0.579145422628095,"L-serine","56-45-1",5951,"No","10.1021/acs.jced.9b00460"
"564","COC(=O)Nc1nc2ccc(Sc3ccccc3)cc2[nH]1",298.15,"water","O",7.246e-06,0.00040103672772728,-3.39681585202103,"Fenbendazole","43210-67-9",3334,"No","10.1021/acs.jced.9b00471"
"565","Cc1c(C(=O)O)cc([N+](=O)[O-])cc1[N+](=O)[O-]",298.15,"water","O",3.496e-05,0.00193494791222364,-2.71333072146591,"3,5-dinitro-2-methylbenzoic acid","28169-46-2",98824,"No","10.1021/acs.jced.9b00497"
"566","NCCCCCC(=O)O",298.15,"water","O",0.136888,8.77770325962349,0.943380894931557,"Aminocaproic acid","60-32-2",564,"Yes","10.1021/acs.jced.9b00543"
"567","O=C1C=CC(=O)N1c1ccccc1Br",298.15,"water","O",0.0004425,0.0245012456313334,-1.61081183575534,"1-(2-bromo-phenyl)-pyrrole-2,5-dione","36817-47-7",709265,"No","10.1021/acs.jced.9b00560"
"568","N[C@@H](Cc1c[nH]c2ccccc12)C(=O)O",298.15,"water","O",0.00137,0.0759274177313177,-1.11960137009587,"L-tryptophan","73-22-3",6305,"Yes","10.1021/acs.jced.9b00562"
"569","O=[N+]([O-])c1ncccc1O",298.15,"water","O",0.00283,0.157072408337744,-0.803900097322049,"3-hydroxy-2-nitropyridine","15128-82-2",27057,"No","10.1021/acs.jced.9b00564"
"570","Cc1nc(N)nc(N)n1",298.15,"water","O",0.000228,0.0126216620853335,-1.89888345119654,"Acetoguanamine","542-02-9",10949,"No","10.1021/acs.jced.9b00593"
"571","N[C@H](Cc1c[nH]cn1)C(=O)O",298.15,"water","O",0.005056,0.281249072747281,-0.550908900707792,"D-histidine","351-50-8",71083,"No","10.1021/acs.jced.9b00659"
"572","O=C(O)c1cccnc1Cl",298.15,"water","O",0.000171,0.00946570689566267,-2.02384694752988,"2-chloronicotinic acid","2942-59-8",76258,"No","10.1021/acs.jced.9b00661"
"573","C[C@]12CCC3=C4CCC(=O)C=C4CC[C@H]3[C@@H]1CC[C@@]2(O)CC#N",298.15,"water","O",8.88e-06,0.00049147280724272,-3.30850050629804,"Dienogest","65928-58-7",68861,"Yes","10.1021/acs.jced.9b00696"
"574","C[C@H]1COc2c(N3CCN(C)CC3)c(F)c(N)c3c(=O)c(C(=O)O)cn1c23.Cl",298.15,"water","O",0.001613,0.0894165936616629,-1.04858187866527,"Antofloxacin hydrochloride","873888-67-6",24806572,"No","10.1021/acs.jced.9b00717"
"575","C[C@H](N)C(=O)O",293.15,"water","O",0.030824,1.76227627626831,0.246073994798576,"L-alanine","56-41-7",5950,"No","10.1021/acs.jced.9b00743"
"576","Nc1c(Cl)cc([N+](=O)[O-])cc1Cl",298.15,"water","O",6.43e-06,0.00035587414505676,-3.44870356318205,"2,6-dichloro-4-nitroaniline","99-30-9",7430,"No","10.1021/acs.jced.9b00778"
"577","O=C(O)[C@@H]1CCCN1",293.15,"water","O",0.204063,14.2060462115684,1.15247322307689,"L-proline","147-85-3",145742,"No","10.1021/acs.jced.9b00802"
"578","Oc1ccc(OCc2ccccc2)cc1",298.15,"water","O",1.3e-05,0.00071950144344382,-3.14296833045697,"Monobenzone","103-16-2",7638,"Yes","10.1021/acs.jced.9b00817"
"579","NC(N)=NC(N)=NCCc1ccccc1",298.15,"water","O",0.0008879,0.0491849810865886,-1.30816749127692,"Phenformin","114-86-3",8249,"No","10.1021/acs.jced.9b00844"
"580","Cc1cc(=O)oc2cc(N)ccc12",298.15,"water","O",2.755e-05,0.00152481178375198,-2.81678376046317,"7-amino-4-methylcoumarin","26093-31-2",92249,"No","10.1021/acs.jced.9b00873"
"581","Nc1ccc(Cl)cc1[N+](=O)[O-]",298.15,"water","O",2.5e-05,0.00138367322630193,-2.85896646245896,"4-chloro-2-nitroaniline","89-63-4",6979,"No","10.1021/acs.jced.9b00919"
"582","C(=Cc1ccc(-c2nc3ccccc3o2)cc1)c1ccc(-c2nc3ccccc3o2)cc1",323.15,"water","O",1.3e-07,7.12990378561633e-06,-5.14691633068921,"2,2'-(1,2-ethenediyldi-4,1-phenylene) bis-benzoxazole",NA,73744,"No","10.1021/acs.jced.9b00961"
"583","COc1cc([N+](=O)[O-])ccc1N",298.15,"water","O",1.3e-05,0.00071950144344382,-3.14296833045697,"2-methoxy-4-nitroaniline","97-52-9",7337,"No","10.1021/acs.jced.9b00991"
"584","O=Cc1ccc(O)c(Br)c1",298.15,"water","O",0.0001499,0.0082975410536937,-2.08105059015786,"3-bromo-4-hydroxybenzaldehyde","2973-78-6",76308,"No","10.1021/acs.jced.9b01004"
"585","Cc1c(Br)cccc1C(=O)O",298.15,"water","O",0.00387,0.215019385638575,-0.667522383357289,"3-bromo-2-methylbenzoic acid","76006-33-2",2735590,"No","10.1021/acs.jced.9b01007"
"586","CC1(C)NC(=O)NC1=O",298.15,"water","O",0.02417,1.3708349116207,0.136985156256192,"5,5-dimethylhydantoin","77-71-4",6491,"No","10.1021/acs.jced.9b01020"
"587","COC(=O)C1=C(C)NC(C)=C(C(=O)OCC(C)C)C1c1ccccc1[N+](=O)[O-]",298.15,"water","O",1.2e-05,0.00066415451440038,-3.17773087101609,"Nisoldipine","63675-72-9",4499,"Yes","10.1021/acs.jced.9b01036"
"588","COc1c(C)c2c(c(O)c1C/C=C(\C)CCC(=O)OCCN1CCOCC1)C(=O)OC2",298.15,"water","O",1.551e-06,8.58410740221036e-05,-4.0663048572239,"Mycophenolate mofetil","128794-94-5",5281078,"Yes","10.1021/acs.jced.9b01139"
"589","O=C([O-])/C=C/C(=O)O.[Na+]",293.15,"water","O",0.0090844,0.507980724181792,-0.29415276712614,"Monosodium fumarate","5873-57-4",6076814,"No","10.1021/acs.jced.9b01203"
"590","CC(=O)NC1(C)CCC2CC1C(C)=NC2(C)C",298.15,"water","O",0.001197,0.0663280124493865,-1.17830301634849,"8-acetamide-2,4,4,8-tetramethyl-3-azabicyclo[3.3.1]non-2-ene perchlorate",NA,500073,"No","10.1021/je010263o"
"591","CC1(N=C(O)c2ccccc2)CCC2CC1C(c1ccccc1)=[NH+]C2(C)C.[O-][Cl+3]([O-])([O-])[O-]",298.15,"water","O",3.8e-05,0.00210321064640089,-2.67711722850807,"8-benzamide-2-phenyl-4,4,8-trimethyl-3-azabicyclo[3.3.1]non-2-ene perchlorate",NA,NA,"No","10.1021/je010263o"
"592","NC(N)=O.O=P(O)(O)O",297.6,"water","O",0.1108,6.89090152984934,0.838276043943332,"Urea phosphate","4861-19-2",20994,"No","10.1021/je060346a"
"593","OC[C@@H](O)C(O)[C@@H](O)CO",298.3,"water","O",0.1797,12.1109706842396,1.08317895288001,"Xylitol","488-81-3",6912,"No","10.1021/je060348v"
"594","COc1cc(NS(=O)(=O)c2ccc(N)cc2)nc(OC)n1",298.15,"water","O",3.068e-06,0.00016980065417072,-3.77006064093431,"Sulfadimethoxine","122-11-2",5323,"Yes","10.1021/je0603978"
"595","COc1cc(NS(=O)(=O)c2ccc(N)cc2)ncn1",298.15,"water","O",3.882e-06,0.00021485224121709,-3.66786011164197,"Sulfamonomethoxine","1220-83-3",5332,"No","10.1021/je0603978"
"596","COc1cnc(NS(=O)(=O)c2ccc(N)cc2)nc1",298.15,"water","O",5.518e-06,0.00030539840458889,-3.51513323604204,"Sulfamethoxydiazine","651-06-9",5326,"Yes","10.1021/je0603978"
"597","Cc1cc(C)nc(NS(=O)(=O)c2ccc(N)cc2)n1",298.15,"water","O",2.919e-05,0.00161558362849477,-2.7916705563998,"Sulfamethazine","57-68-1",5327,"Yes","10.1021/je0603978"
"598","Cc1cc(NS(=O)(=O)c2ccc(N)cc2)no1",298.15,"water","O",2.698e-05,0.0014932631025599,-2.82586366586969,"Sulfamethoxazole","723-46-6",5329,"Yes","10.1021/je0603978"
"599","Nc1ccc(S(=O)(=O)Nc2ncccn2)cc1",298.15,"water","O",4.819e-06,0.00026671146846324,-3.57395830945741,"Sulfadiazine","68-35-9",5215,"Yes","10.1021/je0603978"
"600","Nc1ccc(S(=O)(=O)[N-]c2cncc(Cl)n2)cc1.[Na+]",298.15,"water","O",1.124e-05,0.00062209092236025,-3.20614613589831,"Sulfachloropyrazine","23307-72-4",42623021,"No","10.1021/je0603978"
"601","O=S(=O)([O-])c1ccc2cc(S(=O)(=O)[O-])ccc2c1.[Na+].[Na+]",298.15,"water","O",0.004016,0.223163936610895,-0.65137598624128,"Sodium 2,6-Naphthalene Disulfonate","1655-45-4",3014027,"No","10.1021/je100020v"
"602","O=S(=O)([O-])c1ccc2ccc(S(=O)(=O)[O-])cc2c1.[Na+].[Na+]",298.15,"water","O",0.018933,1.06807915326658,0.0286034386036861,"Sodium 2,7-Naphthalene Disulfonate","1655-35-2",74249,"No","10.1021/je100020v"
"603","CN/C(=C\[N+](=O)[O-])NCCSCc1csc(CN(C)C)n1",298.15,"water","O",0.02973,1.69584039918089,0.229384977038258,"Nizatidine","76963-41-2",3033637,"No","10.1021/je1000928"
"604","C[C@@]12C[C@H]3OC(=O)[C@@H]1CO[C@]14O[C@@]5([C@H]2C1=O)[C@@]3(C)OC(=O)[C@@]5(O)CC[C@H]1[C@H]4C[C@@H](O)[C@@]2(O)CC=CC(=O)[C@]12C",298.2,"water","O",0.0027,0.14967884163918,-0.824839586489199,"Physalin D","54980-22-2",70698073,"No","10.1021/je100227k"
"605","CCCCCCCCn1cc[n+](C)c1.F[P-](F)(F)(F)(F)F",299.05,"water","O",0.000128,0.00708343124206326,-2.14975631737889,"1-octyl-3-methylimidazolium hexafluorophosphate","304680-36-2",2734243,"No","10.1021/je1003059"
"606","CCCCCCn1cc[n+](C)c1.F[P-](F)(F)(F)(F)F",296.65,"water","O",0.00041,0.0227094052219473,-1.64379424016199,"1-hexyl-3-methylimidazolium hexafluorophosphate","304680-35-1",2734175,"No","10.1021/je1003059"
"607","CCCCn1cc[n+](C)c1.F[P-](F)(F)(F)(F)F",295.95,"water","O",0.00126,0.0698611807913775,-1.1557640782053,"1-butyl-3-methylimidazolium hexafluorophosphate","174501-64-5",2734174,"No","10.1021/je1003059"
"608","O=C(O)CCP(=O)(O)c1ccccc1",298.25,"water","O",0.00178,0.0986877708098934,-1.00573666089507,"2-carboxyethylphenylphosphinic acid","14657-64-8",11287340,"No","10.1021/je100341q"
"609","O=P(O)(CO)c1ccccc1",307.45,"water","O",0.0099,0.551856552223381,-0.258173796680165,"Hydroxymethylphenylphosphinic acid",NA,12062247,"No","10.1021/je100341q"
"610","O=P1(Oc2ccccc2)OCC2(CO1)COP(=O)(Oc1ccccc1)OC2",298.77,"water","O",2e-04,0.0110568571453745,-1.95636830145711,"3,9-diphenoxy-2,4,8,10-tetraoxa-3,9-diphosphaspiro-[5.5]-undecane-3,9-dioxide",NA,10949663,"No","10.1021/je100341q"
"611","N[C@@H](Cc1ccc([N+](=O)[O-])cc1[N+](=O)[O-])C(=O)O",293.15,"water","O",9.262e-06,0.00051321158211948,-3.28970355106207,"2,4-dinitro-L-phenylalanine","49607-21-8",17750304,"No","10.1021/je100352r"
"612","CO/N=C(/C(=O)N[C@@H]1C(=O)N2C(C(=O)O)=C(COC(N)=O)CS[C@H]12)c1ccco1",298.3,"water","O",7e-05,0.00387018770590357,-2.41226797098594,"Cefuroxime acid","55268-75-2",5479529,"No","10.1021/je100397q"
"613","CS(=O)(=O)c1ccc([C@@H](O)[C@@H](CF)NC(=O)C(Cl)Cl)cc1",298.7,"water","O",5.49e-05,0.00303475924211634,-2.51787575729639,"Florfenicol","73231-34-2",114811,"No","10.1021/je1008284"
"614","COC(=O)/C=C/C(=O)OC",300.55,"water","O",9.273e-05,0.00512932226986424,-2.28994001381651,"Dimethyl fumarate","624-49-7",637568,"Yes","10.1021/je100964a"
"615","CP(=O)(O)c1ccccc1",298.15,"water","O",0.0154,0.865652446510568,-0.062656439229039,"Methylphenylphosphinic acid","4271-13-0",345468,"No","10.1021/je1009812"
"616","O=[PH](O)c1ccccc1",297.79,"water","O",0.0095,0.530357845411851,-0.275431002387165,"Phenylphosphinic acid","1779-48-2",6327116,"No","10.1021/je1009812"
"617","COc1cc(CNC(=O)CCCCCCC(C)C)ccc1O",324.67,"water","O",4.806e-05,0.00262663918217801,-2.58059958155404,"Dihydrocapsaicin","19408-84-5",107982,"No","10.1021/je1011136"
"618","O=[N+]([O-])c1cc([N+](=O)[O-])c(O)c(Cl)c1O",298.85,"water","O",3.49024e-05,0.00193141104052266,-2.71412529036661,"2-chloro-4,6-dinitroresorcinol","116920-31-1",11107290,"No","10.1021/je1011423"
"619","O=C(CCc1ccc(O)cc1)c1c(O)cc(O)cc1O",298.2,"water","O",5.76e-06,0.00031845454633392,-3.49695254664127,"Phloretin","60-82-2",4788,"No","10.1021/je101168w"
"620","C[C@H]1[C@H](C)CC[C@]2(C(=O)O[C@@H]3O[C@H](CO[C@@H]4O[C@H](CO)[C@@H](O[C@@H]5O[C@@H](C)[C@H](O)[C@@H](O)[C@H]5O)[C@H](O)[C@H]4O)[C@@H](O)[C@H](O)[C@H]3O)CC[C@]3(C)C(=CC[C@@H]4[C@@]5(C)C[C@@H](O)[C@H](O)[C@@](C)(CO)[C@@H]5CC[C@]43C)[C@H]12",298.15,"water","O",1.9e-06,0.00010515673601761,-3.97816290251564,"Asiaticoside","16830-15-2",11954171,"No","10.1021/je101208p"
"621","N=c1nc(N2CCCCC2)cc(N)n1O",298.15,"water","O",0.000235,0.0130092603402099,-1.88574739515995,"Minoxidil",NA,135743713,"No","10.1021/je1012839"
"622","CO/N=C(\C(=O)O)c1csc(N)n1",298.36,"water","O",0.0005573,0.0308264419960417,-1.51107659887574,"(Z)-2-(2-aminothiazol-4-yl)-2-methoxyiminoacetic acid","65872-41-5",5582975,"No","10.1021/je101351w"
"623","c1ccc2c(c1)Nc1ccccc1S2",298.2,"water","O",1.56e-07,8.62476229643093e-06,-5.06425286550349,"Phenothiazine","92-84-2",7108,"No","10.1021/je2001649"
"624","C[N+](C)(C)CC(=O)[O-]",298.35,"water","O",0.1999,13.8270462514695,1.14072941556165,"Betaine","107-43-7",247,"No","10.1021/je2011659"
"625","CCOC(=O)C1=C(COCCN)NC(C)=C(C(=O)OC)C1c1ccccc1Cl.O=S(=O)(O)c1ccccc1",298.2,"water","O",5.3e-05,0.00293036255537764,-2.53307864378958,"Amlodipine besylate","111470-99-6",60496,"Yes","10.1021/je3005672"
"626","Cc1ccc(S(=O)(=O)NCl)cc1.[Na]",298,"water","O",0.01382,0.774840085604587,-0.110787919565536,"N-chloro-4-toluenesulfonamide sodium",NA,10198484,"No","10.1021/je300721p"
"627","O=S(=O)(NCl)c1ccccc1.[Na]",298,"water","O",0.01575,0.884780133781378,-0.0531646372667551,"N-Chlorobenzenesulfonamide Sodium",NA,24188389,"No","10.1021/je300721p"
"628","CN1C(=O)CN=C(c2ccccc2)c2cc(Cl)ccc21",298.2,"water","O",1.26e-06,6.96616185314579e-05,-4.15700643927895,"Diazepam","439-14-5",3016,"Yes","10.1021/je3009842"
"629","O=C1CN=C(c2ccccc2Cl)c2cc([N+](=O)[O-])ccc2N1",298.2,"water","O",1.9e-07,1.05045185387042e-05,-4.97862384813911,"Clonazepam","1622-61-3",2802,"Yes","10.1021/je3009842"
"630","CC(=O)N1CN(C(C)=O)CN(C(C)=O)C1",298,"water","O",0.00434,0.241012128164268,-0.617961102394892,"1,3,5-Triacetyl-hexahydro-s-triazine","26028-46-6",33271,"No","10.1021/je301237t"
"631","O=[N+]([O-])N1CN([N+](=O)[O-])CN([N+](=O)[O-])CN([N+](=O)[O-])C1",298,"water","O",0.00557,0.309700000174047,-0.509058794399146,"Cyclotetramethylenetetranitramine (HMX)","2691-41-0",17596,"No","10.1021/je301237t"
"632","O=C(O)c1cc(O)c(O)c(O)c1",298,"water","O",0.0011,0.0608878866017224,-1.21546909990079,"Gallic acid","149-91-7",370,"No","10.1021/je400029t"
"633","O=C(O)[C@@H](O)CCc1ccccc1",298.2,"water","O",0.00137,0.0758470033614396,-1.120061573075,"(S)-2-hydroxy-4-phenylbutyric acid","115016-95-0",11159656,"No","10.1021/je400053q"
"634","O=[N+]([O-])c1ccc(/C=C/c2ccc([N+](=O)[O-])cc2S(=O)(=O)[O-])c(S(=O)(=O)[O-])c1.[Na+].[Na+]",296.45,"water","O",0.002278,0.126418242204535,-0.898190252658615,"Disodium 4,4'-dinitrostilbene-2,2'-disulfonate","3709-43-1",6433384,"No","10.1021/je400064r"
"635","O=C1C[C@@H](c2ccc(O)cc2)Oc2cc(O)cc(O)c21",298.15,"water","O",0.01018,0.569212232483383,-0.244725775413211,"Naringenin","480-41-1",439246,"No","10.1021/je4000718"
"636","O=C(O)[C@@H]1Cc2ccccc2N1",297.45,"water","O",0.000322,0.0178300454655919,-1.74884754939725,"(S)-indoline-2-carboxylic acid","79815-20-6",2733920,"No","10.1021/je400188h"
"637","CC1=C(C(=O)O)N2C(=O)[C@@H](NC(=O)[C@H](N)C3=CCC=CC3)[C@H]2SC1",298.15,"water","O",0.00117,0.0648301393563025,-1.18822304485386,"Cefradine","38821-53-3",38103,"Yes","10.1021/je400218d"
"638","CC1(C)COP(=O)(C(C)(C)O)OC1",298.25,"water","O",0.00711,0.396312771314454,-0.40196193215225,"1,3,2-dioxaphosphorinane-2-methanol-a,a-5,5-tetramethyl 2-oxide",NA,54110956,"No","10.1021/je4003114"
"639","O=[N+]([O-])c1nonc1-c1no[n+]([O-])c1-c1nonc1[N+](=O)[O-]",298.15,"water","O",1.24836e-06,6.90912512798968e-05,-4.16057694193713,"3,4-bis(3-nitrofurazan-4-yl)furoxan",NA,605902,"No","10.1021/je4005992"
"640","Cc1cccc(Nc2ccccc2C(=O)O)c1C",313,"water","O",1e-05,0.00054931751321011,-3.26017655468469,"Mefenamic acid","61-68-7",4044,"Yes","10.1021/je400714f"
"641","N#CN=C(N)N",298.15,"water","O",0.008915,0.497843814660152,-0.302906884288757,"Dicyandiamide","461-58-5",10005,"No","10.1021/je400754e"
"642","O=C(O)c1cc2ccccc2[nH]1",298.15,"water","O",6.88e-05,0.00380803551490837,-2.419299009905,"Indole-2-carboxylic acid","1477-50-5",72899,"No","10.1021/je400813d"
"643","O.O=C(O)CC(O)(CC(=O)O)C(=O)O",298.15,"water","O",0.1383,8.88277698258685,0.948548758534972,"2-hydroxypropane-1,2,3-tricarboxylic acid monohydrate","5949-29-1",22230,"No","10.1021/je400838e"
"644","CC(=O)Nc1ccc(O)cc1",298.15,"water","O",0.0016,0.0886947842609791,-1.05210191831119,"Paracetamol","103-90-2",1983,"Yes","10.1021/je4008525"
"645","O=c1c(-c2ccc(O)cc2)coc2cc(O)cc(O)c12",298.2,"water","O",8.46e-08,4.67727460372239e-06,-5.33000713182756,"Genistein","446-72-0",5280961,"No","10.1021/je4010905"
"646","OC[C@H]1O[C@H](O[C@H]2O[C@H](CO)[C@@H](O)[C@H](O)[C@H]2O)[C@H](O)[C@@H](O)[C@@H]1O",298.15,"water","O",0.0436626,2.52685967280859,0.402581124382487,"Trehalose","99-20-7",7427,"No","10.1021/je5000428"
"647","CCN(CC)CCNC(=O)c1cc(Cl)c(N)cc1OC.Cl",298.15,"water","O",0.05161,3.01182382458957,0.478829564392433,"Metoclopramide hydrochloride","7232-21-5",23659,"No","10.1021/je500154k"
"648","O=c1cc(-c2ccccc2)oc2cc(O)cc(O)c12",298.15,"water","O",0.00186,0.103134544657726,-0.986595844499072,"Chrysin","480-40-0",5281607,"No","10.1021/je5001654"
"649","COc1ccc([C@@H]2CC(=O)c3c(O)cc(O[C@@H]4O[C@H](CO[C@@H]5O[C@@H](C)[C@H](O)[C@@H](O)[C@H]5O)[C@@H](O)[C@H](O)[C@H]4O)cc3O2)cc1O",298.15,"water","O",1.47e-07,8.13579636665316e-06,-5.0895999300393,"Hesperidin","520-26-3",10621,"No","10.1021/je500206w"
"650","CCN1CCN(c2cc3c(cc2F)c(=O)c(C(=O)O)cn3C2CC2)CC1",303.15,"water","O",1.15e-05,0.00063558738141697,-3.19682473360968,"Enrofloxacin","93106-60-6",71188,"No","10.1021/je5002158"
"651","O=C(NNC(=S)Nc1ccc(Cl)cc1)c1ccncc1",298.15,"water","O",5.17e-07,2.86136617541291e-05,-4.54342656100452,"N-(4-chlorophenyl)-2-(pyridin-4-ylcarbonyl)hydrazinecarbothioamide","74270-72-7",5061639,"No","10.1021/je5002522"
"652","COC(=O)[C@H](Cc1ccccc1)NC(=O)[C@@H](N)CC(=O)O",298.15,"water","O",0.0007014,0.0388466125427636,-1.41064684605551,"Aspartame","22839-47-0",134601,"No","10.1021/je500259m"
"653","Oc1cccc(/C=N\NC(=S)NC2CCCCC2)c1",298.15,"water","O",3.9e-07,2.15847711158126e-05,-4.66585255222738,"(2Z)-N-cyclohexyl-2-(3-hydroxybenzylidine) hydrazine carbothioamide",NA,9729029,"No","10.1021/je5003708"
"654","CC(C)Cc1ccc(C(C)C(=O)[O-])cc1.O.O.[Na+]",297.25,"water","O",0.017443,0.982747426106843,-0.00755808495794605,"Ibuprofen sodium dihydrate","527688-20-6",23690315,"Yes","10.1021/je5004093"
"655","CC(O)C(=O)[O-].CC(O)C(=O)[O-].O.O.O.O.O.[Ca+2]",298.15,"water","O",0.00544,0.30272659956257,-0.518949417379368,"Calcium-L-lactate pentahydrate","5743-47-5",165341,"No","10.1021/je500416k"
"656","C[n+]1ccn(CCOCOCCn2cc[n+](C)c2)c1.F[P-](F)(F)(F)(F)F.F[P-](F)(F)(F)(F)F",298,"water","O",0.000334,0.0184736101089017,-1.73344822653211,"1,1'-[1,2-ethanediylbis(oxy-1,2-ethanediyl)]bis-[3-methyl-1H-imidazolium-1-yl] dihexafluorophosphate",NA,NA,"No","10.1021/je5004466"
"657","O=[N+]([O-])c1cccc(Cl)c1Cl",298.15,"water","O",8.684e-06,0.00048062488981648,-3.31819374241673,"2,3-dichloronitrobenzene","3209-22-1",18555,"No","10.1021/je500494d"
"658","O=C1N2CN3C(=O)N4CN5C(=O)N6CN7C(=O)N8CN9C(=O)N%10CN%11C(=O)N%12CN1C1C2N2CN%13C(=O)N(CN%14C(=O)N(CN%15C(=O)N(CN%16C(=O)N(CN%17C(=O)N(CN1C2=O)C%12C%11%17)C%10C9%16)C8C7%15)C6C5%14)C4C3%13",293.15,"water","O",0.002307,0.128126310128524,-0.892361680790964,"Hydroxyl cucurbit[6]uril","80262-44-8",196163,"No","10.1021/je5005033"
"659","O=S(=O)([O-])c1cccc2ccccc12.[Na+]",298.15,"water","O",0.012558,0.70386853999284,-0.152508445526746,"Sodium 1-naphthalenesulfonate","130-14-3",23661867,"No","10.1021/je500517d"
"660","NC(CO)(CO)CO",298.2,"water","O",0.092,5.60175934350684,0.74832444721657,"Tris(hydroxymethyl)aminomethane","77-86-1",6503,"Yes","10.1021/je500620m"
"661","CCCCCCCC[n+]1csc2ccccc21.F[P-](F)(F)(F)(F)F",300.15,"water","O",4.01e-05,0.0022182655830355,-2.65398645893443,"N-octyl-benzothiazolium hexafluorophosphate",NA,155045885,"No","10.1021/je500762n"
"662","CCCCCCC[n+]1csc2ccccc21.F[P-](F)(F)(F)(F)F",300.15,"water","O",5.5e-05,0.00304255424028893,-2.51676167076488,"N-heptyl-benzothiazolium hexafluorophosphate",NA,155045902,"No","10.1021/je500762n"
"663","CCCCCC[n+]1csc2ccccc21.F[P-](F)(F)(F)(F)F",298.15,"water","O",6.5e-05,0.00359769429975479,-2.4439757419271,"N-hexyl-benzothiazolium hexafluorophosphate",NA,155045874,"No","10.1021/je500762n"
"664","CCCCC[n+]1csc2ccccc21.F[P-](F)(F)(F)(F)F",295.15,"water","O",4.89e-05,0.00270848398524989,-2.56727372796977,"N-pentyl-benzothiazolium hexafluorophosphate",NA,155045912,"No","10.1021/je500762n"
"665","CCCC[n+]1csc2ccccc21.F[P-](F)(F)(F)(F)F",298.15,"water","O",0.000168,0.00929961395879203,-2.03153507930049,"N-butyl-benzothiazolium hexafluorophosphate",NA,155045893,"No","10.1021/je500762n"
"666","O=C(O)CCCC[C@@H]1SC[C@@H]2NC(=O)N[C@@H]21",298.15,"water","O",4.97e-06,0.00027506872762446,-3.56055878144649,"Biotin","58-85-5",171548,"Yes","10.1021/je500787x"
"667","COC(=O)[C@H]1[C@H]2C[C@@H]3c4[nH]c5cc(OC)ccc5c4CCN3C[C@H]2C[C@@H](OC(=O)c2cc(OC)c(OC)c(OC)c2)[C@@H]1OC",298.15,"water","O",9.71e-07,5.37405767449643e-05,-4.26969767702061,"Reserpine","50-55-5",5770,"Yes","10.1021/je500893g"
"668","CC(=O)Nc1ccncc1NS(=O)(=O)c1ccc([N+](=O)[O-])cc1",298,"water","O",8.33e-06,0.00046058400001691,-3.33669115283522,"4-nitro-N-(2-NHCOCH3-4-pyridinyl)-benzenesulfonamide",NA,NA,"No","10.1021/je500918t"
"669","CCN(CC)S(=O)(=O)c1ccc(N)cc1",298,"water","O",4.27e-05,0.00236105795704737,-2.62689335213477,"4-amino-N,N-diethyl-benzene-sulfonamide","1709-39-3",95067,"No","10.1021/je500918t"
"670","CCOC(=O)c1ccc(NS(=O)(=O)c2ccccc2)nc1",298,"water","O",1.24e-06,6.85618380246892e-05,-4.16391754824238,"N-(4-COOC2H3-2-pyridinyl)-benzenesulfonamide",NA,NA,"No","10.1021/je500918t"
"671","CCOc1ccc(NS(=O)(=O)c2ccc([N+](=O)[O-])cc2)cc1",298,"water","O",3.41e-07,1.88544885065833e-05,-4.72458524484317,"4-nitro-N-(4-ethoxyphenyl)-benzene-sulfonamide","349098-79-9",786664,"No","10.1021/je500918t"
"672","CCc1ccc(NS(=O)(=O)c2ccc(N)cc2)cc1",298,"water","O",5.09e-07,2.81435081001078e-05,-4.5506217685374,"4-amino-N-(4-ethylphenyl)-benzene-sulfonamide",NA,16787408,"No","10.1021/je500918t"
"673","CN(C)S(=O)(=O)c1ccc(N)cc1",298,"water","O",3.21e-05,0.0017749217101136,-2.75082079844861,"4-amino-N,N-dimethyl-benzene-sulfonamide","1709-59-7",74369,"No","10.1021/je500918t"
"674","CNS(=O)(=O)c1ccc(N)cc1",298,"water","O",0.00103,0.0570092078697917,-1.24405499337876,"4-amino-N-methyl-benzene-sulfonamide","1709-52-0",74368,"No","10.1021/je500918t"
"675","COc1c(Cl)cccc1NS(=O)(=O)c1ccc(N)cc1",298,"water","O",1.26e-06,6.96676755152169e-05,-4.15696867960115,"4-amino-N-(2-methoxy-3-chlorophenyl)-benzenesulfonamide",NA,NA,"No","10.1021/je500918t"
"676","COc1ccc(NS(=O)(=O)c2ccc(N)cc2)cc1",298,"water","O",1.32e-06,7.29851882522011e-05,-4.13676526745516,"4-amino-N-(4-methoxyphenyl)-benzenesulfonamide","19837-74-2",578975,"No","10.1021/je500918t"
"677","Cc1cc(Cl)ccc1NS(=O)(=O)c1ccc(N)cc1",298,"water","O",7.72e-07,4.26852533741316e-05,-4.3697221363189,"4-amino-N-(4-chloro-2-methylphenyl)-benzenesulfonamide",NA,24695106,"No","10.1021/je500918t"
"678","Cc1cc(N)ccc1S(=O)(=O)Nc1ccc(Cl)cc1",298,"water","O",6.71e-07,3.71007799497643e-05,-4.43061696034942,"4-amino-N-(4-chlorophenyl)-2-methyl-benzenesulfonamide",NA,NA,"No","10.1021/je500918t"
"679","Cc1cc(N)ccc1S(=O)(=O)Nc1ccccc1Cl",298,"water","O",1.57e-07,8.68080396148104e-06,-5.06144005133663,"4-amino-N-(2-chlorophenyl)-2-methyl-benzenesulfonamide",NA,43257597,"No","10.1021/je500918t"
"680","Cc1cc(N)ccc1S(=O)(=O)Nc1ccccc1[N+](=O)[O-]",298,"water","O",5.18e-07,2.86411342378408e-05,-4.54300978722027,"4-amino-2-methyl-N-(2-nitrophenyl)-benzenesulfonamide",NA,NA,"No","10.1021/je500918t"
"681","Cc1ccc(Cl)cc1NS(=O)(=O)c1ccc(N)cc1",298,"water","O",1.61e-06,8.90198387597599e-05,-4.05051319668358,"4-amino-N-(5-chloro-2-methylphenyl)-benzenesulfonamide","34392-72-8",17608903,"No","10.1021/je500918t"
"682","Cc1ccc(NS(=O)(=O)c2ccc(N)cc2)c(Cl)c1",298,"water","O",7.65e-07,4.22982106251696e-05,-4.37367800454108,"4-amino-N-(2-chloro-4-methylphenyl)-benzenesulfonamide",NA,NA,"No","10.1021/je500918t"
"683","Cc1ccc(NS(=O)(=O)c2ccc(N)cc2)cc1Cl",298,"water","O",1.53e-07,8.45963694773215e-06,-5.07264827466545,"4-amino-N-(3-chloro-4-methylphenyl)-benzenesulfonamide","952915-63-8",17608906,"No","10.1021/je500918t"
"684","Cc1ccc(NS(=O)(=O)c2ccc([N+](=O)[O-])cc2)nc1",298,"water","O",1.13e-06,6.24797326174618e-05,-4.20426083769365,"N-(5-methyl-2-pyridinyl)-4-nitro-benzenesulfonamide",NA,743889,"No","10.1021/je500918t"
"685","N#Cc1ccc(NS(=O)(=O)c2ccc(N)cc2)cc1",298,"water","O",5.47e-06,0.00030244745193096,-3.51935006999936,"4-amino-N-(4-cyanophenyl)-benzene-sulfonamide","25612-07-1",16781984,"No","10.1021/je500918t"
"686","Nc1ccc(S(=O)(=O)N(c2ccccc2)c2ccccc2)cc1",298,"water","O",4.84e-07,2.67612133200699e-05,-4.57249420008711,"4-amino-N,N-diphenyl-benzene-sulfonamide",NA,10663754,"No","10.1021/je500918t"
"687","Nc1ccc(S(=O)(=O)Nc2cc(Cl)c(Cl)cc2Cl)cc1",298,"water","O",2.51e-07,1.38782292939279e-05,-4.85766594144114,"4-amino-N-(2,4,5-trichlorophenyl)-benzenesulfonamide",NA,29552517,"No","10.1021/je500918t"
"688","Nc1ccc(S(=O)(=O)Nc2cc(Cl)ccc2Cl)cc1",298,"water","O",7.25e-07,4.00865378779071e-05,-4.3970014504955,"4-amino-N-(2,5-dichlorophenyl)-benzenesulfonamide",NA,28590083,"No","10.1021/je500918t"
"689","Nc1ccc(S(=O)(=O)Nc2ccc(Cl)c(Cl)c2)cc1",298,"water","O",2.05e-07,1.13348082644761e-05,-4.94558582184398,"4-amino-N-(3,4-dichlorophenyl)-benzenesulfonamide","34392-63-7",593571,"No","10.1021/je500918t"
"690","Nc1ccc(S(=O)(=O)Nc2ccc(Cl)cc2)c(Cl)c1",298,"water","O",4.72e-07,2.60977118502012e-05,-4.58339756830898,"4-amino-2-chloro-N-(4-chlorophenyl)-benzenesulfonamide",NA,29790765,"No","10.1021/je500918t"
"691","Nc1ccc(S(=O)(=O)Nc2ccc(Cl)cc2)cc1",298,"water","O",1.19e-06,6.57972444918919e-05,-4.18179229372684,"4-amino-N-(4-chlorophenyl)-benzene-sulfonamide","16803-92-2",788021,"No","10.1021/je500918t"
"692","Nc1ccc(S(=O)(=O)Nc2ccc(I)cc2)cc1",298,"water","O",5.44e-07,3.00787209082738e-05,-4.52174063597566,"4-amino-N-(4-iodophenyl)-benzene-sulfonamide","6965-75-9",247908,"No","10.1021/je500918t"
"693","Nc1ccc(S(=O)(=O)Nc2ccc([N+](=O)[O-])cc2)cc1",298,"water","O",3.65e-06,0.0002018155741101,-3.69504532229588,"4-amino-N-(4-nitrophenyl)-benzene-sulfonamide","6829-82-9",311763,"No","10.1021/je500918t"
"694","Nc1ccc(S(=O)(=O)Nc2ccc([N+](=O)[O-])cc2Br)cc1",298,"water","O",3.01e-07,1.66428176348196e-05,-4.7787731456136,"4-amino-N-(2-bromo-4-nitrophenyl)-benzenesulfonamide",NA,NA,"No","10.1021/je500918t"
"695","Nc1ccc(S(=O)(=O)Nc2cccc(Cl)c2Cl)cc1",298,"water","O",3.32e-07,1.83568625450101e-05,-4.73620154404028,"4-amino-N-(2,3-dichlorophenyl)-benzenesulfonamide","943757-10-6",17608902,"No","10.1021/je500918t"
"696","Nc1ccc(S(=O)(=O)Nc2ccccc2Cl)c(Cl)c1",298,"water","O",1.19e-07,6.57971740230346e-06,-5.18179275885653,"4-amino-2-chloro-N-(2-chlorophenyl)-benzenesulfonamide","1036593-23-3",28551168,"No","10.1021/je500918t"
"697","O=S(=O)(Nc1ccc(Br)cc1Br)c1ccccc1",298,"water","O",1.42e-07,7.85142766904582e-06,-5.10505136587723,"N-(2,4-dibromophenyl)-benzene-sulfonamide",NA,8193388,"No","10.1021/je500918t"
"698","O=S(=O)(Nc1ccc(Cl)cc1)c1ccccc1",298,"water","O",1.68e-06,9.2890273034253e-05,-4.0320297605889,"N-(4-chlorophenyl)-benzene-sulfonamide","4750-28-1",20865,"No","10.1021/je500918t"
"699","O=S(=O)(Nc1cccc(Cl)c1Cl)c1ccccc1",298,"water","O",4.08e-07,2.25590376131745e-05,-4.64667943164804,"N-(2,3-dichlorophenyl)-benzene-sulfonamide","92589-22-5",825454,"No","10.1021/je500918t"
"700","O=S(=O)(Nc1ccccc1)c1ccccc1",298,"water","O",8.49e-06,0.00046943082662739,-3.32842839451035,"N-phenyl-benzene-sulfonamide","1678-25-7",74296,"No","10.1021/je500918t"
"701","O=S(=O)(Nc1ccccc1Cl)c1ccccc1",298,"water","O",8.69e-07,4.8048560596103e-05,-4.31831961807937,"N-(2-chlorophenyl)-benzene-sulfonamide","21226-30-2",252039,"No","10.1021/je500918t"
"702","O=S(=O)(Nc1cccnc1Cl)c1ccccc1",298,"water","O",3.12e-06,0.00017251075547951,-3.76318382291077,"N-(2-chloro-3-pyridinyl)-benzene-sulfonamide",NA,737321,"No","10.1021/je500918t"
"703","O=S(=O)(Nc1ncccc1Cl)c1ccccc1",298,"water","O",1.17e-05,0.00064692088364669,-3.18914882890878,"N-(3-chloro-2-pyridinyl)-benzene-sulfonamide",NA,NA,"No","10.1021/je500918t"
"704","O=[N+]([O-])c1ccc(NS(=O)(=O)c2ccccc2)cc1",298,"water","O",2.11e-06,0.00011666580975106,-3.93305640027009,"N-(4-nitrophenyl)-benzene-sulfonamide","1829-81-8",231837,"No","10.1021/je500918t"
"705","O=[N+]([O-])c1ccc(S(=O)(=O)Nc2nccs2)cc1",298,"water","O",4.23e-06,0.00023388503386908,-3.63099756748552,"4-nitro-N-2-thiazolyl-benzene-sulfonamide","473-42-7",10127,"No","10.1021/je500918t"
"706","O=[N+]([O-])c1ccccc1NS(=O)(=O)c1ccccc1",298,"water","O",1.78e-06,9.84194657949216e-05,-4.00691899657635,"N-(2-nitrophenyl)-benzene-sulfonamide","6933-51-3",285267,"No","10.1021/je500918t"
"707","CC1(C)COC(=O)[C@@H]1O",298.15,"water","O",0.2381,17.2959369401554,1.2379440932031,"D-pantolactone","599-04-2",439368,"No","10.1021/je500996n"
"708","CCOC(=O)C1(c2ccccc2)CCN(CCC(C#N)(c2ccccc2)c2ccccc2)CC1",298.15,"water","O",1.19e-05,0.00065861982758427,-3.18136519910115,"Diphenoxylate","915-30-0",13505,"Yes","10.1021/je5010033"
"709","C[n+]1ccn(CCOCCn2cc[n+](C)c2)c1.F[P-](F)(F)(F)(F)F.F[P-](F)(F)(F)(F)F",298,"water","O",0.000271,0.0149881223175761,-1.82425277130071,"3,3'-(oxidi-2,1-ethanediyl)bis[1-methyl-imidazolium] dihexafluorophosphate",NA,NA,"No","10.1021/je501026m"
"710","O=C1Nc2ccccc2C1=O",298.15,"water","O",5.14e-05,0.00284490726070613,-2.54593188632341,"Isatin","91-56-5",7054,"No","10.1021/je501036r"
"711","CO/N=C(\C(=O)N[C@@H]1C(=O)N2C(C(=O)[O-])=C(COC(C)=O)CS[C@H]12)c1csc(N)n1.[Na+]",298.15,"water","O",0.018884,1.06526168050895,0.0274563049027865,"Sodium cefotaxime","64485-93-4",23672566,"Yes","10.1021/je600564q"
"712","CC(C)(O)P1(=O)OCC2(CO1)COP(=O)(C(C)(C)O)OC2",298.01,"water","O",0.005852,0.325470487537383,-0.487488385531267,"2,4,8,10-tetraoxa-3,9-diphosphaspiro[5.5]undecane-3,9-dimethanol, a,a,a‘,a‘-tetramethyl-3,9-dioxide","66063-49-8",15994036,"No","10.1021/je700050r"
"713","CCCCCC1CCC(=O)O1",323.15,"water","O",0.00072,0.039517145100509,-1.4032144383729,"<U+03B3>-Nonalactone","104-61-0",7710,"No","10.1021/je700122y"
"714","CCCCCC=O",353.15,"water","O",0.000591,0.0318993904248368,-1.496217615929,"Hexanal","66-25-1",6184,"No","10.1021/je700122y"
"715","O=CCc1ccccc1",323.15,"water","O",0.0018,0.0988997514426884,-1.00480479988113,"Phenylethanal","122-78-1",998,"No","10.1021/je700122y"
"716","O=Cc1ccccc1",353.15,"water","O",0.00236,0.12760753179335,-0.894123691447488,"Benzaldehyde","100-52-7",240,"No","10.1021/je700122y"
"717","O=Cc1ccco1",353.15,"water","O",0.028,1.55392454161998,0.191429925691585,"2-Furfural","98-01-1",7362,"No","10.1021/je700122y"
"718","OCCc1ccccc1",333.15,"water","O",0.0051,0.279768200001523,-0.553201651347857,"2-Phenylethanol","60-12-8",6054,"No","10.1021/je700122y"
"719","O=C(O)Cn1cnnn1",298.24,"water","O",0.02337,1.32295041753055,0.121543567697403,"1H-Tetrazole-1-acetic Acid","21732-17-2",543207,"No","10.1021/je700200b"
"720","CCC[C@@H]1C[C@@H](C(=O)N[C@@H]([C@H]2O[C@H](SC)[C@H](OP(=O)(O)O)[C@@H](O)[C@H]2O)[C@H](C)Cl)N(C)C1",298.15,"water","O",0.20292,14.0898254482316,1.14890561288655,"Clindamycin phosphate","24729-96-2",443385,"Yes","10.1021/je700216w"
"721","O=C(O)c1ccc([N+](=O)[O-])cc1C(=O)O",298.15,"water","O",0.1175,7.36895363401132,0.867405823919129,"4-nitrophthalic acid","610-27-5",69121,"No","10.1021/je7002594"
"722","O=C(O)c1cccc([N+](=O)[O-])c1C(=O)O",298.15,"water","O",0.001412,0.0782584109512006,-1.10646897476055,"3-nitrophthalic acid","603-11-2",69043,"No","10.1021/je7002594"
"723","CC1(C)S[C@@H]2[C@H](N)C(=O)N2[C@H]1C(=O)O",298.15,"water","O",0.00020252,0.0112108502715219,-1.95036144768813,"6-aminopenicillanic acid","551-16-6",11082,"No","10.1021/je700284r"
"724","C1CN2CN3CCN(CN1C3)C2",298,"water","O",0.1128,7.02987810446015,0.846947794576113,"1,3,6,8-tetraazatricyclo[4.4.1.13,8]dodecane (tatd)","51-46-7",66123,"No","10.1021/je700304z"
"725","O=P1(c2cc(O)ccc2O)Oc2ccccc2-c2ccccc21",303,"water","O",0.000139,0.00766991270753026,-2.11520957879595,"2-(6-oxido-6H-dibenz[c,e][1,2]oxaphosphorin-6-yl)-1,4-dihydroxy phenylene","99208-50-1",13750322,"No","10.1021/je700404u"
"726","CC(CN1c2ccccc2S(=O)(=O)c2ccccc21)N(C)C.Cl",298.18,"water","O",0.003025,0.167751864292405,-0.775332644646869,"Dioxopromethazine hydrochloride","15374-15-9",11416891,"No","10.1021/je700453v"
"727","O=C(O)CCCCCCCCC(=O)O",321.95,"water","O",3.622e-05,0.00198763820929729,-2.70166266320067,"Sebacic acid","111-20-6",5192,"No","10.1021/je7005314"
"728","CC1COc2c(N3CCN(C)CC3)c(F)cc3c(=O)c(C(=O)O)cn1c23",298.15,"water","O",0.0001504,0.00832522213838879,-2.07960416957067,"Ofloxacin","82419-36-1",4583,"Yes","10.1021/je7007044"
"729","CCn1cc(C(=O)O)c(=O)c2cc(F)c(N3CCN(C)CC3)cc21",298.15,"water","O",6.148e-06,0.00034026650494764,-3.46818079975038,"Pefloxacin","70458-92-3",51081,"Yes","10.1021/je7007044"
"730","CCn1cc(C(=O)O)c(=O)c2cc(F)c(N3CCNC(C)C3)c(F)c21",298.15,"water","O",3.769e-05,0.00208605222863738,-2.68067482231166,"Lomefloxacin","98079-51-7",3948,"Yes","10.1021/je7007044"
"731","CCn1cc(C(=O)O)c(=O)c2cc(F)c(N3CCNCC3)cc21",298.15,"water","O",2.27e-05,0.00125637239975339,-2.90088161283901,"Norfloxacin","70458-96-7",4539,"Yes","10.1021/je7007044"
"732","CCn1cc(C(=O)O)c(=O)c2cnc(N3CCNCC3)nc21",298.15,"water","O",2.045e-05,0.00113183954911628,-2.94621513487244,"Pipemidic acid","51940-44-4",4831,"Yes","10.1021/je7007044"
"733","O=C(O)c1cn(C2CC2)c2cc(N3CCNCC3)c(F)cc2c1=O",298.15,"water","O",4.66e-06,0.00025791144333277,-3.58852938812176,"Ciprofloxacin","85721-33-1",2764,"Yes","10.1021/je7007044"
"734","CC1=CC(=O)[N-]S(=O)(=O)O1.[K+]",298.02,"water","O",0.00027061,0.014966416735725,-1.82488216613517,"Acesulfame potassium","55589-62-3",11074431,"No","10.1021/je700713q"
"735","O=c1[nH]cc(Br)c(=O)[nH]1",298.15,"water","O",0.000272,0.0150580841419341,-1.82223028042715,"5-bromouracil","51-20-7",5802,"No","10.1021/je800029c"
"736","O=c1[nH]cc(C(F)(F)F)c(=O)[nH]1",298.15,"water","O",0.002682,0.148835930672141,-0.827292212547263,"5-(trifluoromethyl)uracil","54-20-6",5899,"No","10.1021/je800029c"
"737","O=c1[nH]cc(Cl)c(=O)[nH]1",298.15,"water","O",0.000308,0.0170516798940935,-1.76823282882421,"5-chlorouracil","1820-81-1",15758,"No","10.1021/je800029c"
"738","O=c1[nH]cc(F)c(=O)[nH]1",298.15,"water","O",0.002484,0.137820681293399,-0.860685607554169,"5-fluorouracil","51-21-8",3385,"Yes","10.1021/je800029c"
"739","O=c1[nH]cc(I)c(=O)[nH]1",298.15,"water","O",0.000373,0.0206515914699297,-1.68504647475933,"5-iodouracil","696-07-1",69672,"No","10.1021/je800029c"
"740","O=c1cc(Cl)[nH]c(=O)[nH]1",298.15,"water","O",0.000603,0.033393500144034,-1.47633805792758,"6-chlorouracil","4270-27-3",73272,"No","10.1021/je800029c"
"741","O=c1cc[nH]c(=O)[nH]1",298.15,"water","O",0.000743,0.0411523163875622,-1.38560571413281,"Uracil","66-22-8",1174,"No","10.1021/je800029c"
"742","O=P(O)(c1ccccc1)c1ccccc1",303.14,"water","O",5e-05,0.00275854758799358,-2.55931951958199,"Diphenylphosphinic acid","1707-03-5",15567,"No","10.1021/je800049b"
"743","O=C1O[C@H]([C@@H](O)CO)C(O)=C1O",298,"water","O",0.03307,1.89103422102385,0.276699388108576,"Vitamin C","50-81-7",54670067,"Yes","10.1021/je800056h"
"744","CC[C@H](C)C(=O)O[C@H]1C[C@H](O)C=C2C=C[C@H](C)[C@H](CC[C@@H](O)C[C@@H](O)CC(=O)[O-])[C@H]21.[Na+]",298,"water","O",0.02852,1.62321439369234,0.210375885105526,"Pravastatin sodium","81131-70-6",16759173,"Yes","10.1021/je800196k"
"745","COc1cc(C(=O)O)cc(OC)c1O",298.15,"water","O",0.00052155,0.0288805318337176,-1.53939481351507,"Syringic acid","530-57-4",10742,"No","10.1021/je800205e"
"746","COc1cc(C=O)ccc1O",298.15,"water","O",0.0011722,0.0649521852446329,-1.18740623298632,"Vanillin","121-33-5",1183,"No","10.1021/je800205e"
"747","O=C(O)c1ccc(O)c(O)c1",298.15,"water","O",0.002227,0.123529630044811,-0.908228859233906,"Protocatechuic acid","99-50-3",72,"No","10.1021/je800205e"
"748","O=S(=O)([O-])c1ccc(Nc2nc(Nc3ccc(/C=C/c4ccc(Nc5nc(Nc6ccc(S(=O)(=O)[O-])cc6)nc(N6CCOCC6)n5)cc4S(=O)(=O)[O-])c(S(=O)(=O)[O-])c3)nc(N3CCOCC3)n2)cc1.[Na+].[Na+].[Na+].[Na+]",298.75,"water","O",0.0013702,0.0759263311226289,-1.11960758539396,"4,4'-bis[[4-morpholino-6-(p-sulfonatoanilino)-1,3,5-triazin-2-yl]amino]stilbene-2,2'-disulphonate","28950-61-0",14692718,"No","10.1021/je8002145"
"749","CC(O)(P(=O)(O)O)P(=O)(O)O.O",298.15,"water","O",0.18167,12.2867611220117,1.08943741484577,"1-hydroxyethane-1,1-diphosphonic acid monohydrate","25211-86-3",12521030,"No","10.1021/je8002332"
"750","CN(C)CCn1[nH]nnc1=S",298.12,"water","O",0.005157,0.286602619588923,-0.542719844406871,"1-(2-dimethylaminoethyl)-5-mercapto-1H-tetrazole","61607-68-9",3017268,"No","10.1021/je8003244"
"751","O=C(O)c1ccncc1",295.65,"water","O",0.0007914,0.0438619743148491,-1.35791182375866,"Isonicotinic acid","55-22-1",5922,"No","10.1021/je800352u"
"752","O=C(O)c1ccccc1O",298.15,"water","O",3e-04,0.0166086462075175,-1.77966576601737,"Salicylic acid","69-72-7",338,"Yes","10.1021/je800475d"
"753","N[C@@H](C(=O)O)c1ccc(O)cc1",298.13,"water","O",0.002101,0.116405941994903,-0.934024850358525,"D-(p-hydroxy)phenylglycine","22818-40-2",89853,"No","10.1021/je800611r"
"754","CC[n+]1ccccc1.F[P-](F)(F)(F)(F)F",298.15,"water","O",0.001051,0.0582293672581607,-1.23485792907079,"1-ethylpyridinium hexafluorophosphate","103173-73-5",23160050,"No","10.1021/je800618x"
"755","N#C[S-].[NH4+]",295,"water","O",0.2982,23.5245055983926,1.37152050486673,"Ammonium thiocyanate","1762-95-4",15666,"No","10.1021/je800621p"
"756","C1N2CN3CN1CN(C2)C3",303.21,"water","O",0.098,5.9937007211238,0.777695053856639,"Hexamethylenetetramine","100-97-0",4101,"Yes","10.1021/je800662m"
"757","CCN(CC)CCCC(C)Nc1ccnc2cc(Cl)ccc12.O=P(O)(O)O.O=P(O)(O)O",298.2,"water","O",0.0088557,0.493978988403809,-0.30629152357504,"Chloroquine diphosphate","50-63-5",64927,"Yes","10.1021/je8007099"
"758","Clc1ccc2c(Cl)ccnc2c1",298,"water","O",2.84e-05,0.00157032990819801,-2.80400909774464,"4,7-dichloroquinoline","86-98-6",6866,"No","10.1021/je8007099"
"759","CC(C)Br",300.15,"water","O",0.0008204,0.045418610748269,-1.34276615399097,"2-bromopropane","75-26-3",6358,"No","10.1021/je800796h"
"760","NC(N)=S",296.65,"water","O",0.03467,1.98848282556857,0.298521844357447,"Thiourea","62-56-6",2723790,"No","10.1021/je800796h"
"761","C[C@@H]1O[C@@H](OC[C@H]2O[C@@H](Oc3c(-c4ccc(O)c(O)c4)oc4cc(O)cc(O)c4c3=O)[C@H](O)[C@@H](O)[C@@H]2O)[C@H](O)[C@H](O)[C@H]1O",293.2,"water","O",5.87e-06,0.00032524162884697,-3.48779387260604,"Rutin","153-18-4",5280805,"No","10.1021/je800816f"
"762","O=C(O)c1ccc(Cl)cc1C(=O)O",298.15,"water","O",0.125,7.90650648269299,0.897984631356978,"4-chlorophthalic acid","89-20-3",6964,"No","10.1021/je800869g"
"763","O=C(O)c1cccc(Cl)c1C(=O)O",298.15,"water","O",0.0028053,0.155697637032458,-0.807717978514422,"3-chlorophthalic acid","27563-65-1",96254,"No","10.1021/je800869g"
"764","O=C(O)CCC(=O)O",298.05,"water","O",0.01305,0.731824160414137,-0.135593256831736,"Succinic acid","110-15-6",1110,"No","10.1021/je900021g"
"765","Cl.NCCCC[C@H](N)C(=O)O",298.1,"water","O",0.0618,3.64195348860831,0.561334395119049,"L-lysine hydrochloride","657-27-2",69568,"No","10.1021/je900022k"
"766","CCc1occc(=O)c1O",298.15,"water","O",0.0023,0.127588207248028,-0.894189464829493,"Ethyl maltol","4940-11-8",21059,"No","10.1021/je9000729"
"767","O=C(O)/C=C/C(=O)O",297,"water","O",0.001252,0.0693421628271104,-1.15900261654131,"Fumaric acid","110-17-8",444972,"Yes","10.1021/je9001637"
"768","Cn1[nH]c(=O)c(=O)[nH]c1=S",298.15,"water","O",0.001582,0.0876953868914044,-1.05702325156328,"Thiotriazinone","58909-39-0",3034640,"No","10.1021/je900177h"
"769","CN=C1CN(O)C(c2ccccc2)=c2cc(Cl)ccc2=N1",303.2,"water","O",6e-06,0.00033100249246561,-3.48016873595241,"Chlordiazepoxide","58-25-3",2712,"No","10.1021/je900330p"
"770","O=C1Nc2ccc(Cl)cc2C(c2ccccc2Cl)=NC1O",303.2,"water","O",3e-06,0.00016550074972758,-3.7812000345057,"Lorazepam","846-49-1",3958,"Yes","10.1021/je900330p"
"771","CP1(=O)OCC2(CO1)COP(C)(=O)OC2",298.45,"water","O",0.06203,3.65982784152018,0.563460656641322,"3,9-dimethyl-3,9-dioxide-2,4,8,10-tetraoxa-3,9-diphosphaspiro[5.5]undecane","3001-98-7",76350,"No","10.1021/je9004189"
"772","Nc1ncnc2c1ncn2[C@@H]1O[C@H](COP(=O)(O)O)[C@@H](O)[C@H]1O",300.2,"water","O",0.0004125,0.0227954320133845,-1.64215217274251,"Adenosine 5'-monophosphate","61-19-8",6083,"Yes","10.1021/je900462z"
"773","C[N+](C)(C)CCOP(=O)([O-])OP(=O)([O-])OC[C@H]1O[C@@H](n2ccc(N)nc2=O)[C@H](O)[C@@H]1O.[Na+]",298.15,"water","O",0.02647,1.50482942095075,0.177487273525614,"Cytidine 5'-diphosphocholine sodium","33818-15-4",36605,"No","10.1021/je900465r"
"774","F[P-](F)(F)(F)(F)F.F[P-](F)(F)(F)(F)F.c1cc[n+](CCCCCC[n+]2ccccc2)cc1",299.15,"water","O",5.4e-05,0.00298804145415526,-2.52461338169399,"1,1'-(hexane-1,6-diyl)-bis(pyridinium) dihexafluorophosphate",NA,139075663,"No","10.1021/je9004855"
"775","Oc1cc(O)c2cc1Cc1cc(c(O)cc1O)Cc1cc(c(O)cc1O)Cc1cc(c(O)cc1O)C2",298.15,"water","O",6.59e-06,0.00036472954761434,-3.43802905202469,"Calix[4]resorcinarene",NA,10929046,"No","10.1021/je9005097"
"776","CC1COc2c(N3CCN(C)CC3)c(F)cc3c(=O)c(C(=O)O)cn1c23",298.15,"water","O",0.000229,0.0126770329322984,-1.89698238146336,"Ofloxacin","82419-36-1",4583,"Yes","10.1021/je900540d"
"777","Cc1ccc[n+](C[n+]2cccc(C)c2)c1.F[P-](F)(F)(F)(F)F.F[P-](F)(F)(F)(F)F",296.15,"water","O",2.9e-05,0.00160585617293753,-2.79429335450985,"1,1'-(ethane-1,2-diyl)-bis(3-methylpyridinium) dihexafluorophosphate",NA,NA,"No","10.1021/je900627q"
"778","Cn1cc[n+](CCC[n+]2ccn(C)c2)c1.F[P-](F)(F)(F)(F)F.F[P-](F)(F)(F)(F)F",297.65,"water","O",0.000137,0.00758429133767179,-2.12008499266458,"1,1'-(propane-1,3-diyl)-bis(3-methyl-1H-imidazolium-1-yl) dihexafluorophosphate",NA,12159421,"No","10.1021/je9006585"
"779","O=P(c1ccccc1)(c1ccccc1)c1cc(O)ccc1O",297.16,"water","O",0.00011,0.00608498123182818,-2.21574075694518,"(2,5-dihydroxyphenyl)diphenyl phosphine oxide","13291-46-8",2783495,"No","10.1021/je900730w"
"780","CC(N)=O",298.15,"water","O",0.4431,44.0359331251012,1.64380720351309,"Acetamide","60-35-5",178,"No","10.1021/je9007475"
"781","CCC(N)=O",298.15,"water","O",0.2757,21.0669154507099,1.32360095227629,"Propionamide","79-05-0",6578,"No","10.1021/je9007475"
"782","CCCC(N)=O",298.15,"water","O",0.0442,2.55939852034444,0.408137914535551,"Butyramide","541-35-5",10927,"No","10.1021/je9007475"
"783","Cn1cc[n+](CCCC[n+]2ccn(C)c2)c1.F[P-](F)(F)(F)(F)F.F[P-](F)(F)(F)(F)F",298.15,"water","O",0.000203,0.0112374269095694,-1.94933311998609,"1,1'-(butane-1,4-diyl)-bis(3-methyl-1H-imidazolium-1-yl) dihexafluorophosphate",NA,NA,"No","10.1021/je900826p"
"784","OC[C@H]1O[C@H](O[C@]2(CCl)O[C@H](CCl)[C@@H](O)[C@@H]2O)[C@H](O)[C@@H](O)[C@H]1Cl",298.15,"water","O",0.01463,0.82172719779635,-0.0852723383672593,"Sucralose","56038-13-2",71485,"No","10.1021/je9008427"
"785","Oc1cc(O)c2cc(O)c(-c3cc(O)c(O)c(O)c3)[o+]c2c1",298.15,"water","O",5.353e-07,2.9626486300357e-05,-4.52831985276744,"Delphinidin","13270-61-6",128853,"No","10.1021/je900851k"
"786","NCCS(=O)(=O)O",298.15,"water","O",0.01704,0.959436897997498,-0.0179835834638617,"Taurine","107-35-7",1123,"Yes","10.1021/je9009877"
"787","O=C(O)CNCP(=O)(O)O",293.67,"water","O",0.00112,0.0621128742120944,-1.20681837373994,"Glyphosate","1071-83-6",3496,"No","10.1021/je901006c"
"788","Cc1ccc[n+](CCCC[n+]2cccc(C)c2)c1.F[P-](F)(F)(F)(F)F.F[P-](F)(F)(F)(F)F",298.15,"water","O",5e-06,0.0002767291105398,-3.55794515281491,"1,1'-(butane-1,4-diyl)-bis(3-methylpyridinium) dihexafluorophosphate",NA,NA,"No","10.1021/je9010954"
"789","CC(=O)NS(=O)(=O)c1ccc(N)cc1",298.15,"water","O",0.0007051,0.0390516793857627,-1.40836028490353,"Sulfacetamide","144-80-9",5320,"Yes","10.1023/a:1012723731104"
"790","Cc1cc(C)nc(NS(=O)(=O)c2ccc(N)cc2)n1",298.15,"water","O",2.896e-05,0.00160285341280635,-2.79510619375334,"Sulfamethazine","57-68-1",5327,"Yes","10.1023/a:1012723731104"
"791","Cc1cc(NS(=O)(=O)c2ccc(N)cc2)no1",298.15,"water","O",2.664e-05,0.00147444460809694,-2.83137153837139,"Sulfamethoxazole","723-46-6",5329,"Yes","10.1023/a:1012723731104"
"792","Cc1ccnc(NS(=O)(=O)c2ccc(N)cc2)n1",298.15,"water","O",1.45e-05,0.00080252204456298,-3.09554302907815,"Sulfamerazine","127-79-7",5325,"Yes","10.1023/a:1012723731104"
"793","Nc1ccc(S(=O)(=O)Nc2ccccn2)cc1",298.15,"water","O",1.901e-05,0.0010521388188109,-2.97792695574675,"Sulfapyridine","144-83-2",5336,"Yes","10.1023/a:1012723731104"
"794","Nc1ccc(S(=O)(=O)Nc2ncccn2)cc1",298.15,"water","O",4.87e-06,0.00026953411862616,-3.56938625239485,"Sulfadiazine","68-35-9",5215,"Yes","10.1023/a:1012723731104"
"795","Nc1ccc(S(=O)(=O)Nc2nccs2)cc1",298.15,"water","O",3.251e-05,0.00179934217688061,-2.74488623998952,"Sulfathiazole","72-14-0",5340,"Yes","10.1023/a:1012723731104"
"796","Nc1ccc(S(N)(=O)=O)cc1",298.15,"water","O",0.0007765,0.0430092126402929,-1.36643850790176,"Sulfanilamide","63-74-1",5333,"Yes","10.1023/a:1012723731104"
"797","CCOC(=O)c1ccc(N)cc1",298.15,"water","O",0.000105,0.00581189251349326,-2.23568242624401,"Benzocaine","94-09-7",2337,"Yes","10.1023/a:1021825509697"
"798","C=CCC",298.15,"water","O",7.971e-05,0.00441194509829199,-2.35536990050591,"1-butene","106-98-9",7844,"No","10.1023/a:1025313916280"
